OaSIS profile code,Employment requirement
00010.00,"Election to a legislative body, or appointment to positions such as senator, lieutenant-governor or governor general, is required."
00011.00,A university degree or college diploma is usually required.
00011.00,A graduate degree in a related field may be required.
00011.00,Several years of managerial experience in the public or private sector are required.
00012.00,"A university degree in business administration, commerce, computer science or other discipline related to the service provided is usually required."
00012.00,"Several years of experience as a middle manager in financial, communications or other business services are usually required."
00012.00,Specialization in a particular functional area or service is possible through specific university training in that area or through previous experience.
00012.00,Senior managers in finance usually require a professional accounting or financial designation.
00013.00,"A university degree or college diploma in business administration, hospital administration, finance or other discipline related to the service provided is usually required."
00013.00,Several years of experience as a middle manager in a related institution or organization are usually required.
00013.00,Specialization in a particular functional area or service is possible through specific university or college training in that area or through previous experience.
00013.00,Senior managers in finance usually require a professional accounting designation.
00014.00,"A university degree or college diploma in business administration, finance or other discipline related to the service provided is usually required."
00014.00,"Several years of experience as a middle manager in trade, broadcasting or other service are usually required."
00014.00,Specialization in a particular functional area or service is possible through specific university or college training in that area or through previous experience.
00014.00,Senior managers in finance usually require a professional accounting designation.
00015.00,"A university degree or college diploma in engineering, business administration, commerce or other discipline related to the company's product is usually required."
00015.00,"Several years of experience as a middle manager in goods production, utilities, transportation or construction are usually required."
00015.00,Specialization in a particular functional area or product is possible through specific university or college training in that area or through previous experience.
00015.00,Senior managers in finance usually require a professional accounting designation.
10010.00,"A bachelor's degree in business administration, economics, commerce or a related field is required."
10010.00,"A master's degree in business administration (concentration in finance), or another master's level management program may be required."
10010.00,"Several years of experience in accounting, auditing, budgeting, financial planning and analysis or other financial activities are required."
10010.00,"Accounting and audit managers may require a recognized accounting designation (CPA, CA, CPA, CMA or CPA, CGA)."
10010.00,"Investment, treasury, or corporate finance managers may require a recognized financial designation (CFA, CFP, CIM or others)."
10011.00,"A bachelor's degree in a field related to personnel management, such as business administration, industrial relations, commerce or psychology orcompletion of a professional development program in personnel administration is required."
10011.00,Several years of experience as a personnel officer or human resource specialist are required.
10011.00,Some employers may require human resources managers to hold a Certified Human Resources Professional (CHRP) designation.
10012.00,"A bachelor's degree or college diploma in business administration, commerce or economics is usually required."
10012.00,"Purchasing managers responsible for units purchasing specialized materials or business services may require a related degree or diploma.  For example, a bachelor's degree or college diploma in engineering may be required for purchasing managers responsible for purchasing industrial products."
10012.00,The designation Supply Chain Management Professional (SCMP) or registration in the educational program of the Supply Chain Management Association may be required.
10012.00,Several years of experience as a purchasing agent or officer are required.
10019.00,A bachelor's degree or college diploma in business administration or a related administrative services field is usually required.
10019.00,"Several years of experience at a professional level in business administration, finance or administrative services are usually required."
10019.00,"An Associate of the Institute of the Chartered Secretaries and Administrators (ACIS), Fellow of the Institute of Chartered Secretaries and Administrators (FCIS) or a Professional Administrator (P Adm) designation may be required for some occupations in this group."
10019.00,Certification in health information management by the Canadian Health Information Management Association (CHIMA) may be required.
10019.00,"In Quebec, certification with the Association québécoise des archivistes médicales may be required."
10019.00,Court registrars employed by the higher courts may require judicial credentials.
10020.01,"A university degree or college diploma in business administration, economics or other related field is usually required."
10020.01,Several years of experience within the appropriate industry are usually required.
10020.01,"Licensure appropriate to the service sold, such as real estate, mortgage, securities or insurance, may be required."
10020.01,"In the insurance industry, a recognized professional designation is usually required."
10020.02,"A university degree or college diploma in business administration, economics or other related field is usually required."
10020.02,Several years of experience within the appropriate industry are usually required.
10020.02,"Licensure appropriate to the service sold, such as real estate, mortgage, securities or insurance, may be required."
10020.02,"In the securities and investment industries, a recognized financial designation may be required (CFA, CFP, CIM or others)."
10020.03,"A university degree or college diploma in business administration, economics or other related field is usually required."
10020.03,Several years of experience within the appropriate industry are usually required.
10020.03,"Licensure appropriate to the service sold, such as real estate, mortgage, securities or insurance, may be required."
10020.03,"In the securities and investment industries, a recognized financial designation may be required (CFA, CFP, CIM or others)."
10020.04,"A university degree or college diploma in business administration, economics or other related field is usually required."
10020.04,Several years of experience within the appropriate industry are usually required.
10020.04,"Licensure appropriate to the service sold, such as real estate, mortgage, securities or insurance, may be required."
10020.04,"In the securities and investment industries, a recognized financial designation may be required (CFA, CFP, CIM or others)."
10021.01,"A university degree or college diploma in business administration, commerce, economics or a related field is usually required."
10021.01,"A master's degree in business administration, finance or management science may be required for the management of large commercial loans."
10021.01,"A recognized financial designation may be required (CFA, CFP, CIM or others)."
10021.01,Completion of company or other management training programs is usually required.
10021.01,"Several years of experience within the industry, including supervisory experience, are required."
10021.02,"A university degree or college diploma in business administration, commerce, economics or a related field is usually required."
10021.02,"A master's degree in business administration, finance or management science may be required for the management of large commercial loans."
10021.02,"A recognized financial designation may be required (CFA, CFP, CIM or others)."
10021.02,Completion of company or other management training programs is usually required.
10021.02,"Several years of experience within the industry, including supervisory experience, are required."
10022.01,"A university degree or college diploma in communications, public relations, marketing, journalism or in a related field andseveral years of experience in an advertising, public relations or communications officer position or in a related occupation are required."
10022.02,"A university degree or college diploma in business administration or in a related field with a specialization in sales or marketing andseveral years of experience as a sales, marketing or public relations representative or in a related occupation are required."
10022.03,"A university degree or college diploma in communications, public relations, marketing, journalism or in a related field andseveral years of experience in an advertising, public relations or communications officer position or in a related occupation are required."
10022.04,"A university degree or college diploma in a field related to electronic commerce, Web site content development, or Internet and mobile servicesandexperience in Web site design, interactive media development, data administration or information systems analysis or experience related to Web site content are usually required."
10029.00,A bachelor's degree or college diploma in a field related to the business service provided is usually required.
10029.00,Several years of experience in a field related to the business service provided are usually required.
10029.00,"Licences, certificates or registration may be required for some business services managers. For example, accounting firm managers usually require accounting certification."
10029.00,University studies in business administration may be required.
10030.00,"A university degree in science, electrical engineering or a related field is usually required."
10030.00,"Several years of experience in a related technical profession, including supervisory experience, are usually required."
11100.01,"Auditors require education, training and recognition as indicated for chartered professional accountants, chartered accountants (CPA, CA), chartered professional accountants, certified general accountants (CPA, CGA) or chartered professional accountants, certified management accountants (CPA, CMA)andsome experience as an accountant."
11100.01,Auditors may require recognition by the Institute of Internal Auditors.
11100.01,"To act as a trustee in bankruptcy proceedings, auditors and accountants must hold a licence as a trustee in bankruptcy."
11100.01,Licensing by the provincial or territorial governing body is usually required for accountants and auditors practising public accounting.
11100.02,"Chartered professional accountants, chartered accountants (CPA, CA) require a university degreeandcompletion of a professional training program approved by a provincial Institute of Chartered Accountants and, depending on the province, either two years or 30 months of on-the-job training andmembership in a provincial Institute of Chartered Accountants upon successful completion of the Uniform Evaluation (UFE)."
11100.02,"Chartered professional accountants, certified general accountants (CPA, CGA) and chartered professional accountants, certified management accountants (CPA, CMA) require a university degree andcompletion of an approved training program and several years of on-the-job training andcertification with a regulatory body is required in all provinces and territories."
11100.02,"To act as a trustee in bankruptcy proceedings, auditors and accountants must hold a licence as a trustee in bankruptcy."
11100.02,Licensing by the provincial or territorial governing body is usually required for accountants and auditors practising public accounting.
11101.01,"A bachelor's degree in commerce, business administration, accounting, finance or economics andon-the-job training and industry courses and programs are usually required."
11101.01,A master's degree in business administration (MBA) (concentration in finance) or in finance may be required.
11101.01,"The Chartered Financial Analyst (CFA) designation, available through a program conducted by the CFA Institute or an other recognized financial designations (CFP, CIM or others), is usually required."
11101.01,"Other designations, such as Chartered Professional Accountant (CPA) and Certified Treasury Professional (CTP), may be required by some employers."
11101.02,"A bachelor's degree in commerce, business administration, accounting, finance or economics andon-the-job training and industry courses and programs are usually required."
11101.02,A master's degree in business administration (MBA) (concentration in finance) or in finance may be required.
11101.02,"Other designations, such as Chartered Professional Accountant (CPA) and Certified Treasury Professional (CTP), may be required by some employers."
11102.00,"A bachelor's degree in business administration, commerce, economics or a related field is usually required."
11102.00,"The designation Certified Financial Planner, awarded by the Financial Planners Standards Council of Canada, may be required."
11102.00,"To sell regulated financial products and investments, such as annuities, RRSPs and life insurance, a licence is required from the appropriate governing body."
11102.00,Certification as a Financial Planner is required in Quebec.
11102.00,"Various training programs and courses are offered by financial institutes and organizations, such as the Canadian Securities Institute, Institute of Canadian Bankers, CFA Institute, Investment Funds Institute, Canadian Institute of Financial Planning, and Trust Companies Institute of Canada, and may be required by employers."
11103.01,"A bachelor's or master's degree in economics, business or other discipline is usually required."
11103.01,"A recognized financial designation may be required (CFA, CFP, CIM or others)."
11103.01,"Securities sales representatives and brokers require completion of industry investment and sales training programs and completion of licensing courses such as the Canadian Securities Course and the Conduct and Practices Handbook Course offered by the Canadian Securities Institute, or acceptable alternatives such as completion of one or more levels of the CFA Program, offered by CFA Institute."
11103.01,Specialized courses are also available for securities sales representatives and brokers who want to trade in specific investment products such as securities options and futures contracts.
11103.01,"Licensure by the provincial securities commission in the province of employment or a recognized self-regulatory organization is required for securities agents, investment dealers and brokers."
11103.02,"A bachelor's or master's degree in economics, business or other discipline is usually required."
11103.02,"A recognized financial designation may be required (CFA, CFP, CIM or others)."
11103.02,"Securities sales representatives and brokers require completion of industry investment and sales training programs and completion of licensing courses such as the Canadian Securities Course and the Conduct and Practices Handbook Course offered by the Canadian Securities Institute, or acceptable alternatives such as completion of one or more levels of the CFA Program, offered by CFA Institute."
11103.02,Specialized courses are also available for securities sales representatives and brokers who want to trade in specific investment products such as securities options and futures contracts.
11103.02,"Licensure by the provincial securities commission in the province of employment or a recognized self-regulatory organization is required for securities agents, investment dealers and brokers."
11109.01,"A bachelor's degree in business administration, commerce, economics or a related field is usually required."
11109.01,"Various training programs and courses are offered by financial institutes and organizations, such as the Canadian Securities Institute, Institute of Canadian Bankers, CFA Institute, Investment Funds Institute and Trust Companies Institute of Canada, and may be required by employers."
11109.01,"A recognized financial designation may be required (CFA, CIM or others)."
11109.01,Financial examiners and inspectors may require a recognized accounting designation.
11109.02,"A bachelor's degree in business administration, commerce, economics or a related field is usually required."
11109.02,"Various training programs and courses are offered by financial institutes and organizations, such as the Canadian Securities Institute, Institute of Canadian Bankers, CFA Institute, Investment Funds Institute and Trust Companies Institute of Canada, and may be required by employers."
11109.02,"A recognized financial designation may be required (CFA, CIM or others)."
11109.03,"A bachelor's degree in business administration, commerce, economics or a related field is usually required."
11109.03,"Various training programs and courses are offered by financial institutes and organizations, such as the Canadian Securities Institute, Institute of Canadian Bankers, CFA Institute, Investment Funds Institute and Trust Companies Institute of Canada, and may be required by employers."
11109.03,"A recognized financial designation may be required (CFA, CIM or others)."
11109.04,"A bachelor's degree in business administration, commerce, economics or a related field is usually required."
11109.04,"Various training programs and courses are offered by financial institutes and organizations, such as the Canadian Securities Institute, Institute of Canadian Bankers, CFA Institute, Investment Funds Institute and Trust Companies Institute of Canada, and may be required by employers."
11109.04,"A recognized financial designation may be required (CFA, CIM or others)."
11109.05,"A bachelor's degree in business administration, commerce, economics or a related field is usually required."
11109.05,"Various training programs and courses are offered by financial institutes and organizations, such as the Canadian Securities Institute, Institute of Canadian Bankers, CFA Institute, Investment Funds Institute and Trust Companies Institute of Canada, and may be required by employers."
11109.05,"A recognized financial designation may be required (CFA, CIM or others)."
11109.05,"Mortgage brokers require a mortgage broker licence in British Columbia, Alberta, Saskatchewan, Manitoba, Ontario, Quebec, New Brunswick, Newfoundland and Labrador and Nova Scotia."
11200.00,"A university degree or college diploma in human resources management or a related field, such as business administration, industrial relations, commerce or psychology orcompletion of a professional development program in human resources administration is required."
11200.00,Some employers may require human resources professionals to hold a Certified Human Resources Professional (CHRP) designation.
11201.00,"A bachelor's degree or college diploma in business administration, commerce or a related discipline is usually required."
11201.00,A graduate degree in business administration may be required.
11201.00,Some establishments may require management consultants to be certified by a provincial management consulting association.
11201.00,Certification as a quality auditor may be required for some occupations in this unit group.
11201.00,Occupations in health information management consulting may require certification by the Canadian Health Information Management Association (CHIMA).
11202.00,"A university degree or college diploma in business marketing, public relations, communications, journalism, museology or a discipline related to a particular subject matter is usually required."
11202.00,Practitioners in public relations may require an APR (Accredited in Public Relations) designation.
12010.00,Completion of secondary school is required.
12010.00,Completion of college courses related to area supervised is usually required.
12010.00,Experience in the occupation supervised is usually required.
12011.00,"Completion of a college program or courses in bookkeeping, accounting or a related subject is required."
12011.00,Experience in the clerical occupation supervised is required.
12012.00,Completion of secondary school is required.
12012.00,Completion of college courses related to area supervised may be required.
12012.00,Experience in the clerical occupation supervised is usually required.
12013.00,"Completion of a post-secondary education program of two to three years in business, supply chain, production or manufacturing management and related is usually required."
12013.00,Several years of experience in the occupation supervised are usually required.
12100.00,Completion of secondary school is required.
12100.00,"A bachelor's degree in public administration, political science or a related discipline is usually required."
12100.00,Experience in a related administrative occupation is usually required.
12101.00,"A college diploma in a field related to personnel management such as business administration, industrial relations, commerce or completion of a professional development program in personnel administration is usually required."
12101.00,Certification as a Certified Human Resources Professional (CHRP) may be required.
12101.00,Some experience in a clerical or administrative position related to personnel administration may be required.
12102.00,"Procurement and purchasing agents and officers usually require a bachelor's degree or college diploma in business administration, commerce or economics."
12102.00,"Procurement and purchasing agents and officers purchasing specialized materials or business services may require a related university degree or college diploma. For example, a bachelor's degree or college diploma in engineering may be required for purchasers of industrial products."
12102.00,A certificate in purchasing from the Purchasing Management Association of Canada (PMAC) may be required.
12102.00,Previous experience as a purchasing clerk or as an administrative clerk may be required.
12102.00,Certification from the International Right of Way Association (IRWA) may be required.
12102.00,"Sourcing specialists and analysts usually require a bachelor's degree or college diploma in economics, logistics, operations management, finance, engineering, mathematics, or statistical analysis."
12102.00,Previous work experience in supply chain for sourcing specialists and analysts is usually required.
12103.00,"A university degree or college diploma in business, tourism or hospitality administration is usually required."
12103.00,Several years of experience in hospitality or tourism administration or in public relations are usually required and may substitute for formal education requirements.
12103.00,"Certification relating to special events, meetings or conference management may be required."
12104.01,A bachelor's degree or college diploma is usually required.
12104.01,Several years of related administrative or regulatory experience may be required.
12104.01,Completion of specialized government training is required.
12104.02,A bachelor's degree or college diploma is usually required.
12104.02,Several years of related administrative or regulatory experience may be required.
12104.02,Completion of specialized government training is required.
12110.01,Court reporters require completion of secondary school.
12110.01,Completion of a college or other program in court reporting is usually requiredandthe Chartered Shorthand Reporter (CSR) certificate may be required for court reporters.
12110.01,Occupations working in Braille usually require education in Unified English Braille (UEB) competence and related studies of 1-2 years.
12110.02,Medical transcriptionists require completion of secondary school.
12110.02,Completion of a recognized medical transcription program is usually requiredandthe Certified Medical Transcriptionist (CMT) certificate may be required for medical transcriptors.
12110.02,Occupations working in Braille usually require education in Unified English Braille (UEB) competence and related studies of 1-2 years.
12111.00,Health information management technicians and related workers require completion of a recognized two-year college diploma program in health record technology or health information management.
12111.00,Health information management technicians and related workers are eligible to write the Canadian Health Information Management Association national certification examination which may be required by employers.
12112.00,Records management technicians usually require completion of a two- to three-year college program in information or records management technology.
12112.00,Two to three years' experience in a records management environment may be required.
12113.00,Completion of secondary school is required.
12113.00,"A college diploma or undergraduate degree in a social science, commerce, statistics or a related field is usually required."
12200.00,Completion of secondary school is required.
12200.00,"Completion of a college program in accounting, bookkeeping or a related field orcompletion of two years (first level) of a recognized professional accounting program (e.g., Chartered Accounting, Certified General Accounting) orcourses in accounting or bookkeeping combined with several years of experience as a financial or accounting clerk are required."
12201.01,Completion of secondary school is required.
12201.01,"A bachelor's degree, college diploma or some post-secondary education orseveral years of experience as a clerk in the claims department or other general insurance experience is required."
12201.01,Several years of on-the-job training and completion of insurance industry courses and training programs are required.
12201.01,Independent adjusters require a provincial licence issued by the Superintendent of Insurance in the province or territory of employment.
12201.02,Completion of secondary school is required.
12201.02,"A bachelor's degree, college diploma or some post-secondary education orseveral years of experience as a clerk in the claims department or other general insurance experience is required."
12201.02,Several years of on-the-job training and completion of insurance industry courses and training programs are required.
12202.00,"Completion of secondary school and some general insurance experience ora bachelor's degree, college diploma or some post-secondary education is required."
12202.00,Several years of on-the-job training and completion of insurance industry underwriting courses and training programs are required.
12203.01,Assessors require a college diploma in municipal assessment andaccreditation with the municipal assessment association of the province.
12203.02,"Business valuators usually require a bachelor's degree or college diploma in accounting, business or commerce andaccreditation with the Canadian Institute of Chartered Business Valuators based on successful completion of its business and security valuation program."
12203.03,Appraisers require a college diploma or vocational training in the field of appraisal orseveral years of experience in a position related to the field of appraisal.
12203.03,"In Quebec, membership with l'Ordre des évaluateurs agréés du Québec (OEAQ) is required to use the title chartered appraiser."
12203.03,"Real estate appraisers usually require several years of experience as a real estate agent, right-of-way agent or property administrator and may require Canadian residential appraiser certification."
12203.03,"Appraisers of residential, commercial or industrial property require accreditation with the Appraisal Institute of Canada."
13100.00,Completion of secondary school is required.
13100.00,A university degree or college diploma in business or public administration may be required.
13100.00,Experience in a senior clerical or executive secretarial position related to office administration is usually required.
13100.00,Project management certification may be required by some employers.
13101.00,Completion of secondary school is required in all provinces and territories except for British Columbia.
13101.00,A language proficiency index is required in British Columbia.
13101.00,Property administrators must be a minimum of nineteen years of age in British Columbia.
13101.00,Completion of training courses or a vocational program in property or strata management or real estate may be required.
13101.00,"Several years of administrative experience as a property clerk, contract clerk, or administrative officer are usually required."
13101.00,Strata property managers must hold a licence in British Columbia.
13102.00,Completion of secondary school is usually required.
13102.00,"Completion of college or other courses in accounting, bookkeeping or payroll administration orexperience in payroll administration is usually required."
13102.00,Payroll association certification may be required.
13102.00,Experience using a payroll system or software may be required.
13110.00,Completion of secondary school is usually required.
13110.00,Completion of a one- or two-year college or other program for administrative assistants or secretaries orprevious clerical experience is required.
13111.00,Completion of secondary school is usually required.
13111.00,Completion of a one- or two-year college or other program for secretaries or legal secretaries is usually required.
13112.00,Completion of secondary school is usually required.
13112.00,Completion of a one- or two-year college program or other specialized courses for secretaries or medical secretaries is usually required.
13200.01,Completion of secondary school and some post-secondary education in commerce or a related field is required
13200.01,Customs brokers require several years of on-the-job training and completion of a customs brokers training program through the International Federation of Customs Brokers Association.
13200.01,"A customs broker licence, issued by the Canada Border Services Agency, is required for an individual or company to operate a customs brokerage business."
13200.02,Completion of secondary school and some post-secondary education in commerce or a related field is required
13200.02,"Shipbrokers selling cargo space on ships usually require several years of on-the-job training or related experience such as shipping company scheduling experience. Shipbrokers selling watercraft usually require in-depth experience with, and knowledge of, various watercraft."
13200.02,Correspondence courses from the Institute of Chartered Shipbrokers are available for shipbrokers.
13201.01,"Completion of a post-secondary education program of less than two years in Business or Supply Chain Management or extensive experience as a dispatcher, production clerk or scheduling clerk is usually required."
13201.02,"Completion of a post-secondary education program of less than two years in Business or Supply Chain Management or extensive experience as a dispatcher, production clerk or scheduling clerk is usually required."
14100.01,Completion of secondary school is usually required.
14100.02,Completion of secondary school or college business or commercial courses is usually required.
14101.01,Completion of secondary school is usually required.
14101.01,On-the-job training may be provided.
14101.02,Completion of secondary school is usually required.
14101.02,On-the-job training may be provided.
14101.03,Completion of secondary school is usually required.
14101.03,On-the-job training may be provided.
14101.04,Completion of secondary school is usually required.
14101.04,On-the-job training may be provided.
14102.00,Completion of secondary school is usually required.
14102.00,Completion of college or other courses in personnel administration may be required.
14102.00,Some clerical experience may be required.
14103.00,Completion of secondary school is required.
14103.00,"On-the-job training is provided for court officers, court clerks, and court liaison officers."
14103.00,Special Constable Certification may be required for court officers and court liaison officers.
14103.00,Court clerks and court officers may require a 1-2 year post-secondary diploma in office administration or equivalent.
14103.00,"Court administrators usually require a 1-2 year post-secondary diploma, or may require a university degree in law, business administration, judicial administration, or related field."
14103.00,Some experience as a court clerks may be required for Court administrators.
14103.00,"Experience in clerical services, administration and management, and personnel information systems may be required for court administrators."
14110.01,Completion of secondary school may be required.
14110.01,Experience in the operation of a computer may be required.
14110.01,May require driver's licence.
14110.02,Completion of secondary school may be required.
14110.02,On-the-job training is usually provided.
14111.00,Completion of secondary school may be required.
14111.00,College or other courses in data entry may be required.
14112.01,Completion of secondary school is required.
14112.01,"Completion of a college program in graphic arts, or other training in typography, computer typesetting or desktop publishing, is usually required."
14112.02,Completion of secondary school is required.
14112.02,"Completion of a college program in graphic arts, or other training in typography, computer typesetting or desktop publishing, is usually required."
14200.00,Completion of secondary school is usually required.
14200.00,"Completion of college or other courses certified by the Certified General Accountants Association of Canada, Canadian Securities Institute or Canadian Bookkeepers Association may be required."
14200.00,Some accounting clerks must be bondable.
14201.01,Completion of secondary school is required.
14201.01,A business college diploma may be required.
14201.01,On-the-job training and short-term training courses or programs specific to the financial establishment are usually required.
14201.02,Completion of secondary school is required.
14201.02,A business college diploma may be required.
14201.02,On-the-job training and short-term training courses or programs specific to the financial establishment are usually required.
14201.03,Completion of secondary school is required.
14201.03,A business college diploma may be required.
14201.03,On-the-job training and short-term training courses or programs specific to the financial establishment are usually required.
14202.00,Completion of secondary school is required.
14202.00,A business college diploma may be required.
14202.00,A period of on-the-job training is often provided for collection clerks and collection officers.
14202.00,A collections licence issued by the province or territory of employment is usually required.
14300.00,Completion of secondary school is usually required.
14301.01,Completion of secondary school is required.
14301.01,"Additional courses or a diploma in writing, journalism or a related field may be required."
14301.01,Previous clerical or administrative experience may be required.
14301.02,Completion of secondary school is required.
14301.02,"Additional courses or a diploma in writing, journalism or a related field may be required."
14301.02,Previous clerical or administrative experience may be required.
14301.03,Completion of secondary school is required.
14301.03,"Additional courses or a diploma in writing, journalism or a related field may be required."
14301.04,Completion of secondary school is required.
14301.04,"Additional courses or a diploma in writing, journalism or a related field may be required."
14301.05,Completion of secondary school is required.
14301.05,Previous clerical or administrative experience may be required.
14400.00,Completion of secondary school is usually required.
14400.00,Experience in a related clerical occupation or as a warehouse worker may be required.
14400.00,A forklift certificate may be required.
14400.00,A driver's licence may be required.
14401.00,Completion of secondary school is usually required.
14401.00,Completion of a three-year apprenticeship program orcompletion of specialized training in high school and a one-year college program for partspersons may be required.
14401.00,"Trade certification for partspersons is available, but voluntary, in all provinces and territories."
14401.00,"Experience in a related clerical occupation, or as a warehouse worker, may be required for partspersons."
14401.00,Red Seal endorsement is also available to qualified partspersons upon successful completion of the interprovincial Red Seal examination.
14402.00,Completion of secondary school is usually required.
14403.01,Completion of secondary school is usually required.
14403.01,Courses in purchasing management may be required for purchasing control workers.
14403.02,Completion of secondary school is usually required.
14403.02,Courses in production and inventory management and ability to operate a computerized inventory system may be required for inventory control workers.
14404.00,Completion of secondary school is required.
14404.00,Police and emergency dispatchers and other radio operators usually require provincial radio operator's certificates.
14404.00,Police and emergency dispatchers are required to complete formal on-the-job training. Other dispatchers usually undergo some informal on-the-job training.
14405.00,Completion of secondary school is required.
14405.00,Several years of experience in an appropriate transportation sector are usually required.
14405.00,On-the-job training may be provided.
20010.00,A bachelor's degree in engineering is usually required.
20010.00,"Extensive experience in an engineering discipline, including supervisory experience, is required."
20010.00,Registration as a Professional Engineer (P. Eng.) by a provincial or territorial association of professional engineers is usually required.
20011.01,"Architecture managers require a degree in architecture, registration as a professional architect and several years of experience as an architect."
20011.01,"Landscape architecture managers require a degree in landscape architecture, licensing as a professional landscape architect and several years of experience as a landscape architect."
20011.02,Science and other managers in this unit group require a master's or doctoral degree in a scientific discipline and several years of experience in a related scientific discipline.
20012.00,"A bachelor's or master's degree in computer science, business administration, commerce or engineering is usually required."
20012.00,"Several years of experience in systems analysis, data administration, software engineering, network design or computer programming, including supervisory experience, are required."
21100.01,"Physicists usually require a master's or doctoral degree in a field of physics, engineering physics, or in a related discipline."
21100.02,Astronomers usually require a master's or doctoral degree in astronomy or in a related discipline.
21101.00,"A bachelor's degree in chemistry, biochemistry or a related discipline is required."
21101.00,A master's or doctoral degree is usually required for employment as a research chemist.
21101.00,"Licensing by a provincial association of chemists is required in Quebec and available but voluntary, in Nova Scotia, Ontario, Saskatchewan, Alberta and British Columbia."
21102.01,"Geoscientists require a university degree in geology, geochemistry, geophysics or a related discipline."
21102.01,"A master's or doctoral degree in geophysics, physics, mathematics or engineering may be required for employment as a geophysicist."
21102.01,"Registration with a provincial or territorial association of professional engineers, geologists, geophysicists or geoscientists is usually required for employment and is mandatory to practice in all provinces and territories except Prince Edward Island and the Yukon."
21102.01,"Geologists and geophysicists are eligible for registration following graduation from an accredited educational program and after several years of supervised work experience and, in some provinces, after passing a professional practice examination."
21102.02,"Oceanographers require a university degree in science, mathematics, statistics or engineering and usually require a graduate degree in oceanography."
21103.00,"A bachelor's or master's degree in meteorology, atmospheric sciences or in a related field is required."
21103.00,A doctoral degree is usually required for employment as a research scientist in meteorology.
21103.00,Formal training is provided by Environment Canada for operational meteorologists employed by the federal government.
21103.00,"Membership in the Canadian Meteorological and Oceanographic Society is available, but voluntary, for qualified meteorologists."
21109.01,"A bachelor's degree in metallurgy, physics, chemistry, or a related physical science discipline is required."
21109.02,A master's or doctoral degree is usually required for employment as a research scientist.
21109.03,A master's or doctoral degree is usually required for employment as a research scientist.
21109.04,"Advanced degrees in a broad range of applied science areas, such as engineering or medicineorlicences may be required for some occupations in this unit group."
21110.01,A bachelor's degree in biology or in a related discipline is required for biologists.
21110.01,A master's or doctoral degree in biology or a related discipline is required for employment as a research scientist in biology.
21110.01,Post-doctoral research experience is usually required before employment in academic departments or research institutions.
21110.01,Biologists are regulated in Alberta and British Columbia.
21110.02,A bachelor's degree in biology or in a related discipline is required for biologists.
21110.02,A master's or doctoral degree in biology or a related discipline is required for employment as a research scientist in biology.
21110.02,Post-doctoral research experience is usually required before employment in academic departments or research institutions.
21110.02,Biologists are regulated in Alberta and British Columbia.
21111.00,A bachelor's degree in forestry or forestry engineering is required.
21111.00,Registration with a regulatory body is required in all provinces except Prince Edward Island and Manitoba.
21111.00,A two-year practicum of supervised work experience and professional examinations are usually required before registration.
21112.00,A bachelor's or master's degree in agriculture or in a related science is required.
21112.00,Membership or eligibility for membership in a provincial institute of agrology is usually required.
21112.00,"In Quebec, membership in the Ordre professionnel des agronomes is mandatory."
21120.00,"A bachelor's degree in a discipline such as food science, environmental studies, chemistry or health and safety is usually required."
21120.00,Public health inspectors employed outside Quebec require certification with the Canadian Institute of Public Health Inspectors.
21120.00,Environmental health and safety professionals may require certification with the Board of Canadian Registered Safety Professionals (BCRSP).
21200.00,A bachelor's degree from an accredited school of architecture orcompletion of the syllabus of studies from the Royal Architectural Institute of Canada (RAIC) is required.
21200.00,A master's degree in architecture may be required.
21200.00,Completion of a three-year internship under the supervision of a registered architect is required.
21200.00,Completion of the architect registration examination is required.
21200.00,Registration with a provincial regulatory body is required in all provinces and the Northwest Territories.
21200.00,Leadership in Energy and Environmental Design (LEED) certification is offered by the Canada Green Building Council and may be required by some employers.
21201.00,A bachelor's degree in landscape architecture is required.
21201.00,A master's degree in landscape architecture may be required.
21201.00,"Registration with a regulatory body is required in Ontario, Alberta and British Columbia."
21201.00,"In the remaining provinces and territories, landscape architects usually require two years of landscape design experience and an interview by their respective provincial associations to receive association certification."
21201.00,Leadership in Energy and Environmental Design (LEED) certification is offered by the Canada Green Building Council and may be required by some employers.
21202.00,"A bachelor's degree in urban and regional planning, geography, architecture, engineering or a related discipline is required."
21202.00,A master's degree in one of these disciplines may be required.
21202.00,Membership in the Canadian Institute of Planners is usually required.
21202.00,"Urban and land use planners are regulated in Nova Scotia, New Brunswick, Quebec, Alberta, the Northwest Territories and Nunavut, and membership in a provincial planning institute may be required in other provinces."
21202.00,Leadership in Energy and Environmental Design (LEED) certification is offered by the Canada Green Building Council and may be required by some employers.
21203.00,A bachelor's degree in geomatics engineering or survey engineering is usually required.
21203.00,A college diploma in survey science or geomatics technology with additional academic credits and successful completion of equivalent examinations set by a regional board of examiners for land surveyors is required.
21203.00,A one- to three-year articling period is required.
21203.00,Successful completion of professional land surveyor examinations is required.
21203.00,A federal or provincial land surveyor's licence is required.
21210.01,Mathematicians and statisticians usually require a graduate degree in mathematics or statistics.
21210.02,Mathematicians and statisticians usually require a graduate degree in mathematics or statistics.
21210.03,"Actuaries usually require post-secondary education in actuarial science, mathematics, statistics, economics, commerce or business administration."
21210.03,Actuaries are conferred fellowships through the Canadian Institute of Actuaries upon successful completion of professional examinations andthree years of work experience in the actuarial field as an actuarial assistant or in a related position.
21211.00,"A bachelor's degree in statistics, mathematics, computer science, computer systems engineering or a related discipline or completion of a college program in computer science is usually required."
21211.00,"A master's or doctoral degree in machine learning, data science, or a related quantitative field is usually required."
21211.00,Experience in programming is usually required.
21211.00,Experience in statistical modelling or machine learning is usually required
21220.00,"A bachelor's degree in computer science, computer security, computer systems engineering, information systems or completion of a college program in information technology, network administration or other computer science related program is usually required."
21220.00,Certification or training provided by software vendors may be required by some employers.
21221.00,"A bachelor's degree in computer science, business administration, information systems or a related discipline or completion of a college program in computer science is usually required."
21221.00,Certification or training provided by software vendors may be required by some employers.
21222.00,"A bachelor's degree in computer science, computer systems engineering, software engineering, business administration or a related discipline orcompletion of a college program in computer science is usually required."
21222.00,Experience as a computer programmer is usually required.
21222.00,"A professional certification such as Certified Information Systems Auditor (CISA), Certified Internal Auditor (CIA) or another related information technology (IT) designation may be required by some employers."
21223.01,"A bachelor's degree or college program, usually in computer science, computer engineering, or mathematics is usually required."
21223.01,Computer programming and related experience is usually required.
21223.02,"A bachelor's degree or college program, usually in computer science, computer engineering, or mathematics is usually required."
21223.02,Computer programming and related experience is usually required.
21230.00,"A bachelor's degree or college diploma program in computer science, computer engineering or in another discipline with a significant programming component"
21230.00,Specialization in programming for engineering and scientific applications requires specific post-secondary study or experience.
21231.00,"A bachelor's degree, usually in computer science, computer systems engineering, software engineering or mathematics orcompletion of a college program in computer science is usually required."
21231.00,A master's or doctoral degree in a related discipline may be required.
21231.00,Licensing by a provincial or territorial association of professional engineers is required to approve engineering drawings and reports and to practise as a Professional Engineer (P.Eng.).
21231.00,"Engineers are eligible for registration following graduation from an accredited educational program, three or four years of supervised work experience in engineering, and passing a professional practice examination."
21231.00,Experience as a computer programmer is usually required.
21232.00,A bachelor's degree in computer science or software engineering or in another discipline with a significant programming component or completion of a college program in computer science or related field is usually required.
21232.00,Progression to software engineer is possible with experience.
21233.00,"A bachelor's degree in computer science or graphic design or completion or a college program in computer science, graphic arts, or Web design is required."
21233.00,Experience as a  graphic designer is usually required.
21234.00,"A bachelor's degree, usually in computer science, computer programming, Web development or software engineering or completion of a college program in computer science or related field is usually required."
21234.00,Experience as a computer programmer  is usually required.
21300.00,A bachelor's degree in civil engineering or in a related engineering discipline is required.
21300.00,A master's degree or doctorate in a related engineering discipline may be required.
21300.00,Licensing by a provincial or territorial association of professional engineers is required to approve engineering drawings and reports and to practise as a Professional Engineer (P.Eng.).
21300.00,"Engineers are eligible for registration following graduation from an accredited educational program, and after three or four years of supervised work experience in engineering and passing a professional practice examination."
21300.00,Leadership in Energy and Environmental Design (LEED) certification is offered by the Canada Green Building Council and may be required by some employers.
21301.00,A bachelor's degree in mechanical engineering or in a related engineering discipline is required.
21301.00,A master's degree or doctorate in a related engineering discipline may be required.
21301.00,Licensing by a provincial or territorial association of professional engineers is required to approve engineering drawings and reports and to practise as a Professional Engineer (P.Eng.).
21301.00,"Engineers are eligible for registration following graduation from an accredited educational program, and after three or four years of supervised work experience in engineering and passing a professional practice examination."
21310.00,A bachelor's degree in electrical or electronics engineering or in an appropriate related engineering discipline is required.
21310.00,A master's or doctoral degree in a related engineering discipline may be required.
21310.00,Licensing by a provincial or territorial association of professional engineers is required to approve engineering drawings and reports and to practise as a Professional Engineer (P.Eng.).
21310.00,"Engineers are eligible for registration following graduation from an accredited educational program, and after three or four years of supervised work experience in engineering and passing a professional practice examination."
21310.00,Leadership in Energy and Environmental Design (LEED) certification is offered by the Canada Green Building Council and may be required by some employers.
21311.01,"Computer engineers require a bachelor's degree in computer engineering, electrical or electronics engineering, engineering physics or computer science."
21311.01,A master's or doctoral degree in a related engineering discipline may be required.
21311.01,Licensing by a provincial or territorial association of professional engineers is required to approve engineering drawings and reports and to practise as a Professional Engineer (P.Eng.).
21311.01,"Engineers are eligible for registration following graduation from an accredited educational program, three or four years of supervised work experience in engineering and passing a professional practice examination."
21311.02,A master's or doctoral degree in a related engineering discipline may be required.
21311.02,Licensing by a provincial or territorial association of professional engineers is required to approve engineering drawings and reports and to practise as a Professional Engineer (P.Eng.).
21311.02,"Engineers are eligible for registration following graduation from an accredited educational program, three or four years of supervised work experience in engineering and passing a professional practice examination."
21320.00,A bachelor's degree in chemical engineering or in a related engineering discipline is required.
21320.00,A master's degree or doctorate in a related engineering discipline may be required.
21320.00,Licensing by a provincial or territorial association of professional engineers is required to approve engineering drawings and reports and to practise as a Professional Engineer (P.Eng.).
21320.00,"Engineers are eligible for registration following graduation from an accredited educational program, and after three or four years of supervised work experience in engineering and passing a professional practice examination."
21321.00,A bachelor's degree in industrial engineering or in a related engineering discipline is required.
21321.00,A master's degree or doctorate in a related engineering discipline may be required.
21321.00,Licensing by a provincial or territorial association of professional engineers is required to approve engineering drawings and reports and to practise as a Professional Engineer (P.Eng.).
21321.00,"Engineers are eligible for registration following graduation from an accredited educational program, and after three or four years of supervised work experience in engineering and passing a professional practice examination."
21322.00,"A bachelor's degree in metallurgical, materials, ceramic or chemical engineering or in a related engineering discipline is required."
21322.00,A master's degree or doctorate in a related engineering discipline may be required.
21322.00,Licensing by a provincial or territorial association of professional engineers is required to approve engineering drawings and reports and to practise as a Professional Engineer (P.Eng.).
21322.00,"Engineers are eligible for registration following graduation from an accredited educational program, and after three or four years of supervised work experience in engineering and passing a professional practice examination."
21330.00,A bachelor's degree in mining engineering or in a related engineering discipline is required.
21330.00,A master's degree or doctorate in a related engineering discipline may be required.
21330.00,Licensing by a provincial or territorial association of professional engineers is required to approve engineering drawings and reports and to practise as a Professional Engineer (P.Eng.).
21330.00,"Engineers are eligible for registration following graduation from an accredited educational program, and after three or four years of supervised work experience in engineering and passing a professional practice examination."
21331.00,A bachelor's degree in geological engineering or in a related discipline is required.
21331.00,A master's degree or doctorate in a related engineering discipline may be required.
21331.00,Licensing by a provincial or territorial association of professional engineers is required to approve engineering drawings and reports and to practise as a Professional Engineer (P.Eng.).
21331.00,"Engineers are eligible for registration following graduation from an accredited educational program, three or four years of supervised work experience in engineering and passing a professional practice examination."
21332.00,A bachelor's degree in petroleum engineering or in a related engineering discipline is required.
21332.00,A master's degree or doctorate in a related engineering discipline may be required.
21332.00,Licensing by a provincial or territorial association of professional engineers is required to approve engineering drawings and reports and to practise as a Professional Engineer (P.Eng.).
21332.00,"Engineers are eligible for registration following graduation from an accredited educational program, and after three or four years of supervised work experience in engineering and passing a professional practice examination."
21390.00,"A bachelor's degree in aerospace engineering or in a related engineering discipline, such as mechanical engineering or engineering physics, is required."
21390.00,A master's degree or doctorate in a related engineering discipline may be required.
21390.00,Licensing by a provincial or territorial association of professional engineers is required to approve engineering drawings and reports and to practise as a Professional Engineer (P.Eng.).
21390.00,"Engineers are eligible for registration following graduation from an accredited educational program, and after three or four years of supervised work experience in engineering and passing a professional practice examination."
21399.01,A bachelor's degree in an appropriate engineering discipline is required.
21399.01,A master's degree or doctorate in a related engineering discipline may be required.
21399.01,"Licensing by a provincial or territorial association of professional engineers is required to approve engineering drawings and reports, and to practise as a Professional Engineer (P.Eng.)."
21399.01,"Engineers are eligible for registration following graduation from an accredited educational program, and after three or four years of supervised work experience in engineering and passing a professional practice examination."
21399.02,A bachelor's degree in an appropriate engineering discipline is required.
21399.02,A master's degree or doctorate in a related engineering discipline may be required.
21399.02,"Licensing by a provincial or territorial association of professional engineers is required to approve engineering drawings and reports, and to practise as a Professional Engineer (P.Eng.)."
21399.02,"Engineers are eligible for registration following graduation from an accredited educational program, and after three or four years of supervised work experience in engineering and passing a professional practice examination."
21399.03,A bachelor's degree in an appropriate engineering discipline is required.
21399.03,A master's degree or doctorate in a related engineering discipline may be required.
21399.03,"Licensing by a provincial or territorial association of professional engineers is required to approve engineering drawings and reports, and to practise as a Professional Engineer (P.Eng.)."
21399.03,"Engineers are eligible for registration following graduation from an accredited educational program, and after three or four years of supervised work experience in engineering and passing a professional practice examination."
21399.04,A bachelor's degree in an appropriate engineering discipline is required.
21399.04,A master's degree or doctorate in a related engineering discipline may be required.
21399.04,"Licensing by a provincial or territorial association of professional engineers is required to approve engineering drawings and reports, and to practise as a Professional Engineer (P.Eng.)."
21399.04,"Engineers are eligible for registration following graduation from an accredited educational program, and after three or four years of supervised work experience in engineering and passing a professional practice examination."
21399.05,A bachelor's degree in an appropriate engineering discipline is required.
21399.05,A master's degree or doctorate in a related engineering discipline may be required.
21399.05,"Licensing by a provincial or territorial association of professional engineers is required to approve engineering drawings and reports, and to practise as a Professional Engineer (P.Eng.)."
21399.05,"Engineers are eligible for registration following graduation from an accredited educational program, and after three or four years of supervised work experience in engineering and passing a professional practice examination."
22100.01,"Chemical technologists usually require completion of a two- or three-year college program in chemical, biochemical or chemical engineering technology or a closely related discipline."
22100.01,National certification for chemical technologists and technicians is available through the Canadian Society for Chemical Technology.
22100.01,Certification in chemical engineering technology or in a related field is available through provincial associations of engineering/applied science technologists and technicians and may be required by employers.
22100.01,Chemical technologists and technicians are regulated in Quebec and Alberta.
22100.01,"A period of supervised work experience, usually two years, is required before certification."
22100.02,"Chemical technicians usually require completion of a one- or two-year college program in chemical, biochemical or chemical engineering technology."
22100.02,Chemical technologists and technicians are regulated in Quebec and Alberta.
22100.02,"A period of supervised work experience, usually two years, is required before certification."
22101.01,"A period of supervised work experience, usually two years, is required before certification."
22101.02,"Geological and mineral technologists usually require completion of a two- to three-year college program in geological technology, petroleum technology, petroleum engineering technology, hydrogeology or groundwater technology, mining technology, mining engineering technology, mineralogy, metallurgical technology, or welding technology."
22101.02,Geophysics technologists usually require completion of a two- to three-year college program in electronics technology.
22101.02,Geological and mineral technicians usually require completion of a one- to two-year college program in a related field.
22101.02,Certification in geological and mineral technology or in a related field is available through provincial associations of engineering/applied science technologists and technicians and may be required by employers.
22101.02,"In Quebec, membership in the regulatory body for professional technologists is required to use the title ""Professional Technologist."""
22110.01,"Completion of a two- to three-year college program in a field related to agriculture, biology, microbiology, wildlife or resource management is usually required for employment as a biological technologist."
22110.01,"Certification with provincial associations is available, but voluntary."
22110.02,Completion of a one- to two-year college program in a related field is required for employment as a biological technician.
22110.02,"Certification with provincial associations is available, but voluntary."
22111.01,Completion of secondary school is required.
22111.01,"Government inspectors usually require a bachelor's degree or college diploma in agriculture, biology, chemistry, food processing technology or a related discipline."
22111.01,Inspectors (other than government) may require a bachelor's degree or college diploma in a related discipline.
22111.01,Several years of experience in agricultural production or fish processing are usually required.
22111.01,Completion of in-house training courses is required.
22111.02,Completion of secondary school is required.
22111.02,"Government inspectors usually require a bachelor's degree or college diploma in agriculture, biology, chemistry, food processing technology or a related discipline."
22111.02,Inspectors (other than government) may require a bachelor's degree or college diploma in a related discipline.
22111.02,Several years of experience in agricultural production or fish processing are usually required.
22111.02,Completion of in-house training courses is required.
22111.03,Completion of secondary school is required.
22111.03,"Government inspectors usually require a bachelor's degree or college diploma in agriculture, biology, chemistry, food processing technology or a related discipline."
22111.03,Inspectors (other than government) may require a bachelor's degree or college diploma in a related discipline.
22111.03,Several years of experience in agricultural production or fish processing are usually required.
22111.03,Completion of in-house training courses is required.
22111.04,Completion of secondary school is required.
22111.04,"Government inspectors usually require a bachelor's degree or college diploma in agriculture, biology, chemistry, food processing technology or a related discipline."
22111.04,Inspectors (other than government) may require a bachelor's degree or college diploma in a related discipline.
22111.04,Several years of experience in agricultural production or fish processing are usually required.
22111.04,Completion of in-house training courses is required.
22111.05,Completion of secondary school is required.
22111.05,"Government inspectors usually require a bachelor's degree or college diploma in agriculture, biology, chemistry, food processing technology or a related discipline."
22111.05,Inspectors (other than government) may require a bachelor's degree or college diploma in a related discipline.
22111.05,Several years of experience in agricultural production or fish processing are usually required.
22111.05,Completion of in-house training courses is required.
22112.00,Completion of a one- to three-year college program in forestry technology or in a renewable resource program or forest ranger program is usually required.
22112.00,Registration with a regulatory body is required for forestry technologists or technicians in all provinces except Prince Edward Island and Manitoba.
22112.00,Certification or licensing as a scaler is required for some positions.
22112.00,"In Quebec, membership in the regulatory body for professional technologists is required to use the title ""Professional Technologist."""
22113.00,"Completion of a college program in renewable resources management, environmental conservation or a related discipline is usually required."
22113.00,On-the-job training and courses related to law enforcement and resource management are provided.
22113.00,"A class-5 driver's licence, pesticide applicator's licence and explosives licence may be required."
22114.01,"An apprenticeship program is available for horticulturists, arboriculturists and landscape gardeners."
22114.01,"A provincial licence to apply chemical fertilizers, fungicides, herbicides and pesticides may be required."
22114.02,"Experience as a landscape and grounds maintenance labourer may be required for golf course superintendents, landscape gardeners and landscapers."
22114.02,"A provincial licence to apply chemical fertilizers, fungicides, herbicides and pesticides may be required."
22114.03,"An apprenticeship program is available for horticulturists, arboriculturists and landscape gardeners."
22114.03,"Trade certification for landscape horticulturists is available, but voluntary, in all provinces."
22114.03,"A provincial licence to apply chemical fertilizers, fungicides, herbicides and pesticides may be required."
22114.03,Red Seal endorsement is also available to qualified landscape horticulturists upon successful completion of the interprovincial Red Seal examination.
22114.03,"Completion of a two-to-three year college program in agronomy, arboriculture, horticulture, landscaping, landscape design or landscape technology is usually required."
22114.04,"Completion of a two-to-three year college program in agronomy, arboriculture, horticulture, landscaping, landscape design or landscape technology is usually required."
22114.04,"In Quebec, membership in the regulatory body is required to use the title of Professional Technologist."
22114.05,"Experience as a landscape and grounds maintenance labourer may be required for golf course superintendents, landscape gardeners and landscapers."
22114.05,"An apprenticeship program is available for horticulturists, arboriculturists and landscape gardeners."
22114.05,"A provincial licence to apply chemical fertilizers, fungicides, herbicides and pesticides may be required."
22114.06,"Experience as a landscape and grounds maintenance labourer may be required for golf course superintendents, landscape gardeners and landscapers."
22114.06,"A provincial licence to apply chemical fertilizers, fungicides, herbicides and pesticides may be required."
22114.07,"A provincial licence to apply chemical fertilizers, fungicides, herbicides and pesticides may be required."
22210.00,Completion of a two- to three-year college program in architectural technology or a related subject is usually required.
22210.00,Certification in architectural technology or in a related field through provincial associations of architectural or engineering/applied science technologists and technicians may be required by employers.
22210.00,"A period of supervised work experience, usually two years, is required before certification."
22210.00,Membership in the provincial regulatory body is mandatory in British Columbia.
22210.00,"In Quebec, membership in the regulatory body for professional technologists is required to use the title ""Professional Technologist."""
22211.00,"A university degree in industrial design, architecture, engineering ora college diploma in industrial design is required."
22211.00,"Creative ability, as demonstrated by a portfolio of work, is required."
22212.01,Completion of secondary school is usually required.
22212.01,Completion of a two- to three-year college program in engineering design and drafting technology or in a related field is usually required for drafting and design technologists.
22212.01,"Trade certification for draftspersons is available, but voluntary in Ontario."
22212.01,Certification in engineering design and drafting technology or in a related field through provincial associations of engineering/applied science technologists and technicians may be required by employers.
22212.01,"A period of supervised work experience, usually two years, is required before certification."
22212.02,Completion of secondary school is usually required.
22212.02,Completion of a one- to two-year college program in drafting orcompletion of a three- to four-year apprenticeship program orfour to five years of related experience plus completion of college or industry courses in drafting are usually required for drafting technicians.
22212.02,"Trade certification for draftspersons is available, but voluntary in Ontario."
22212.02,"A period of supervised work experience, usually two years, is required before certification."
22213.01,Completion of secondary school is usually required.
22213.01,Completion of a two- to three-year college program in geomatics or land survey technology is usually required for land survey technologists.
22213.01,Certification by provincial associations of technicians and technologists may be required by some employers.
22213.01,"In Quebec, membership in the regulatory body for professional technologists is required to use the title ""Professional Technologist."""
22213.02,Completion of secondary school is usually required.
22213.02,Completion of a one- to two-year college program in geomatics or land survey technology is usually required for land survey technicians.
22213.02,Certification by provincial associations of technicians and technologists may be required by some employers.
22214.01,Completion of secondary school is required.
22214.01,"In Quebec, membership in the regulatory body for professional technologists is required to use the title ''Professional Technologist''."
22214.02,Completion of secondary school is required.
22214.02,"In Quebec, membership in the regulatory body for professional technologists is required to use the title ''Professional Technologist''."
22214.03,Completion of secondary school is required.
22214.03,"In Quebec, membership in the regulatory body for professional technologists is required to use the title ''Professional Technologist''."
22214.04,Completion of secondary school is required.
22214.04,"Geomatics technologists and technicians require completion of a college program in geomatics, cartography, photogrammetry, aerial survey, remote sensing, geographic information system (GIS) or geomatics."
22214.04,"In Quebec, membership in the regulatory body for professional technologists is required to use the title ''Professional Technologist''."
22214.05,Completion of secondary school is required.
22214.05,"In Quebec, membership in the regulatory body for professional technologists is required to use the title ''Professional Technologist''."
22214.05,Meteorological technicians require completion of a one-year meteorological technician program provided by the Meteorological Service of Canada.
22214.05,"Further specialized training is available for meteorological technicians, and may be required by some employers."
22220.01,Certification or training provided by software vendors may be required by some employers.
22220.02,"Completion of a college or other program in computer science, network administration, Web technology or a related field is usually required."
22220.02,Registration with a regulatory body is required in Saskatchewan.
22221.00,"Completion of a college program in computer science, computer programming or network administration is usually required."
22221.00,College or other courses in computer programming or network administration are usually required.
22221.00,Certification or training provided by software vendors may be required by some employers.
22222.00,"Completion of a college program in computer science, computer programming or network administration is usually required."
22222.00,College or other courses in computer programming or network administration are usually required.
22222.00,Certification or training provided by software vendors may be required by some employers.
22230.00,Completion of secondary school is required.
22230.00,Completion of two years of an approved post-secondary science or engineering program may be required.
22230.00,Additional classroom and on-the-job training is required for certification in non-destructive testing.
22230.00,Non-destructive testing certification by Natural Resources Canada is available in three levels and is usually required by employers.
22230.00,Industrial radiographers using a radioactive isotope must pass an examination to be recognized as a certified exposure device operator by the Canadian Nuclear Safety Commission.
22230.00,Welding inspector certification by the Canadian Welding Bureau is available in three levels and may be required by employers.
22230.00,"Boiler and pressure vessel, process pipeline and above-ground storage tank inspector certification is available from the American Petroleum Institute."
22231.01,University degree or college diploma in an appropriate engineering field ortrade qualifications and extensive related work experience are required.
22231.01,Appropriate professional engineering or engineering technology certification and licences may be required.
22231.02,University degree or college diploma in an appropriate engineering field ortrade qualifications and extensive related work experience are required.
22231.02,Appropriate professional engineering or engineering technology certification and licences may be required.
22231.03,University degree or college diploma in an appropriate engineering field ortrade qualifications and extensive related work experience are required.
22231.03,Appropriate professional engineering or engineering technology certification and licences may be required.
22231.04,University degree or college diploma in an appropriate engineering field ortrade qualifications and extensive related work experience are required.
22231.04,Appropriate professional engineering or engineering technology certification and licences may be required.
22231.05,University degree or college diploma in an appropriate engineering field ortrade qualifications and extensive related work experience are required.
22231.05,Appropriate professional engineering or engineering technology certification and licences may be required.
22232.00,A bachelor's degree or college diploma in occupational health and safety is usually required.
22232.00,Occupational health and safety officers may require certification with the Board of Canadian Registered Safety Professionals (BCRSP).
22233.00,Completion of secondary school is required.
22233.00,"A college diploma in construction, civil engineering or architectural technology plus several years of related work experience orseveral years of experience as a qualified tradesperson in a construction trade, such as plumbing, carpentry or electrical trade are usually required."
22233.00,Provincial certification in a skilled trade or as an engineering technologist is usually required.
22233.00,Leadership in Energy and Environmental Design (LEED) certification is offered by the Canada Green Building Council and may be required by some employers.
22233.00,Certification as a Construction Safety Officer (CSO) by provincially chartered associations may be required in provinces having such associations.
22233.00,"Home inspectors require a licence to practice in Ontario, Alberta and British Columbia."
22233.00,"Energy advisors must affiliate with a licenced service organization, complete required training and pass the EnerGuide foundation level exam and Energy advisor exam to become registered with Natural Resources Canada as an energy advisor."
22300.01,Completion of a two- or three-year college program in civil engineering technology or a closely related discipline is usually required for civil engineering technologists.
22300.01,Certification in civil engineering technology or in a related field is available through provincial associations of engineering/applied science technologists and technicians and may be required for some positions.
22300.01,"A period of supervised work experience, usually two years, is required before certification."
22300.01,"In Quebec, membership in the regulatory body for professional technologists is required to use the title ""Professional Technologist."""
22300.02,Completion of a one- or two-year college program in civil engineering technology is usually required for civil engineering technicians.
22300.02,Certification in civil engineering technology or in a related field is available through provincial associations of engineering/applied science technologists and technicians and may be required for some positions.
22300.02,"A period of supervised work experience, usually two years, is required before certification."
22301.01,Completion of a two- or three-year college program in mechanical engineering technology is usually required for mechanical engineering technologists.
22301.01,Certification in mechanical engineering technology or in a related field is available through provincial associations of engineering/applied science technologists and technicians and may be required for some positions.
22301.01,"A period of supervised work experience, usually two years, is required before certification."
22301.01,"In Quebec, membership in the regulatory body is required to use the title ""Professional Technologist."""
22301.02,Completion of a one- or two-year college program in mechanical engineering technology is usually required for mechanical engineering technicians.
22301.02,Certification in mechanical engineering technology or in a related field is available through provincial associations of engineering/applied science technologists and technicians and may be required for some positions.
22301.02,"A period of supervised work experience, usually two years, is required before certification."
22302.01,"Completion of a two- or three-year college program or equivalent in industrial engineering technology, pulp and paper technology, plastics technology, textile technology, manufacturing technology or a related discipline is usually required for industrial engineering or manufacturing technologists."
22302.01,Certification in industrial engineering or manufacturing technology or in a related field is available through provincial or territorial associations of engineering/applied science technologists and technicians and may be required for some positions.
22302.01,"A period of supervised work experience, usually two years, is required before certification."
22302.01,A college diploma in manufacturing technology and/or trade certification and experience in machining and tooling or metalworking is required for CAD-CAM/CNC programmers.
22302.01,"In Quebec, membership in the regulatory body is required to use the title ""Professional Technologist."""
22302.02,Completion of a one- or two-year college program in industrial engineering technology or in a related discipline is usually required for industrial engineering or manufacturing technicians.
22302.02,Certification in industrial engineering or manufacturing technology or in a related field is available through provincial or territorial associations of engineering/applied science technologists and technicians and may be required for some positions.
22302.02,"A period of supervised work experience, usually two years, is required before certification."
22302.02,A college diploma in manufacturing technology and/or trade certification and experience in machining and tooling or metalworking is required for CAD-CAM/CNC programmers.
22303.00,Completion of secondary school is required.
22303.00,"Completion of a three-year college program in civil or construction engineering technology orseveral years of experience as a qualified tradesperson in a construction trade such as plumbing, carpentry or electrical, are required."
22303.00,Certification by the Canadian Institute of Quantity Surveyors is usually required.
22310.01,"Completion of a two- or three-year college program in electrical or electronics engineering technology, computer engineering technology, telecommunications technology or an equivalent is usually required for electrical or electronics engineering technologists."
22310.01,Certification in electrical or electronics engineering technology or in a related field is available through provincial associations of engineering/applied science technologists and technicians and may be required for some positions.
22310.01,"A period of supervised work experience, usually two years, is required before certification."
22310.01,"In Quebec, membership in the regulatory body for professional technologists is required to use the title ""Professional Technologist."""
22310.02,Completion of a one- or two-year college program in electrical or electronics engineering technology is usually required for electrical or electronics engineering technicians.
22310.02,Certification in electrical or electronics engineering technology or in a related field is available through provincial associations of engineering/applied science technologists and technicians and may be required for some positions.
22310.02,"A period of supervised work experience, usually two years, is required before certification."
22311.00,Completion of a two- to three-year college program in electronics orcompletion of a four-year apprenticeship program in electronic servicing and repair orcompletion of high school or college courses in electronics and on-the-job training is required.
22311.00,"Trade certification for electronics technicians (consumer products) is available, but voluntary, in Ontario, British Columbia and the Yukon."
22312.00,Completion of secondary school is usually required.
22312.00,Completion of a four- or five-year apprenticeship program in industrial instrument repair orcompletion of a two-year college program in industrial instrumentation technology and several years of work experience are usually required for trade certification.
22312.00,"Instrumentation and control technician trade certification is available, but voluntary, in all provinces and territories, except in Quebec."
22312.00,Red Seal endorsement is also available to qualified instrumentation and control technicians upon successful completion of the interprovincial Red Seal examination.
22313.01,Aircraft instrument and avionics mechanics and technicians require completion of a two- to three-year college program in avionics or electronics.
22313.01,Four years of on-the-job or company apprenticeship training is required for all mechanics and technicians in this unit group.
22313.01,Industry certification is available from the Canadian Council for Aviation & Aerospace (CCAA) for some occupations in this unit group.
22313.01,"In Quebec, membership in the regulatory body for professional technologists is required to use the title ""Professional Technologist."""
22313.02,Aircraft instrument and avionics mechanics and technicians require completion of a two- to three-year college program in avionics or electronics.
22313.02,Four years of on-the-job or company apprenticeship training is required for all mechanics and technicians in this unit group.
22313.02,Industry certification is available from the Canadian Council for Aviation & Aerospace (CCAA) for some occupations in this unit group.
22313.02,"In Quebec, membership in the regulatory body for professional technologists is required to use the title ""Professional Technologist."""
22313.03,Aircraft instrument and avionics mechanics and technicians require completion of a two- to three-year college program in avionics or electronics.
22313.03,Avionics inspectors require completion of a two- to three-year college program in avionics or electronics andthree to five years of experience as an avionics mechanic or technician.
22313.03,Industry certification is available from the Canadian Council for Aviation & Aerospace (CCAA) for some occupations in this unit group.
22313.03,"In Quebec, membership in the regulatory body for professional technologists is required to use the title ""Professional Technologist."""
22313.04,"Avionics inspectors, mechanics and technicians who sign maintenance releases and certify airworthiness require an Aircraft Maintenance Engineer's (AME) licence (category E - avionics) issued by Transport Canada."
22313.04,Industry certification is available from the Canadian Council for Aviation & Aerospace (CCAA) for some occupations in this unit group.
22313.04,"In Quebec, membership in the regulatory body for professional technologists is required to use the title ""Professional Technologist."""
22313.04,Avionics inspectors require completion of a two- to three-year college program in avionics or electronics andthree to five years of experience as an avionics mechanic or technician.
30010.00,"Administrators of departments such as surgery, clinical medicine or laboratory medicine are usually required to have the education and training of a specialist physician."
30010.00,"Administrators of other departments, such as nursing, dietetics or physiotherapy, are usually required to have the education and training of the medical professionals in that department."
30010.00,"Several years of experience in the relevant profession, including supervisory experience, are usually required."
30010.00,Certification in the relevant profession is required.
31100.01,"A bachelor's degree orin Quebec, completion of a college program and one year of pre-medicine university studies is usually required."
31100.01,Graduation from an approved medical school and specific specialty training are required.
31100.01,Completion of the certifying examinations of the Royal College of Physicians and Surgeons of Canada andlicensing by the provincial or territorial licensing authority are required.
31100.01,Four to five years of specialty residency training are required.
31100.01,Two years of subspecialty training may also be required.
31100.02,"A bachelor's degree orin Quebec, completion of a college program and one year of pre-medicine university studies is usually required."
31100.02,Graduation from an approved medical school and specific specialty training are required.
31100.02,Completion of the certifying examinations of the Royal College of Physicians and Surgeons of Canada andlicensing by the provincial or territorial licensing authority are required.
31100.02,Four to five years of specialty residency training are required.
31100.02,Two years of subspecialty training may also be required.
31100.03,"A bachelor's degree or in Quebec, completion of a college program and one year of pre-medicine university studies is usually required."
31100.03,Graduation from an approved medical school and specific specialty training are required.
31100.03,Completion of the certifying examinations of the Royal College of Physicians and Surgeons of Canada andlicensing by the provincial or territorial licensing authority are required.
31100.03,Four to five years of specialty residency training are required.
31100.03,Two years of subspecialty training may also be required.
31100.04,"A bachelor's degree orin Quebec, completion of a college program and one year of pre-medicine university studies is usually required."
31100.04,Graduation from an approved medical school and specific specialty training are required.
31100.04,Completion of the certifying examinations of the Royal College of Physicians and Surgeons of Canada andlicensing by the provincial or territorial licensing authority are required.
31100.04,Four to five years of specialty residency training are required.
31100.04,Two years of subspecialty training may also be required.
31100.05,"A bachelor's degree orin Quebec, completion of a college program and one year of pre-medicine university studies is usually required."
31100.05,Graduation from an approved medical school and specific specialty training are required.
31100.05,Completion of the certifying examinations of the Royal College of Physicians and Surgeons of Canada andlicensing by the provincial or territorial licensing authority are required.
31100.05,Four to five years of specialty residency training are required.
31100.05,Two years of subspecialty training may also be required.
31100.06,"A bachelor's degree orin Quebec, completion of a college program and one year of pre-medicine university studies is usually required."
31100.06,Graduation from an approved medical school and specific specialty training are required.
31100.06,Completion of the certifying examinations of the Royal College of Physicians and Surgeons of Canada andlicensing by the provincial or territorial licensing authority are required.
31100.06,Four to five years of specialty residency training are required.
31100.06,Two years of subspecialty training may also be required.
31100.07,"A bachelor's degree orin Quebec, completion of a college program and one year of pre-medicine university studies is usually required."
31100.07,Graduation from an approved medical school and specific specialty training are required.
31100.07,Completion of the certifying examinations of the Royal College of Physicians and Surgeons of Canada andlicensing by the provincial or territorial licensing authority are required.
31100.07,Four to five years of specialty residency training are required.
31100.07,Two years of subspecialty training may also be required.
31100.08,"A bachelor's degree orin Quebec, completion of a college program and one year of pre-medicine university studies is usually required."
31100.08,Graduation from an approved medical school and specific specialty training are required.
31100.08,Completion of the certifying examinations of the Royal College of Physicians and Surgeons of Canada andlicensing by the provincial or territorial licensing authority are required.
31100.08,Four to five years of specialty residency training are required.
31100.08,Two years of subspecialty training may also be required.
31100.09,"A bachelor's degree orin Quebec, completion of a college program and one year of pre-medicine university studies is usually required."
31100.09,Graduation from an approved medical school and specific specialty training are required.
31100.09,Completion of the certifying examinations of the Royal College of Physicians and Surgeons of Canada andlicensing by the provincial or territorial licensing authority are required.
31100.09,Four to five years of specialty residency training are required.
31100.09,Two years of subspecialty training may also be required.
31100.10,"A bachelor's degree orin Quebec, completion of a college program and one year of pre-medicine university studies is usually required."
31100.10,Graduation from an approved medical school and specific specialty training are required.
31100.10,Completion of the certifying examinations of the Royal College of Physicians and Surgeons of Canada andlicensing by the provincial or territorial licensing authority are required.
31100.10,Four to five years of specialty residency training are required.
31100.10,Two years of subspecialty training may also be required.
31100.11,"A bachelor's degree orin Quebec, completion of a college program and one year of pre-medicine university studies is usually required."
31100.11,Graduation from an approved medical school and specific specialty training are required.
31100.11,Completion of the certifying examinations of the Royal College of Physicians and Surgeons of Canada andlicensing by the provincial or territorial licensing authority are required.
31100.11,Four to five years of specialty residency training are required.
31100.11,Two years of subspecialty training may also be required.
31100.12,"A bachelor's degree orin Quebec, completion of a college program and one year of pre-medicine university studies is usually required."
31100.12,Graduation from an approved medical school and specific specialty training are required.
31100.12,Completion of the certifying examinations of the Royal College of Physicians and Surgeons of Canada andlicensing by the provincial or territorial licensing authority are required.
31100.12,Four to five years of specialty residency training are required.
31100.12,Two years of subspecialty training may also be required.
31100.13,"A bachelor's degree orin Quebec, completion of a college program and one year of pre-medicine university studies is usually required."
31100.13,Graduation from an approved medical school and specific specialty training are required.
31100.13,Completion of the certifying examinations of the Royal College of Physicians and Surgeons of Canada andlicensing by the provincial or territorial licensing authority are required.
31100.13,Four to five years of specialty residency training are required.
31100.13,Two years of subspecialty training may also be required.
31100.14,"A bachelor's degree orin Quebec, completion of a college program and one year of pre-medicine university studies is usually required."
31100.14,Graduation from an approved medical school and specific specialty training are required.
31100.14,Completion of the certifying examinations of the Royal College of Physicians and Surgeons of Canada andlicensing by the provincial or territorial licensing authority are required.
31100.14,Four to five years of specialty residency training are required.
31101.01,"A bachelor's degree orin Quebec, completion of a college program and one year of pre-medicine university studies is usually required."
31101.01,Graduation from an approved medical school and specific specialty training are required.
31101.01,Completion of the certifying examinations of the Royal College of Physicians and Surgeons of Canada andlicensing by the provincial or territorial licensing authority are required.
31101.01,Five to six years of specialty residency training are required.
31101.01,Two years of subspecialty training may also be required.
31101.02,"A bachelor's degree orin Quebec, completion of a college program and one year of pre-medicine university studies is usually required."
31101.02,Graduation from an approved medical school and specific specialty training are required.
31101.02,Completion of the certifying examinations of the Royal College of Physicians and Surgeons of Canada andlicensing by the provincial or territorial licensing authority are required.
31101.02,Five to six years of specialty residency training are required.
31101.02,Two years of subspecialty training may also be required.
31101.03,"A bachelor's degree orin Quebec, completion of a college program and one year of pre-medicine university studies is usually required."
31101.03,Graduation from an approved medical school and specific specialty training are required.
31101.03,Completion of the certifying examinations of the Royal College of Physicians and Surgeons of Canada andlicensing by the provincial or territorial licensing authority are required.
31101.03,Five to six years of specialty residency training are required.
31101.03,Two years of subspecialty training may also be required.
31101.04,"A bachelor's degree orin Quebec, completion of a college program and one year of pre-medicine university studies is usually required."
31101.04,Graduation from an approved medical school and specific specialty training are required.
31101.04,Completion of the certifying examinations of the Royal College of Physicians and Surgeons of Canada andlicensing by the provincial or territorial licensing authority are required.
31101.04,Five to six years of specialty residency training are required.
31101.04,Two years of subspecialty training may also be required.
31101.05,"A bachelor's degree orin Quebec, completion of a college program and one year of pre-medicine university studies is usually required."
31101.05,Graduation from an approved medical school and specific specialty training are required.
31101.05,Completion of the certifying examinations of the Royal College of Physicians and Surgeons of Canada andlicensing by the provincial or territorial licensing authority are required.
31101.05,Five to six years of specialty residency training are required.
31101.05,Two years of subspecialty training may also be required.
31102.00,"A bachelor's degree or in Quebec, completion of a college program and one year of pre-medicine university studies is usually required."
31102.00,Graduation from an approved medical school and two to three years of family medicine residency training are required.
31102.00,Completion of the qualifying examinations of the Medical Council of Canada or the Collège des médecins du Québec and licensing by the provincial or territorial licensing authority are required.
31103.00,Doctor of veterinary medicine
31103.00,Two years of pre-veterinary university studies or completion of a college program in health science anda four to five year university degree in veterinary medicineandsuccessful completion of an examination leading to a  national certification are required.
31103.00,A provincial licence to practice is required.
31103.00,Veterinary specialists
31103.00,Completion of a degree in veterinary medicine and three to four years of additional postgraduate studies or residency program in the specialty of their choice are required.
31103.00,"Veterinary specialists must be accredited by the American College of Veterinary Internal Medicine (ACVIM) or the American Board of Veterinary Practitioners (ABVP). In Quebec, they must be accredited by the Ordre des médecins vétérinaires du Québec and only 18 specialties are recognized."
31103.00,A provincial license to practice is required.
31103.00,Research veterinarian
31103.00,Two years of pre-veterinary university studies or completion of a college program in health science and a four to five year university degree in veterinary medicine and successful completion of an examination leading to a national certification are required.
31103.00,Entry into research positions may require postgraduate study.
31110.01,"Two to four years of pre-dentistry university studies or, in Quebec, completion of a college program in sciences anda university degree from a recognized dental program are required."
31110.01,Licensing by a provincial or territorial regulatory body is required.
31110.01,Dentists in general practice can move into a specialized practice through advanced training.
31110.02,"Two to four years of pre-dentistry university studies or, in Quebec, completion of a college program in sciences"
31110.02,Four to seven years of specialty residency training in oral and maxillofacial surgery are required.
31110.03,"Two to four years of pre-dentistry university studies or, in Quebec, completion of a college program in sciences anda university degree from a recognized dental program are required."
31110.03,Three years advanced orthodontics and dentofacial orthopedics program accredited by the Canadian Dental Association is required.
31110.04,"Two to four years of pre-dentistry university studies or, in Quebec, completion of a college program in sciences anda university degree from a recognized dental program are required."
31110.04,Three years advanced prosthodontics program accredited by the Canadian Dental Association is required.
31111.00,"Three years of university undergraduate studies or, in Quebec, completion of a college program in sciences anda four- to five-year university program in optometry are required."
31111.00,Licensing by the provincial or territorial regulatory governing body is required.
31112.01,Audiologists require a master's degree in audiology.
31112.01,"Membership in the national association, Canadian Association of Speech-Language Pathologists and Audiologists, is usually required."
31112.01,"In some jurisdictions, audiologists may be required to obtain a separate licence to dispense hearing aids."
31112.02,Speech-language pathologists require a master's degree in speech-language pathology.
31112.02,"Registration with a regulatory body is required for audiologists and speech-language pathologists in Newfoundland and Labrador, New Brunswick, Quebec, Ontario, Manitoba, Saskatchewan, Alberta and British Columbia."
31112.02,"Membership in the national association, Canadian Association of Speech-Language Pathologists and Audiologists, is usually required."
31120.01,A university degree in pharmacy and a period of supervised practical training are required.
31120.01,Licensure is required in all provinces and territories for community and hospital pharmacists.
31120.02,A university degree in pharmacy and a period of supervised practical training are required.
31120.02,Licensure is required in all provinces and territories for community and hospital pharmacists.
31121.00,"Dietitians require a bachelor's degree in dietetics, nutrition or a related field such as food and nutritional science from a program accredited by the Partnership for Dietetic Education and Practice (PDEP), and a period of supervised practical training."
31121.00,Successful completion of the Canadian Dietetic Registration Exam (CDRE) is required in all provinces except Quebec.
31121.00,Registration with a regulatory body is required in all provinces for dietitians.
31121.00,"Membership in the national association, Dietitians of Canada, is voluntary."
31121.00,"Registration with a regulatory body is required for nutritionists in Nova Scotia, Quebec and Alberta. In the remaining provinces, nutritionists may require the same education and practical training as dietitians."
31121.00,"Membership with the national association, Dietitians of Canada, and/or a provincial regulatory body is available for nutritionists who have the same education and practical training as dietitians."
31200.00,"A doctoral degree in psychology is required in order to use the designation ""Psychologist"" in Prince Edward Island, New Brunswick, Quebec, Ontario, Manitoba and British Columbia."
31200.00,"A master's degree in psychology is required for the designation ""Psychologist"" in Newfoundland and Labrador, Nova Scotia, Saskatchewan, Alberta, the Northwest Territories and Nunavut."
31200.00,"A master's degree in psychology is required in order to use the designation ""Psychological Associate"" in Prince Edward Island, Ontario, Manitoba and British Columbia."
31200.00,A period of supervised practical experience is required in most jurisdictions.
31200.00,Successful completion of the written Examination for Professional Practice in Psychology (EPPP) is required in most provinces.
31200.00,Oral examinations and board interviews are required in some provinces.
31200.00,"Registration with a regulatory body is required in all provinces, the Northwest Territories and Nunavut."
31200.00,Written ethics and jurisprudence exams may be required in some jurisdictions.
31200.00,Psychologists can become specialized in a particular area through training and experience.
31201.00,"A minimum of three years of university undergraduate studies or in Quebec, completion of a college diploma in natural science is required."
31201.00,Completion of a four or five year program at an Accredited Doctor of Chiropractic Education Programme is required.
31201.00,Successful completion of the national examinations by the Canadian Chiropractic Examining Board is required to qualify to become licensed by a provincial or territorial body.
31201.00,Licensing by a regulatory body is required in all provinces and in the Yukon.
31202.00,A master's degree in physiotherapy and a period of supervised practical training are required.
31202.00,A licence or registration with a regulatory body is required in all provinces and territories.
31202.00,Completion of a physiotherapist competency examination is required in all provinces and territories.
31203.00,A university degree in occupational therapy including supervised fieldwork is required.
31203.00,Completion of a national or provincial certification examination is required.
31203.00,Licensure with a regulatory body is required in all provinces and territories.
31203.00,"Membership in the national association, Canadian Association of Occupational Therapists, is required in some provinces."
31203.00,Occupational therapists may obtain expertise in a particular area through additional training or experience.
31204.01,Recreational therapists usually require a bachelor's degree in recreation with a specialization in therapeutic recreation.
31204.01,Certification for recreational therapists is available through the National Council for Therapeutic Recreation Certification.
31204.01,Supervised practical training is usually required for occupations in this unit group.
31204.01,Certification or membership with the appropriate national professional association or provincial counterpart may be required.
31204.02,"Kinesiologists require a four-year bachelor’s degree in kinesiology, physical education or human kinetics."
31204.02,Certification for kinesiologists is available through the Canadian Kinesiology Alliance.
31204.02,Registration with a regulatory body is required for kinesiologists in Ontario.
31204.02,"Exercise physiologists usually require a four-year bachelor’s degree in kinesiology, exercise physiology, exercise sciences or human kinetics."
31204.02,Certification for exercise physiologists is available through the Canadian Society for Exercise Physiology.
31204.02,Athletic therapists require a bachelor's degree in sport therapyora degree in health sciences with a specialization in sports injury management.
31204.02,Certification for athletic therapists is available through the Canadian Athletic Therapists Association.
31204.02,Supervised practical training is usually required for occupations in this unit group.
31204.02,Certification or membership with the appropriate national professional association or provincial counterpart may be required.
31209.01,"A four-year doctoral degree program in podiatric medicine available in the United States and in Quebec, normally following completion of a bachelor's degree program, is required."
31209.01,A medical residency is required in Alberta and British Columbia.
31209.01,"A doctor of podiatric medicine (D.P.M.) degree is required to practice podiatry in Quebec, Ontario, Alberta and British Columbia."
31209.02,An advanced three-year diploma program in chiropody (DCh) obtained in Canada ora first-degree program in podiatric medicine (D.Pod.M.) obtained abroad (United Kingdom) is usually required.
31209.02,"A licence is required in New Brunswick, Quebec, Ontario, Manitoba, Saskatchewan, Alberta and British Columbia."
31209.03,A university degree in pre-medical science is required.
31209.03,"Completion of a university program in naturopathic medicine, obtained abroad ora four-year program in naturopathic medicine from a private institute is required."
31209.03,"A licence is required in Nova Scotia, Ontario, Manitoba, Saskatchewan, Alberta and British Columbia."
31209.04,A bachelor's degree is required for admission to a doctor of osteopathic medicine program.
31209.04,A four-year program in osteopathic medicine leading to a doctor of osteopathy degree anda minimum three year   medical residency are required. These qualifications are obtained in the United States.
31209.04,Completion of certifying examinations of the Royal College of Physicians and Surgeons of Canadaandlicensing by the provincial or territorial licensing authority are required.
31300.00,"Completion of a university, college or other approved registered nursing, or registered psychiatric nursing, program is required."
31300.00,"Courses in management studies or a degree, diploma or certificate in management or administration may be required."
31300.00,"Registration with a regulatory body is required for registered nurses in all provinces and territories and for registered psychiatric nurses in Manitoba, Saskatchewan, Alberta, British Columbia and the Yukon."
31300.00,"Clinical experience as a registered nurse, or as a registered psychiatric nurse, is required."
31301.01,"Completion of a university, college or other approved registered nursing program is required."
31301.01,Registration with a regulatory body is required in all provinces and territories.
31301.02,"Completion of a university, college or other approved registered nursing program is required."
31301.02,Additional academic training or experience is required to specialize in a specific area of nursing.
31301.02,Registration with a regulatory body is required in all provinces and territories.
31301.03,"Completion of a university, college or other approved registered nursing program is required."
31301.03,Additional academic training or experience is required to specialize in a specific area of nursing.
31301.03,Registration with a regulatory body is required in all provinces and territories.
31301.04,Completion of a university or college registered psychiatric nursing program is required.
31301.04,"Registration with a regulatory body is required in Manitoba, Saskatchewan, Alberta, British Columbia and the Yukon."
31301.05,"A master's or doctoral degree in nursing is usually required for clinical nurse specialists, clinical nurses, nursing consultants and nursing researchers."
31301.05,Registration with a regulatory body is required in all provinces and territories.
31301.06,"A master's or doctoral degree in nursing is usually required for clinical nurse specialists, clinical nurses, nursing consultants and nursing researchers."
31301.06,Registration with a regulatory body is required in all provinces and territories.
31302.00,Nurse practitioners usually require a master's degree in nursing; or completion of a nursing program with additional advanced or extended primary health care nursing education; and several years of practice as a registered nurse.
31302.00,Registration with a regulatory body is required for nurse practitioners in all provinces and territories.
31303.01,Physician assistants require completion of a university degree in a physician assistant program.
31303.01,Physician assistants require registration with a regulatory body in Manitoba and New Brunswick.
31303.02,Midwives require completion of an undergraduate university degree program in midwifery or its equivalent and a period of supervised practical training.
31303.02,"Registration with a regulatory body is required for midwives in Nova Scotia, New Brunswick, Quebec, Ontario, Manitoba, Saskatchewan, Alberta, British Columbia, the Northwest Territories and Nunavut."
31303.03,Genetic counsellors usually require a master’s degree in genetic counselling and the certification with the Canadian Association of Genetic Counsellors (CAGC).
31303.04,A bachelor's degree and completion of a two-year accredited training program in orthoptics are required.
31303.04,Certification with the Canadian Orthoptic Council is required.
31303.04,Continuing education is required for recertification with the Canadian Orthoptic Council.
31303.05,Pathologists' assistants usually require completion of a master’s degree in a pathologists’ assistant program.
31303.05,"Certification by the Canadian Certification Council of Pathologists’ Assistants, the American Society for Clinical Pathology – Board of Certification, or Pathologists’ Assistant Certification Examination is usually required by employers."
31303.05,"Membership in the national association, Canadian Association of Pathologists, is voluntary, but may be required by some employers."
32100.00,Completion of a two- or three-year college program in ophthalmic dispensing or optical sciences is required.
32100.00,Licensing by a regulatory body for opticians is required in all provinces.
32100.00,Licensing requirements for scope of practice and protected titles related to the sale or dispensing and fitting of contact lenses vary by province.
32101.01,"Completion of a vocational, college or other approved program for licensed practical nurses is required."
32101.01,Registration with a regulatory body is required in all provinces and territories.
32101.01,Completion of a registration examination is required in all provinces and territories.
32101.02,Completion of a registration examination is required in all provinces and territories.
32101.02,Operating room technicians require additional academic training in operating room techniques.
32101.02,Registration with a regulatory body is required in all provinces and territories.
32102.00,"Completion of a one- to three-year college, hospital-based or other recognized paramedical or emergency medical technology program is required."
32102.00,Licensing by a regulatory body is required in all provinces.
32102.00,Those operating emergency vehicles require an appropriate class of licence.
32103.01,"Respiratory therapists require the completion of a three-year college or university degree program in respiratory therapy, both including clinical training."
32103.01,"Licensing is required for respiratory therapists in Newfoundland and Labrador, Nova Scotia, New Brunswick, Quebec, Ontario, Manitoba, Saskatchewan and Alberta."
32103.01,"A national certification for respiratory therapists is available for therapists working in Prince Edward Island, British Columbia, Yukon, the Northwest Territories and Nunavut."
32103.01,"In Quebec, a certificate is required for respiratory therapists to prescribe smoking cessation medication."
32103.02,"Clinical perfusionists require the completion of a respiratory therapy or registered nursing program with a minimum of one year of work experience as a respiratory therapist or registered nurse andcompletion of a college or university program in clinical perfusion, including clinical training."
32103.02,Certification with the Canadian Society of Clinical Perfusion is required for clinical perfusionists.
32103.03,"Cardiopulmonary technologists require a two-year college diploma in an allied health discipline such as respiratory therapy, nursing diploma, or a university degree in a related science andcompletion of a college post-diploma program in cardiovascular technology and additional training in pulmonary technology through courses or supervised on-the-job clinical training."
32103.03,Registration with the Canadian Association of Cardio-pulmonary Technologists (CACPT) may be required.
32104.00,Completion of a two- or three-year animal health/veterinary technology college program is required.
32104.00,Successful completion of a national registration examination may be required in some employment settings.
32104.00,"Registration with provincial animal health technologists' or veterinary technicians' associations is available, and is mandatory in some provinces."
32109.01,"Hearing instrument practitioners require completion of a two or three-year college diploma in a hearing instrument specialist program, and a period of supervised training."
32109.01,"Licensure with a regulatory body is required for hearing instrument practitioners in all provinces except in Prince Edward Island, New Brunswick, and Ontario.  Ontario requires membership with the Association of Hearing Instrument Practitioners (AHIP).Hearing instrument practitioners can prescribe and dispense hearing instruments except in Ontario where dispensing is dependent on a prescription from a physician or audiologist."
32109.02,Communicative disorders assistants and speech-language pathology assistants require completion of a three- to four-year college program.
32109.03,Ophthalmic medical technicians require completion of a one-year hospital based ophthalmic technician training program or a minimum of one year on-the-job training working as a Certified Ophthalmic Assistant under the supervision of an ophthalmologist.
32109.03,"Ophthalmic medical technologists require completion of a two-year hospital-based training program in ophthalmic medical technology, or a 4 year bachelor’s degree program in Ophthalmic Medical Technology or a minimum of two years of on-the-job training working as a Certified Ophthalmic Technician under the supervision of an ophthalmologist."
32109.03,Certification by the Joint Commission on Allied Health Personnel in Ophthalmology may be required by employers.
32109.04,"Physical rehabilitation therapists, who are only found in Quebec, require completion of a three-year physiotherapy or rehabilitation techniques college program and a period of internship."
32109.04,A permit to practice issued by the Ordre professionnel de la physiothérapie du Québec (OPPQ) is required for physical rehabilitation therapists.
32109.05,"Physiotherapy assistants require completion of a two-year physical therapy assistant (PTA) college program, or a two-year rehabilitation therapy assistant program and supervised practical training."
32109.05,Occupational therapy assistants require completion of a two-year occupational therapy assistant (OTA) college program.
32110.00,Completion of a two- or three-year college program in denturism/denturology is required.
32110.00,An internship in a registered denture clinic may be required.
32110.00,Licensing by a provincial or territorial regulatory body is required.
32111.01,"Completion of a two- to three-year college dental hygiene program, approved by the governing board within the province or territory of residence, is usually required for dental hygienists."
32111.01,Licensing by the appropriate provincial or territorial regulatory body is required for dental hygienists.
32111.02,Dental therapists are required to complete a two- to three- year college diploma from an approved dental institution program.
32111.02,"Licensure is required for dental therapists in Saskatchewan, the Yukon, the Northwest Territories and Nunavut."
32112.00,Dental technologists and technicians are required to complete a college program in dental technology orfour or more years of on-the-job training under the supervision of a registered dental technologist or technician.
32112.00,Registration with a regulatory body is required for dental technologists and technicians in all provinces except in Manitoba and the territories.
32120.00,A two- or three-year college program in medical laboratory technology is requiredanda period of supervised practical training may be required.
32120.00,"Registration with a regulatory body is required in Newfoundland and Labrador, Nova Scotia, New Brunswick, Quebec, Ontario, Manitoba, Saskatchewan, and Alberta."
32120.00,Certification by the Canadian Society for Medical Laboratory Science is usually required by employers.
32120.00,Combined laboratory and X-ray technicians require completion of a combined laboratory X-ray technology program.
32120.00,Some employers may require a university science degree  for specialized medical laboratory technologists.
32121.01,"Completion of a two- to three-year college or other approved program in diagnostic radiography or magnetic resonance imaging (for radiological technologists and magnetic resonance technologists), nuclear medicine technology (for nuclear medicine technologists) or radiation therapy (for radiation therapists) ora bachelor of health sciences in radiography, nuclear medicine or radiation therapy anda period of supervised practical training are required."
32121.01,"Licensure with a regulatory body is required in Nova Scotia, New Brunswick, Quebec, Ontario, Saskatchewan and Alberta."
32121.01,"Membership with a provincial association is required in Newfoundland and Labrador, Prince Edward Island, Manitoba and Northwest Territories."
32121.01,Certification by the Canadian Association of Medical Radiation Technologists is required in all provinces except Quebec and British Columbia.
32121.02,"Completion of a two- to three-year college or other approved program in diagnostic radiography or magnetic resonance imaging (for radiological technologists and magnetic resonance technologists), nuclear medicine technology (for nuclear medicine technologists) or radiation therapy (for radiation therapists) ora bachelor of health sciences in radiography, nuclear medicine or radiation therapy anda period of supervised practical training are required."
32121.02,"Licensure with a regulatory body is required in Nova Scotia, New Brunswick, Quebec, Ontario, Saskatchewan and Alberta."
32121.02,"Membership with a provincial association is required in Newfoundland and Labrador, Prince Edward Island, Manitoba and Northwest Territories."
32121.02,Certification by the Canadian Association of Medical Radiation Technologists is required in all provinces except Quebec and British Columbia.
32121.03,"Completion of a two- to three-year college or other approved program in diagnostic radiography or magnetic resonance imaging (for radiological technologists and magnetic resonance technologists), nuclear medicine technology (for nuclear medicine technologists) or radiation therapy (for radiation therapists) ora bachelor of health sciences in radiography, nuclear medicine or radiation therapy anda period of supervised practical training are required."
32121.03,"Licensure with a regulatory body is required in Nova Scotia, New Brunswick, Quebec, Ontario, Saskatchewan and Alberta."
32121.03,"Membership with a provincial association is required in Newfoundland and Labrador, Prince Edward Island, Manitoba and Northwest Territories."
32121.03,Certification by the Canadian Association of Medical Radiation Technologists is required in all provinces except Quebec and British Columbia.
32121.04,"Completion of a two- to three-year college or other approved program in diagnostic radiography or magnetic resonance imaging (for radiological technologists and magnetic resonance technologists), nuclear medicine technology (for nuclear medicine technologists) or radiation therapy (for radiation therapists) ora bachelor of health sciences in radiography, nuclear medicine or radiation therapy anda period of supervised practical training are required."
32121.04,Magnetic resonance technologists require completion of a graduate certificate program in magnetic resonance imaging.
32121.04,"Licensure with a regulatory body is required in Nova Scotia, New Brunswick, Quebec, Ontario, Saskatchewan and Alberta."
32121.04,"Membership with a provincial association is required in Newfoundland and Labrador, Prince Edward Island, Manitoba and Northwest Territories."
32122.00,Completion of a three- to four-year program in diagnostic medical sonography or ultrasound technologyorcompletion of a two- to three-year program in a related allied health field and a one-year post-diploma program in diagnostic medical sonography from an accredited institution are required.
32122.00,Registration with Sonography Canada and/or the American Registry of Diagnostic Medical Sonographers is usually required by employers.
32122.00,"Registration with l'Ordre des technologues en imagerie médicale, en radio-oncologie et en électrophysiologie médicale du Québec is required in Quebec."
32122.00,Registration with the College of Medical Radiation Technologists of Ontario (CMRTO) is required in Ontario.
32123.01,Cardiology technologists require completion of a two-year college diploma program in cardiology technology andsupervised practical training.
32123.01,Cardiology technologists require registration with the Canadian Society of Cardiology Technologists in all provinces except Quebec.
32123.02,Electroencephalograph and other diagnostic technologists require completion of a two-year college or hospital-based program in electrophysiology technology andsupervised practical training.
32123.02,Registration with the Canadian Board of Electroencephalograph Technologists is available for electroencephalograph technologists; it is required in Alberta and is usually required by employers in other provinces.
32123.02,Registration with the Association of Electromyography Technologists of Canada is available for electromyography technologists and is usually required by employers.
32123.02,"Registration with l’Ordre des technologues en imagerie médicale, en radio-oncologie et en électrophysiologie médicale du Québec is required for cardiology technologists and electrophysiological technologists in Quebec."
32124.00,Pharmacy technicians usually require a two-year pharmacy technician college program or completion of a two- to three-year college program in pharmaceutics and supervised practical training.
32124.00,Completion of the Pharmacy Examining Board of Canada (PEBC) certification exams is required for pharmacy technicians.
32124.00,Registration with a regulatory body is required for pharmacy technicians in all provinces except Quebec.
32129.01,Dietary technicians require completion of a two- to three-year college program in dietary technology and supervised practical training.
32129.02,Ocularists require completion of the education program of the American Society of Ocularists and supervised practical training ora five-year supervised practical training program under a certified ocularist.
32129.02,Certification by the National Examining Board of Ocularists is usually required.
32129.03,Prosthetists and orthotists require a two-year college program in prosthetics and orthotics technology and three years of supervised practical training.
32129.03,Certification by the Canadian Board of Certification of Prosthetists and Orthotists (CBCPO) may be required.
32129.03,Registration with the Canadian Association of Prosthetists and Orthotists (CAPO) may be required.
32129.04,Prosthetic and orthotic technicians usually require a two- to three- year college program in prosthetics and orthotics and one to two years of supervised practical training orcompletion of secondary school and up to four years of supervised practical training under a certified prosthetist or orthotist.
32200.01,Traditional Chinese medicine practitioners usually require completion of a four to five-year diploma program in traditional Chinese medicine from a private instituteorcompletion of a program in traditional Chinese medicine from recognized medical schools abroad.
32200.01,"Registration with a regulatory body is required for traditional Chinese medicine practitioners in Ontario and British Columbia, which includes completion of an approved registration examination."
32200.02,Acupuncturists usually require completion of a three- to four-year diploma program in acupuncture from a private instituteorcompletion of some university undergraduate studies in science and training in a related health care discipline or work experience under the supervision of a registered acupuncturist.
32200.02,"Registration with a regulatory body is required for acupuncturists in Newfoundland and Labrador, Quebec, Ontario, Alberta and British Columbia, which includes completion of an approved registration examination."
32201.00,Massage therapists usually require completion of an 18- to 24-month or 18- to 36-month program in massage therapy from an accredited school anda period of supervised practical training.
32201.00,"Registration with a regulatory body is required in Newfoundland and Labrador, Ontario and British Columbia."
32209.01,Other occupations in this unit group usually require completion of training programs specific to their type of practice and some supervised practical training.
32209.02,Other occupations in this unit group usually require completion of training programs specific to their type of practice and some supervised practical training.
32209.03,Homeopaths usually require completion of a three-year diploma program in homeopathy.
32209.03,Registration with a regulatory body is required for homeopaths in Ontario.
32209.04,Other occupations in this unit group usually require completion of training programs specific to their type of practice and some supervised practical training.
32209.05,Other occupations in this unit group usually require completion of training programs specific to their type of practice and some supervised practical training.
32209.06,Other occupations in this unit group usually require completion of training programs specific to their type of practice and some supervised practical training.
33100.01,Dental assistants require completion of an eight-month to one-year college or other program in dental assistance orcompletion of secondary school with on-the-job training.
33100.01,Registration with a regulatory body is required in all provinces except Quebec and Ontario.
33100.01,"Certification by the National Dental Assisting Examination Board is required to perform intra-oral duties in all provinces except in Quebec, where intra-oral duties are not performed by dental assistants."
33100.02,Dental laboratory assistants usually require secondary school and up to two years of on-the-job training.
33101.00,Medical laboratory assistants and related technical workers require completion of a college certificate program in medical laboratory science.
33101.00,Certification by the Canadian Society for Medical Laboratory Science is usually required by employers.
33102.00,"Some secondary school education and on-the-job training ora personal support worker, nursing aide or health care aide college or private institutional program, or a college nursing orderly program and supervised practical training are required."
33102.00,Completion of specialized courses such as cardiopulmonary resuscitation (CPR) and first aid is usually required.
33102.00,An appropriate class of driver's licence may be required for medical attendants.
33103.00,Pharmacy technical assistants usually require completion of up to two-years of a Pharmacy Technical Assistance vocational program.
33103.00,"Pharmacy assistants usually require completion of a Pharmacy Assistant college program, ranging from six to twelve months or completion of secondary school andseveral months of on-the-job training."
33109.01,Audiometric technicians usually require a specialization in industrial audiometry testing.
33109.02,Orthopedic technologists usually require completion of secondary school andseveral months of on-the-job training ora college orthopedic technologist program.
33109.02,Registration with the Canadian Society of Orthopaedic Technologists is available and may be required by employers.
33109.03,"Health care courses or short-term college programs related to the work of medical therapy aides, such as recreational therapy programs, are available and may be required by employers."
33109.04,"Ophthalmic assistants require completion of a six to twelve month ophthalmic assistants college program or a minimum of one year of  on-the-job training under the supervision of an ophthalmologist, and completion of an approved ophthalmic assistant home study program."
33109.04,Certification by the Joint Commission on Allied Health Personnel in Ophthalmology may be required by employers.
33109.05,Completion of secondary school and several months of on-the-job training are usually required for other assisting occupations in this unit group.
33109.06,Sterile processing technicians require completion of secondary school and a six- to nine-month sterile processing college program.
33109.07,Completion of secondary school and several months of on-the-job training are usually required for other assisting occupations in this unit group.
33109.08,Completion of secondary school and several months of on-the-job training are usually required for other assisting occupations in this unit group.
40010.00,Government managers in health policy development and program administration
40010.00,"A bachelor's degree or college diploma in health science, hospital administration or public administration or a bachelor's degree in social science is required."
40010.00,"A graduate degree in a health, social science or an administrative discipline may be required."
40010.00,"Several years of experience as a health or social policy researcher, consultant or program officer are usually required."
40010.00,"For some government managers in health policy development and program administration, certification in the relevant health profession is required. For example, city medical officers of health must be physicians."
40010.00,Government managers in social policy development and program administration
40010.00,"A bachelor's degree or a college diploma in a social science discipline, such as sociology or economics, or an administrative discipline, such as public administration, is required."
40010.00,A graduate degree in a social science or an administrative discipline may be required.
40010.00,"Several years of experience as a social policy researcher, consultant or program officer are usually required."
40011.00,"A bachelor's degree in economics, business administration, commerce or public administration is required."
40011.00,A master's degree in economics or a related field may be required.
40011.00,"Several years of experience as an economist, economic development officer or socio-economic researcher are required."
40012.00,A bachelor's degree in education is required.
40012.00,A master's degree in a particular educational specialization may be required.
40012.00,"Several years of combined experience as a school teacher and as a government educational policy researcher, consultant or program officer are usually required."
40012.00,A provincial teaching certificate is usually required.
40019.00,"A bachelor's degree in a social science discipline, law or business administration is required."
40019.00,"Several years of experience in government policy development, research or program administration, or in a professional occupation in social science, law or business administration are usually required."
40020.01,Faculty administrators require a graduate degree in a field related to the academic faculty andseveral years of experience as a university professor or college teacher.
40020.02,Registrars require an undergraduate degree in business administration or a related field andseveral years of experience in registration administration.
40020.03,Administrators of vocational training schools usually require an undergraduate degree in business administration orexpertise and certification in a subject of instruction.
40021.01,A bachelor's degree in education is required.
40021.01,A master's degree in education may be required.
40021.01,Several years of experience as a senior teacher or department head are required.
40021.01,A teacher's certificate for the province of employment is required.
40021.01,School principals may require a principal's certificate.
40021.02,A bachelor's degree in education is required.
40021.02,A master's degree in education may be required.
40021.02,Several years of experience as a senior teacher or department head are required.
40021.02,Administrators of elementary and secondary education may require a supervisory officer certificate.
40030.00,"Managers in social, community and correctional services usually require a master's degree in a social science or administrative discipline andseveral years of experience in a related occupation, such as a community and social service worker, social or health policy researcher, consultant or program officer, probation or parole officer, or social worker."
40030.00,"Managers of associations and membership organizations require extensive experience in a related occupation, trade or industry."
40040.00,Completion of secondary school is required.
40040.00,A university degree in the social sciences or in business administration is usually required.
40040.00,Several years of experience as a police officer are required.
40041.00,Completion of secondary school is required.
40041.00,"Completion of a college program in fire protection technology, fire science or a related field is usually required."
40041.00,Completion of a provincial or municipal firefighters training course is required.
40041.00,A minimum of ten years of experience as a firefighter is usually required before becoming eligible for a senior officer position.
40042.00,A university degree is usually required.
40042.00,Completion of military training is required.
40042.00,Experience as a non-commissioned member of the armed forces and demonstrated leadership ability may substitute for a university degree.
40042.00,"Senior ranks, such as colonel, require several years of experience."
41100.00,Extensive experience as a lawyer or as a professor of law with continuous membership in the bar association is usually required.
41100.00,Membership in good standing with a provincial or territorial law society or bar association is required.
41100.00,Judges are appointed by federal or provincial cabinets.
41100.00,"Those appointed to more senior positions in a court, such as chief justice, usually have experience as judges in that court."
41101.00,Lawyers
41101.00,"Two to three years of undergraduate studies or, in Quebec, completion of a college program, a bachelor's degree from a recognized law school, successful completion of the bar examination and completion of a period of articling are required."
41101.00,Licensing by the provincial or territorial law society is required.
41101.00,Be an active member of a law society in the province or territory of legal practice.
41101.00,Notaries (Quebec)
41101.00,"A bachelor's degree in civil law from a recognized law school and a master's degree in notarial law, which includes a 16-week internship, from a recognized law school  are required."
41101.00,A 15-day training program at the Chambre des notaires du Québec is required.
41101.00,Licensing by the Chambre des notaires du Québec is required.
41200.00,A doctoral degree in the field of specialization is required for university professors.
41200.00,A master's degree in the field of specialization is required for university lecturers.
41200.00,"Licences or professional certification may be required for professors teaching future practitioners in certain professionally regulated fields, such as medicine, engineering, architecture, psychology or law."
41201.01,"Enrolment in, or completion of, a university or college program is required."
41201.02,"Enrolment in, or completion of, a university or college program is required."
41210.00,"A bachelor's degree, a college diploma or demonstrated expertise in the field of instruction is required."
41210.00,A master's degree in the field of instruction may be required.
41210.00,"A certificate, diploma or degree in adult education may be required."
41210.00,"For instructors of trades, completion of apprenticeship training and industry or trade certification are required. Additional courses in teaching or a provincial teaching certificate may be required."
41220.00,Teachers of academic subjects require a bachelor's degree in education which is often preceded by a bachelor's degree in the arts or sciences.
41220.00,Teachers of vocational or technical subjects require a bachelor's degree in education which is usually preceded by specialized training or experience in the subject.
41220.00,Instructors of trades in Quebec require completion of an apprenticeship training program and industry or trade certification.
41220.00,Department heads usually require several years of teaching experience.
41220.00,"To specialize in special education or English or French as a second language, additional training is required."
41220.00,A provincial teaching certificate is required.
41220.00,Membership in a provincial or territorial teachers' association or federation may be required.
41221.00,A bachelor's degree in education is required.
41221.00,A bachelor's degree in child development may be required.
41221.00,Additional training is required to specialize in special education or second language instruction.
41221.00,A provincial teaching certificate is required. Additional certification is required to teach English or French as a second language.
41221.00,Membership in a provincial or territorial teachers' association or federation is usually required.
41300.00,"A bachelor's degree in social work is required in Newfoundland and Labrador, Nova Scotia, Prince Edward Island, New Brunswick, Quebec, Ontario, Manitoba, Saskatchewan, British Columbia, the Northwest Territories and Nunavut."
41300.00,"In Alberta, a bachelor's degree or diploma in social work is required."
41300.00,Supervised practical experience is usually required.
41300.00,Successful completion of provincial written and oral examinations may be required.
41300.00,"Registration with a provincial governing body is mandatory to practise as a social worker in Newfoundland and Labrador, Nova Scotia, Prince Edward Island, New Brunswick, Quebec, Ontario, Alberta and British Columbia."
41300.00,"Use of the titles ""Social Worker"" and ""Registered Social Worker"" is regulated in all provinces."
41300.00,Membership in a provincial association of social workers is usually required.
41301.00,"A bachelor's or a master's degree in the field of counselling, therapy, mental health, psychology or a related social service discipline is required and a period of supervised clinical work with clients may be required."
41301.00,"A master’s degree in the field of therapy is required for art therapist, music therapist, and dance therapists."
41301.00,Membership with a provincial or federal association is usually required by employers.
41301.00,Registration with a regulatory body is required in Nova Scotia and New Brunswick for counselling therapists.
41301.00,"To practise psychotherapy, a permit is required in Quebec and registration with the appropriate regulatory body is required in Ontario."
41301.00,"In Quebec, registration with a regulatory body is required for marriage and family therapists, psychoeducators and sexologists and criminologists."
41302.00,"Completion of college, university or other program in religious studies is usually required. Some occupations in this unit group may require a master’s of divinity or theology."
41302.00,A period of study with a senior minister is usually required.
41310.01,Completion of secondary school is required.
41310.01,Several years of experience as a police officers are required.
41310.01,Completion of a university degree in police investigation is required in Quebec.
41310.01,Specialized training or certification may be required for certain areas of investigation.
41310.02,"In Alberta, Manitoba, Nova Scotia, and Newfoundland and Labrador, a medical examiner is required to be a physician with an active medical license."
41310.02,"In Ontario and Prince Edward Island, coroners are required to be a physician with an active medical license."
41310.02,"In Quebec, coroners are required to be a non-retired member of the the Collège des médecins du Québec, the Barreau du Québec or the Chambre des notaires du Québec, and have a minimum of four years of professional experience in their practice."
41310.02,"In British Columbia, New Brunswick, Northwest Territories, Nunavut, Saskatchewan, and Yukon, it is preferred coroners have education and experience in the legal, medical or investigative fields."
41311.00,"A bachelor's degree in social work, criminology, psychology, sociology or other related social science discipline is required."
41311.00,"A master's degree in social work, criminology, psychology or other related social science discipline may be required."
41320.00,"A bachelor's degree in counselling, career development, education or social sciences is required for counsellors in school settings."
41320.00,"A master's degree in counselling psychology or a related field such as educational psychology, developmental psychology or social work is usually required."
41320.00,Educational counsellors in post-secondary settings require an undergraduate degree and may require a graduate degree. A particular academic specialization may also be required.
41320.00,"In Quebec, membership in L'Ordre des conseillers et conseillères d'orientation is mandatory to use the titles ''vocational counsellor'', “guidance counsellor” and “vocational guidance counsellor”."
41320.00,A teacher's certificate in the province of employment and some teaching experience is usually required for counsellors in school settings.
41320.00,"Educational counsellors in colleges and universities may require licensing from a provincial regulatory body governing psychologists, educational counsellors or social workers."
41321.00,"A bachelor's degree or college diploma in employment counselling, career development or in a related field, such as human resources development, psychology, education or social services is required."
41321.00,"A master's degree in counselling psychology or a related field such as educational psychology, developmental psychology or social work may be required."
41321.00,Vocational rehabilitation professional certification may be required by employers.
41321.00,"In Quebec, membership in l'Ordre des conseillers et conseillères d'orientation du Québec is mandatory to use the titles ''vocational counsellor'' and “vocational guidance counsellor”."
41321.00,"In New Brunswick, membership in the College of Counselling Therapists of New Brunswick is mandatory to use the title “Licensed career counsellor”."
41321.00,"In Alberta, British Columbia, New Brunswick, Nova Scotia, and Ontario, Certified Career Development Professional/Practitioner (CCDP) certification may be required by employers."
41400.01,A bachelor's degree or college diploma in a related scientific or technical discipline is usually required for occupations in this unit group.
41400.01,A master's degree in a related scientific discipline may be required.
41400.01,"Certification through the Canadian College of Certified Professional Ergonomists is required to use the title ""Canadian Certified Professional Ergonomist (CCPE)"". Membership with the Association of Canadian Ergonomists may be required."
41400.02,A bachelor's degree or college diploma in a related scientific or technical discipline is usually required for occupations in this unit group.
41400.02,A master's degree in a related scientific discipline may be required.
41400.02,Occupational hygienists may require certification by the Canadian Registration Board of Occupational Hygienists.
41400.03,A bachelor's degree or college diploma in a related scientific or technical discipline is usually required for occupations in this unit group.
41400.03,A master's degree in a related scientific discipline may be required.
41400.03,Patent agents require 12 months of work experience in the patent field and successful completion of examinations set by the Commissioner of Patents. They may also be required to be listed in the register of patent agents.
41400.03,Occupations in this group that are involved in green building design and technologies development may require the Leadership in Energy and Environmental Design (LEED) certification offered by the Canadian Green Building Council.
41400.04,A bachelor's degree or college diploma in a related scientific or technical discipline is usually required for occupations in this unit group.
41400.04,A master's degree in a related scientific discipline may be required.
41400.04,Occupations in this group that are involved in green building design and technologies development may require the Leadership in Energy and Environmental Design (LEED) certification offered by the Canadian Green Building Council.
41400.05,A bachelor's degree or college diploma in a related scientific or technical discipline is usually required for occupations in this unit group.
41400.05,A master's degree in a related scientific discipline may be required.
41401.00,A master's degree in economics or in a related discipline such as business administration or statistics is usually required.
41401.00,A doctorate in economics may be required.
41402.00,"A bachelor's degree in economics, commerce, business administration or public administration is required."
41402.00,Certification as a certified economic developer (Ec.D.) may be required.
41402.00,Certification as a Certified Marketing Research Professional (CMRP) may be required.
41403.01,"A bachelor's degree or college diploma in a social science or related discipline, or in business administration is usually required."
41403.01,A master's degree in a social science or related discipline or in business administration may be required.
41403.01,Registration with the Immigration Consultants of Canada Regulatory Council is required for regulated Canadian immigration consultants.
41403.02,"Home economists require a bachelor's degree in home economics, home economics education, human ecology, nutrition and food sciences or family and consumer studies."
41403.02,"Registration is available, but voluntary, for home economists but the use of the designation ""Professional Home Economist"" is regulated in New Brunswick, Ontario, Manitoba and Alberta, and ""Registered Professional Home Economist"" in British Columbia."
41403.03,"A bachelor's degree or college diploma in a social science or related discipline, or in business administration is usually required."
41403.03,A master's degree in a social science or related discipline or in business administration may be required.
41403.04,"A bachelor's degree or college diploma in a social science or related discipline, or in business administration is usually required."
41403.04,A master's degree in a social science or related discipline or in business administration may be required.
41403.04,Registration with the Immigration Consultants of Canada Regulatory Council is required for regulated Canadian immigration consultants.
41403.05,"A bachelor's degree or college diploma in a social science or related discipline, or in business administration is usually required."
41403.05,A master's degree in a social science or related discipline or in business administration may be required.
41403.06,"A bachelor's degree or college diploma in a social science or related discipline, or in business administration is usually required."
41403.06,A master's degree in a social science or related discipline or in business administration may be required.
41403.07,"A bachelor's degree or college diploma in a social science or related discipline, or in business administration is usually required."
41403.07,A master's degree in a social science or related discipline or in business administration may be required.
41404.00,"A bachelor's degree or college diploma in health science, public administration, recreation administration or hospital administration, or a bachelor's degree in social science, is required."
41404.00,"A graduate degree in health, social science or an administrative discipline may be required."
41404.00,Several years of experience in the health field as a health care professional or as a community or social service worker are usually required.
41405.00,A bachelor's degree in education or in a discipline such as social science or business administration is required.
41405.00,A master's degree in education may be required.
41405.00,Specialized training or certification may be required.
41405.00,Several years of experience as a school teacher are usually required.
41405.00,A teacher's certificate for the province of employment is usually required when employed by provincial education ministries.
41406.01,"A university degree in recreation administration, sports administration, physical education, kinesiology or related discipline combined with some work experience in a related field ora college diploma in a recreation, sports or fitness program combined with some experience in a related field is required."
41406.02,"A university degree in recreation administration, sports administration, physical education, kinesiology or related discipline combined with some work experience in a related field ora college diploma in a recreation, sports or fitness program combined with some experience in a related field is required."
41406.03,"A university degree in recreation administration, sports administration, physical education, kinesiology or related discipline combined with some work experience in a related field ora college diploma in a recreation, sports or fitness program combined with some experience in a related field is required."
41406.03,"Recreation, sports and fitness program supervisors require experience as program leaders or instructors in recreation, sports and fitness. Certification in program specialization, such as fitness or lifesaving, may also be required."
41407.00,A bachelor's degree is usually required.
41407.00,A master's degree may be required.
41407.00,"Several years of experience as a researcher, consultant or program administrator may be required."
41407.00,Foreign service officers are accepted on the basis of competitive examination.
41409.01,A master's or doctoral degree in the discipline is usually required.
41409.02,A master's or doctoral degree in the discipline is usually required.
41409.03,A master's or doctoral degree in the discipline is usually required.
41409.04,A master's or doctoral degree in the discipline is usually required.
41409.05,A master's or doctoral degree in the discipline is usually required.
41409.06,A master's or doctoral degree in the discipline is usually required.
41409.07,A master's or doctoral degree in the discipline is usually required.
41409.08,A master's or doctoral degree in the discipline is usually required.
41409.09,A master's or doctoral degree in the discipline is usually required.
41409.09,"In Quebec, membership in the regulatory body for criminologists is required to use the title “Criminologist”."
42100.00,Completion of secondary school is required.
42100.00,Completion of a college program in police technology is required in Québec and usually required in other provinces and territories.
42100.00,A three- to six-month police training program is required.
42100.00,"Physical agility, strength, fitness and vision requirements must be met, and psychological or other tests are also required."
42100.00,Specialized training or certification may be required for certain areas of policing.
42101.00,Completion of secondary school is usually required.
42101.00,"Completion of a college program in fire protection technology, fire science or a related fieldanda period of supervised practical training is usually required."
42101.00,Firefighting and emergency medical care training courses are provided and vary in length depending on the requirements of different fire departments or services.
42101.00,"Certification for firefighters is compulsory in Nova Scotia, Quebec, Ontario, Manitoba and Alberta, but voluntary, in Newfoundland and Labrador, Prince Edward Island, New Brunswick, Saskatchewan, British Columbia, the Yukon, the Northwest Territories and Nunavut."
42101.00,Experience as a volunteer firefighter may be an advantage.
42101.00,"Physical agility, strength, fitness and vision requirements must be met."
42101.00,"Several years of experience are required for senior firefighters, such as lieutenants and captains."
42102.00,Completion of secondary school is required.
42102.00,Three months of basic military training is required and provided.
42102.00,Occupational qualification training of at least two years is required.
42102.00,Specialized training in the operation and maintenance of military equipment and systems is provided.
42200.01,Paralegals in law firms require a bachelor's degree in law or a law college diploma and in-house training from a law firm or other legal establishment.
42200.01,Paralegals require a licence to perform advanced legal services.
42200.02,"Independent paralegals require knowledge of legal principles and procedures usually obtained through industry-sponsored courses and through experience, or through completion of a community college paralegal program."
42200.02,Paralegals require a licence to perform advanced legal services.
42200.03,Notaries public usually require a university degree in law or a related field.
42200.03,Notaries public are appointed after examination and certification of their qualifications by the governing judiciary in their province or territory. All appointments have specific limitations on the activities they can perform and for specific periods of time.
42200.03,"Notaries public require a provincial licence. In British Columbia, membership in the Society of Notaries Public is also required."
42200.04,"To be licensed, trademark agents are required to work in the area of trademark law, including the preparation and prosecution of trademark applications for registration, for two years andto successfully complete the examination conducted jointly by the Intellectual Property Institute of Canada and the Registrar of Trade-Marks, Canadian Intellectual Property Office oreither one of the above and to be a lawyer entitled to practise in Canada."
42200.04,Trademark agents require registration with the federal Trade-Mark Office.
42200.05,"Justices of the peace requirements can vary from a background in law and the justice system, completion of a justice registrar, justice of the peace or other court training program depending on their duties and responsibilities."
42200.05,"Justices of the peace in the provinces are appointed by the lieutenant governor in council and, in the territories, by federally appointed territorial commissioners."
42201.00,"Completion of a college or university program in social work, child and youth care, psychology or other social science or health-related discipline is usually required."
42201.00,Previous work experience in a social service environment as a volunteer or in a support capacity may replace formal education requirements for some occupations in this unit group.
42201.00,Social service workers may be required to be a member of a provincial regulatory body in some provinces.
42202.01,Completion of a two- to four-year college program in early childhood education ora bachelor's degree in child development is required.
42202.01,Licensing is required in Ontario and certification is required in British Columbia for early childhood educators. Licensing for early childhood educators is usually required in all other provinces and territories.
42202.02,Completion of secondary school is required.
42202.02,Experience in child care is required.
42202.02,Completion of an early childhood education assistant certificate program or post-secondary courses in early childhood education may be required.
42202.02,Licensing by a provincial or territorial association as an early childhood educator may be required.
42203.00,"Completion of a college program in special education, rehabilitation, orientation and mobility, visual impairment, hearing impairment or intellectual disability is required."
42203.00,A bachelor's degree in special education or a related field such as social work or psychology may be required.
42204.00,"Completion of college, university or other program in religious studies may be required, depending on the particular occupation and religion."
42204.00,There may be other employment requirements depending on the particular occupation and religion.
43100.00,Completion of secondary school is required.
43100.00,"Teacher assistants usually require completion of a 10-month college program in teaching assistance, educational assistance or other social science program."
43100.00,Teacher assistants who help students with special needs usually require specialized training and experience.
43109.01,Expertise in the field of instruction must be demonstrated.
43109.01,Driving instructors must obtain special licensing as a driving instructor in the province of employment.
43109.01,Certification by the Canadian Yachting Association may be required for sailing and navigation instructors.
43109.02,Expertise in the field of instruction must be demonstrated.
43109.03,Expertise in the field of instruction must be demonstrated.
43109.04,Expertise in the field of instruction must be demonstrated.
43200.00,Completion of secondary school is required.
43200.00,A college diploma or bachelor's degree in legal studies is usually required.
43200.00,Sheriffs require experience as a deputy sheriff or bailiff and/or in custodial/escort or security work.
43200.00,Bailiffs usually require some work experience related to law enforcement as well as knowledge of relevant statutes and laws.
43200.00,Mandatory provincial training may be required.
43200.00,Membership in the provincial regulatory body is mandatory in Quebec.
43201.00,Completion of secondary school is required.
43201.00,"Post-secondary education in correctional services, police studies or criminology is required in New Brunswick, Quebec, and Alberta and Prince Edward Island."
43201.00,Correctional officer recruits must successfully complete the Correctional Service of Canada training course to be employed by federal institutions.
43201.00,Correctional officer recruits are usually required to complete a basic training course to be employed by provincial/territorial institutions.
43201.00,"Physical agility, strength and fitness requirements must be met."
43201.00,Correctional service supervisors require experience as a correctional service officer.
43201.00,First aid certification and cardiopulmonary resuscitation (CPR) training are usually required.
43202.01,Completion of secondary school is required.
43202.01,Completion of a college program or courses in law and security or other related field orexperience in a related administrative or regulatory occupation is usually required.
43202.01,On-the-job training is provided.
43202.02,Completion of secondary school is required.
43202.02,Completion of a college program or courses in law and security or other related field orexperience in a related administrative or regulatory occupation is usually required.
43202.02,On-the-job training is provided.
43202.03,Completion of secondary school is required.
43202.03,Completion of a college program or courses in law and security or other related field orexperience in a related administrative or regulatory occupation is usually required.
43202.03,On-the-job training is provided.
43202.04,Completion of secondary school is required.
43202.04,Completion of a college program or courses in law and security or other related field orexperience in a related administrative or regulatory occupation is usually required.
43202.04,On-the-job training is provided.
43202.05,Completion of secondary school is required.
43202.05,Completion of a college program or courses in law and security or other related field orexperience in a related administrative or regulatory occupation is usually required.
43202.05,On-the-job training is provided.
43202.06,Completion of secondary school is required.
43202.06,Completion of a college program or courses in law and security or other related field orexperience in a related administrative or regulatory occupation is usually required.
43202.06,On-the-job training is provided.
43202.07,Completion of secondary school is required.
43202.07,Completion of a college program or courses in law and security or other related field orexperience in a related administrative or regulatory occupation is usually required.
43202.07,On-the-job training is provided.
43202.08,Completion of secondary school is required.
43202.08,Zoning inspectors or zoning enforcement officers may require a college diploma as a civil engineering or architectural technologist or technician and several years of experience in enforcement and/or building construction or a related field.
43202.08,On-the-job training is provided.
43203.01,A four-week online training and a four-and-half-month specialized training at the CBSA College are required for border services officers.
43203.01,"Successful pass of the officer trainee entrance exam (OTEE), successful completion of the Canadian Firearms Safety Course (CGSC) and the Canadian Restricted Firearms Safety Course (CRFSC) is required for border services officers."
43203.01,"Must pass psychological assessment, physical abilities requirement evaluation (PARE) and medical exam to be a Border services officer."
43203.01,Border services students officers must complete Control and Defensive Tactics (CDT) training.
43203.01,A driver’s license is required.
43203.02,Completion of secondary school is required.
43203.02,Completion of specialized government training is usually required.
43204.00,Completion of secondary school is usually required.
43204.00,Three months of basic military training is required and provided.
43204.00,Occupational qualification training of at least six months is required.
43204.00,Specialized training in the operation and maintenance of military equipment and systems is provided.
44100.01,Completion of secondary school may be required.
44100.01,"Home child care providers, parent's helpers and foster parents may require completion of a training program in child care or a related field."
44100.01,Child care or household management experience may be required.
44100.01,Demonstrated ability to perform work is usually required.
44100.01,First aid certification and cardiopulmonary resuscitation (CPR) training may be required.
44100.02,Completion of secondary school may be required.
44100.02,"Home child care providers, parent's helpers and foster parents may require completion of a training program in child care or a related field."
44100.02,Child care or household management experience may be required.
44100.02,First aid certification and cardiopulmonary resuscitation (CPR) training may be required.
44101.00,Some secondary school education is usually required.
44101.00,Home management experience may be required.
44101.00,College or other courses in home support may be required.
44101.00,First aid certification may be required.
44101.00,"Completion of a training program in care of the elderly, care of persons with disabilities, convalescent care or in a related field may be required."
44200.00,Completion of secondary school is usually required.
44200.00,Three months of basic military training are provided.
44200.00,Specialized training in the operation and maintenance of military equipment and systems is provided.
45100.01,Completion of secondary school may be required.
45100.01,First aid certification and cardiopulmonary resuscitation (CPR) training may be required.
45100.02,First aid certification and cardiopulmonary resuscitation (CPR) training may be required.
50010.00,"A graduate degree in archival science or history and several years of experience as an archivist or in historical research, including supervisory experience are required."
50010.00,"A graduate degree in library and information science andseveral years of experience as a librarian, including supervisory experience are required."
50011.00,"A university degree or college diploma in communications, broadcasting, journalism or other arts discipline is usually required."
50011.00,"Several years of experience within the publishing, film production, broadcasting or theatre industry are usually required."
50012.00,"A university degree in recreology, physical education, sports administration or a related field ora college diploma in recreation management or sports administration is usually required."
50012.00,Executive directors of sports governing agencies may be required to have coaching certification in a particular sport.
50012.00,"Several years of experience in an occupation related to recreation and sports administration, consulting or programming are usually required."
50012.00,Some directors of recreation may be required to have a Municipal Recreation Director's Certificate.
51100.00,A master's degree in library science or a master's degree in library and information studies or a master's degree from a program accredited by the American Library Association is required.
51101.01,Conservators may be accredited by the Canadian Association of Professional Conservators.
51101.01,Conservators require a master's degree in art conservation orcompletion of a two-year college program in conservation technology and several years of experience in conservation work.
51101.02,"Curators require a master's or bachelor's degree in museology, art history or a field related to their specific area of work."
51102.00,A bachelor's degree with a minor in archival studies ora university degree with a certificate in archival studies is required.
51102.00,"A master's degree in archival studies, archival studies and information science, library science or history may be required."
51110.00,"A bachelor's degree in English, French, journalism or a related discipline is usually required."
51110.00,Editors who specialize in a specific subject matter may be required to have training in that subject.
51110.00,Membership in the Editors Association of Canada may be required.
51110.00,"Several years of experience in journalism, writing, publishing or a related field are usually required."
51111.01,"Talent and ability, as demonstrated by a portfolio of work, are important hiring criteria."
51111.01,Creative writing programs are offered by universities and colleges.
51111.01,Membership in a guild or union related to the occupation may be required.
51111.02,"Talent and ability, as demonstrated by a portfolio of work, are important hiring criteria."
51111.02,Membership in a guild or union related to the occupation may be required.
51111.03,"Copywriters usually require a university degree or college diploma in French, English, marketing, advertising or another discipline."
51112.00,"A university degree in the area of specialization, such as computer science or engineering is usually required."
51113.00,A university degree or college diploma in journalism or a related field such as communications is usually required.
51114.01,"A university degree in translation with a specialization in translation, interpretation or terminology in two languages including at least one of the two official languages ora university degree in a related discipline such as languages, linguistics, philology and courses in linguistic transfer and two years' experience as a full-time translator working in two languages, at least one of which is an official language orfive years of experience as a full-time translator working in two languages, at least one of which is an official language, are required."
51114.01,"Certification on dossier or by examination from the Canadian Translators, Terminologists and Interpreters Council (CTTIC) may be required for translators, terminologists and interpreters."
51114.01,Fluency in three languages is usually required for translators or interpreters working in an international context.
51114.01,"Membership in a provincial or territorial association of translators, interpreters and terminologists may be required."
51114.01,Use of professional titles may be regulated in some provinces.
51114.02,"A university degree in translation with a specialization in translation, interpretation or terminology in two languages including at least one of the two official languages ora university degree in a related discipline such as languages, linguistics, philology and courses in linguistic transfer and two years' experience as a full-time translator working in two languages, at least one of which is an official language orfive years of experience as a full-time translator working in two languages, at least one of which is an official language, are required."
51114.02,"Certification on dossier or by examination from the Canadian Translators, Terminologists and Interpreters Council (CTTIC) may be required for translators, terminologists and interpreters."
51114.02,"Membership in a provincial or territorial association of translators, interpreters and terminologists may be required."
51114.03,"A university degree in translation with a specialization in translation, interpretation or terminology in two languages including at least one of the two official languages ora university degree in a related discipline such as languages, linguistics, philology and courses in linguistic transfer and two years' experience as a full-time translator working in two languages, at least one of which is an official language orfive years of experience as a full-time translator working in two languages, at least one of which is an official language, are required."
51114.03,"Certification on dossier or by examination from the Canadian Translators, Terminologists and Interpreters Council (CTTIC) may be required for translators, terminologists and interpreters."
51114.03,Fluency in three languages is usually required for translators or interpreters working in an international context.
51114.03,"Membership in a provincial or territorial association of translators, interpreters and terminologists may be required."
51114.03,Use of professional titles may be regulated in some provinces.
51114.04,Sign language interpreters require a college training program or a university certificate in sign language interpretation.
51114.04,Sign language interpreters may require a certificate or certification evaluation in LSQ or ASL.
51114.04,Membership in a provincial association of sign language interpreters may be required.
51120.01,"A university degree or college diploma in the performing arts, broadcasting, journalism, business administration, theatre production or film studies and experience in a technical or production occupation in motion pictures, broadcasting or theatre are usually required."
51120.01,Demonstrated creative ability is required for all occupations in this unit group.
51120.02,"A university degree or college diploma in the performing arts, broadcasting, journalism, business administration, theatre production or film studies and experience in a technical or production occupation in motion pictures, broadcasting or theatre are usually required."
51120.02,Demonstrated creative ability is required for all occupations in this unit group.
51120.03,"A university degree or college diploma in dance, or a period of study at a school of dance and extensive training with a dance company are usually required."
51120.03,Demonstrated creative ability is required for all occupations in this unit group.
51120.04,"A university degree or college diploma in the performing arts, broadcasting, journalism, business administration, theatre production or film studies and experience in a technical or production occupation in motion pictures, broadcasting or theatre are usually required."
51120.04,Demonstrated creative ability is required for all occupations in this unit group.
51120.05,A university degree or college diploma in film studies or cinematography and experience in camera operation or another technical occupation in video or motion picture production are usually required.
51120.05,Demonstrated creative ability is required for all occupations in this unit group.
51120.06,A university degree or college diploma in music or the recording arts and experience in a technical or production occupation in the recording arts are usually required.
51120.06,Demonstrated creative ability is required for all occupations in this unit group.
51120.07,A university degree or college diploma in film studies or cinematography and experience in camera operation or another technical occupation in video or motion picture production are usually required.
51120.07,Demonstrated creative ability is required for all occupations in this unit group.
51121.01,"A university degree in music or completion of a program at a music academy, conservatory or school of music is usually required."
51121.01,"A period of specialized study related to conducting, composing or arranging is usually required."
51121.01,Experience as a musician is required.
51121.01,"Musical and creative talent and ability, as demonstrated by a portfolio of work, are important hiring criteria."
51121.02,"A period of specialized study related to conducting, composing or arranging is usually required."
51121.02,"A university degree in music or completion of a program at a music academy, conservatory or school of music is usually required."
51121.02,Experience as a musician is required.
51121.02,"Musical and creative talent and ability, as demonstrated by a portfolio of work, are important hiring criteria."
51121.03,"A period of specialized study related to conducting, composing or arranging is usually required."
51121.03,"A university degree in music or completion of a program at a music academy, conservatory or school of music is usually required."
51121.03,Experience as a musician is required.
51121.03,"Musical and creative talent and ability, as demonstrated by a portfolio of work, are important hiring criteria."
51122.01,Members of orchestras and other professional classical musicians and singers usually require a university degree in music.
51122.01,Membership in a guild or union related to the occupation or type of performance may be required.
51122.01,"Musical talent and ability, as demonstrated during an audition, are important hiring criteria."
51122.01,Musical training from a university or college or through private instruction is usually required
51122.02,Members of orchestras and other professional classical musicians and singers usually require a university degree in music.
51122.02,Membership in a guild or union related to the occupation or type of performance may be required.
51122.02,"Musical talent and ability, as demonstrated during an audition, are important hiring criteria."
51122.02,Musical training from a university or college or through private instruction is usually required.
51122.03,Musical training from a university or college or through private instruction is usually required.
51122.03,Membership in a guild or union related to the occupation or type of performance may be required.
51122.03,"Musical talent and ability, as demonstrated during an audition, are important hiring criteria."
52100.01,Library technicians usually require completion of a two- to three-year college program in library and information technology.
52100.02,Public archive technicians require completion of a college diploma or certificate program in archive and document management technology.
52110.00,"Completion of a college or technical program in broadcasting, audio-visual technology or a related field andexperience as an assistant camera operator are usually required."
52110.00,"Creative and technical ability, as demonstrated by a portfolio of work and experience, may be required."
52111.00,"A college diploma in commercial or graphic arts, computer graphics or animated design is required."
52111.00,"Creative ability and artistic talent, as demonstrated by a portfolio of work, are required."
52111.00,"Experience or training in multimedia design at a post-secondary, college or technical institution may be required."
52112.00,Completion of a college program in broadcast technology or electronics is usually required.
52112.00,Senior and supervisory positions in this unit group require experience.
52113.00,"Completion of a college or other program in recording engineering, audiovisual technology or a related field orexperience as a recording studio assistant is usually required."
52113.00,"Senior occupations in this unit group, such as recording and sound engineers, require experience."
52114.00,Completion of a college radio or television arts program is usually required.
52114.00,Membership in a guild or union related to the occupation or type of performance may be required.
52114.00,"Practical training, such as work at a college radio station, may be required."
52114.00,"Talent and ability, as demonstrated during an audition, are important hiring criteria."
52119.01,"For most occupations in this unit group, completion of a college or university program in broadcasting, theatre arts or a related field andseveral years of experience in a related support or assisting occupation in motion pictures, broadcasting or the performing arts are required."
52119.01,Floor managers require a portfolio of work.
52119.01,Membership in a related union may be required.
52119.02,"For gaffers, lighting technicians, key grips and other stage technicians, completion of a college program or other specialized training program in technical production for theatre is required."
52119.02,Membership in a related union may be required.
52119.03,"For gaffers, lighting technicians, key grips and other stage technicians, completion of a college program or other specialized training program in technical production for theatre is required."
52119.03,Membership in a related union may be required.
52119.04,"For most occupations in this unit group, completion of a college or university program in broadcasting, theatre arts or a related field andseveral years of experience in a related support or assisting occupation in motion pictures, broadcasting or the performing arts are required."
52119.04,Membership in a related union may be required.
52119.05,"For most occupations in this unit group, completion of a college or university program in broadcasting, theatre arts or a related field andseveral years of experience in a related support or assisting occupation in motion pictures, broadcasting or the performing arts are required."
52119.05,"Make-up artists working in motion pictures, broadcasting and the performing arts may require a training program."
52119.05,"Creative ability, as demonstrated by a portfolio of work, is required for make-up artists."
52119.05,Membership in a related union may be required.
52119.06,"For most occupations in this unit group, completion of a college or university program in broadcasting, theatre arts or a related field andseveral years of experience in a related support or assisting occupation in motion pictures, broadcasting or the performing arts are required."
52119.06,Membership in a related union may be required.
52119.07,"For gaffers, lighting technicians, key grips and other stage technicians, completion of a college program or other specialized training program in technical production for theatre is required."
52119.07,Membership in a related union may be required.
52120.01,"A university degree in visual arts with specialization in graphic design, commercial art, graphic communications or cartooning orcompletion of a college diploma program in graphic arts is required."
52120.01,"Creative ability and artistic talent, as demonstrated by a portfolio of work, are required for graphic designers and illustrators."
52120.01,"Experience or training in multimedia design at a post-secondary, college or technical institution may be required."
52120.02,"A university degree in visual arts with specialization in graphic design, commercial art, graphic communications or cartooning orcompletion of a college diploma program in graphic arts is required."
52120.02,"Creative ability and artistic talent, as demonstrated by a portfolio of work, are required for graphic designers and illustrators."
52120.02,"Experience or training in multimedia design at a post-secondary, college or technical institution may be required."
52120.02,"In addition to the arts, training in biology, engineering, architecture or a scientific field is usually required for medical, technical and scientific illustrators."
52121.00,A college certificate or diploma in interior decoration is usually required.
52121.00,A university degree or college diploma in interior design is usually required.
52121.00,Certification by a provincial institute or association is required to use protected titles related to interior designers in all provinces except Prince Edward Island.
52121.00,Membership in the Canadian Decorators' Association is available to qualified decorators.
52121.00,The National Council for Interior Design Qualification (NCIDQ) examination may be required after six years of combined study and experience.
53100.01,"For other occupations in this unit group, completion of a college program in museum technology or conservation technology orcompletion of other technical or on-the-job training programs related to the work are required."
53100.02,"For other occupations in this unit group, completion of a college program in museum technology or conservation technology orcompletion of other technical or on-the-job training programs related to the work are required."
53100.03,"For other occupations in this unit group, completion of a college program in museum technology or conservation technology orcompletion of other technical or on-the-job training programs related to the work are required."
53100.03,"Registrars, cataloguers and interpreters may require a university degree in a field related to museum and gallery work."
53100.04,"For other occupations in this unit group, completion of a college program in museum technology or conservation technology orcompletion of other technical or on-the-job training programs related to the work are required."
53100.04,"Registrars, cataloguers and interpreters may require a university degree in a field related to museum and gallery work."
53100.05,"For other occupations in this unit group, completion of a college program in museum technology or conservation technology orcompletion of other technical or on-the-job training programs related to the work are required."
53110.00,"A bachelor's degree in visual arts with specialization in photography orcompletion of specialized training in photography in high school, college or specialized training schools orextensive on-the-job training under the supervision of a photographer is required."
53110.00,"Creative and technical ability, as demonstrated by a portfolio of work, are required."
53110.00,"Experience in, or knowledge of computerized photography or digital imaging may be required."
53111.01,Completion of secondary school is usually required.
53111.01,"Most occupations in this unit group require completion of college courses in broadcasting, theatre arts or a related field ora period of on-the-job training."
53111.02,Completion of secondary school is usually required.
53111.02,"Most occupations in this unit group require completion of college courses in broadcasting, theatre arts or a related field ora period of on-the-job training."
53111.02,"Certification for projectionists is available, but voluntary, in New Brunswick. In Quebec, projectionists are regulated under operators of electrical machines, cinema equipment."
53111.02,Projectionists are required to be licensed by their province of employment.
53111.03,"Most occupations in this unit group require completion of college courses in broadcasting, theatre arts or a related field ora period of on-the-job training."
53111.03,Completion of secondary school is usually required.
53111.04,Completion of secondary school is usually required.
53111.04,"Most occupations in this unit group require completion of college courses in broadcasting, theatre arts or a related field ora period of on-the-job training."
53111.05,Completion of secondary school is usually required.
53111.05,"Most occupations in this unit group require completion of college courses in broadcasting, theatre arts or a related field ora period of on-the-job training."
53111.06,Completion of secondary school is usually required.
53111.06,"Most occupations in this unit group require completion of college courses in broadcasting, theatre arts or a related field ora period of on-the-job training."
53111.07,Completion of secondary school is usually required.
53111.07,"Most occupations in this unit group require completion of college courses in broadcasting, theatre arts or a related field ora period of on-the-job training."
53120.01,A university degree or college diploma in dance orGraduation from a private dance school or academy may be required.
53120.01,"Talent and ability, as demonstrated during an audition, are important hiring criteria."
53120.01,Membership in a guild or union related to the occupation or type of performance may be required.
53120.02,A university degree or college diploma in dance orGraduation from a private dance school or academy may be required.
53120.02,"Talent and ability, as demonstrated during an audition, are important hiring criteria."
53120.02,Membership in a guild or union related to the occupation or type of performance may be required.
53120.02,Dance teachers usually require experience as dancers.
53121.01,"Demonstrated ability, based on an audition or previous acting or circus roles, is an important hiring criteria."
53121.01,Membership in a guild or union may be required.
53121.02,"Demonstrated ability, based on an audition or previous acting or circus roles, is an important hiring criteria."
53121.02,Membership in a guild or union may be required.
53121.02,Acting teachers usually require experience as actors.
53121.03,"Demonstrated ability, based on an audition or previous acting or circus roles, is an important hiring criteria."
53121.03,Membership in a guild or union may be required.
53121.03,Circus performers and acrobats may require a period of study at a circus school.
53122.01,"Creative ability and talent, as demonstrated by a portfolio of work, and knowledge of the safe use of materials, tools and equipment are required. Art programs are offered at universities, colleges and private art schools."
53122.01,A college diploma in fine arts techniques may be required.
53122.02,"Creative ability and talent, as demonstrated by a portfolio of work, and knowledge of the safe use of materials, tools and equipment are required. Art programs are offered at universities, colleges and private art schools."
53122.02,A college diploma in fine arts techniques may be required.
53122.03,"Creative ability and talent, as demonstrated by a portfolio of work, and knowledge of the safe use of materials, tools and equipment are required. Art programs are offered at universities, colleges and private art schools."
53122.03,Art instructors and teachers may be required to have a university degree or college diploma in a field related to art.
53123.01,"A university degree in fine arts or visual arts with specialization in theatre design, clothing design or exhibit design orcompletion of a college or art school program in theatre design, clothing design or exhibit design is required."
53123.01,"Creative ability, as demonstrated by a portfolio of work, is required."
53123.01,Use of computer-aided design (CAD) software may be required.
53123.02,"A university degree in fine arts or visual arts with specialization in theatre design, clothing design or exhibit design orcompletion of a college or art school program in theatre design, clothing design or exhibit design is required."
53123.02,Use of computer-aided design (CAD) software may be required.
53123.02,"Creative ability, as demonstrated by a portfolio of work, is required."
53123.03,"A university degree in fine arts or visual arts with specialization in theatre design, clothing design or exhibit design orcompletion of a college or art school program in theatre design, clothing design or exhibit design is required."
53123.03,Use of computer-aided design (CAD) software may be required.
53123.03,"Creative ability, as demonstrated by a portfolio of work, is required."
53124.01,"Training programs are offered by artisan guilds, colleges and private studios."
53124.01,A college diploma in fine craft techniques may be required.
53124.01,"Creative ability and talent, as demonstrated by a portfolio of work, and knowledge of safe handling of material, tools and equipment are required."
53124.01,Skills are often learned through apprenticeship with a master craftsperson.
53124.02,"Training programs are offered by artisan guilds, colleges and private studios."
53124.02,A college diploma in fine craft techniques may be required.
53124.02,"Creative ability and talent, as demonstrated by a portfolio of work, and knowledge of safe handling of material, tools and equipment are required."
53124.02,Skills are often learned through apprenticeship with a master craftsperson.
53124.03,"Training programs are offered by artisan guilds, colleges and private studios."
53124.03,A college diploma in fine craft techniques may be required.
53124.03,"Creative ability and talent, as demonstrated by a portfolio of work, and knowledge of safe handling of material, tools and equipment are required."
53124.03,Skills are often learned through apprenticeship with a master craftsperson.
53124.04,"Training programs are offered by artisan guilds, colleges and private studios."
53124.04,A college diploma in fine craft techniques may be required.
53124.04,"Creative ability and talent, as demonstrated by a portfolio of work, and knowledge of safe handling of material, tools and equipment are required."
53124.04,Skills are often learned through apprenticeship with a master craftsperson.
53124.05,Skills are often learned through apprenticeship with a master craftsperson.
53124.05,"Training programs are offered by artisan guilds, colleges and private studios."
53124.05,"Creative ability and talent, as demonstrated by a portfolio of work, and knowledge of safe handling of material, tools and equipment are required."
53124.05,A college diploma in fine craft techniques may be required.
53124.06,Skills are often learned through apprenticeship with a master craftsperson.
53124.06,"Training programs are offered by artisan guilds, colleges and private studios."
53124.06,"Creative ability and talent, as demonstrated by a portfolio of work, and knowledge of safe handling of material, tools and equipment are required."
53124.06,A college diploma in fine craft techniques may be required.
53124.07,Skills are often learned through apprenticeship with a master craftsperson.
53124.07,"Training programs are offered by artisan guilds, colleges and private studios."
53124.07,"Creative ability and talent, as demonstrated by a portfolio of work, and knowledge of safe handling of material, tools and equipment are required."
53124.07,A college diploma in fine craft techniques may be required.
53124.08,Skills are often learned through apprenticeship with a master craftsperson.
53124.08,"Training programs are offered by artisan guilds, colleges and private studios."
53124.08,"Creative ability and talent, as demonstrated by a portfolio of work, and knowledge of safe handling of material, tools and equipment are required."
53124.08,A college diploma in fine craft techniques may be required.
53124.09,Skills are often learned through apprenticeship with a master craftsperson.
53124.09,"Training programs are offered by artisan guilds, colleges and private studios."
53124.09,"Creative ability and talent, as demonstrated by a portfolio of work, and knowledge of safe handling of material, tools and equipment are required."
53124.09,A college diploma in fine craft techniques may be required.
53125.00,Completion of secondary school is required.
53125.00,College courses in design and patternmaking orone to two years of on-the-job training are required.
53125.00,Courses in computer-assisted patternmaking may be required.
53200.00,"Demonstrated ability in a particular sport, or type of game, is required."
53200.00,Extensive training under the supervision of a coach is required.
53200.00,Certification with a particular sports federation may be required.
53200.00,A background combining athletic training and college or university studies is strongly recommended.
53201.01,Completion of the National Coaching Certificate program is usually required for individual and team sports coaches in all sports.
53201.01,National Coaching Certificate Level 3 is usually required for provincial coaches.
53201.01,A degree in physical education may be required.
53201.01,National Coaching Certificate Level 4 is usually required for coaches of national team athletes.
53201.02,"Experience in, and technical knowledge of, the sport is required."
53202.00,Sports officials require certification by and registration with a sport governing body or commission.
53202.00,Sports referees require completion of an officiating program offered by a sport governing body.
54100.01,Completion of secondary school is usually required.
54100.01,Completion of a college program in recreation or physical educationorextensive experience in a specific recreational or sports program activity is usually required.
54100.01,"Certification is usually required in a specific area of recreational, sports or fitness activity, such as ski instructor or personal trainer, or in first aid or emergency care."
54100.01,"Demonstrated ability in a particular recreational, sports or fitness discipline is required."
54100.02,Completion of secondary school is usually required.
54100.02,Completion of a college program in recreation or physical educationorextensive experience in a specific recreational or sports program activity is usually required.
54100.02,Fitness appraiser certification may be required for fitness appraisers.
55109.01,Training for other occupations in this unit group is often obtained under the guidance of a practitioner.
55109.01,Membership in a guild or union related to the occupation or type or performance may be required.
55109.02,Training for other occupations in this unit group is often obtained under the guidance of a practitioner.
55109.02,Membership in a guild or union related to the occupation or type or performance may be required.
55109.03,Completion of modelling courses is usually required for models.
55109.03,Membership in a guild or union related to the occupation or type or performance may be required.
55109.04,Training for other occupations in this unit group is often obtained under the guidance of a practitioner.
60010.00,A university degree or college diploma in business or in a related field with a specialization in sales andseveral years of experience as a sales representative or in a related occupation are usually required.
60020.00,Completion of secondary school is required.
60020.00,A university degree or college diploma in business administration or other field related to the product or service being sold may be required.
60020.00,Several years of related retail or wholesale sales experience at increasing levels of responsibility are usually required.
60030.00,Completion of a college or other program related to hospitality or food and beverage service management is usually required.
60030.00,Responsible beverage service certification is usually required for managers of establishments serving alcoholic beverages.
60030.00,"Several years of experience in the food service sector, including supervisory experience, are required."
60031.00,Several years of experience within the accommodation industry are usually required and may substitute for formal educational requirements.
60031.00,A university degree or college diploma in hotel management or other related discipline is usually required for managers employed by hotel chains or large accommodation establishments.
60040.00,A college diploma or vocational certificate in the subject of instruction may be required.
60040.00,One to three years of experience in the service being offered are usually required.
60040.00,Completion of secondary school is usually required.
62010.00,Completion of secondary school is usually required.
62010.00,"Previous retail sales experience as a retail salesperson or sales clerk, cashier, telemarketer, door-to-door salesperson or rental agent is usually required."
62020.00,"Completion of a community college program in food service administration, hotel and restaurant management or related discipline orseveral years of experience in food preparation or service are required."
62020.00,Completion of secondary school is usually required.
62021.00,Completion of secondary school is usually required.
62021.00,"A university degree or college diploma in hospital management, hotel management or business administration is usually required."
62021.00,Extensive experience as a cleaning supervisor may substitute for formal education requirements.
62022.00,Experience in the occupation supervised is usually required.
62022.00,Completion of secondary school is usually required.
62022.00,Casino gaming licences are usually required for all casino employees.
62022.00,Completion of college courses related to the area supervised may be required.
62023.01,Experience in the occupation supervised is required.
62023.01,Completion of college or industry courses related to financial or customer services may be required.
62023.02,Experience in the occupation supervised is required.
62023.02,Completion of college or industry courses related to financial or customer services may be required.
62024.00,Completion of secondary school is usually required.
62024.00,Previous experience in a particular area of cleaning is usually required.
62024.00,Previous supervisory experience may be required.
62029.00,Completion of secondary school is usually required.
62029.00,Completion of college courses related to the area supervised may be required.
62029.00,Experience in the occupation supervised is usually required.
62029.00,"Certification or licensing may be required for some occupations in this group (i.e., supervisors of commissionaires or security guards)."
62100.00,A university degree or college diploma in a program related to the product or service is usually required.
62100.00,Experience in sales or in a technical occupation related to the product or service may be required.
62100.00,"Fluency in a specific foreign language, and/or foreign work or travel experience may be required for technical sales specialists seeking employment with companies that import or export technical goods or services."
62100.00,Technical sales supervisors require experience as a technical sales specialist.
62100.00,A driver's licence and a good driving record may be required.
62101.00,"A university degree or college diploma in business, marketing or a related program is usually required."
62101.00,Completion of secondary school is required.
62101.00,Previous work experience in retail or wholesale establishments is usually required.
62101.00,Supervisors and senior buyers require experience in the occupation supervised or in a particular merchandise line.
62200.01,"Cook's trade certification or equivalent credentials, training and experience are required."
62200.01,"The certifications of Certified Working Chef (CWC) and Certified Chef de Cuisine (CCC), administered by the Canadian Culinary Institute (CCI) of the Canadian Culinary Federation (CCF) are available to qualified chefs."
62200.01,Red Seal endorsement for cooks is also available to qualified chefs upon successful completion of the interprovincial Red Seal examination.
62200.01,"Executive chefs usually require management training and several years of experience in commercial food preparation, including two years in a supervisory capacity andexperience as a sous-chef, specialist chef or chef."
62200.01,Completion of secondary school is usually required.
62200.02,"Cook's trade certification or equivalent credentials, training and experience are required."
62200.02,Red Seal endorsement for cooks is also available to qualified chefs upon successful completion of the interprovincial Red Seal examination.
62200.02,"Sous-chefs, specialist chefs and chefs usually require several years of experience in commercial food preparation."
62200.02,Completion of secondary school is usually required.
62200.03,"Cook's trade certification or equivalent credentials, training and experience are required."
62200.03,"The certifications of Certified Working Chef (CWC) and Certified Chef de Cuisine (CCC), administered by the Canadian Culinary Institute (CCI) of the Canadian Culinary Federation (CCF) are available to qualified chefs."
62200.03,Red Seal endorsement for cooks is also available to qualified chefs upon successful completion of the interprovincial Red Seal examination.
62200.03,"Sous-chefs, specialist chefs and chefs usually require several years of experience in commercial food preparation."
62200.03,Completion of secondary school is usually required.
62201.01,Completion of a one- to two-year college program and a twelve- to twenty-month practical apprenticeship program during or following the educational program is usually required for funeral directors.
62201.01,Funeral directors require licensure in most provinces and territories.
62201.01,Funeral directors may be required to be licensed embalmers depending on provincial requirements.
62201.02,Completion of a two- to three-year college program and a twelve- to twenty-month practical apprenticeship program during or following the educational program orcompletion of a three-year college program is required for embalmers.
62201.02,Embalmers require licensure in all provinces.
62202.01,Completion of secondary school is usually required.
62202.01,"Experience as a jewellery, clock or watch assembler may be required."
62202.01,"Completion of a college or other program, or apprenticeship training in watch or jewellery repair or gemology is usually required."
62202.02,Completion of secondary school is usually required.
62202.02,"Experience as a jewellery, clock or watch assembler may be required."
62202.02,"Completion of a college or other program, or apprenticeship training in watch or jewellery repair or gemology is usually required."
63100.00,Licensure by the insurance governing body in the province or territory of employment is required.
63100.00,On-the-job training and insurance industry courses and training programs are provided and are required for employment.
63100.00,Completion of secondary school is usually required.
63101.00,Completion of secondary school is required.
63101.00,Completion of a real estate training course is required.
63101.00,Provincial or territorial licensure in the province or territory of employment is required.
63102.00,Registration with the securities regulatory authority in the province or territory of employment is usually required.
63102.00,Financial services officers who sell regulated financial products and investments are required to be licensed by the appropriate governing body.
63102.00,"Completion of a loan or credit training program, ranging from six to twelve months, is usually required."
63102.00,Various training programs and courses are offered by the Institute of Canadian Bankers and may be required by employers.
63102.00,Completion of secondary school and extensive general banking experience is usually required.
63102.00,A bachelor's degree or college diploma related to commerce or economics may be required.
63102.00,A mutual funds licence is usually required.
63200.00,Completion of secondary school is usually required.
63200.00,Completion of a three-year apprenticeship program for cooks orcompletion of college or other program in cooking or food safety orseveral years of commercial cooking experience may be required.
63200.00,"Trade certification is available, but voluntary, in all provinces and territories."
63200.00,Red Seal endorsement is also available to qualified cooks upon successful completion of the interprovincial Red Seal examination.
63201.00,Completion of secondary school may be required.
63201.00,Completion of a college or other butchery training program may be required.
63201.00,Several years of on-the-job training in food stores is usually required for retail butchers.
63202.00,Completion of secondary school is usually required.
63202.00,On-the-job training may be provided.
63202.00,Completion of a three- or four-year apprenticeship program for bakers orcompletion of a college or other program for bakersorseveral years of commercial baking experience is usually required.
63202.00,Red Seal endorsement is also available to qualified bakers upon successful completion of the interprovincial Red Seal examination.
63202.00,"Trade certification is available, but voluntary, in Newfoundland and Labrador, Nova Scotia, Prince Edward Island, New Brunswick, Quebec, Ontario, Alberta, British Columbia, the Yukon, the Northwest Territories and Nunavut."
63210.01,Completion of a one- or two-year hairstyling apprenticeship program or completion of a college or other program in hairstyling combined with on-the-job training is usually required.
63210.01,"Trade certification for hairstylists is compulsory in Nova Scotia, Ontario, Manitoba, Saskatchewan, and Alberta, and available, but voluntary, in Newfoundland and Labrador, Prince Edward Island, New Brunswick, Quebec, British Columbia, the Yukon, the Northwest Territories and Nunavut."
63210.01,Red Seal endorsement is also available to qualified hairstylists upon successful completion of the interprovincial Red Seal examination.
63210.01,"In New Brunswick, licensing by the Cosmetology Association of New Brunswick is mandatory to use the titles “Hairstylist” or “hairdresser”."
63210.01,Completion of secondary school education is required.
63210.01,Several years of experience may replace formal education and training.
63210.01,Employers may require applicants to provide a hairstyling demonstration before being hired.
63210.02,"Trade certification for barbers is compulsory in Ontario and available, but voluntary, in the Yukon."
63210.02,Completion of secondary school education is required.
63210.02,"Red Seal endorsement is also available to barbers, as qualified hairstylists, upon successful completion of the interprovincial Red Seal examination."
63210.02,Completion of a seven-month to one-year apprenticeship or other barber program is usually required.
63210.02,On-the-job training may be substituted for formal education.
63211.01,"Completion of high school, college or beauty school programs for cosmeticians, estheticians, electrologists, manicurists and pedicurists is required oron-the-job training is provided."
63211.01,Estheticians usually require certification from an esthetician's educational or training institution.
63211.01,"Apprenticeship for electrologists, estheticians and nail technicians is available in Manitoba. Trade certification for these occupations is compulsory in that province."
63211.01,A business licence is required for workers in this group who are owners/operators of businesses offering these services.
63211.01,Practitioners offering these personal services are required to adhere to infection control procedures.
63211.02,"Completion of high school, college or beauty school programs for cosmeticians, estheticians, electrologists, manicurists and pedicurists is required oron-the-job training is provided."
63211.02,A business licence is required for workers in this group who are owners/operators of businesses offering these services.
63211.02,Practitioners offering these personal services are required to adhere to infection control procedures.
63211.03,"Completion of high school, college or beauty school programs for cosmeticians, estheticians, electrologists, manicurists and pedicurists is required oron-the-job training is provided."
63211.03,Electrologists usually require certification from an electrologist's educational or training institution.
63211.03,Membership in a provincial or national electrolysis association may be required.
63211.03,Completion of a registered dermal therapy program may be required to provide electrology laser and vascular treatments.
63211.03,"Apprenticeship for electrologists, estheticians and nail technicians is available in Manitoba. Trade certification for these occupations is compulsory in that province."
63211.03,A business licence is required for workers in this group who are owners/operators of businesses offering these services.
63211.03,Practitioners offering these personal services are required to adhere to infection control procedures.
63211.04,"Completion of high school, college or beauty school programs for cosmeticians, estheticians, electrologists, manicurists and pedicurists is required oron-the-job training is provided."
63211.04,"Apprenticeship for electrologists, estheticians and nail technicians is available in Manitoba. Trade certification for these occupations is compulsory in that province."
63211.04,A business licence is required for workers in this group who are owners/operators of businesses offering these services.
63211.04,Practitioners offering these personal services are required to adhere to infection control procedures.
63211.05,"Completion of high school, college or beauty school programs for cosmeticians, estheticians, electrologists, manicurists and pedicurists is required oron-the-job training is provided."
63211.05,A business licence is required for workers in this group who are owners/operators of businesses offering these services.
63211.05,Practitioners offering these personal services are required to adhere to infection control procedures.
63211.06,"Completion of high school, college or beauty school programs for cosmeticians, estheticians, electrologists, manicurists and pedicurists is required oron-the-job training is provided."
63211.06,A business licence is required for workers in this group who are owners/operators of businesses offering these services.
63211.06,Practitioners offering these personal services are required to adhere to infection control procedures.
63211.07,"Completion of high school, college or beauty school programs for cosmeticians, estheticians, electrologists, manicurists and pedicurists is required oron-the-job training is provided."
63211.07,A business licence is required for workers in this group who are owners/operators of businesses offering these services.
63211.07,Practitioners offering these personal services are required to adhere to infection control procedures.
63220.01,Extensive on-the-job training is provided for shoemakers.
63220.01,Some secondary school may be required.
63220.01,Shoemakers may require experience as shoe repairers.
63220.02,Some secondary school may be required.
63220.02,Several months of on-the-job training is provided for shoe repairers.
63221.00,"Completion of college or other specialized courses or an apprenticeship program in furniture upholstering and repair orseveral years of on-the-job training, including working as an upholsterer helper are usually required."
63221.00,"Trade certification is available, but voluntary, in Quebec."
63221.00,Completion of secondary school is usually required.
64100.01,Completion of secondary school may be required.
64100.01,A university degree or college diploma may be required by some employers.
64100.01,Specific subject matter courses or training may be required.
64100.01,"Demonstrated sales ability and product knowledge are usually required for retail salespersons who sell complex or valuable merchandise, such as automobiles, antiques or computers."
64100.02,Completion of secondary school may be required.
64100.02,Previous visual merchandising experience may be required.
64101.00,Experience in sales or in an occupation related to the product or service is usually required.
64101.00,Voluntary certification is available from the Canadian Professional Sales Association.
64101.00,Fluency in a foreign language and/or foreign country work or travel experience may be required for sales representatives seeking employment with companies that import or export goods or services.
64101.00,Completion of secondary school is required.
64101.00,Supervisors and senior sales representatives require experience.
64101.00,A university degree or completion of a college or other program may be required.
64200.01,Completion of secondary school may be required.
64200.01,"Tailors and dressmakers require demonstrated ability to sew, style and fit men's or women's garments and may require completion of college or other courses in tailoring or dressmaking."
64200.01,"Alterationists require demonstrated ability to sew, alter and repair garments."
64200.02,Completion of secondary school may be required.
64200.02,"Furriers require several years of experience in selecting pelts and making, fitting, styling and altering fur garments and accessories."
64200.03,Completion of secondary school may be required.
64200.03,"Milliners require demonstrated ability to sew, style and fit hats and caps."
64201.01,Completion of secondary school is usually required.
64201.01,"Specialized training courses are available for colour consultants, make-up and skin care consultants, weight loss consultants and most other occupations in this unit group."
64201.01,"Experience and expertise in fashion, art, modelling or related fields is usually required."
64201.02,Completion of secondary school is usually required.
64201.02,"Specialized training courses are available for colour consultants, make-up and skin care consultants, weight loss consultants and most other occupations in this unit group."
64201.02,"Experience and expertise in fashion, art, modelling or related fields is usually required."
64201.03,Completion of secondary school is usually required.
64201.03,"Specialized training courses are available for colour consultants, make-up and skin care consultants, weight loss consultants and most other occupations in this unit group."
64201.03,"Experience and expertise in fashion, art, modelling or related fields is usually required."
64300.00,Several weeks of on-the-job training are usually required.
64300.00,Completion of secondary school is usually required.
64300.00,Maîtres d'hôtel require experience as a formal or captain waiter/waitress or other food service experience.
64301.00,Completion of secondary school may be required.
64301.00,Responsible beverage service certification may be required.
64301.00,Completion of college or other program in bartending orcompletion of courses in mixing drinks is usually required.
64310.00,Certification with the Association of Canadian Travel Agencies (ACTA ) may be required.
64310.00,A college diploma or vocational training in travel or tourism is usually required.
64310.00,Completion of secondary school is usually required.
64311.01,Flight attendants and flight pursers require the completion of secondary school and a training program approved by Transport Canada.
64311.01,Flight attendants and ship pursers usually require experience working with the public.
64311.02,Flight attendants and flight pursers require the completion of secondary school and a training program approved by Transport Canada.
64311.02,Flight pursers/customer service directors require experience as a flight attendant.
64311.03,Flight attendants and ship pursers usually require experience working with the public.
64311.03,Ship pursers may require experience as a ship attendant.
64312.01,Completion of secondary school is usually required.
64312.01,Several weeks of on-the-job and classroom training are provided for all occupations in this unit group.
64312.01,"Airline station agents usually require experience as a ticket, baggage or cargo agent."
64312.02,Completion of secondary school is usually required.
64312.02,Several weeks of on-the-job and classroom training are provided for all occupations in this unit group.
64312.02,Load planners require a restricted radio operator's licence and usually require airline operations experience.
64312.03,Completion of secondary school is usually required.
64312.03,Several weeks of on-the-job and classroom training are provided for all occupations in this unit group.
64313.01,Completion of secondary school is usually required.
64313.01,Up to 10 weeks of training may be provided.
64313.02,Completion of secondary school is usually required.
64313.02,Up to 10 weeks of training may be provided.
64314.00,"Guest services representative trade certification is available, but voluntary, in Saskatchewan."
64314.00,Completion of secondary school or equivalent is usually required.
64314.00,"Completion of a two-year apprenticeship program, or a college program in front desk operations or hotel management may be required."
64320.01,On-the-job training is provided.
64320.01,Knowledge of both official languages or an additional language may be required for some positions in this group.
64320.02,On-the-job training is provided.
64320.02,Knowledge of both official languages or an additional language may be required for some positions in this group.
64321.00,Completion of secondary school is usually required.
64321.00,On-the-job training is provided for gaming table dealers.
64321.00,Security clearance is required for all casino workers.
64321.00,Casino gaming licences are usually required for all casino employees.
64322.00,"Knowledge of a particular terrain or body of water, demonstrated ability in the guided activity and relevant licences and certifications are required for employment in this group."
64322.00,"Hot air balloon pilots require completion of 10 hours of ground school, 16 hours of pilot-in-command experience and a Balloon Pilot Licence issued by Transport Canada. Additional hours of pilot-in-command experience may be required by some employers."
64322.00,Certification in first aid and cardiopulmonary resuscitation (CPR) may be required.
64400.00,A college diploma in business administration may be required.
64400.00,On-the-job training is provided.
64400.00,Completion of secondary school is required.
64401.00,Completion of secondary school and some college office administration courses may be required.
64401.00,On-the-job training is required.
64401.00,Physical fitness may be required for some occupations in this unit group.
64409.00,Completion of secondary school is usually required.
64409.00,Completion of some college or other post-secondary programs may be required.
64409.00,Clerical or sales experience may be required.
64410.01,Completion of secondary school is usually required.
64410.01,A college diploma in law and security or police technology may be required.
64410.01,"In Quebec, a permit issued by the Bureau de la sécurité privée (BSP) is required to work as a private detective or security officer."
64410.01,"Certification for responsible beverage service is mandatory for security staff in establishments serving alcoholic beverages in Alberta, Saskatchewan, Manitoba, Ontario and Prince Edward Island."
64410.01,Security guards carrying firearms require a licence.
64410.02,Completion of secondary school is usually required.
64410.02,A college diploma in law and security or police technology may be required.
64410.02,Canadian Air Transport Security Authority (CATSA) certification is required for screening officers.
64410.02,Armoured car drivers require a valid Possession and Acquisition Licence (PAL) for both restricted and non-restricted firearms.
64410.03,Completion of secondary school is usually required.
64410.03,A college diploma in law and security or police technology may be required.
64410.03,Corporate security officers may require experience as a police officer.
64410.04,Completion of secondary school is usually required.
64410.04,A college diploma in law and security or police technology may be required.
64410.04,"In Quebec, a permit issued by the Bureau de la sécurité privée (BSP) is required to work as a private detective or security officer."
64410.04,Private investigators require provincial licensure.
64410.05,Completion of secondary school is usually required.
64410.05,A college diploma in law and security or police technology may be required.
65100.00,Some secondary school education is usually required. High school diploma may be required by some employers.
65100.00,A casino gaming licence may be required for cashiers working in gambling casinos.
65101.00,Propane and natural gas pump attendants may require an operator's licence.
65101.00,Some secondary school education is usually required.
65102.00,Some secondary school education is usually required.
65109.01,Some secondary school education is usually required. A high school diploma may be required by some employers.
65109.02,Some secondary school education is usually required. A high school diploma may be required by some employers.
65109.02,Self-employed street vendors and door-to-door salespersons may require a municipal merchant's permit.
65109.03,Some secondary school education is usually required. A high school diploma may be required by some employers.
65200.00,"An apprenticeship program for food and beverage servers is available, but voluntary, in Quebec and Saskatchewan."
65200.00,Sommeliers may require courses in wine selection and service orexperience as a formal waiter/waitress.
65200.00,Formal waiters/waitresses may require completion of a one- or two-year apprenticeship program orcollege or vocational school courses.
65200.00,On-the-job training is usually provided.
65200.00,Completion of secondary school may be required.
65200.00,Responsible beverage service certification is usually required for employees serving alcoholic beverages.
65201.01,On-the-job training is provided.
65201.01,Some secondary school education is usually required.
65201.02,On-the-job training is provided.
65201.02,Some secondary school education is usually required.
65201.03,On-the-job training is provided.
65201.03,Some secondary school education is usually required.
65201.04,On-the-job training is provided.
65201.04,Some secondary school education is usually required.
65202.00,Completion of secondary school may be required.
65202.00,On-the-job training in food stores is usually offered to meat cutters and fishmongers for retail sale.
65202.00,An apprenticeship program in meat cutting is available but voluntary.
65202.00,"Trade certification for meat cutter is available, but voluntary, in Saskatchewan and British Columbia."
65210.01,Some secondary school education may be required.
65210.02,Some secondary school education may be required.
65210.03,Some secondary school education may be required.
65211.01,On-the-job training is usually provided.
65211.01,Some secondary school education may be required.
65211.02,On-the-job training is usually provided.
65211.02,Some secondary school education may be required.
65220.00,"Depending on the type of work performed, training courses in animal handling, grooming or dog training are usually required. Animal health or veterinary assistant college courses may be required for animal care workers."
65220.00,Completion of secondary school is usually required.
65229.00,A period of training under the guidance of a practitioner is usually required.
65310.01,There are no specific education requirements for occupations in this unit group.
65310.02,There are no specific education requirements for occupations in this unit group.
65310.02,Certification for housekeeping room attendants or similar certification may be required by some employers.
65311.01,There are no specific education requirements for occupations in this unit group.
65311.01,On-the-job training is usually provided.
65311.01,Previous experience in a related position may be required for some occupations in this unit group.
65311.02,There are no specific education requirements for occupations in this unit group.
65311.02,On-the-job training is usually provided.
65311.02,Previous experience in a related position may be required for some occupations in this unit group.
65311.03,There are no specific education requirements for occupations in this unit group.
65311.03,On-the-job training is usually provided.
65311.03,Previous experience in a related position may be required for some occupations in this unit group.
65311.04,There are no specific education requirements for occupations in this unit group.
65311.04,On-the-job training is usually provided.
65311.04,Previous experience in a related position may be required for some occupations in this unit group.
65311.05,There are no specific education requirements for occupations in this unit group.
65311.05,On-the-job training is usually provided.
65311.05,Previous experience in a related position may be required for some occupations in this unit group.
65312.00,Completion of secondary school may be required.
65312.00,Previous cleaning experience may be required.
65320.01,Some secondary school education is required.
65320.01,"Suede, leather and fur cleaners may require experience as dry cleaning or laundry machine operators."
65320.01,Dry cleaning and laundry machine operators may require experience as inspectors or assemblers.
65320.01,Four to eight weeks of on-the-job training are usually provided.
65320.02,Some secondary school education is required.
65320.02,Four to eight weeks of on-the-job training are usually provided.
65320.03,Some secondary school education is required.
65320.03,Four to eight weeks of on-the-job training are usually provided.
65329.01,There are no specific education requirements for occupations in this unit group.
65329.02,There are no specific education requirements for occupations in this unit group.
65329.03,There are no specific education requirements for occupations in this unit group.
65329.03,"A valid driver's licence is required for some occupations in this unit group, such as funeral attendant and car jockey."
65329.04,There are no specific education requirements for occupations in this unit group.
65329.05,There are no specific education requirements for occupations in this unit group.
65329.05,"A valid driver's licence is required for some occupations in this unit group, such as funeral attendant and car jockey."
65329.06,There are no specific education requirements for occupations in this unit group.
65329.07,There are no specific education requirements for occupations in this unit group.
65329.07,"Drone pilot with a maximum takeoff drone weight of 25 kilograms must pass an online exam (small basic exam) and for takeoff weight of above 25 kilograms, they must pass an online exam (small advanced exam) and an in-person flight review with Transport Canada to get their Drone pilot certificate – advanced operations."
70010.00,A university degree in civil engineering or a college diploma in construction technology is usually required.
70010.00,A master's degree in project management may be required.
70010.00,"Several years of experience in the construction industry, including experience as a construction supervisor or field superintendent, are usually required."
70010.00,Extensive experience in the construction industry may substitute for post-secondary education requirements.
70010.00,Professional engineering status or construction trade certification may be required by some employers.
70011.00,"Extensive experience in the home construction industry, including experience as a general supervisor, is usually required for self-employment as a home builder or a home renovator."
70011.00,Leading in Energy and Environmental Design (LEED) certification may be an asset in bidding on and obtaining building and renovation projects.
70012.01,Facility operation managers require completion of a college or university program in business administration or in a discipline related to facility operation and maintenance oran equivalent combination of technical training and experience in administration or maintenance.
70012.01,Several years of supervisory experience in facility operations or maintenance are usually required.
70012.02,Maintenance managers require completion of a college or university program in electrical or mechanical engineering or in another discipline related to building maintenance oran equivalent combination of technical training and experience in building maintenance.
70012.02,Several years of supervisory experience in facility operations or maintenance are usually required.
70020.01,A bachelor's degree in business administration or engineering is usually required.
70020.01,"Several years of experience in transportation operations are usually required, including supervisory experience."
70020.01,"Extensive experience as a supervisor and operator in a particular transport mode, such as a pilot, train engineer, vessel master or truck driver, may substitute for formal education."
70020.01,"Certification as an operator of a particular mode of transportation, such as commercial pilot, vessel master or truck driver, is usually required."
70020.02,Completion of secondary school is required.
70020.02,A college diploma or university degree in business or transportation administration may be required.
70020.02,"Several years of clerical, operational or administrative experience related to freight traffic are required."
70021.00,A university degree or college diploma is usually required.
70021.00,Several years of supervisory or operational experience within a postal or courier facility are usually required.
72010.00,Completion of secondary school is usually required.
72010.00,Several years of experience as a qualified machinist or tool and die maker are required.
72010.00,"Journeyman/woman trade certification in machining, tool and die making or in another related metalworking trade is required."
72011.00,Completion of secondary school is usually required.
72011.00,Several years of experience as a qualified tradesperson in a relevant trade are required.
72011.00,Journeyman/woman trade certification in a relevant trade is required.
72012.00,Completion of secondary school is usually required.
72012.00,Several years of experience as a qualified tradesperson in a relevant trade are required.
72012.00,Journeyman/woman trade certification in a relevant trade is required.
72013.00,Completion of secondary school is usually required.
72013.00,Several years of experience as a qualified carpenter or cabinetmaker are required.
72013.00,Journeyman/woman trade certification as a carpenter or cabinetmaker is usually required.
72014.00,Completion of secondary school is usually required.
72014.00,Several years of experience in the trade or in the work area supervised are usually required.
72014.00,Journeyman/woman trade certification may be required for some occupations in this unit group.
72020.00,Completion of secondary school is usually required.
72020.00,Several years of experience as a qualified tradesperson in a relevant trade are usually required.
72020.00,Journeyman/woman trade certification in a relevant trade is required.
72021.00,Completion of secondary school is usually required.
72021.00,Several years of experience in the occupation supervised is required.
72021.00,Journeyman/woman trade certification in a relevant trade may be required.
72022.00,Completion of secondary school is required.
72022.00,Completion of a college program in graphic arts technology may be required.
72022.00,Several years of experience in the work area supervised is usually required.
72022.00,Provincial trade certification may be required for some occupations in this unit group.
72023.00,Completion of secondary school is usually required.
72023.00,A Canadian Rail Operating Rules certificate is required.
72023.00,A certificate in accordance with the Railway Employee Qualification Standards Regulations is required.
72023.00,Several years of railway operations experience are required.
72024.00,Completion of secondary school is usually required.
72024.00,Several years of experience as a driver or operator of motor transport or ground transit equipment are usually required.
72025.00,Completion of secondary school is required.
72025.00,Several years of experience in the occupation supervised are usually required.
72025.00,Physical fitness may be required for some occupations in this unit group.
72100.01,Completion of secondary school is usually required.
72100.01,Completion of a four-year apprenticeship program ora combination of over four years of work experience and industry courses in machining may be required for trade certification.
72100.01,"Trade certification for machinists is available, but voluntary, in all provinces and territories."
72100.01,"Trade certification for machinists (CNC) is available, but voluntary, in New Brunswick, Quebec and Manitoba."
72100.01,Red Seal endorsement is also available to qualified machinists upon successful completion of the interprovincial Red Seal examination.
72100.02,Completion of secondary school is usually required.
72100.02,Completion of a four-year apprenticeship program ora combination of over four years of work experience and industry courses in machining may be required for trade certification.
72100.02,"Trade certification for machinists is available, but voluntary, in all provinces and territories."
72100.02,"Trade certification for tool and gauge inspectors is available, but voluntary, in Ontario."
72100.02,"Trade certification for machinists (CNC) is available, but voluntary, in New Brunswick, Quebec and Manitoba."
72100.02,"Several years of experience as a machinist, tool and die maker or machining tool operator may be required for machining and tooling inspectors."
72100.02,Red Seal endorsement is also available to qualified machinists upon successful completion of the interprovincial Red Seal examination.
72101.01,Completion of secondary school is usually required.
72101.01,"Completion of a four- or five-year tool and die making apprenticeship program ora combination of over five years of work experience in the trade and some high school, college or industry courses in tool and die making is usually required to be eligible for tool and die trade certification."
72101.01,"Tool and die maker trade certification is available, but voluntary, in Newfoundland and Labrador, Nova Scotia, Prince Edward Island, New Brunswick, Quebec, Ontario, Manitoba and British Columbia."
72101.01,Red Seal endorsement is also available to qualified tool and die makers upon successful completion of the interprovincial Red Seal examination.
72101.02,Completion of secondary school is usually required.
72101.02,Mould makers usually require completion of a four-year apprenticeship or college program in mould making.
72101.02,"Trade certification for mould makers is available, but voluntary, in Quebec and Ontario."
72101.02,Patternmakers usually require completion of an apprenticeship or college program in patternmaking.
72101.02,"Patternmaking trade certification is available, but voluntary, in Ontario."
72102.00,Completion of secondary school is usually required.
72102.00,"Completion of a three to five year apprenticeship program ora combination of over four years of work experience in the trade and some high school, college or industry courses in sheet metal working is usually required to be eligible for trade certification."
72102.00,"Trade certification for sheet metal workers is compulsory in New Brunswick, Quebec, Ontario, Saskatchewan and Alberta, and available, but voluntary, in all other provinces and the territories."
72102.00,"Trade certification for precision sheet metal set-up operator is available, but voluntary in Quebec."
72102.00,Red Seal endorsement is also available to qualified sheet metal workers upon successful completion of the interprovincial Red Seal examination.
72103.00,Completion of secondary school is usually required.
72103.00,"Completion of a three- to four-year apprenticeship program ora combination of over four years of work experience in the trade and some high school, college or industry courses in boilermaking is usually required to be eligible for trade certification."
72103.00,"Trade certification is compulsory in Nova Scotia, Quebec and Alberta and available, but voluntary, in all other provinces."
72103.00,"Red Seal endorsement is also available, in all provinces, to qualified boilermakers upon successful completion of the interprovincial Red Seal examination."
72104.00,Completion of secondary school is usually required.
72104.00,Completion of a three- to four-year apprenticeship program ora combination of over four years of work experience in the trade and some college or industry courses in structural steel and platework fabrication is usually required to be eligible for trade certification.
72104.00,"Trade certification for metal fabricators (fitters) is available, but voluntary, in all provinces."
72104.00,"Trade certification for marine technicians is available, but voluntary, in Nova Scotia and British Columbia."
72104.00,Trade certification for piledriver and bridgeworker is available in British Columbia.
72104.00,"Trade certification for boiler and related equipment assemblers and structural metal fabricators (non-construction) is available, but voluntary, in Quebec."
72104.00,Red Seal endorsement is also available to qualified metal fabricators (fitters) upon successful completion of the interprovincial Red Seal examination.
72105.00,Completion of secondary school is usually required.
72105.00,"Completion of a two- to three-year apprenticeship program orover three years of work experience in the trade and some high school, college or industry courses in ironworking are usually required to be eligible for trade certification."
72105.00,"Trade certification for ironworker (generalist) is compulsory in Alberta and available, but voluntary, in Newfoundland and Labrador, Nova Scotia, Prince Edward Island, New Brunswick, Ontario, Manitoba and British Columbia."
72105.00,"Trade certification for ironworker (reinforcing) is compulsory in Quebec and Alberta and available, but voluntary, in Newfoundland and Labrador, Nova Scotia, Prince Edward Island, New Brunswick, Ontario, Saskatchewan and British Columbia."
72105.00,"Trade certification for ironworker (structural/ornamental) is compulsory in Alberta and available, but voluntary, in Newfoundland and Labrador, Nova Scotia, Prince Edward Island, New Brunswick, Ontario, Saskatchewan and British Columbia."
72105.00,Trade certification for ironworker (metal building systems erector) is compulsory in Alberta.
72105.00,Red Seal endorsement is also available to qualified ironworkers upon successful completion of the interprovincial Red Seal examination.
72106.01,Completion of secondary school is usually required.
72106.01,Completion of a three-year apprenticeship program ora combination of over three years of work experience in the trade and some college or industry courses in welding is usually required to be eligible for trade certification.
72106.01,"Trade certification is compulsory in Alberta and available, but voluntary, in all other provinces and the territories."
72106.01,Red Seal endorsement is also available to qualified welders upon successful completion of the interprovincial Red Seal examination.
72106.02,Some secondary school education is required.
72106.02,Several months of on-the-job training are usually provided.
72106.02,Experience as a machine operator helper may be required.
72106.02,Experience with robotics may be required.
72200.00,Completion of secondary school is usually required.
72200.00,Completion of a four- to five-year apprenticeship program is usually required.
72200.00,"Trade certification for construction electricians is compulsory in Newfoundland and Labrador, Nova Scotia, Prince Edward Island, New Brunswick, Quebec, Ontario, Manitoba, Saskatchewan and Alberta and available, but voluntary, in British Columbia, the Yukon, the Northwest Territories and Nunavut."
72200.00,Trade certification for electricians (domestic and rural) is compulsory in Newfoundland and Labrador and Ontario.
72200.00,"Trade certification for electrical control (machine) builders is available, but voluntary, in Ontario."
72200.00,Red Seal endorsement is also available to qualified construction electricians upon successful completion of the interprovincial Red Seal examination.
72201.00,Completion of secondary school is usually required.
72201.00,"Completion of a four- or five-year industrial electrician apprenticeship program ora combination of over five years of work experience in the trade and some high school, college or industry courses in industrial electrical equipment is usually required to be eligible for trade certification."
72201.00,"Trade certification for industrial electricians is compulsory in Prince Edward Island, Quebec and Manitoba and available, but voluntary, in Newfoundland and Labrador, Nova Scotia, New Brunswick, Ontario, British Columbia and the Yukon."
72201.00,Additional construction electrician certification may be required for industrial electricians when the employers are not owners of the industrial electrical equipment.
72201.00,Red Seal endorsement is also available to qualified industrial electricians upon successful completion of the interprovincial Red Seal examination.
72202.00,Completion of secondary school is usually required.
72202.00,Completion of a four-year apprenticeship program for power system electricians ora combination of over four years of work experience in the trade and some college or industry courses in electrical technology is usually required.
72202.00,"Trade certification is available, but voluntary, in Manitoba, Alberta, the Yukon, the Northwest Territories and Nunavut."
72203.00,Completion of secondary school is usually required.
72203.00,"Completion of a provincial three- or four-year lineman/woman apprenticeship program ora combination of over four years of work experience in the trade and some high school, college or industry courses in electrical technology is usually required for electrical power line and cable workers."
72203.00,"Trade certification for powerline technicians is available, but voluntary, in Newfoundland and Labrador, Nova Scotia, Prince Edward Island, New Brunswick, Ontario, Saskatchewan, Alberta, British Columbia, the Yukon, the Northwest Territories and Nunavut."
72203.00,"Trade certification for powerline technicians (construction) is available, but voluntary, in Newfoundland and Labrador."
72203.00,"Trade certification for distribution construction linemen/women is available, but voluntary, in New Brunswick."
72203.00,Red Seal endorsement is also available to qualified powerline technicians upon successful completion of the interprovincial Red Seal examination.
72204.00,Completion of secondary school is required.
72204.00,"For telecommunication line and cable installers and repairers, completion of a four-year telecommunications line and cable apprenticeship program or a combination of over three years work experience in the trade and some industry- related or other specialized courses or completion of a two-year college program in electronics is usually required."
72204.00,"For cable television maintenance technicians, completion of a college program in electronics or a combination of college, correspondence or industry courses related to electronics and electrical systems and on-the-job training or completion of a four-year cable television technician apprenticeship program is required."
72204.00,"Trade certification for network cabling specialists is available, but voluntary, in Ontario."
72205.01,Completion of secondary school is required.
72205.01,"Telephone and switch network installers and repairers require completion of an apprenticeship program ranging from three to four years ora combination of over three years work experience in the trade and some high school, college or industry related courses."
72205.02,Completion of secondary school is required.
72205.02,"Telephone and switch network installers and repairers require completion of an apprenticeship program ranging from three to four years ora combination of over three years work experience in the trade and some high school, college or industry related courses."
72205.03,Completion of secondary school is required.
72205.03,Experience as an installer and repairer (telephone and switch network) is usually required for service testers.
72205.04,Completion of secondary school is required.
72205.04,Telecommunications equipment technicians usually require completion of a college electrical and electronics program and several months of on-the-job training orcompletion of a three- or four-year apprenticeship training program.
72205.04,"Trade certification for communication technicians is available, but voluntary, in Nova Scotia, Alberta, British Columbia, the Northwest Territories and Nunavut."
72205.05,Completion of secondary school is required.
72205.05,"Cable television service technicians require completion of a college program in electronics or a combination of college, correspondence or industry courses related to electronics and electrical systems and on-the-job training or completion of a four-year cable television technician apprenticeship program."
72300.00,Completion of secondary school is usually required.
72300.00,"Completion of a four- to five-year apprenticeship program ora combination of over five years of work experience in the trade and some high school, college or industry courses in plumbing is usually required to be eligible for trade certification."
72300.00,"Trade certification is compulsory in Nova Scotia, Prince Edward Island, New Brunswick, Quebec, Ontario, Saskatchewan and Alberta and available, but voluntary, in Newfoundland and Labrador, Manitoba, British Columbia, the Yukon, the Northwest Territories and Nunavut."
72300.00,Red Seal endorsement is also available to qualified plumbers upon successful completion of the interprovincial Red Seal examination.
72301.01,Completion of secondary school is usually required.
72301.01,"Completion of a four- to five-year apprenticeship program ora combination of over five years of work experience in the trade and some high school, college or industry courses in steamfitting, pipefitting or sprinkler system installation is usually required to be eligible for trade certification."
72301.01,"Steamfitter-pipefitter trade certification is compulsory in Nova Scotia, Prince Edward Island, New Brunswick, Quebec, Ontario, Manitoba and Alberta and available, but voluntary, in all other provinces and the territories."
72301.01,Steamfitter-pipefitter (non-construction) trade certification is compulsory in Quebec.
72301.01,Red Seal endorsement is also available to qualified steamfitters-pipefitters and sprinkler system installers upon successful completion of the interprovincial Red Seal examination.
72301.02,Completion of secondary school is usually required.
72301.02,"Completion of a four- to five-year apprenticeship program ora combination of over five years of work experience in the trade and some high school, college or industry courses in steamfitting, pipefitting or sprinkler system installation is usually required to be eligible for trade certification."
72301.02,"Sprinkler system installer trade certification is compulsory in Nova Scotia, New Brunswick, Quebec and Manitoba and available, but voluntary, in all other provinces and the territories."
72301.02,Sprinkler system installer (non-construction) trade certification is compulsory in Quebec.
72301.02,Red Seal endorsement is also available to qualified steamfitters-pipefitters and sprinkler system installers upon successful completion of the interprovincial Red Seal examination.
72302.00,Completion of secondary school is usually required.
72302.00,"Completion of a two- or three-year gas fitter apprenticeship program orseveral years of work experience in a pipefitting trade and completion of a high school, college or industry gas fitter program are required."
72302.00,"Gas fitter trade certification is compulsory in Nova Scotia, Quebec, Alberta, British Columbia, the Yukon, the Northwest Territories and Nunavut."
72302.00,A provincial gas fitter licence is usually required.
72310.00,Completion of secondary school is usually required.
72310.00,"Completion of a three- to four-year apprenticeship program ora combination of over four years of work experience in the trade and some high school, college or industry courses in carpentry is usually required to be eligible for trade certification."
72310.00,"Trade certification for carpenters is compulsory in Quebec and available, but voluntary, in all other provinces and the territories."
72310.00,"Trade certification for framers is available, but voluntary, in Saskatchewan."
72310.00,Red Seal endorsement is also available to qualified carpenters upon successful completion of the interprovincial Red Seal examination.
72311.00,Completion of secondary school is usually required.
72311.00,Completion of a four-year apprenticeship program ora combination of over four years of work experience in the trade and some high school or college courses in cabinetmaking is usually required to be eligible for trade certification.
72311.00,"Trade certification is available, but voluntary, in all provinces and territories."
72311.00,Red Seal endorsement is also available to qualified cabinetmakers upon successful completion of the interprovincial Red Seal examination.
72320.00,Completion of secondary school is usually required.
72320.00,"Completion of a three- to four-year apprenticeship program ora combination of over four years of work experience in the trade and some high school, college or industry courses in bricklaying is usually required to be eligible for trade certification."
72320.00,"Trade certification for bricklayers is compulsory in Nova Scotia, New Brunswick and Quebec and available, but voluntary, in all other provinces and the Yukon."
72320.00,"Trade certification for stonemasons is available, but voluntary, in Newfoundland and Labrador."
72320.00,"Trade certification for restoration stone masons is available, but voluntary, in Nova Scotia."
72320.00,Red Seal endorsement is also available to qualified bricklayers upon successful completion of the interprovincial Red Seal examination.
72321.00,Completion of secondary school is usually required.
72321.00,"Completion of a three- to four-year apprenticeship program ora combination of over four years of work experience in the trade and some high school, college or industry courses in insulating is usually required to be eligible for trade certification."
72321.00,"Trade certification for insulators (heat and frost) is compulsory in Quebec and available, but voluntary, in Newfoundland and Labrador, Nova Scotia, Prince Edward Island, New Brunswick, Manitoba, Saskatchewan, Alberta, British Columbia, the Yukon, the Northwest Territories and Nunavut."
72321.00,Red Seal endorsement is also available to qualified insulators (heat and frost) upon successful completion of the interprovincial Red Seal examination.
72400.01,Completion of secondary school and training courses or a vocational program is usually required.
72400.01,Completion of a three- to four-year apprenticeship program ora combination of over five years of work experience and industry courses in industrial machinery repair or millwrighting is usually required to be eligible for trade certification.
72400.01,"Industrial mechanic (millwright) trade certification is available, but voluntary, in all provinces and territories."
72400.01,"Construction millwright trade certification is available, but voluntary, in Quebec and Ontario."
72400.01,Red Seal endorsement is also available to qualified industrial mechanics or millwrights upon successful completion of the interprovincial Red Seal examination.
72400.02,Textile machinery mechanics hired from other industries may require additional training in textile processes and experience as a textile manufacturing machinery operator.
72400.02,"Industrial sewing machine mechanic trade certification is available, but voluntary, in Quebec."
72401.00,Completion of a three- to five-year apprenticeship program ora combination of over four years of work experience and industry courses in heavy equipment repair is usually required to be eligible for trade certification.
72401.00,"Agricultural equipment technician trade certification is available, but voluntary, in Newfoundland and Labrador, Nova Scotia, Prince Edward Island, New Brunswick, Ontario, Manitoba, Saskatchewan, Alberta and British Columbia."
72401.00,"Heavy-duty equipment technician trade certification is compulsory in Quebec (only in the construction industry) and Alberta and available, but voluntary, in all other provinces and the territories."
72401.00,Completion of secondary school and training courses or a vocational program is usually required.
72401.00,Red Seal endorsement is also available to qualified heavy duty equipment technicians and agricultural equipment technicians upon successful completion of the interprovincial Red Seal examination.
72402.00,Completion of secondary school and training courses or a vocational program is usually required.
72402.00,Completion of a three- to five-year apprenticeship program ora combination of over five years of work experience and industry courses in refrigeration and air conditioning repair is usually required to be eligible for trade certification.
72402.00,"Trade certification for refrigeration and air conditioning mechanics is compulsory in Nova Scotia, New Brunswick, Quebec, Ontario, Manitoba, Saskatchewan and Alberta and available, but voluntary, in all other provinces and the territories."
72402.00,"Trade certification for transport refrigeration mechanics is available, but voluntary, in New Brunswick and Alberta."
72402.00,Red Seal endorsement is also available to qualified refrigeration and air conditioning mechanics upon successful completion of the interprovincial Red Seal examination.
72403.00,Completion of secondary school is usually required.
72403.00,Completion of an industry-offered apprenticeship program or three to four years of on-the-job training is usually required.
72403.00,"Trade certification is available, but voluntary, in Ontario, Manitoba and British Columbia."
72404.01,Completion of secondary school is required.
72404.01,A college diploma in aircraft maintenance orcompletion of a four-year apprenticeship program is usually required.
72404.01,Several years of on-the-job training are required for aircraft mechanics.
72404.01,Aircraft mechanics and inspectors who sign maintenance releases and certify airworthiness require an Aircraft Maintenance Engineer's (AME) licence issued by Transport Canada.
72404.01,"Trade certification for aircraft maintenance engineers is available, but voluntary, in Ontario, the Northwest Territories and Nunavut."
72404.01,"Trade certification for aircraft structural technicians is available, but voluntary, in British Columbia."
72404.01,"Industry certification from the Canadian Aviation Maintenance Council for some occupations in this unit group is available, but voluntary."
72404.02,Aircraft mechanics and inspectors who sign maintenance releases and certify airworthiness require an Aircraft Maintenance Engineer's (AME) licence issued by Transport Canada.
72404.02,"Industry certification from the Canadian Aviation Maintenance Council for some occupations in this unit group is available, but voluntary."
72404.02,Aircraft inspectors require several years of experience as an aircraft mechanic.
72405.00,Completion of secondary school is usually required.
72405.00,"Completion of a mechanical apprenticeship program, such as millwrighting, machining, pipefitting, automotive service or heavy equipment repair orcompletion of a four-year machine fitter apprenticeship program orcompletion of five years of on-the-job training is usually required."
72405.00,Completion of a two- to three-year college program in aircraft manufacturing or general fabrication is required for aircraft engine fitters.
72405.00,Certification in a related trade may be required.
72406.00,Completion of secondary school is usually required.
72406.00,"Completion of a four- to five-year apprenticeship program ora combination of over four years of work experience in the trade and some high school, college or industry courses in elevator construction or repair is usually required to be eligible for trade certification."
72406.00,"Elevator constructor and mechanic trade certification is compulsory in Quebec and Alberta and available, but voluntary, in British Columbia, the Northwest Territories and Nunavut."
72410.01,Completion of secondary school and training courses or a vocational program are usually required.
72410.01,Completion of a four-year automotive service technician apprenticeship program ora combination of over four years of work experience and industry courses in automotive technology is required to be eligible for trade certification.
72410.01,"Trade certification for automotive service technicians is compulsory in Nova Scotia, Prince Edward Island, New Brunswick, Ontario and Alberta and available, but voluntary, in Newfoundland and Labrador, Quebec, Manitoba, Saskatchewan, British Columbia, the Yukon, the Northwest Territories and Nunavut."
72410.01,Automotive service technician (transmission) trade certification is compulsory in Ontario.
72410.01,"Automotive service technician (steering, suspension and brakes) trade certification is compulsory in New Brunswick and Ontario."
72410.01,"Automotive service technician (service station mechanic) trade certification is compulsory in Nova Scotia and available, but voluntary, in Prince Edward Island."
72410.01,Red Seal endorsement is also available to qualified automotive service technicians upon successful completion of the interprovincial Red Seal examination.
72410.02,Completion of secondary school and training courses or a vocational program are usually required.
72410.02,On-the-job training of two to three years is provided by employers.
72410.03,Completion of secondary school and training courses or a vocational program are usually required.
72410.03,Completion of a four-year truck and transport mechanic or truck-trailer repair apprenticeship ora combination of over four years of work experience and industry courses in truck or heavy duty equipment mechanics is required to be eligible for trade certification.
72410.03,"Trade certification for truck and transport mechanics is compulsory in Nova Scotia, Ontario and Alberta and available, but voluntary, in Newfoundland and Labrador, Prince Edward Island, New Brunswick, Quebec, Manitoba, Saskatchewan, British Columbia and the Yukon."
72410.03,"Transport trailer technician trade certification is compulsory in Ontario and available, but voluntary, in Newfoundland and Labrador, Nova Scotia, Prince Edward Island, New Brunswick, Manitoba, British Columbia and the Yukon."
72410.03,Red Seal endorsement is also available to qualified truck-trailer repairers and truck and transport mechanics upon successful completion of the interprovincial Red Seal examination.
72411.00,"Auto body repairer certification is compulsory in Ontario and Alberta and available, but voluntary, in the Yukon and the Northwest Territories."
72411.00,Red Seal endorsement is also available to qualified automotive refinishing technicians upon successful completion of the interprovincial Red Seal examination.
72411.00,Completion of secondary school is usually required.
72411.00,Auto glass industry certification is usually required.
72411.00,A combination of two- to three-year of relevant automotive experience and education is usually required.
72411.00,One to two years of on-the-job training are provided.
72411.00,Completion of a three- to four-year auto body and collision damage technician  apprenticeship program ora combination of over three years of work experience in the auto body and collision technician trade and completion of a professional or college automotive body repair program is usually required to be eligible for trade certification.
72411.00,Completion of a two- to three-year automotive painter apprenticeship program ora combination of one year of work experience in the automotive refinishing technicians trade and completion of a high school or college automotive painting program is usually required for automotive refinishing technicians trade certification.
72411.00,"Trade certification for auto body and collision technician is compulsory in Nova Scotia, Ontario and Alberta and available, but voluntary, in Newfoundland and Labrador, Prince Edward Island, New Brunswick, Manitoba, Saskatchewan, British Columbia, the Yukon, the Northwest Territories and Nunavut."
72411.00,Red Seal endorsement is also available to qualified auto body and collision technician  upon successful completion of the interprovincial Red Seal examination.
72411.00,"Automotive refinishing technicians certification is compulsory in Alberta and available, but voluntary, in Newfoundland and Labrador, Nova Scotia, Prince Edward Island, New Brunswick, Ontario, Manitoba, Saskatchewan, British Columbia, the Yukon and the Northwest Territories."
72411.00,"Apprenticeship training and trade certification for automotive glass technicians is available, but voluntary, in Nova Scotia, Ontario and British Columbia."
72420.00,Completion of secondary school and training courses or a vocational program is usually required.
72420.00,Completion of a three- to four-year apprenticeship program ora combination of over four years of work experience and industry courses in heating systems installation and repair is usually required for trade certification.
72420.00,"Oil heat system technician trade certification is compulsory in Nova Scotia and New Brunswick and is available, but voluntary, in Newfoundland and Labrador, Prince Edward Island, British Columbia, the Yukon, the Northwest Territories and Nunavut."
72420.00,Red Seal endorsement is also available to qualified oil heat system technicians upon successful completion of the interprovincial Red Seal examination.
72421.01,Completion of secondary school and training courses or a vocational program is usually required.
72421.01,Small appliance repairers usually require some specialized college or high school courses or several months of on-the-job training.
72421.01,"Appliance service technician, or appliance serviceperson, trade certification is compulsory in Alberta and available, but voluntary, in Newfoundland and Labrador, Nova Scotia, Prince Edward Island, New Brunswick, Quebec, Ontario, British Columbia, the Northwest Territories and Nunavut."
72421.01,"A provincial gas fitter licence, or gas appliance technician certificate, may be required for gas appliance service technicians."
72421.01,Red Seal endorsement is also available to qualified appliance service technicians upon successful completion of the interprovincial Red Seal examination.
72421.02,Completion of secondary school and training courses or a vocational program is usually required.
72421.02,Major appliance repairers/technicians require some secondary school education and completion of a college program in appliance repair orcompletion of a three- or four-year apprenticeship program in appliance repair.
72421.02,"Appliance service technician, or appliance serviceperson, trade certification is compulsory in Alberta and available, but voluntary, in Newfoundland and Labrador, Nova Scotia, Prince Edward Island, New Brunswick, Quebec, Ontario, British Columbia, the Northwest Territories and Nunavut."
72421.02,"A provincial gas fitter licence, or gas appliance technician certificate, may be required for gas appliance service technicians."
72421.02,Red Seal endorsement is also available to qualified appliance service technicians upon successful completion of the interprovincial Red Seal examination.
72422.00,Completion of secondary school and training courses or a vocational program is usually required.
72422.00,Completion of a four-year apprenticeship program ora combination of over four years of work experience and industry courses in electrical mechanics is usually required for trade certification.
72422.00,"Trade certification as an electric motor system technician is available, but voluntary, in Newfoundland and Labrador, Nova Scotia, Prince Edward Island, New Brunswick, Ontario, Manitoba, Alberta, British Columbia, the Yukon and Nunavut."
72422.00,"Electrical motor and equipment repairer - winding trade certification is available, but voluntary, in Quebec."
72422.00,"Electrical motor system technician (electrical utility) trade certification is available, but voluntary, in New Brunswick."
72422.00,Red Seal endorsement is also available to qualified electric motor system technicians upon successful completion of the interprovincial Red Seal examination.
72423.01,Completion of secondary school and training courses or a vocational program is usually required.
72423.01,"For motorcycle mechanics, completion of a three- to four-year apprenticeship program ora combination of over three years of work experience and high school or college courses in motorcycle repair is usually required to be eligible for trade certification."
72423.01,"Motorcycle mechanic trade certification is compulsory in Ontario and Alberta and available, but voluntary, in Newfoundland and Labrador, Nova Scotia, Prince Edward Island, New Brunswick and British Columbia."
72423.01,Red Seal endorsement is also available to qualified recreation vehicle service technicians upon successful completion of the interprovincial Red Seal examination.
72423.01,Other mechanics in this unit group may require several years of on-the-job training.
72423.02,"For recreation vehicle technicians, completion of a two- to four-year apprenticeship program or college, high school or industry courses combined with several years of related work experience or several years of on-the-job training are required."
72423.02,"Trade certification for recreation vehicle service technicians is compulsory in Alberta and available, but voluntary, in Newfoundland and Labrador, Nova Scotia, Prince Edward Island, New Brunswick, Quebec, Ontario, Manitoba, British Columbia and the Yukon."
72423.02,Red Seal endorsement is also available to qualified recreation vehicle service technicians upon successful completion of the interprovincial Red Seal examination.
72429.00,Completion of secondary school and training courses or a vocational program is usually required.
72429.00,Completion of a three- to four-year apprenticeship program in small engine or equipment repair ora combination of several years of work experience and high school or college courses in small engine or equipment repair are usually required for trade certification.
72429.00,"Small engine or equipment mechanic trade certification is available, but voluntary, in Newfoundland and Labrador, Prince Edward Island, New Brunswick, Ontario and Nunavut."
72429.00,"Inboard/outboard mechanic trade certification is available, but voluntary, in Ontario and British Columbia."
72429.00,"Outdoor power equipment technician trade certification, for specified types of equipment, is available, but voluntary, in Manitoba, Alberta, British Columbia, the Yukon, the Northwest Territories and Nunavut."
72500.00,Completion of secondary school is usually required.
72500.00,Completion of a one- to three-year apprenticeship program orindustry courses in crane operating are usually required.
72500.00,"Mobile crane operator trade certification, for specified types of cranes, is compulsory in Nova Scotia, New Brunswick, Quebec, Ontario, Manitoba, Alberta and British Columbia and available, but voluntary, in all other provinces and the Northwest Territories."
72500.00,"Tower crane operator trade certification is compulsory in Newfoundland and Labrador, Nova Scotia, Quebec, Ontario, Manitoba, Alberta and British Columbia and available, but voluntary, in Prince Edward Island."
72500.00,"Hoist operator trade certification, for specified types of cranes, is compulsory in Quebec, Ontario, Manitoba, Alberta and British Columbia and is available, but voluntary, in New Brunswick, Saskatchewan, the Northwest Territories and Nunavut."
72500.00,Mobile crane operators may require a provincial licence to drive mobile cranes on public roads.
72500.00,Internal company certification as a crane operator may be required by some employers.
72500.00,Red Seal endorsement is also available to qualified mobile crane and tower crane operators upon successful completion of the interprovincial Red Seal examination.
72501.00,Completion of secondary school is usually required.
72501.00,Completion of a two- to three-year water well drilling apprenticeship program ortwo to three years of work experience in the trade combined with college or industry courses in water well drilling is usually required to be eligible for trade certification.
72501.00,"Trade certification is available, but voluntary, in New Brunswick, Ontario, Saskatchewan, Alberta and British Columbia."
72600.01,Completion of secondary school and graduation from a certified flying or aviation school are required.
72600.01,A university degree or college diploma may be required.
72600.01,Additional licences or endorsements to fly different types of aircraft are required.
72600.01,Structured training is provided by employers.
72600.01,A commercial pilot's licence (more than 200 hours of flight experience) or an air transport pilot's licence (more than 1500 hours of flight experience) is required.
72600.02,Completion of secondary school and graduation from a certified flying or aviation school are required.
72600.02,A university degree or college diploma may be required.
72600.02,A commercial pilot's or an air transport pilot's licence is required.
72600.02,Additional licences or endorsements to fly different types of aircraft are required.
72600.02,Flight engineers require a flight engineer licence issued by Transport Canada.
72600.02,Structured training is provided by employers.
72600.03,Completion of secondary school and graduation from a certified flying or aviation school are required.
72600.03,A university degree or college diploma may be required.
72600.03,Transport Canada ratings and endorsements to provide instructions on different types of aircraft are required.
72600.03,A commercial pilot's licence (more than 200 hours of flight experience) or an air transport pilot's licence (more than 1500 hours of flight experience) is required.
72601.01,Completion of secondary school is required.
72601.01,A basic radio telephone operator's licence is required.
72601.01,Air traffic controllers and flight service specialists require completion of a NAV Canada training program which includes structured in-class and on-the-job training.
72601.01,Air traffic controllers require an air traffic controller's licence.
72601.02,Completion of secondary school is required.
72601.02,A basic radio telephone operator's licence is required.
72601.02,Flight dispatchers may require experience in air traffic control or flight operations and may require a private pilot's licence.
72601.03,Completion of secondary school is required.
72601.03,A basic radio telephone operator's licence is required.
72601.03,Air traffic controllers and flight service specialists require completion of a NAV Canada training program which includes structured in-class and on-the-job training.
72602.00,Completion of secondary school is required.
72602.00,Completion of deck officer cadet program from an approved nautical institute orone to three years of experience as a member of a deck crew is required.
72602.00,"A deck officer certificate of competency, issued by Transport Canada, is required."
72602.00,"For ship pilots, a ship pilot licence and a master certificate of competency are required."
72603.00,Completion of secondary school is required.
72603.00,Completion of a three-year cadet program in marine engineering from an approved marine training institute orapproximately three years of experience as an engine room crew member and six months of formal training at an approved marine training institute orapproximately three years of experience as an engine mechanic and six months of experience as an engine room crew member are required for certification as a fourth class marine engineer.
72603.00,"A marine engineer officer certificate of competency, issued by Transport Canada, is required."
72604.01,Railway traffic controllers usually require completion of secondary school and several years of experience in the railway industry.
72604.01,Up to 35 weeks of a combination of classroom and on-the-job training is provided for railway traffic controllers.
72604.01,Railway traffic controllers require a Canadian Rail Operating Rules certificate.
72604.02,Marine traffic regulators require completion of secondary school and several months of formal traffic regulator training.
72999.01,Completion of secondary school is usually required.
72999.01,"Completion of a two- to four-year apprenticeship program in a relevant trade, such as locksmith or saw fitterorcollege, high school or industry courses combined with several years of related work experience orseveral years of on-the-job training are required."
72999.01,Provincial trade certification or licensing may be required for other occupations in this unit group.
72999.02,Completion of secondary school is usually required.
72999.02,"Completion of a two- to four-year apprenticeship program in a relevant trade, such as locksmith or saw fitterorcollege, high school or industry courses combined with several years of related work experience orseveral years of on-the-job training are required."
72999.02,"Trade certification for locksmiths is available, but voluntary, in Nova Scotia, New Brunswick, Saskatchewan, Alberta, British Columbia, the Northwest Territories and Nunavut."
72999.02,Provincial trade certification or licensing may be required for other occupations in this unit group.
72999.03,Completion of secondary school is usually required.
72999.03,"Completion of a two- to four-year apprenticeship program in a relevant trade, such as locksmith or saw fitterorcollege, high school or industry courses combined with several years of related work experience orseveral years of on-the-job training are required."
72999.03,Provincial trade certification or licensing may be required for other occupations in this unit group.
72999.04,Completion of secondary school is usually required.
72999.04,"Completion of a two- to four-year apprenticeship program in a relevant trade, such as locksmith or saw fitterorcollege, high school or industry courses combined with several years of related work experience orseveral years of on-the-job training are required."
72999.04,"Sawfiler/fitter and sawfitter trade certification is available, but voluntary, in Quebec, British Columbia and the Yukon."
72999.05,Completion of secondary school is usually required.
72999.05,"Completion of a two- to four-year apprenticeship program in a relevant trade, such as locksmith or saw fitterorcollege, high school or industry courses combined with several years of related work experience orseveral years of on-the-job training are required."
72999.05,Provincial trade certification or licensing may be required for other occupations in this unit group.
72999.06,"Commercial divers must meet the requirements of CSA Standard Z275.4-02, Competency Standard for Diving Operations."
72999.06,"Commercial divers require an Occupational Diver Certificate of Competency issued by the Diver Certification Board of Canada (DCBC) or qualification earned through a formal education program, training courses in diving or a combination of education and practical experience."
72999.06,Commercial divers require certification of competency and a diving medical examination from an approved hyperbaric physician.
72999.06,Commercial divers may require military or police diving experience.
72999.06,Commercial divers usually require a provincial blaster's licence for the setting and detonation of explosives.
73100.00,Completion of secondary school is usually required.
73100.00,"Completion of a two- to four-year apprenticeship program orover three years of work experience in the trade and some high school, college or industry courses in cement finishing are usually required to be eligible for trade certification."
73100.00,"Trade certification for concrete finishers is compulsory in Quebec and available, but voluntary, in Newfoundland and Labrador, Nova Scotia, Prince Edward Island, New Brunswick, Manitoba, Alberta and British Columbia."
73100.00,"Trade certification for cement masons is available, but voluntary, in Ontario."
73100.00,Red Seal endorsement is also available to qualified concrete finishers upon successful completion of the interprovincial Red Seal examination.
73101.00,Completion of secondary school is usually required.
73101.00,"Completion of a three- or four-year apprenticeship program ora combination of over three years of work experience in the trade and some high school, college or industry courses in tilesetting is usually required to be eligible for trade certification."
73101.00,"Trade certification for tilesetters is compulsory in Quebec and available, but voluntary, in Newfoundland and Labrador, Nova Scotia, Prince Edward Island, New Brunswick, Ontario, Saskatchewan, Alberta and British Columbia."
73101.00,Red Seal endorsement is also available to qualified tilesetters upon successful completion of the interprovincial Red Seal examination.
73102.01,Completion of secondary school is usually required.
73102.01,"Completion of a three- or four-year apprenticeship program in plastering, drywalling or lathing ora combination of over three years of work experience and some high school, college or industry courses in plastering, drywalling or lathing is usually required."
73102.01,"Plasterer trade certification is compulsory in Quebec and available, but voluntary, in Ontario, Saskatchewan and British Columbia."
73102.02,Completion of secondary school is usually required.
73102.02,"Completion of a three- or four-year apprenticeship program in plastering, drywalling or lathing ora combination of over three years of work experience and some high school, college or industry courses in plastering, drywalling or lathing is usually required."
73102.02,"Drywall installer and finisher trade certification is available, but voluntary, in British Columbia."
73102.03,Completion of secondary school is usually required.
73102.03,"Completion of a three- or four-year apprenticeship program in plastering, drywalling or lathing ora combination of over three years of work experience and some high school, college or industry courses in plastering, drywalling or lathing is usually required."
73102.03,"Trade certification for lathers (interior systems mechanics) is compulsory in Quebec and available, but voluntary, in all other provinces and the Yukon."
73102.03,Red Seal endorsement is also available to qualified lathers (interior systems mechanic) upon successful completion of the interprovincial Red Seal examination.
73110.01,Completion of secondary school is usually required.
73110.01,"For roofers, completion of a two- to three-year apprenticeship program orover three years of work experience in the trade are usually required to be eligible for trade certification."
73110.01,"Roofing trade certification is compulsory in Quebec and available, but voluntary, in all other provinces and the territories."
73110.01,"Trade certification for residential steep roofers is available, but voluntary, in British Columbia."
73110.02,Completion of secondary school is usually required.
73110.02,Shinglers require one to two years of on-the-job training.
73111.00,Completion of secondary school is usually required.
73111.00,"Completion of a three- or four-year apprenticeship program ora combination of over four years of work experience in the trade and some high school, college or industry courses in glazing is usually required to be eligible for trade certification."
73111.00,"Trade certification for glaziers is compulsory in Quebec and available, but voluntary, in all other provinces and the territories."
73111.00,Red Seal endorsement is also available to qualified glaziers upon successful completion of the interprovincial Red Seal examination.
73112.00,Completion of secondary school is usually required.
73112.00,Completion of a three- to four-year apprenticeship program orover three years of work experience in the trade is usually required to be eligible for trade certification.
73112.00,"Trade certification for painters and decorators is compulsory in Quebec and available, but voluntary, in all other provinces and the territories."
73112.00,Red Seal endorsement is also available to qualified painters and decorators upon successful completion of the interprovincial Red Seal examination.
73113.00,Completion of secondary school is usually required.
73113.00,Completion of a two- to three-year apprenticeship program orover four years of work experience in the trade and some courses in floor covering installation are usually required to be eligible for trade certification.
73113.00,"Trade certification for floor covering installers is compulsory in Quebec and available, but voluntary, in Newfoundland and Labrador, Nova Scotia, Prince Edward Island, New Brunswick, Ontario, Manitoba, Alberta, British Columbia, the Yukon, the Northwest Territories and Nunavut."
73113.00,Red Seal endorsement is also available to qualified floor covering installers upon successful completion of the interprovincial Red Seal examination.
73200.00,Some secondary school education is usually required.
73200.00,"On-the-job training and several months of related installing, repairing or servicing experience are usually required."
73200.00,A driver's licence may be required.
73201.00,Secondary school education is usually required.
73201.00,Previous maintenance experience may be required.
73201.00,A journeyman/woman certificate in one or more of the trades or a building operator certificate may be required for building superintendents.
73202.00,Completion of secondary school is usually required.
73202.00,Completion of courses in pest control or extermination or several months of on-the-job training are usually required.
73202.00,Provincial pesticide applicator licence is required in all provinces.
73209.00,Some secondary school education is usually required.
73209.00,Completion of college or other courses relevant to a particular equipment or product repair orcompletion of several months of on-the-job training is usually required.
73300.01,Completion of secondary school is usually required.
73300.01,On-the-job-training is provided.
73300.01,"Completion of an accredited driver training course of up to three months duration, through a vocational school or community college, may be required."
73300.01,A Class 3 or D licence is required to drive straight-body trucks.
73300.01,A Class 1 or A licence is required to drive long combination vehicles.
73300.01,Air brake endorsement (Z) is required for drivers who operate vehicles equipped with air brakes.
73300.01,Transportation of dangerous goods (TDG) certification is required for drivers who transport hazardous products or dangerous goods.
73300.01,Additional licensing endorsement or certification may be required to drive articulated trucks.
73300.02,Completion of secondary school is usually required.
73300.02,On-the-job-training is provided.
73300.02,"Completion of an accredited driver training course of up to three months duration, through a vocational school or community college, may be required."
73300.02,A Class 3 or D licence is required to drive straight-body trucks.
73300.02,A Class 1 or A licence is required to drive long combination vehicles.
73300.02,Air brake endorsement (Z) is required for drivers who operate vehicles equipped with air brakes.
73300.02,Transportation of dangerous goods (TDG) certification is required for drivers who transport hazardous products or dangerous goods.
73300.02,Additional licensing endorsement or certification may be required to drive articulated trucks.
73301.01,Completion of secondary school is usually required.
73301.01,"Up to three months of on-the-job training, including classroom instruction, is usually provided for all occupations in this unit group."
73301.01,A minimum of one year of safe driving experience is required.
73301.01,"Bus drivers require a Class B, C, E or F driver's licence in Ontario, and a Class 2 driver's licence is required in all other provinces and the territories."
73301.01,An air brakes endorsement and first aid certificate may be required.
73301.02,Completion of secondary school is usually required.
73301.02,"Up to three months of on-the-job training, including classroom instruction, is usually provided for all occupations in this unit group."
73301.02,A minimum of one year of safe driving experience is required.
73301.02,"Bus drivers require a Class B, C, E or F driver's licence in Ontario, and a Class 2 driver's licence is required in all other provinces and the territories."
73301.02,An air brakes endorsement and first aid certificate may be required.
73301.03,Completion of secondary school is usually required.
73301.03,"Up to three months of on-the-job training, including classroom instruction, is usually provided for all occupations in this unit group."
73301.03,A minimum of one year of safe driving experience is required.
73301.03,An air brakes endorsement and first aid certificate may be required.
73301.03,Experience as a public transit bus driver is usually required for subway and light rail transit operators.
73310.01,Completion of secondary school is usually required.
73310.01,Experience as a conductor is required for railway locomotive engineers and may be required for yard locomotive engineers.
73310.01,Railway locomotive engineers require a Canadian Rail Operating Rules certificate.
73310.02,Completion of secondary school is usually required.
73310.02,Experience as a conductor is required for railway locomotive engineers and may be required for yard locomotive engineers.
73310.02,Experience as a railway yard worker may be required for yard locomotive engineers.
73311.01,Completion of secondary school is usually required.
73311.01,Experience as a brakeman is required for conductors.
73311.01,Railway conductors require a Canadian Rail Operating Rules certificate.
73311.02,Completion of secondary school is usually required.
73311.02,Experience as a railway worker is usually required for brakemen/women.
73311.02,Brakemen require a Canadian Rail Operating Rules certificate.
73400.00,Some secondary school education is required.
73400.00,"Completion of a one- to two-year apprenticeship program orsome high school, college or industry courses in heavy equipment operating combined with on-the-job training are required."
73400.00,"Trade certification for heavy equipment operator (dozer, excavator, tractor-loader-backhoe) is compulsory in Quebec and available, but voluntary, in Newfoundland and Labrador, Nova Scotia, Prince Edward Island and Ontario."
73400.00,Internal company certification may be required by some employers.
73400.00,Red Seal endorsement is also available to qualified heavy equipment operators upon successful completion of the interprovincial Red Seal examination.
73401.00,Completion of secondary school is usually required.
73401.00,"Completion of a college program in printing technology ora combination of on-the-job training and specialized high school, college or industry courses is usually required."
73401.00,"Trade certification is available, but voluntary, in Québec."
73402.01,Completion of secondary school is usually required.
73402.01,On-the-job training is provided.
73402.01,Experience as a heavy equipment operator may be required for drillers.
73402.02,Completion of secondary school is usually required.
73402.02,On-the-job training is provided.
73402.02,Experience as a blaster helper in surface mining and quarrying or construction may be required for blasters.
73402.02,Provincial blasting licence is usually required for blasters.
73402.02,Trade certification for blasters is compulsory in Nova Scotia.
74100.01,Completion of secondary school and some college office administration courses may be required.
74100.01,On-the-job training is required.
74100.01,Physical fitness may be required for some occupations in this unit group.
74100.02,Completion of secondary school and some college office administration courses may be required.
74100.02,On-the-job training is required.
74100.02,Physical fitness may be required for some occupations in this unit group.
74101.00,Some secondary school education is required.
74101.00,Two weeks to one month of training is provided by Canada Post Corporation.
74101.00,Physical fitness is required for some occupations in this unit group.
74102.00,Secondary school education may be required.
74102.00,Eligibility for bonding may be required.
74102.00,Ability to navigate streets and follow directions is usually required.
74102.00,Physical fitness is required for some occupations in this unit group.
74200.01,Some secondary school education is usually required.
74200.01,Experience as a railway labourer is required.
74200.01,Railway yard workers require a Canadian Rail Operating Rules certificate.
74200.02,Some secondary school education is usually required.
74200.02,On-the-job training is provided
74200.02,Railway yard workers require a Canadian Rail Operating Rules certificate.
74201.01,Some secondary school education is required.
74201.01,On-the-job training is provided.
74201.02,Some secondary school education is required.
74201.02,On-the-job training is provided.
74202.00,Completion of secondary school is usually required.
74202.00,Experience operating baggage transporting equipment or warehouse experience may be required.
74202.00,A driver's licence and a good driving record are usually required.
74203.00,Some secondary school is usually required.
74203.00,Several weeks of on-the-job training are usually required.
74204.01,Completion of secondary school may be required.
74204.01,Several years of experience as a labourer in the same company may be required.
74204.01,On-the-job training is provided.
74204.01,Drinking water certification is required in Quebec and Ontario for waterworks maintenance workers.
74204.02,Completion of secondary school may be required.
74204.02,Several years of experience as a labourer in the same company may be required.
74204.02,On-the-job training is provided.
74205.00,Experience as a public works labourer is usually required.
74205.00,A driver's licence appropriate to a specific type of equipment may be required.
74205.00,On-the-job training is provided.
74205.00,"Trade certification for utility arborists is available, but voluntary, in Ontario and British Columbia."
74205.00,Some secondary school may be required.
75100.00,On-the-job training is provided.
75100.00,Some secondary school education may be required.
75101.01,Some secondary school education may be required.
75101.01,Physical strength is required for manual material handlers who work with heavy materials.
75101.02,Some secondary school education may be required.
75110.00,Some experience as a general construction labourer may be required for construction trade helpers.
75110.00,"Some pipeline workers, such as stabbers, mandrel operators and pre-heater tenders, usually require one season of experience in oil and gas pipeline construction."
75110.00,Flagmen/women may require a traffic control certificate.
75110.00,Riggers and slingers may require a rigging certificate.
75110.00,On-the-job training may be provided.
75119.00,On-the-job training is provided.
75119.00,Some secondary school education may be required.
75200.01,Some secondary school education is usually required.
75200.01,A minimum of one year of safe driving experience is usually required.
75200.01,"A Class G driver's licence is required in Ontario, and a Class 4 driver's licence is required in all other provinces and the territories."
75200.01,Taxi and limousine drivers require good knowledge of the geographical area to be covered and may have to pass written street/building location and safety examinations.
75200.01,Taxi drivers usually require a municipal permit.
75200.01,First aid certification may be required.
75200.02,Some secondary school education is usually required.
75200.02,A minimum of one year of safe driving experience is usually required.
75200.02,"A Class G driver's licence is required in Ontario, and a Class 4 driver's licence is required in all other provinces and the territories."
75200.02,Taxi and limousine drivers require good knowledge of the geographical area to be covered and may have to pass written street/building location and safety examinations.
75200.02,First aid certification may be required.
75201.00,Some secondary school is usually required.
75201.00,A driver's licence appropriate to the class of vehicle being driven is required.
75201.00,One year of safe driving experience is usually required.
75201.00,On-the-job training may be provided.
75201.00,Eligibility for bonding and transportation of dangerous goods (TGD) certification may be required for delivery and courier drivers.
75210.01,Some secondary school education is usually required.
75210.01,On-the-job training is provided.
75210.02,Some secondary school education is usually required.
75210.02,On-the-job training is provided.
75210.03,Some secondary school education is usually required.
75210.03,On-the-job training is provided.
75210.04,Some secondary school education is usually required.
75210.04,On-the-job training is provided.
75210.04,"Master, Master Limited or Small Vessel Operator Proficiency (SVOP) Certificate, issued by Transport Canada, is required for boat operators."
75210.04,Marine Emergency Duties (MED) training is required for boat operators and crew members.
75211.01,Some secondary school education is usually required.
75211.02,Some secondary school education is usually required.
75212.00,Several weeks of on-the-job training are provided.
80010.00,"Oil and gas managers usually require a bachelor's degree in geology, earth sciences or petroleum engineering."
80010.00,Forestry managers usually require a bachelor's degree in forestry science or forest engineering.
80010.00,Mining and quarrying managers usually require a bachelor's degree in mining engineering or earth sciences.
80010.00,Several years of experience in a supervisory occupation in the particular industry are usually required and may substitute for formal education requirements.
80020.00,"Extensive farming experience, obtained as a farm supervisor or specialized crop or livestock worker or by working on a farm, is usually required."
80020.00,A university degree or college diploma in agricultural management or other field related to crop or livestock production may be required.
80021.00,Completion of a college program in horticulture is usually required.
80021.00,Experience as a nursery or greenhouse supervisor is required.
80022.00,"A commercial aquaculture or fish hatchery licence, permit or lease is required for self-employed aquaculture managers."
80022.00,Completion of secondary school is usually required.
80022.00,A college diploma in aquaculture or a related field orseveral years of experience in fishing or aquaculture operations are usually required.
82010.00,Completion of secondary school is usually required.
82010.00,Completion of a one- to three-year college program for forestry technologists or technicians may be required.
82010.00,An industrial first aid certificate may be required.
82010.00,"Several years of experience as a logger, silvicultural worker, or logging machinery operator are usually required."
82010.00,A chemical application licence may be required.
82010.00,Formal company training and several months of on-the-job training are provided.
82020.00,Several years of experience in the occupations supervised are usually required.
82020.00,"Provincial certification as an underground mine supervisor, shift boss, or coal mining supervisor may be required."
82020.00,Completion of a college or university program in mining technology or engineering may be required for some positions in this group.
82020.00,Completion of secondary school is required.
82021.00,Completion of secondary school is required.
82021.00,Completion of college or petroleum industry approved training courses is required.
82021.00,Extensive experience in the occupations supervised is required.
82021.00,A two-year college diploma in petroleum engineering technology may be required.
82021.00,"Certificates in first aid, hydrogen sulphide awareness, blowout prevention, well control, workplace hazardous materials information system (WHMIS), transportation of dangerous goods (TDG) or other safety and technical subjects are required and are obtained by completing short courses."
82030.01,"Agricultural service contractors usually require a university degree, college diploma or industry courses in agricultural studies and several years of experience related to the service offered."
82030.01,"Contractors providing certain services, such as artificial insemination and pesticide application, may require training certificates and provincial licensing."
82030.01,A course or certificate in first aid may be required.
82030.02,Farm supervisors may require a college certificate or other specialized training in agriculture or livestock husbandry.
82030.02,A course or certificate in first aid may be required.
82031.00,Experience as a landscape or horticulture supervisor or as a landscape or horticulture technician is required.
82031.00,Completion of secondary school is usually required.
82031.00,Experience in the type of work supervised is required.
82031.00,"A college diploma, specialized courses or industry-related training and certification in landscaping and horticulture are usually required."
82031.00,"A provincial licence to apply chemical fertilizers, fungicides, herbicides and pesticides may be required."
83100.00,May be certified in the basic common core program or as an underground hard rock miner in Ontario.
83100.00,Certificate in first aid may be required.
83100.00,Formal training of up to six weeks followed by extended periods of specialized training as a helper or in support occupations is usually provided.
83100.00,Company licensing or certification is often required for occupations in this unit group.
83100.00,Previous experience as a mine labourer or in other mine occupations is usually required.
83100.00,Provincial blasting licence may be required.
83100.00,"Trade certification for miners is available, but voluntary, in Quebec and Manitoba."
83100.00,Completion of secondary school is usually required.
83101.01,Completion of secondary school is usually required.
83101.01,"Oil and gas well drillers and well servicers require three to six months of formal on-the-job training, college or petroleum industry-approved training courses and four or more years of work experience in subordinate rig crew positions."
83101.01,A college diploma in drilling may be required.
83101.01,Offshore work requires several years of experience in an equivalent position on land.
83101.01,"Certificates in first aid, hydrogen sulphide awareness, blowout prevention, well control, workplace hazardous materials information system (WHMIS), transportation of dangerous goods (TDG) and a special oil well operator (boiler) certificate are required."
83101.01,"A provincial blaster's licence, and seismic blaster and oil well blaster certification are required for well perforation services."
83101.01,"Trade certification for rig technician is compulsory in Alberta and available, but voluntary, in Newfoundland and Labrador, Nova Scotia, Prince Edward Island, Manitoba, Saskatchewan, British Columbia and the Northwest Territories."
83101.01,Red Seal endorsement is also available to qualified rig technicians upon successful completion of the interprovincial Red Seal examination.
83101.02,Completion of secondary school is usually required.
83101.02,Offshore work requires several years of experience in an equivalent position on land.
83101.02,"Certificates in first aid, hydrogen sulphide awareness, blowout prevention, well control, workplace hazardous materials information system (WHMIS), transportation of dangerous goods (TDG) and a special oil well operator (boiler) certificate are required."
83101.02,"Oil and gas well loggers, testers and related workers require three to six months of formal on-the-job training and several years of experience in subordinate logging and testing positions or on drilling and servicing rigs."
83101.02,Completion of a college program in electronics or engineering technology may be required for open hole well logging.
83110.00,Feller buncher operators and cable yarder operators usually require three to five years of logging experience.
83110.00,Mechanical tree processor and loader operators usually require one to three years of logging experience.
83110.00,Company certification for mobile logging machinery operation may be required.
83110.00,Workplace hazardous materials information system (WHMIS) and first aid certificates may be required.
83110.00,Completion of secondary school may be required.
83110.00,Mechanical harvester and forwarder operators may require logging experience as a chain saw and skidder operator.
83110.00,Experience requirements vary depending on the complexity of machinery operated.
83110.00,Certification as a heavy equipment operator may be required.
83110.00,"Provincial air brake certification may be required in British Columbia, depending on the type of equipment operated."
83110.00,Knowledge of tree harvesting regulations is required.
83110.00,"On-the-job training from three to 16 months is provided, depending on the complexity of machinery operated and the type of woodlands operation."
83120.00,Some secondary school education is usually required.
83120.00,One to two years of experience as a fishing vessel deckhand is required.
83120.00,Captains require one year of service as officer in charge of the watch.
83120.00,A Fishing Master's Certificate is required for all occupations in this unit group.
83120.00,Marine Emergency Duties Certificate is required by Transport Canada.
83120.00,A valid Fishing Vessel Operator Certificate is required for all occupations in this unit group.
83120.00,A commercial fishing licence is required.
83121.00,Several years of experience as fishing vessel crew member or helper are usually required.
83121.00,Marine Emergency Duties Certificate is required by Transport Canada.
83121.00,A valid Fishing Vessel Operator Certificate is required.
83121.00,A commercial fishing licence is required.
83121.00,Licences are required for each species of fish pursued.
83121.00,"Trade certification for fish harvesters is available, but voluntary, in Newfoundland and Labrador."
84100.00,Previous experience as a mine labourer is usually required.
84100.00,Completion of secondary school is usually required.
84100.00,Previous formal training of up to six weeks followed by periods of on-the-job training as a helper or in support occupations is usually required.
84100.00,Company licensing or certification is often required for occupations in this unit group.
84100.00,May be certified in the basic common core program in Ontario.
84101.01,Completion of secondary school is required.
84101.01,Completion of petroleum industry-approved training courses may be required.
84101.01,"One year of experience as a floorhand, assistant or labourer is usually required."
84101.01,"Certificates in first aid, hydrogen sulphide awareness, blowout prevention, workplace hazardous materials information system (WHMIS), transportation of dangerous goods (TDG), cryogenic safety or in other safety concerns may be required."
84101.01,Rig technician certification for motorhands and derrickhands may be required by some employers.
84101.02,Completion of secondary school is required.
84101.02,Training of up to three months with an experienced operator is required for oil and gas well services operators.
84101.02,Completion of petroleum industry-approved training courses may be required.
84101.02,"One year of experience as a floorhand, assistant or labourer is usually required."
84101.02,"Certificates in first aid, hydrogen sulphide awareness, blowout prevention, workplace hazardous materials information system (WHMIS), transportation of dangerous goods (TDG), cryogenic safety or in other safety concerns may be required."
84110.00,Previous experience as a logging and forestry labourer or logging machine operator may be required. Experience requirements vary depending on the type and location of woodlands operations.
84110.00,Provincial certification or a forest worker program certificate is required in some provinces.
84110.00,Workplace hazardous materials information system (WHMIS) and first aid certificates may be required.
84110.00,Completion of a college program for forest workers may be required.
84110.00,Formal training in chain saw operation and maintenance and several months of on-the-job training are usually provided.
84110.00,Completion of secondary school may be required.
84110.00,"Trade certification for fallers is available, but voluntary in Quebec."
84111.00,Completion of a college or other specialized program for silviculture workers or forestry crew workers may be required.
84111.00,Formal training in power saw operation and maintenance and several months of on-the-job training are usually provided.
84111.00,Completion of secondary school may be required.
84111.00,A silvicultural worker's licence may be required.
84111.00,A chemicals application licence is required.
84111.00,Workplace hazardous materials information system (WHMIS) and transportation of dangerous goods (TDG) certificates may be required.
84111.00,Experience as a logging and forestry labourer may be required.
84120.01,Specialized livestock workers may require a college certificate or other specialized training in agriculture or livestock husbandry.
84120.01,"Basic farm knowledge, usually obtained from working on a family farm, may be required for employment."
84120.01,A course or certificate in first aid may be required.
84120.02,"There are no specific education or training requirements for farm machinery operators. However, a college certificate or specialized courses related to farming, such as farm equipment mechanics, agricultural welding and pesticide application, are available."
84120.02,"Basic farm knowledge, usually obtained from working on a family farm, may be required for employment."
84120.02,A course or certificate in first aid may be required.
84121.00,There are no specific educational requirements.
84121.00,On-the-job training is provided.
84121.00,Marine Emergency Duties certificate is required by Transport Canada.
84121.00,A deckhand training program may be required.
84121.00,Trawlermen/women require at least one year of experience.
84121.00,Fishing vessel deckhands require a commercial fishing licence.
85100.00,There are no specific education or training requirements.
85101.00,There are no specific education or training requirements.
85102.00,Some secondary school education is usually required.
85102.00,Shellfish harvesters require commercial fishing licences.
85102.00,Marine Emergency Duties certificate may be required for some occupations in this unit group.
85103.00,Completion of secondary school may be required.
85103.00,Completion of college courses in horticulture or a related field may be required.
85103.00,On-the-job training is provided.
85103.00,"A provincial licence to apply chemical fertilizers, fungicides, herbicides and pesticides may be required."
85104.00,Completion of trapping or hunting courses may be required in some provinces.
85104.00,A provincial trapping or hunting licence is required.
85110.00,"In Ontario, mine labourers are registered in the basic common core program."
85110.00,A short period of introductory training is provided.
85110.00,Completion of secondary school is usually required.
85111.00,Completion of introductory college or petroleum industry-approved training courses may be required.
85111.00,Completion of secondary school may be required.
85111.00,"Certificates in hydrogen sulphide awareness, workplace hazardous materials information system (WHMIS) or transportation of dangerous goods (TDG) may be required."
85120.00,Workplace hazardous materials information system (WHMIS) certificate may be required.
85120.00,Completion of secondary school may be required.
85120.00,Chemicals application licence may be required.
85120.00,Completion of pre-employment safety courses may be required.
85120.00,Several weeks of formal and on-the-job training are provided.
85121.00,Some secondary school education may be required.
85121.00,"A provincial licence to apply chemical fertilizers, fungicides, herbicides and pesticides may be required."
90010.00,Completion of a college or university program in engineering or business administration is usually required.
90010.00,Five to ten years of supervisory experience in manufacturing are required.
90011.01,"A bachelor's degree or college diploma in an appropriate discipline is required. For example, electrical engineering is required for managers of transmission lines, and water resource technology for water supply managers."
90011.01,Several years of experience as a supervisor in a related utilities operations department are required.
90011.02,"A bachelor's degree or college diploma in an appropriate discipline is required. For example, electrical engineering is required for managers of transmission lines, and water resource technology for water supply managers."
90011.02,Several years of experience as a supervisor in a related utilities operations department are required.
90011.02,"A professional engineer certification is usually required for managers of utility operations involved in the transmission and distribution of electrical power, and natural gas and heating oil."
90011.03,"A bachelor's degree or college diploma in an appropriate discipline is required. For example, electrical engineering is required for managers of transmission lines, and water resource technology for water supply managers."
90011.03,Several years of experience as a supervisor in a related utilities operations department are required.
90011.03,"A professional engineer certification is usually required for managers of utility operations involved in the transmission and distribution of electrical power, and natural gas and heating oil."
90011.04,"A bachelor's degree or college diploma in an appropriate discipline is required. For example, electrical engineering is required for managers of transmission lines, and water resource technology for water supply managers."
90011.04,Several years of experience as a supervisor in a related utilities operations department are required.
90011.05,"A bachelor's degree or college diploma in an appropriate discipline is required. For example, electrical engineering is required for managers of transmission lines, and water resource technology for water supply managers."
90011.05,Several years of experience as a supervisor in a related utilities operations department are required.
92010.00,Completion of secondary school is usually required.
92010.00,"Post-secondary education in metallurgy, sciences or a related field may be required for some occupations in this unit group."
92010.00,Several years of experience in metal manufacturing or mineral/metal processing environment are usually required.
92011.00,Completion of secondary school is required.
92011.00,Post-secondary education in chemical processing or sciences may be required for some occupations in this unit group.
92011.00,Several years of experience as a senior operator in the same company or plant are usually required.
92011.00,"Some occupations in this unit group may require a specific licence or certification, such as a power engineer licence, refrigeration certification or wastewater treatment certification."
92011.00,"Solid waste, landfill or compost facility operator certification may be required."
92012.00,Completion of secondary school is usually required.
92012.00,Post-secondary education in microbiology or chemistry may be required for some positions in this group.
92012.00,Several years of experience in the food or beverage processing industry are required.
92012.00,Hazard analysis critical control point (HACCP) coordinators require HACCP certification and several years of experience in quality assurance of food production.
92013.00,Completion of secondary school is usually required.
92013.00,Post-secondary education in sciences or plastics technology may be required for some positions in this group.
92013.00,Several years of experience as a machine operator or an assembler in rubber or plastic products manufacturing is usually required.
92014.00,Completion of secondary school is required.
92014.00,A college diploma in pulp and paper technology or a related discipline may be required for some pulp and paper supervisor positions.
92014.00,Several years of some combination of formal and on-the-job training are provided.
92014.00,Several years of experience in the most senior occupation supervised are often required.
92014.00,"Certificates, such as lumber grading and industrial first aid, and a competency certificate in natural gas may be required."
92015.00,Completion of secondary school is usually required.
92015.00,Post-secondary education in textile technology or a related field may be required for some positions in this group.
92015.00,Several years of experience as a worker in the unit group being supervised are usually required.
92015.00,"Experience may be required in a specific process, or with a specific product or type of equipment."
92020.00,Completion of secondary school is usually required.
92020.00,"Post-secondary education in engineering, sciences, business or other related discipline is usually required."
92020.00,Several years of experience as a production worker in motor vehicle manufacturing are required.
92021.00,Completion of secondary school is usually required.
92021.00,"Post-secondary education in electronics, electrical or manufacturing technology or a related discipline is usually required for some positions in this group."
92021.00,"Several years of experience as an electronics or electric assembler, fabricator, inspector, tester or lead hand are usually required for some positions in this group."
92022.00,Completion of secondary school is usually required.
92022.00,"Experience as a furniture and fixture assembler, woodworking machine operator, cabinetmaker or furniture finisher, is usually required."
92023.00,Completion of secondary school is usually required.
92023.00,Post-secondary education may be required for some occupations in this group.
92023.00,Several years of experience as an assembler or inspector in the same company are usually required.
92024.00,Completion of secondary school may be required.
92024.00,Several years of experience as an assembler or inspector in the same company are usually required.
92100.01,Completion of secondary school is usually required.
92100.01,"Power engineers require a provincial or territorial power engineering certificate according to class. There are five classes in Manitoba, Saskatchewan, Alberta and British Columbia while there are four classes in Newfoundland/Labrador, Nova Scotia, Prince Edward Island, New Brunswick, Quebec, Ontario, Yukon, Northwest Territories and Nunavut territories."
92100.01,"Trade certification is available, but voluntary for power systems operators in Newfoundland and Labrador."
92100.01,Power engineers require a college training program in power engineering and several years of work experience. An exam is mandatory to move from one class to the other.
92100.02,Completion of secondary school is usually required.
92100.02,Control room operators at nuclear power plants require licensing from the Canadian Nuclear Safety Commission.
92100.02,Power systems operators require completion of a three- to five-year power system operator apprenticeship program orover three years of work experience in the trade and some college or industry courses in electrical and electronic technology.
92100.02,"Trade certification is available, but voluntary for power systems operators in Newfoundland and Labrador."
92101.01,Completion of secondary school is required.
92101.01,"College or industry training courses in chemistry, pollution control or related subjects are usually required."
92101.01,Certification in water treatment and distribution (level according to the classification of the plant) is required for water treatment plant operators.
92101.01,Drinking water certification is required in Quebec and Ontario for operators whose work involves water treatment and distribution.
92101.01,"Certification in workplace hazardous materials information system (WHMIS), transportation of dangerous goods (TDG), and courses in safety practices may be required."
92101.01,On-the-job training is provided.
92101.01,Previous experience as a worker in the water treatment or wastewater field may be required.
92101.02,"College or industry training courses in chemistry, pollution control or related subjects are usually required."
92101.02,Certification in water treatment and distribution (level according to the classification of the plant) is required for water treatment plant operators.
92101.02,Drinking water certification is required in Quebec and Ontario for operators whose work involves water treatment and distribution.
92101.02,Certification in wastewater collection and wastewater treatment (level according to the classification of the plant) is required for wastewater treatment plant operators.
92101.02,"Solid waste, landfill or compost facility operator certification may be required for operators in waste treatment plants."
92101.02,"Certification in workplace hazardous materials information system (WHMIS), transportation of dangerous goods (TDG), and courses in safety practices may be required."
92101.02,On-the-job training is provided.
92101.02,Previous experience as a worker in the water treatment or wastewater field may be required.
93100.00,Completion of secondary school is required.
93100.00,A college diploma may be required for some positions in this group.
93100.00,On-the-job training is provided.
93100.00,"Several years of experience as a machine or process operator, usually in the same company or production department, are required."
93101.00,"Completion of secondary school is required. Mathematics, chemistry and physics subjects are often specified."
93101.00,"A college diploma in process operation, sciences or a related subject may be required for some positions."
93101.00,Petroleum and chemical process operators and process technicians require completion of several years of formal company training.
93101.00,Experience as a petroleum or chemical process operator in all the operating units controlled by the central control room is required for chief operators.
93101.00,Company certification as a petroleum process operator or technician may be required.
93101.00,"A provincial power engineer licence, compressor operator or refrigeration certificate may be required when certain kinds of equipment are included in the process."
93101.00,"Certification in the transportation of dangerous goods (TDG), first aid, firefighting, or workplace hazardous materials information system (WHMIS) may be required."
93102.00,Completion of secondary school is required.
93102.00,A college or other program in forest products processing or a related subject may be required for pulping control operators.
93102.00,Completion of several weeks of formal company training and several months of on-the-job training is required.
93102.00,"Several years of experience as a pulp mill, papermaking or finishing machine operator within the same company is usually required."
93102.00,A certificate in industrial first aid may be required.
93102.00,A competency certificate in natural gas may be required.
93200.01,Completion of secondary school is required.
93200.01,"Completion of a college or other program in aviation or aeronautical technology, with emphasis in aircraft manufacturing, may be required."
93200.01,Aircraft assemblers receive several months of on-the-job and classroom training.
93200.02,Completion of secondary school is required.
93200.02,"Completion of a college or other program in aviation or aeronautical technology, with emphasis in aircraft manufacturing, may be required."
93200.02,Aircraft assembly inspectors require experience as an aircraft assembler.
94100.00,Completion of secondary school is usually required.
94100.00,On-the-job training is provided.
94100.00,Experience as a labourer in mineral and metal processing is usually required for machine operators.
94101.01,Completion of secondary school is required.
94101.01,Several weeks of on-the-job training are required.
94101.02,Completion of secondary school is required.
94101.02,Several weeks of on-the-job training are required.
94101.03,Completion of secondary school is required.
94101.03,Several weeks of on-the-job training are required.
94102.01,Completion of secondary school may be required.
94102.01,Experience as a machine operator helper in glass manufacturing is usually required for machine operators in this unit group.
94102.02,Completion of secondary school may be required.
94102.02,Experience as a machine operator helper in glass manufacturing is usually required for machine operators in this unit group.
94102.03,Completion of secondary school may be required.
94102.03,Experience as a glass cutter helper is usually required for manual glass cutters.
94102.04,Completion of secondary school may be required.
94102.04,Experience as a machine operator helper in glass manufacturing is usually required for machine operators in this unit group.
94102.04,Experience as a glass cutter helper is usually required for manual glass cutters.
94103.01,Some secondary school education may be required.
94103.01,On-the-job training is provided.
94103.01,"Experience as a helper or labourer in concrete, clay or stone products manufacturing may be required."
94103.01,Mould makers in this unit group who construct and repair wooden forms may require some carpentry or woodworking experience.
94103.02,Some secondary school education may be required.
94103.02,On-the-job training is provided.
94103.02,"Experience as a helper or labourer in concrete, clay or stone products manufacturing may be required."
94103.03,Some secondary school education may be required.
94103.03,On-the-job training is provided.
94103.03,"Experience as a helper or labourer in concrete, clay or stone products manufacturing may be required."
94104.00,Completion of secondary school is usually required.
94104.00,Experience as a machine or process operator in mineral and metal processing is usually required.
94105.01,Completion of secondary school education may be required.
94105.01,Previous experience as a labourer or helper in the same company may be required.
94105.01,On-the-job training is usually provided.
94105.02,Completion of secondary school education may be required.
94105.02,Previous experience as a labourer or helper in the same company may be required.
94105.02,On-the-job training is usually provided.
94106.00,Secondary school education is required.
94106.00,College or other courses in machining may be required.
94106.00,Several weeks of on-the-job training are provided.
94106.00,"Senior positions in this unit group, such as set-up operator, require experience as a machine operator."
94107.00,Some secondary school education is usually required.
94107.00,On-the-job training is provided.
94107.00,Experience as a labourer in the same company may be required.
94110.00,"Certification in the transportation of dangerous goods (TDG), forklift operator certification, first aid, firefighting, workplace hazardous materials information system (WHMIS) and other health and safety training may be required for some occupations in this unit group."
94110.00,"Completion of additional training may be required for some operators working in pharmaceutical, explosives and agricultural chemical or in specialty chemical plants."
94110.00,Completion of several weeks of on-the-job training or informal/formal company training is usually required.
94110.00,Completion of secondary school is usually required.
94110.00,"Previous experience in chemical products processing as an assistant, labourer or helper may be required for some occupations in this unit group."
94111.01,"For all operators in this unit group, completion of secondary school is usually required."
94111.01,"Several years of experience as a helper, tender or packer in the same company may be required."
94111.01,Completion of a statistical process control (SPC) course may be required.
94111.01,On-the-job training is provided.
94111.02,"For all operators in this unit group, completion of secondary school is usually required."
94111.02,"Several years of experience as a helper, tender or packer in the same company may be required."
94111.02,Completion of a statistical process control (SPC) course may be required.
94111.02,On-the-job training is provided.
94111.03,"For all operators in this unit group, completion of secondary school is usually required."
94111.03,"Several years of experience as a helper, tender or packer in the same company may be required."
94111.03,Completion of a statistical process control (SPC) course may be required.
94111.03,On-the-job training is provided.
94111.04,"For all operators in this unit group, completion of secondary school is usually required."
94111.04,"Several years of experience as a helper, tender or packer in the same company may be required."
94111.04,Completion of a statistical process control (SPC) course may be required.
94111.04,"Completion of courses in hydraulics, pneumatics and electronics systems may be required for moulding process operators."
94111.04,On-the-job training is provided.
94112.01,Completion of secondary school may be required.
94112.01,Experience as a labourer in the same company may be required.
94112.01,On-the-job training is provided.
94112.02,Completion of secondary school may be required.
94112.02,Experience as a labourer in the same company may be required.
94112.02,On-the-job training is provided.
94112.03,Completion of secondary school may be required.
94112.03,Experience as a labourer in the same company may be required.
94112.03,On-the-job training is provided.
94120.00,Completion of secondary school is usually required.
94120.00,College courses in wood processing technology may be required.
94120.00,Several weeks of on-the-job training are usually provided.
94120.00,Head sawyers and planer operators usually require several years of experience in other sawmill machine operating positions in the same company.
94120.00,A certificate in industrial first aid may be required.
94121.00,Completion of secondary school is required.
94121.00,A college diploma in forest products processing or a related subject may be required.
94121.00,Completion of several weeks of formal company training and/or on-the-job training is required.
94121.00,Previous experience as a labourer within the same company is usually required.
94121.00,A certificate in industrial first aid may be required.
94121.00,A competency certificate in natural gas may be required.
94122.00,Completion of secondary school is required by the pulp and paper industry and other large employers.
94122.00,Several weeks of on-the-job training are provided.
94122.00,Previous experience as a labourer within the same company may be required.
94123.01,Completion of secondary school is usually required.
94123.01,On-the-job training and up to two weeks of classroom training are provided for lumber graders.
94123.01,"Previous experience as a sawmill machine operator, other wood processing operator or as a labourer in wood processing is usually required for graders and inspectors in this unit group."
94123.01,Lumber graders require a lumber grader's licence issued by a provincial lumber association.
94123.02,Completion of secondary school is usually required.
94123.02,"Previous experience as a sawmill machine operator, other wood processing operator or as a labourer in wood processing is usually required for graders and inspectors in this unit group."
94124.00,Some secondary school education is usually required.
94124.00,On-the-job training is usually provided.
94124.00,Experience as a labourer in the same company may be required.
94129.00,Completion of secondary school is usually required.
94129.00,Several weeks of on-the-job training are provided.
94129.00,"For lumber kiln operators, particleboard operators and waferboard operators, some combination of college or company courses and up to one year of on-the-job training may be required."
94129.00,Previous experience as a labourer in wood processing may be required.
94130.01,Completion of secondary school may be required.
94130.01,"On-the-job training is provided for several weeks, depending on the complexity of the process and the number of machines operated."
94130.02,Completion of secondary school may be required.
94130.02,"On-the-job training is provided for several weeks, depending on the complexity of the process and the number of machines operated."
94131.00,"On-the-job training is provided for periods up to several months, depending on the complexity of the product, whether equipment set-up and maintenance is done by the operator, and the number of machines operated."
94131.00,Previous experience as a labourer in the same company may be required for some operators in this group.
94132.00,Some secondary school education is usually required.
94132.00,Experience operating a sewing machine is usually required.
94132.00,On-the-job training may be provided.
94133.00,Some secondary school education is usually required.
94133.00,On-the-job training is provided.
94133.00,Work experience in the manufacturing of the products inspected is usually required.
94140.01,Completion of secondary school may be required.
94140.01,On-the-job training is provided.
94140.01,Experience as a machine operator in food or beverage processing is usually required for industrial process control operators.
94140.02,Completion of secondary school may be required.
94140.02,On-the-job training is provided.
94140.02,Experience as a labourer in food or beverage processing may be required for machine operators.
94141.01,Completion of secondary school may be required.
94141.01,"On-the-job training is provided for industrial butchers, meat cutters and poultry preparers."
94141.02,Completion of secondary school may be required.
94141.02,"For industrial meat cutters, completion of a program in industrial meat cutting orexperience as an industrial butcher is required."
94141.03,Completion of secondary school may be required.
94141.03,"On-the-job training is provided for industrial butchers, meat cutters and poultry preparers."
94142.01,Some secondary school education may be required.
94142.01,On-the-job training is required.
94142.02,Some secondary school education may be required.
94142.02,On-the-job training is required.
94143.00,Completion of secondary school is usually required.
94143.00,Experience as a machine operator or labourer in the food or beverage processing industry may be required.
94143.00,On-the-job training is usually provided.
94150.00,Completion of secondary school may be required.
94150.00,Completion of college or other specialized courses in printing may be required.
94150.00,On-the-job training is provided.
94151.01,Completion of secondary school is required.
94151.01,"Completion of a college program in graphic arts technology ora combination of on-the-job training and specialized college, industry or other courses may be required."
94151.01,"Trade certification for some occupations in this group is available, but voluntary, in Ontario, Alberta, the Northwest Territories and Nunavut."
94151.02,Completion of secondary school is required.
94151.02,"Completion of a college program in graphic arts technology ora combination of on-the-job training and specialized college, industry or other courses may be required."
94151.02,"Trade certification for some occupations in this group is available, but voluntary, in Ontario, Alberta, the Northwest Territories and Nunavut."
94151.03,Completion of secondary school is required.
94151.03,"Completion of a college program in graphic arts technology ora combination of on-the-job training and specialized college, industry or other courses may be required."
94151.03,"Trade certification for some occupations in this group is available, but voluntary, in Ontario, Alberta, the Northwest Territories and Nunavut."
94152.00,Completion of secondary school is usually required.
94152.00,"Completion of a college program in graphic arts technology ora combination of on-the-job training and specialized college, industry or other courses may be required."
94153.00,Completion of secondary school is usually required.
94153.00,"For employment in film processing laboratories, completion of a college or other specialized photography program orextensive related experience is required."
94153.00,"For employment as a film printing machine operator in retail outlets, on-the-job training is provided."
94200.01,Completion of secondary school is usually required.
94200.01,Skills required for occupations in this unit group are normally acquired through on-the-job training.
94200.02,Completion of secondary school is usually required.
94200.02,Skills required for occupations in this unit group are normally acquired through on-the-job training.
94201.01,"Completion of secondary school is usually required for electronics assemblers, fabricators, inspectors and testers."
94201.01,On-the-job training is usually provided for occupations in this unit group.
94201.01,A two-year apprenticeship program and trade certification for electronics assemblers are available but voluntary in Saskatchewan.
94201.02,"Completion of secondary school is usually required for electronics assemblers, fabricators, inspectors and testers."
94201.02,On-the-job training is usually provided for occupations in this unit group.
94201.02,"Electronics testers may require post-secondary courses in basic electronic theory, testing techniques and testing equipment."
94201.02,Electronics inspectors and testers may require experience as an electronics assembler or component fabricator.
94202.01,Completion of secondary school is usually required.
94202.01,On-the-job training is provided.
94202.02,Completion of secondary school is usually required.
94202.02,On-the-job training is provided.
94202.02,Inspectors may require experience as an assembler in the same company.
94202.02,Some types of inspectors may require completion of a college program in electronics.
94203.01,Completion of secondary school is usually required.
94203.01,College courses in electricity or electro-technology may be required.
94203.01,Several years of on-the-job training are usually provided.
94203.01,"Set-up persons, inspectors and leadhands in this unit group may require experience as an assembler, fitter or wirer in the same company."
94203.02,Completion of secondary school is usually required.
94203.02,College courses in electricity or electro-technology may be required.
94203.02,Several years of on-the-job training are usually provided.
94203.02,"Set-up persons, inspectors and leadhands in this unit group may require experience as an assembler, fitter or wirer in the same company."
94203.03,Completion of secondary school is usually required.
94203.03,College courses in electricity or electro-technology may be required.
94203.03,Several years of on-the-job training are usually provided.
94203.03,"Set-up persons, inspectors and leadhands in this unit group may require experience as an assembler, fitter or wirer in the same company."
94204.01,Some secondary school education is required.
94204.01,Up to two years of on-the-job training are provided.
94204.02,Some secondary school education is required.
94204.02,Up to two years of on-the-job training are provided.
94204.02,Experience as a mechanical assembler may be required for inspectors in this unit group.
94205.01,Some secondary school education is usually required.
94205.01,On-the-job training is provided.
94205.02,Some secondary school education is usually required.
94205.02,On-the-job training is provided.
94205.02,Inspectors may require experience as an assembler in the same company.
94210.01,Secondary school education is usually required.
94210.01,On-the-job training is provided.
94210.01,Experience as a labourer in the same company may be required for furniture and fixtures assemblers and inspectors.
94210.02,Secondary school education is usually required.
94210.02,On-the-job training is provided.
94210.02,"College, high school or industry courses in furniture finishing or refinishing may be required."
94210.03,Secondary school education is usually required.
94210.03,On-the-job training is provided.
94210.03,"College, high school or industry courses in furniture finishing or refinishing may be required."
94210.04,Secondary school education is usually required.
94210.04,On-the-job training is provided.
94210.04,Experience as a labourer in the same company may be required for furniture and fixtures assemblers and inspectors.
94211.01,Secondary school education is usually required.
94211.01,Experience as a labourer in the same company may be required.
94211.01,On-the-job training is provided.
94211.02,Secondary school education is usually required.
94211.02,Experience as a labourer in the same company may be required.
94211.02,Inspectors may require related assembly experience.
94211.02,On-the-job training is provided.
94212.01,Secondary school education is usually required.
94212.01,"Experience as a labourer in the same company may be required for assemblers, finishers and inspectors."
94212.01,On-the-job training is provided.
94212.02,Secondary school education is usually required.
94212.02,"Experience as a labourer in the same company may be required for assemblers, finishers and inspectors."
94212.02,On-the-job training is provided.
94213.01,Secondary school education is usually required.
94213.01,Several months of on-the-job training are usually provided.
94213.01,"Some industrial painters, such as aviation painters, may require specialized training and certification or college courses."
94213.02,Secondary school education is usually required.
94219.01,Secondary school education is usually required.
94219.01,Experience as a helper or labourer in the same company may be required.
94219.01,On-the-job training is provided.
94219.01,Completion of college or other courses in boat building may be required.
94219.02,Secondary school education is usually required.
94219.02,Experience as an assembler may be required for inspectors.
94219.02,On-the-job training is provided.
95100.00,Completion of secondary school may be required for some positions in this group.
95101.00,Some secondary school education may be required.
95102.00,Completion of secondary school may be required.
95103.00,Completion of secondary school is required by the pulp and paper industry and by other large employers.
95104.00,Some secondary school education is usually required.
95105.01,Some secondary school education may be required.
95105.01,On-the-job training is provided for some occupations in this unit group.
95105.02,Some secondary school education may be required.
95105.02,"Experience as a fabric, fur or leather cutter is required for fabric, fur or leather sample cutters."
95105.02,On-the-job training is provided for some occupations in this unit group.
95105.03,Some secondary school education may be required.
95105.03,"Experience as a fabric, fur or leather cutter is required for fabric, fur or leather sample cutters."
95105.03,On-the-job training is provided for some occupations in this unit group.
95105.04,Some secondary school education may be required.
95105.04,"Experience as a fabric, fur or leather cutter is required for fabric, fur or leather sample cutters."
95105.04,On-the-job training is provided for some occupations in this unit group.
95106.00,Some secondary school education may be required.
95107.00,Some secondary school education may be required.
95109.00,Some secondary school education may be required.
