Code de profil professionnel SIPeC,Fonctions principales
00010.00,"promulguer, modifier et abroger des lois, des ordonnances et des règlements;"
00010.00,"participer au développement ou à la modification des politiques, des programmes ou des procédures du gouvernement;"
00010.00,"représenter leur gouvernement respectif aux réunions et aux conférences régionales, nationales et internationales;"
00010.00,répondre aux questions d'intérêt de leur corps électoral ou du public en général;
00010.00,"agir, s'il y a lieu, comme responsable de ministères gouvernementaux et diriger les cadres et les officiers supérieurs des administrations publiques dans la mise en application des politiques gouvernementales et la gestion du ministère."
00011.00,"établir les objectifs de l'organisation selon les législations et les politiques du gouvernement en formulant, en approuvant et en évaluant des programmes et des procédures seuls ou conjointement avec des comités supérieurs de l'administration publique;"
00011.00,donner aux élus des avis sur les questions relatives aux politiques et leur soumettre les questions d'importance capitale afin d'en arriver à une décision finale;
00011.00,"recommander, examiner, évaluer et approuver les documents, les mémoires et les rapports soumis par les cadres intermédiaires et les membres du personnel supérieur;"
00011.00,coordonner les activités ministérielles avec d'autres hauts fonctionnaires et cadres supérieurs;
00011.00,"présenter des exposés aux comités législatifs et aux autres comités gouvernementaux au sujet des politiques, des programmes ou des budgets;"
00011.00,allouer les ressources humaines et financières nécessaires à la mise en oeuvre des politiques et des programmes de l'organisation;
00011.00,établir les contrôles administratifs et financiers.
00012.00,"définir la mission et les orientations stratégiques de l'entreprise, notamment en formulant ses politiques ainsi que des objectifs concrets qu'ils atteignent ensuite en veillant à une gestion judicieuse des ressources humaines, financières et matérielles;"
00012.00,autoriser et organiser la mise sur pied des principaux services de l'organisation et la création des postes de niveau supérieur qui s'y rattachent;
00012.00,"allouer les ressources matérielles, humaines et financières nécessaires à la mise en oeuvre des politiques et des programmes de l'organisation, établir les contrôles administratifs et financiers, formuler et approuver les campagnes de promotion et approuver le plan d'ensemble de la gestion des ressources humaines;"
00012.00,"sélectionner des cadres intermédiaires, des directeurs et d'autre personnel de direction, leur déléguer l'autorité nécessaire et créer des conditions de travail optimales;"
00012.00,"représenter l'organisation, ou déléguer des représentants pour agir au nom de l'organisation, lors de négociations ou d'autres fonctions officielles."
00013.00,établir les objectifs de l'organisation ou de l'établissement en formulant ou en approuvant ses politiques et ses programmes;
00013.00,autoriser et organiser l'établissement des principaux services de l'organisation et la création des postes de niveau supérieur qui s'y rattachent;
00013.00,"allouer les ressources matérielles, humaines et financières nécessaires à la mise en oeuvre des politiques et des programmes de l'organisation, établir les contrôles administratifs et financiers, formuler et approuver les campagnes de promotion et approuver le plan d'ensemble de la gestion des ressources humaines;"
00013.00,"sélectionner les cadres intermédiaires, les directeurs et autre personnel de direction;"
00013.00,"coordonner le travail des régions, des divisions ou des services;"
00013.00,"représenter l'organisation, ou déléguer des représentants, pour agir au nom de l'organisation lors de négociations ou autres fonctions officielles."
00014.00,"établir les objectifs de la compagnie, formuler et approuver ses politiques et ses programmes;"
00014.00,autoriser et organiser l'établissement des principaux services de l'organisation et la création des postes de niveau supérieur qui s'y rattachent;
00014.00,"allouer les ressources humaines, matérielles et financières nécessaires à la mise en oeuvre des politiques et des programmes de la compagnie, établir les contrôles administratifs et financiers, formuler et approuver les campagnes de promotion, et approuver le plan d'ensemble de la gestion des ressources humaines;"
00014.00,"sélectionner les cadres intermédiaires, les directeurs et autre personnel de direction;"
00014.00,"coordonner le travail des régions, des divisions ou des services;"
00014.00,"représenter la compagnie, ou déléguer des représentants, pour agir au nom de la compagnie lors de négociations ou autres fonctions officielles."
00015.00,"établir les objectifs de la compagnie, et formuler ou approuver ses politiques et ses programmes;"
00015.00,autoriser et organiser l'établissement des principaux services de la compagnie et la création des postes de niveau supérieur qui s'y rattachent;
00015.00,"allouer les ressources humaines, matérielles et  financières nécessaires à la mise en oeuvre des politiques et des programmes de la compagnie; établir les contrôles administratifs et financiers, formuler et approuver les campagnes de promotion et approuver le plan d'ensemble de la gestion des ressources humaines;"
00015.00,"sélectionner les cadres intermédiaires, les directeurs et autre personnel de direction;"
00015.00,"coordonner le travail des régions, des divisions ou des services de la compagnie;"
00015.00,"représenter la compagnie, ou déléguer des représentants pour agir au nom de la compagnie, lors de négociations ou autres fonctions officielles."
10010,"planifier, organiser, diriger, contrôler et évaluer les activités d'un service de comptabilité, de vérification ou autre service financier;"
10010,"élaborer et mettre en oeuvre les politiques, les procédures et les systèmes financiers d'un établissement;"
10010,"préparer les états financiers, les états récapitulatifs et les autres rapports d'analyse de rentabilité et de gestion financière ou en coordonner la préparation;"
10010,"coordonner le processus de planification financière et de budget, en faire l'analyse et corriger les prévisions;"
10010,superviser le développement et la mise sur pied de modèles de simulation financière;
10010,"évaluer les systèmes de rapports financiers, les pratiques comptables et les initiatives d'investissement et proposer des modifications concernant les procédés, les systèmes d'exploitation, les budgets et autres fonctions de contrôle financier aux cadres supérieurs et chefs d'autres services ou aux directeurs régionaux;"
10010,"embaucher, organiser, former et gérer le personnel;"
10010,"faire la liaison entre l'entreprise et ses actionnaires, le public investisseur et les analystes financiers externes;"
10010,définir les normes de rentabilité de projets d'investissement et s'occuper des fusions ou des acquisitions;
10010,aviser et rapporter à la haute direction toute tendance critique par rapport à la performance financière de l'entreprise.
10011,"planifier, organiser, diriger, contrôler et évaluer les activités d'un service du personnel ou des ressources humaines;"
10011,planifier les besoins en ressources humaines de concert avec les directeurs des différents services;
10011,coordonner les activités de formation interne et externe et les activités de recrutement;
10011,élaborer et mettre en oeuvre les politiques et les procédures sur les relations de travail et négocier des conventions collectives;
10011,"administrer les programmes de perfectionnement, de formation linguistique et de santé et de sécurité des employés;"
10011,conseiller et aider les différents directeurs de service à interpréter et à administrer les politiques et les programmes du personnel;
10011,voir à la classification et à l'évaluation des postes;
10011,"organiser et diriger les réunions d'information sur les politiques d'emploi, la rémunération et les avantages sociaux et participer activement à divers comités paritaires;"
10011,gérer le programme de gestion de la qualité de l'entreprise;
10011,"s'assurer que les lois relatives au travail, telles que la Loi sur l'équité salariale, soient respectées."
10012,"planifier, organiser, diriger, contrôler et évaluer les activités d'achats d'un établissement;"
10012,développer des politiques et des procédures d'achat et contrôler le budget du service des achats;
10012,"identifier les vendeurs de matériel, d'équipement ou de fournitures;"
10012,évaluer le coût et la qualité des produits ou des services;
10012,négocier ou superviser la négociation de contrats d'achat;
10012,"participer à l'élaboration des spécifications pour l'équipement, les produits ou les matériaux de substitution;"
10012,examiner et traiter les plaintes à l'endroit des fournisseurs;
10012,"faire passer les entrevues, embaucher le personnel et veiller à sa formation."
10019,"planifier, organiser, diriger, contrôler et évaluer les opérations d'un service qui fournit un ou plusieurs services administratifs;"
10019,"diriger et conseiller les employés qui accomplissent des tâches telles que la gestion des dossiers, les services de sécurité et la gestion des finances, des achats, des ressources humaines ou autres fonctions administratives;"
10019,diriger et contrôler les démarches de régie interne et de conformité aux règlements adoptées par l'organisation;
10019,"planifier, administrer et contrôler le budget des contrats, de l'équipement et des fournitures;"
10019,rédiger des rapports et des documents d'information à l'intention des comités de gestion chargés d'évaluer les services administratifs;
10019,"faire passer des entrevues, embaucher le personnel et veiller à sa formation."
10020.01,"planifient, organisent, dirigent, contrôlent et évaluent les activités d'un établissement ou d'un service qui vend de l'assurance-automobile, de l'assurance-incendie, de l'assurance-vie, de l'assurance de biens et d'autres types d'assurances."
10020.02,"planifient, organisent, dirigent, contrôlent et évaluent les activités d'un établissement ou d'un service qui achète, qui vend et qui loue des propriétés résidentielles et commerciales pour des clients."
10020.03,"planifient, organisent, dirigent, contrôlent et évaluent les activités d'un établissement ou d'un service qui trouve des prêteurs ou des établissements de crédit pour des clients qui cherchent une hypothèque."
10020.04,"planifient, organisent, dirigent, contrôlent et évaluent les activités d'un établissement ou d'un service qui achète et qui vend des actions, des obligations et d'autres formes de valeurs mobilières pour le compte de clients particuliers ou d'établissements et gèrent les placements de leur propre clientèle."
10021.01,"cultiver des relations d'affaires dans leur milieu de façon à promouvoir la vente de prêts, d'investissements et autres services bancaires afin d'attirer des particuliers et des représentants d'entreprises;"
10021.01,"analyser, examiner et approuver ou rejeter les demandes de prêts et de crédit en conformité aux limites autorisées;"
10021.01,voir au traitement des formules de demande de prêt et des enquêtes de crédit;
10021.01,surveiller la préparation des rapports financiers mensuels et des rapports sur l'évolution de la succursale;
10021.01,"planifier, organiser, diriger, contrôler et évaluer les activités d'une division dans des banques, des sociétés de fiducie, des coopératives de crédit ou d'autres institutions financières, ou d'un service dans ces institutions, notamment, gérer les prêts personnels et commerciaux, acheter ou vendre des valeurs mobilières, gérer des fonds d'investissement, administrer des fiducies, régler des successions et effectuer d'autres opérations connexes;"
10021.01,veiller à ce que les politiques et procédures soient appliquées conformément aux lignes directrices établies et faire des recommandations visant à améliorer le processus;
10021.01,interviewer des particuliers et des représentants d'entreprises et répondre aux demandes des clients;
10021.01,embaucher le personnel et identifier les besoins en matière de formation.
10021.02,administrer les comptes de prêts personnels ou commerciaux et les comptes de prêts aux grandes entreprises;
10021.02,conseiller les clients sur le choix des services financiers commerciaux et personnels correspondant à leurs besoins;
10021.02,veiller à ce que les politiques et procédures relatives au crédit soient appliquées conformément aux lignes directrices établies et selon les lois applicables en matière de financement;
10021.02,"planifier, organiser, diriger, contrôler et évaluer les activités d'un service du crédit dans des établissements industriels ou commerciaux;"
10021.02,"examiner et analyser les demandes de prêts et de crédit, les garanties offertes et faire des recommandations;"
10021.02,approuver ou refuser les demandes de crédit en conformité aux limites autorisées et établir la limite de crédit et le calendrier de remboursement;
10021.02,veiller au recouvrement des comptes en souffrance ou non payés;
10021.02,préparer des rapports de crédit et de prêts;
10021.02,embaucher le personnel et identifier les besoins en matière de formation.
10022.01,"planifient, dirigent et évaluent les activités des entreprises et des services qui élaborent et lancent des campagnes de promotion de la vente des produits et des services."
10022.02,"établissent des réseaux de distribution pour les produits et les services, effectuent des études de marché et analysent leurs résultats; ils participent à l'élaboration des produits, dirigent et évaluent les stratégies de commercialisation des établissements."
10022.03,"dirigent et évaluent les établissements et les services qui élaborent et mettent sur pied des stratégies de communication et des programmes d'information; ils font la publicité pour annoncer des activités et des événements et s'occupent des relations avec les médias au nom des entreprises, des gouvernements et autres organisations."
10022.04,"planifient, organisent, dirigent, contrôlent et évaluent la conception, le développement et la mise à jour des sites Internet et Intranet ainsi que d'applications mobiles pour gérer le modèle commercial et la stratégie en ligne d’une organisation;"
10022.04,"collaborent avec les équipes de publicité, de marketing et de relations publiques pour planifier, développer, évaluer et gérer la présence en ligne d’une organisation, y compris les relations publiques, les communications, le marketing, les activités commerciales et la gestion des médias sociaux."
10029,"planifier, organiser, diriger, contrôler et évaluer les activités d'établissements offrant des services aux entreprises tels que des cabinets de conseils en gestion, et des services d'étude de marché, de gestion du personnel et de la paye, de centres de contact et de sécurité;"
10029,"planifier, élaborer et organiser les politiques et les procédures de ces établissements;"
10029,élaborer des plans d'intervention et fournir une expertise spécifique répondant aux besoins de la clientèle et encadrer et conseiller les équipes qui réalisent les mandats;
10029,diriger les employés et leur donner des conseils sur le développement et la mise en oeuvre des stratégies d'évaluation de la qualité du service;
10029,"planifier, administrer et surveiller le budget des projets des clients, des contrats, de l'équipement et des fournitures;"
10029,représenter l'entreprise au sein de divers organismes économiques et sociaux;
10029,aider le personnel à résoudre les problèmes d'ordre administratif ou technique;
10029,"embaucher le personnel, assurer sa formation et sa supervision."
10030,"planifier, organiser, diriger, contrôler et évaluer les opérations d'un établissement, d'un service ou d'une installation de télécommunications;"
10030,"consulter les directeurs principaux pour établir les politiques régissant l'élaboration, l'exploitation et la maintenance des services de télécommunications;"
10030,"diriger et contrôler le volume et l'écoulement du trafic de télécommunications dans le secteur désigné, par le truchement de superviseurs subalternes et d'employés techniques;"
10030,analyser et évaluer l'installation et les services d'opération et d'entretien des télécommunications et formuler des recommandations en vue de leur amélioration;
10030,veiller à ce que les règlements en matière de télécommunications et les directives des organismes gouvernementaux de réglementation soient respectés;
10030,assurer la liaison avec les représentants de filiales ou de compagnies de transit pour régler des problèmes communs de télécommunications et assurer l'exploitation efficace du système de télécommunications;
10030,recruter le personnel et voir à  sa formation.
11100.01,"examiner et analyser les livres de comptes et le grand livre, les états de compte, les inventaires, les dépenses, les déclarations de revenus et autres pièces comptables, les registres et les systèmes financiers de particuliers, de services à l'intérieur d'entreprises ou de sociétés, ou tout autre genre d'établissement afin de vérifier l'exactitude des écritures et assurer la conformité aux méthodes comptables établies, aux procédures et aux vérifications internes;"
11100.01,rédiger un rapport de vérification détaillé et présenter des recommandations propres à améliorer les pratiques comptables et la situation financière du particulier ou de l'établissement;
11100.01,"effectuer des missions de vérification dans des entreprises afin d'assurer le respect des dispositions de la Loi de l'impôt sur le revenu, de la Loi canadienne sur les sociétés par actions et des autres obligations légales;"
11100.01,"superviser, au besoin, d'autres vérificateurs ou les personnes responsables de la comptabilité chez les clients."
11100.02,"concevoir, mettre en oeuvre et administrer des systèmes comptables et préparer des renseignements financiers pour des particuliers, des services à l'intérieur d'entreprises, des sociétés ou d'autres genres d'établissements;"
11100.02,"examiner les livres comptables, et préparer les états financiers et les rapports;"
11100.02,concevoir et appliquer des méthodes d'établissement et de comptabilisation du coût de revient et des procédures de contrôle interne;
11100.02,examiner les états et les comptes financiers et préparer les déclarations de revenus;
11100.02,analyser les états financiers et les rapports et donner des conseils dans le domaine financier ou fiscal;
11100.02,"remplir, à l'occasion, des fonctions de liquidateur dans des cas de faillite;"
11100.02,"superviser et former, s'il y a lieu, des stagiaires comptables, d'autres comptables ou des techniciens en administration."
11101.01,"évaluer des risques financiers, préparer des prévisions financières, des scénarios de financement et autres rapports concernant la gestion des capitaux et rédiger des rapports et des recommandations;"
11101.01,planifier les flux monétaires à court terme et à long terme et évaluer le rendement de la trésorerie;
11101.01,analyser les projets d'investissement;
11101.01,"participer au volet financier des contrats et appels d'offres, et fournir des conseils à cet égard;"
11101.01,faire le suivi des dossiers de financement auprès des bailleurs de fonds;
11101.01,"élaborer, mettre en oeuvre et exploiter des outils de gestion et d'analyse du portefeuille financier;"
11101.01,élaborer un profil de risque périodique relié au portefeuille de la dette;
11101.01,participer à la préparation des budgets d'opération et d'investissements;
11101.01,élaborer et mettre à jour les politiques financières ou de trésorerie.
11101.02,"recueillir des données financières et de placements touchant les entreprises, les actions et les obligations et autres investissements en consultant les rapports quotidiens sur les actions et les obligations, les prévisions économiques, le volume d'échanges, les revues financières, les guides de valeurs mobilières, les états financiers d'entreprises, et d'autres publications et rapports financiers;"
11101.02,"examiner et analyser l'information financière et de placement recueillie, y compris les profils d'entreprises, les prix des actions et des obligations, les rendements et les tendances futures et autres données reliées à l'investissement;"
11101.02,"donner des conseils et recommander des placements aux clients, aux cadres supérieurs d'entreprises, aux gestionnaires de caisses de retraite, aux agents en valeurs mobilières et aux associés;"
11101.02,"rédiger des prévisions économiques des entreprises et des industries, des rapports analytiques, des notes d'information et de la correspondance."
11102,"élaborer, pour leurs clients, des plans de planification financière personnels couvrant la gestion des liquidités, la planification financière, la couverture d'assurance, la planification d'investissements, la planification de retraite et de succession, la fiscalité et les aspects légaux;"
11102,"analyser leurs données financières, fixer des objectifs et établir une stratégie financière;"
11102,conseiller leurs clients sur la mise en oeuvre d'un plan financier leur permettant de réaliser leurs objectifs;
11102,"négocier, s'il y a lieu, l'achat et la vente de produits financiers selon leur titre de compétence, et assurer le maintien de la qualité du portefeuille et de sa rentabilité en faisant un suivi régulièrement;"
11102,"travailler, au besoin, à l'expansion des affaires, solliciter et prospecter de nouveaux clients."
11103.01,"développer une relation à long terme avec leurs clients en élaborant des stratégies d'investissement afin de réaliser leurs objectifs financiers, et en leur donnant des conseils et de l'information au sujet des divers placements, de manière à les guider dans la gestion de leur portefeuille;"
11103.01,"étudier les périodiques financiers, les rapports sur les actions et les obligations, les publications commerciales et d'autres documents, et tisser un réseau de relations au sein du secteur de la finance pour obtenir toute l'information pertinente afin de déterminer les placements intéressants pour les clients;"
11103.01,"exécuter des ordres sur les placements en achetant et en vendant des actions, des obligations, des bons du Trésor, des fonds communs de placement et d'autres valeurs pour des investisseurs, des gestionnaires de caisses de retraite ou des compagnies, telles que des banques, des sociétés de fiducie et des compagnies d'assurances;"
11103.01,vérifier les portefeuilles de placements des clients et s'assurer que les opérations de placement sont effectuées conformément aux règlements de l'industrie.
11103.02,"acheter et vendre des actions, des obligations, des biens, des devises étrangères et d'autres valeurs, à la bourse, au nom des agents en placements;"
11103.02,"élaborer des stratégies commerciales en étudiant les informations sur les placements, en surveillant les conditions du marché à partir du parquet de la bourse et en communiquant avec les services commerciaux des autres entreprises en placements, les gestionnaires de caisses de retraite et les analystes financiers des firmes de placements;"
11103.02,"faire des offres d'achat ou de vente des valeurs, et inscrire les détails des ventes sur les fiches d'ordre des bourses;"
11103.02,préparer des rapports sur le rendement du portefeuille.
11109.01,"examiner les documents des banques, des sociétés de fiducie, des coopératives de crédit, des caisses populaires, des sociétés de prêts, des sociétés immobilières, des compagnies d'assurance, des caisses de retraite, des courtiers en valeurs mobilières et d'autres institutions financières pour assurer le respect des lois et règlements régissant les institutions financières."
11109.02,"examiner les manquements éventuels au code de déontologie et aux lois sur les valeurs mobilières, qui sont commis soit par des personnes, soit par des compagnies qui fournissent des services en valeurs immobilières ou d'autres services financiers connexes."
11109.03,"analyser les demandes des clients afin d’évaluer le risque et les détails reliés aux actions, aux obligations, aux hypothèques ou toutes autres solutions de financement;"
11109.03,"négocier avec des sociétés, des administrations publiques ou des individus pour déterminer les types et les échéances des produits financiers et préparer des prospectus d'émissions ou des contrats;"
11109.03,"souscrire, au besoin, des émissions d'actions ou d'obligations."
11109.04,"administrer des successions, de même que des fiducies établies à l'intention des particuliers, des sociétés, des organismes de charité, et d'autres genres de fiducie;"
11109.04,"gérer des comptes fiduciaires, recevoir et enregistrer les revenus sur les investissements et disposer des fonds en fiducie."
11109.05,"rencontrer les clients pour les interroger sur leur revenu, leur actif et leur passif, ainsi que sur le genre, le prix et l'état des propriétés à hypothéquer;"
11109.05,"négocier des emprunts hypothécaires, au nom des clients, avec des prêteurs ou des établissements de prêts."
11200,"planifier, élaborer, appliquer et évaluer les stratégies en matière de ressources humaines et de relations de travail, y compris les politiques, les programmes et les procédures afin de satisfaire les besoins de l'organisation en ce qui a trait aux ressources humaines;"
11200,"renseigner les employeurs et les employés sur l'interprétation des politiques relatives aux ressources humaines, à la rémunération, aux régimes d'avantages sociaux et aux conventions collectives;"
11200,"négocier des conventions collectives au nom des employeurs ou des employés, agir en tant que médiateur dans les conflits de travail et les griefs et fournir des conseils sur les relations avec les employés et les relations de travail;"
11200,"élaborer des classifications de poste, des descriptions de travail et des échelles salariales, ainsi que des mesures et des systèmes d'évaluation des compétences, et effectuer les recherches nécessaires à cette fin;"
11200,"planifier et administrer les régimes de dotation et de rémunération globale, ainsi que les programmes de formation et de perfectionnement professionnel, d'aide aux employés, d'équité en matière d'emploi et d'action positive;"
11200,gérer des programmes et mettre à jour l'information sur les ressources humaines et les systèmes connexes de gestion de dossiers;
11200,recruter le personnel et veiller à sa formation;
11200,coordonner le programme d'évaluation du rendement des employés;
11200,"effectuer des recherches sur les usages en matière d'avantages sociaux, de santé et de sécurité et recommander des changements ou des modifications aux politiques existantes."
11201,fournir des conseils et du soutien aux entreprises sur les politiques et procédures réglementaires; assurer la conformité interne aux exigences réglementaires; et préparer les présentations et les documents à déposer devant les organismes de réglementation;
11201,analyser et donner des conseils sur les méthodes de gestion et sur l'organisation d'une entreprise du secteur public ou privé;
11201,mener des études afin de déterminer le bon fonctionnement et l'efficacité des politiques et des programmes de gestion;
11201,"effectuer des évaluations et proposer des améliorations aux méthodes, aux systèmes et aux procédures dans des domaines comme les opérations, les ressources humaines, la gestion des dossiers, la gestion de sécurité et les communications;"
11201,effectuer des vérifications de la qualité et élaborer des normes de gestion de la qualité et de contrôle de la qualité aux fins d'inscription auprès de l'Organisation internationale de normalisation (ISO);
11201,planifier la réorganisation des opérations d'une entreprise;
11201,"superviser, au besoin, des chercheurs contractuels ou du personnel de bureau."
11202,évaluer les caractéristiques des produits et des services à promouvoir afin de déterminer les besoins en matière de marketing et de publicité des établissements;
11202,"conseiller les clients sur des stratégies de marketing, de publicité ou de promotion des ventes;"
11202,élaborer les stratégies et le contenu des campagnes de publicité pour les médias imprimées ou électroniques et les mettre en oeuvre;
11202,"diriger l’analyse d’après-campagne pour mesurer les indicateurs de marketing et de publicités, et en rendre compte;"
11202,"Créer et tenir à jour les comptes de médias sociaux, ce qui comprend la gestion des commentaires et des témoignages des clients;"
11202,"élaborer, appliquer et évaluer des stratégies de relations publiques et des programmes destinés à informer les clients, les employés et le grand public des initiatives et des politiques des commerces, des gouvernements et d'autres organisations;"
11202,mener des enquêtes sur l'opinion et l'attitude du public pour cerner les intérêts et les préoccupations des groupes clés ciblés par l'organisation;
11202,"préparer des rapports, des mémoires, de bibliographies, des discours, des exposés, des sites Web et des communiqués de presse, ou veiller à leur préparation;"
11202,"préparer et organiser des ateliers, des réunions, des cérémonies et d'autres événements et programmes à des fins de publicité, de collecte de fonds et d'information;"
11202,"prendre des dispositions pour les entrevues, les conférences de presse et autres évènements médiatiques;"
11202,agir à titre de porte-parole pour un organisme et répondre aux demandes de renseignements verbales et écrites;
11202,coordonner les manifestations et les promotions publicitaires spéciales à l'intention des auditoires internes et externes;
11202,"collaborer à la rédaction de brochures, de rapports, de bulletins d'information et d'autres documents;"
11202,représenter des personnes de talent ou des personnes qui possèdent une expérience professionnelle particulière;
11202,"préparer des contrats avec des athlètes, des écrivains, des artistes ou d'autres personnes, ou veiller à leur préparation."
12010,"coordonner, répartir et réviser le travail des commis qui s'acquittent des tâches suivantes : faire du traitement de texte, faire de la tenue de dossiers et du classement; faire fonctionner des téléphones et des standards; faire de la saisie de données; faire de l'éditique et d'autres activités exigeant des compétences en travail de bureau et en administration;"
12010,"établir les horaires et les procédures de travail, et coordonner les activités avec les autres services ou divisions;"
12010,"résoudre les problèmes reliés au travail, et rédiger et présenter des rapports d'étapes et autres rapports;"
12010,"former les employés à leurs tâches, aux règles de sécurité et aux politiques de l'entreprise;"
12010,commander des fournitures et du matériel;
12010,"assurer le bon fonctionnement de l'équipement et du matériel de bureau, et voir à leur entretien et à leur réparation;"
12010,"exercer, au besoin, les mêmes fonctions que les personnes supervisées."
12011,"établir des méthodes de travail efficaces et coordonner, répartir et revoir le travail des commis qui accomplissent les tâches suivantes : administrer les comptes clients et les comptes fournisseurs; vérifier, traiter et enregistrer les formules et les documents financiers; administrer la feuille de paye; vérifier, traiter et enregistrer des réclamations et des formules d'assurance; et percevoir les droits d'utilisateurs et les paiements de comptes en souffrance;"
12011,"examiner et vérifier l'exactitude du travail et autoriser les paiements courants, les crédits et les autres transactions;"
12011,"établir les horaires et les procédures de travail, et coordonner les activités avec les autres services ou divisions;"
12011,résoudre les problèmes reliés au travail et préparer et soumettre des rapports d'étapes et d'autres rapports;
12011,identifier les besoins en matière de formation et former des travailleurs quant à leurs tâches et aux politiques de l'entreprise;
12011,commander des fournitures et du matériel;
12011,assurer le bon fonctionnement des systèmes informatiques et de l'équipement et voir à leur entretien et à leur réparation;
12011,"exercer, au besoin, les mêmes fonctions que les employés supervisés."
12012,"coordonner, répartir et réviser le travail des commis qui s'acquittent des tâches suivantes : mener des sondages et des interviews; recueillir et compiler des statistiques; préparer et émettre des permis, des passeports et d'autres documents à fonctions de réglementation; ranger des livres sur des rayons et effectuer d'autres tâches dans une bibliothèque; rédiger de la correspondance, y compris des messages électroniques, et préparer des documents à faire traduire ou à publier;"
12012,"établir les horaires et les procédures de travail, et coordonner les activités avec les autres services ou divisions;"
12012,"résoudre les problèmes reliés au travail, contrôler les services fournis par les commis et les agents et préparer et soumettre des rapports d'étapes et d'autres rapports;"
12012,former des travailleurs quant à leurs tâches et aux politiques de l'entreprise;
12012,commander des fournitures et du matériel;
12012,assurer le bon fonctionnement des systèmes informatiques et de l'équipement et voir à leur entretien et à leur réparation;
12012,"exercer, au besoin, les mêmes fonctions que les employés supervisés."
12013,"superviser, planifier, assigner et réviser le travail des commis préposés à l'expédition, à la réception, au stockage, à la distribution des matériaux, des pièces et des produits et à leur inventaire, au traitement de transactions d'achat, à la coordination des travaux de production, à la répartition des équipes, à la planification des horaires et des circuits des équipes de transport, et à d'autres activités connexes;"
12013,"assurer le respect des politiques, des procédures de sûreté et de sécurité, des normes et des règlements en vigueur et participer à leur amélioration;"
12013,résoudre divers problèmes et plaintes connexes et mettre en œuvre des mesures correctives et des améliorations des processus;
12013,former des travailleurs dans leurs tâches;
12013,commander des fournitures et du matériel;
12013,"assurer le bon fonctionnement des systèmes informatiques et des autres appareils et machines de bureau, et voir à leur entretien et à leur réparation;"
12013,"procéder, au besoin, à l'évaluation des performances des travailleurs supervisés;"
12013,"exercer, au besoin, les mêmes fonctions que les travailleurs supervisés."
12100,"établir et coordonner des politiques et des procédures administratives pour des dirigeants, des comités et des conseils d'administration;"
12100,"analyser des notes de service, des mémoires et des rapports reçus et à envoyer, rédiger des exposés et des rapports à l'intention des cadres de direction, des comités ou des conseils d'administration, et coordonner la préparation, la production et la présentation de ces documents;"
12100,"préparer l'ordre du jour des réunions des comités, des conseils d'administration et d'autres réunions, et prendre les dispositions nécessaires pour la tenue de ces réunions;"
12100,"exécuter des recherches, compiler des données et préparer des documents qui seront étudiés et présentés par des cadres supérieurs, des comités et des conseils d'administration;"
12100,"rencontrer des personnes ou groupes d'intérêt spéciaux et d'autres personnes ou groupes au nom de la direction, des comités et des conseils d'administration, pour déterminer les problèmes, et évaluer et recommander diverses mesures;"
12100,"assurer la liaison avec les cadres supérieurs de ministères ou d'entreprises, et d'autres organismes ou associations, au nom de la direction, des comités et des conseils d'administration."
12101,"déterminer les postes à combler immédiatement ou éventuellement, afficher les avis et les annonces et recueillir et passer au crible les demandes d'emploi;"
12101,informer les postulants des critères d'emploi ainsi que des conditions d'emploi;
12101,"examiner les répertoires des candidats et communiquer avec les candidats potentiels pour fixer une date d'entrevue et pour préparer les mutations, les affectations et les détachements;"
12101,"recruter des diplômés de collèges, d'universités et d'autres établissements d'enseignement;"
12101,coordonner et participer aux activités des comités d'examen et de sélection afin d'évaluer les candidats;
12101,informer les candidats des résultats de la sélection et rédiger les offres d'emploi;
12101,renseigner les cadres et les employés sur les politiques et les procédures de dotation;
12101,organiser et administrer les procédures de consultation du personnel et de grief;
12101,"déterminer l'admissibilité aux avantages, prendre les dispositions nécessaires pour la formation du personnel et fournir de l'information sur des services comme l'aide aux employés, le counselling et les programmes de reconnaissance;"
12101,"gérer et assurer, au besoin, la gestion d’ouverture de dossier en matière de Santé et Sécurité du travail (SST) et en faire le suivi;"
12101,"superviser, au besoin, les commis du service du personnel chargés du classement et de la tenue des dossiers."
12102,Les agents en approvisionnement
12102,"évaluer les risques, préparer des prévisions, des scénarios et d'autres facteurs concernant le marché de l'offre et rédiger des rapports et des recommandations;"
12102,effectuer des recherches et contribuer aux aspects de l'approvisionnement financier des contrats et des appels d'offres lorsque l'information n'est pas facilement accessible;
12102,identifier les opportunités de réduction des coûts à fort impact;
12102,"tirer parti du pouvoir d'achat de l'organisation pour optimiser les coûts, accéder à de nouveaux fournisseurs, réduire les délais et garantir l'approvisionnement;"
12102,établir et entretenir des relations avec les acheteurs et fournisseurs actuels et potentiels de l'organisation;
12102,"répondre aux demandes de renseignements du service à la clientèle, clarifier les exigences et fournir des renseignements au besoin."
12102,Les agents aux achats
12102,"acheter de l'équipement général et spécialisé, du matériel, des terrains ou des droits de passage ou des services aux entreprises, qui seront utilisés ou transformés par leurs établissements;"
12102,"évaluer les besoins d'un établissement et préciser les spécifications de l'équipement, du matériel et des fournitures à acheter;"
12102,"encourager des soumissions, consulter des fournisseurs et examiner des devis;"
12102,"déterminer ou négocier les modalités des contrats, accorder des contrats aux fournisseurs ou recommander leur attribution;"
12102,"établir les logistiques des calendriers de livraison, surveiller l'exécution des contrats et communiquer avec les clients et les fournisseurs pour résoudre les problèmes;"
12102,"négocier l'acquisition des terrains ou des droits de passage pour l'utilisation publique ou privée et, s'il y a lieu, mener des enquêtes de propriétés;"
12102,"embaucher, former et superviser, au besoin, les commis aux achats."
12103,"rencontrer des représentants d'associations commerciales et professionnelles afin de promouvoir et de discuter des services de conférence, de congrès et de foire commerciale;"
12103,"rencontrer des commanditaires et des comités organisateurs afin de planifier l'ampleur et le format que prendront les événements, établir et surveiller des budgets et réviser des procédures administratives ainsi que les cours des événements;"
12103,"coordonner les services offerts dans le cadre d'événements tels que l'hébergement et le transport des participants, les installations et d'autre équipement pour des conférences, des restaurations, des signalisations, des étalages, des services d'interprétation, des services pour les personnes ayant des besoins spéciaux, de l'équipement audiovisuel, et des services d'imprimerie et de sécurité;"
12103,"organiser l'inscription des participants, préparer la programmation et faire la publicité des événements;"
12103,organiser les divertissements et les réunions sociales des participants;
12103,"embaucher, former et superviser le personnel de soutien des événements;"
12103,veiller au respect des règlements municipaux en vigueur;
12103,"négocier des marchés de services, approuver les factures des fournisseurs, garder des dossiers financiers, vérifier les factures finales transmises aux clients et préparer des rapports."
12104.01,"vérifier les registres comptables afin de déterminer les revenus, les exonérations et les droits exigibles, s'assurer que le règlement sur les déclarations est respecté et déceler les fraudes;"
12104.01,examiner les systèmes comptables et le contrôle interne des établissements;
12104.01,donner des conseils sur les rapports et les méthodes d'évaluation des marchandises assujetties aux droits d'accise;
12104.01,"préparer les dossiers et aider à la recherche et à la saisie des documents, ainsi qu'à l'établissement de l'accusation en vue de poursuites judiciaires."
12104.02,"déterminer l'admissibilité des personnes qui demandent des prestations gouvernementales telles que l'Assurance-emploi, le Régime de pensions du Canada (RPC) et la Sécurité de la vieillesse (SV);"
12104.02,vérifier les faits quant aux raisons de la perte d'emploi et de la disponibilité à travailler;
12104.02,surveiller le paiement des prestations et faire enquête lorsqu'il y a possibilité d'abus ou de fraude.
12110.01,consigner textuellement les délibérations de la cour à l'aide d'appareils de sténographie électroniques ou de sténomasques;
12110.01,relire sur demande la transcription textuelle des preuves présentées alors que le tribunal siège;
12110.01,transcrire les délibérations consignées selon le type de présentation établi;
12110.01,vérifier l'exactitude des transcriptions en les comparant aux versions originales et vérifier l'exactitude des jugements en consultant le juge;
12110.01,localiser et vérifier l'exactitude des citations;
12110.01,"fournir des transcriptions aux juges, aux avocats et aux particuliers qui les demandent;"
12110.01,classer et ranger les comptes rendus sténographiques des séances des tribunaux.
12110.02,"transcrire des données enregistrées selon les formats établis, ou de la documentation écrite provenant de rapports médicaux, de correspondances, de dossiers de santé et de renseignements des patients;"
12110.02,relire les textes pour corriger les erreurs typographiques et grammaticales;
12110.02,"réviser les textes transcrits pour trouver de l'information erronée ou manquante, ou des erreurs dans le formatage."
12111,classer et coder les maladies conformément à un système de classification établi;
12111,"recueillir, coder, ranger des documents sur la santé et autre information pertinente, et établir des renvois;"
12111,"résumer, assembler et analyser des données cliniques et des données démographiques pertinentes provenant de documents sur la santé, conformément aux politiques et procédures établies;"
12111,utiliser des systèmes de gestion de l'information pour tenir à jour les index des systèmes de classement et gérer et récupérer des documents d'information sur la santé;
12111,"préparer des statistiques médicales, sociales et administratives;"
12111,utiliser et faire la maintenance de logiciels ou de systèmes de technologie de l’information;
12111,"implanter et mettre à jour, au besoin, les systèmes de gestion de l’information sur la santé ainsi que fournir du support ou de la formation;"
12111,"superviser, s'il y a lieu, d'autres techniciens en gestion de l'information sur la santé et autres professionnels assimilés."
12112,"implanter et mettre à jour des calendriers de classification, de conservation et d'épuration de documents;"
12112,"classer, coder, enregistrer et ranger des documents, et établir des renvois;"
12112,dresser des inventaires de documents et tenir des index pour les systèmes de classification;
12112,"utiliser des systèmes de recherche de l'information, en réponse aux requêtes, pour retracer et récupérer des documents, conformément aux lignes directrices établies;"
12112,"étiqueter, préparer et transférer des fichiers d'information, conformément aux procédures et aux calendriers établis du cycle de vie de gestion des documents;"
12112,tenir des listes de contrôle d'accès aux documents classifiés;
12112,compiler des statistiques et des rapports sur les activités du service de gestion des documents.
12113,"compiler des tableaux, des graphiques et des sommaires des statistiques pour l'intégration aux documents et aux rapports de recherche;"
12113,traiter des données en utilisant un logiciel de statistiques afin de procéder à des analyses de bases des tendances à l'appui des activités de recherche;
12113,"recueillir des données, consolider, croiser et formater les données de divers ressources afin de préparer des ébauches de rapports pour la révision des superviseurs ou chercheurs;"
12113,aider à la collecte et le suivi des données venant de l'utilisation contrôlée des services et fournir des informations à la gestion et aux groupes client;
12113,"préparer, au besoin, des documents techniques et des rapports de contrôle sur les volumétriques et autres analyses de tendances;"
12113,"superviser, au besoin, le personnel de soutien en statistiques et en recherche."
12200,"tenir des registres financiers et établir, tenir à jour et faire la balance de divers comptes en utilisant des systèmes de tenue de livres manuels ou informatisés;"
12200,"reporter des écritures au journal et faire concorder des comptes, préparer les balances de vérification des comptes, tenir des grands livres généraux et préparer des états financiers;"
12200,"faire des calculs et préparer des chèques de paye, des factures de services d'utilité publique, de taxes et d'autres factures;"
12200,"compléter et soumettre des formulaires de versement d'impôts, d'indemnisation des accidents du travail, de prestations de retraite et d'autres documents gouvernementaux;"
12200,préparer des déclarations de revenus et effectuer d'autres services de tenue de livres pour des particuliers;
12200,"préparer d'autres rapports statistiques, financiers et comptables."
12201.01,enquêter sur les circonstances qui entourent les demandes d'indemnisation afin d'en vérifier la validité;
12201.01,"inspecter les dommages causés aux automobiles, aux habitations ou aux autres biens;"
12201.01,"noter les déclarations des demandeurs et consulter les demandeurs, les témoins, les médecins, ou autres individus concernés, et examiner les dossiers et les rapports afférents aux cas;"
12201.01,calculer la somme des pertes ou des dommages couverts par les polices d'assurance;
12201.01,négocier les règlements;
12201.01,rédiger des rapports d'expertise.
12201.02,"réviser, étudier et calculer des demandes d'indemnisation traitées par des experts en sinistres et en autoriser les paiements;"
12201.02,étudier les rapports des experts en sinistres et les demandes analogues ou les précédents pour définir l'étendue de la couverture;
12201.02,garantir la validité des réclamations et procéder au règlement de la réclamation selon les procédures et les pratiques de la compagnie;
12201.02,"discuter des demandes d'indemnisation avec des avocats, des médecins ou autres personnes ressources;"
12201.02,"approuver des demandes d'assurance automobile, d'assurance-incendie, d'assurance-invalidité, d'assurance-vie, d'assurance dentaire et d'autres assurances."
12202,"étudier des demandes de polices d'assurance individuelles et collectives en assurance automobile, assurance-incendie, assurance maladie, assurance-vie, assurance responsabilité, assurance de biens, assurance maritime, assurance aviation et d'autres assurances;"
12202,"évaluer les demandes de polices d'assurance et les demandes de renouvellement des polices en fonction des risques, des primes, de l'étendue des couvertures et des autres conditions des contrats d'assurance en consultant des rapports médicaux, des tables de taux et d'autres documents de référence; ajuster les primes, la protection ou le risque même pour obtenir l'approbation de nouvelles demandes ou de demandes de renouvellement;"
12202,approuver la vente de polices d'assurance et assurer le respect des règlements gouvernementaux;
12202,fournir des recommandations relatives à l'élaboration de régimes d'assurance individuelle ou collective;
12202,"fournir des conseils de souscription et répondre aux questions des clients, des agents d'assurance, des consultants et d'autres membres du personnel de la compagnie;"
12202,rédiger des rapports sur la tarification et mettre à jour les formulaires d'assurance au besoin.
12203.01,"évaluer des terrains, des bâtiments, des structures, de la machinerie, de l'équipement et des améliorations de propriétés à des fins d'imposition, de financement et de planification régionale, ainsi qu'avant la vente ou l'achat;"
12203.01,"étudier et analyser des renseignements tels que ceux portant sur des ventes conclues antérieurement, des titres de propriété, des plans de structure et des certificats de localisation, des cartes pédologiques, des plans de lotissement, des plans de services d'aqueduc et d'égouts, des coûts de location et des servitudes;"
12203.01,expliquer les procédés d'estimation aux contribuables.
12203.02,"recueillir et analyser les registres financiers d'une entreprise, tels que les états financiers, les budgets, les prévisions et les chiffres des ventes, afin d'évaluer la compétitivité de l'entreprise ou de déterminer sa valeur marchande;"
12203.02,"préparer des rapports de planification successorale, d'évaluation de biens matrimoniaux, d'assurance et de perte d'entreprise;"
12203.02,"comparaître en tant que témoin expert devant un tribunal, un organisme de réglementation des valeurs mobilières et d'autres conseils ou commissions de réglementation."
12203.03,"déterminer la valeur des biens, des bâtiments, de la machinerie et de l'équipement industriel et commerciaux, des effets personnels et des articles ménagers;"
12203.03,"préparer des rapports d'évaluation pour des établissements de crédit, des compagnies d'assurances, des ministères, des tribunaux, des fondés de pouvoirs, des créanciers, des acheteurs ou des vendeurs aux enchères."
13100,"superviser et coordonner les procédures de bureau et étudier, évaluer et appliquer de nouvelles méthodes de travail;"
13100,"établir l'ordre de priorité des tâches, attribuer le travail au personnel de soutien et s'assurer que les délais sont respectés et que les procédures sont suivies;"
13100,effectuer des activités à caractère administratif associées aux inscriptions dans des établissements d'enseignement postsecondaire;
13100,administrer les politiques et les pratiques concernant la divulgation de dossiers pour donner suite aux demandes d'accès découlant des lois sur l'accès à l'information et sur la protection de la vie privée;
13100,"coordonner et planifier les services administratifs relatifs, par exemple, aux besoins en locaux, aux déménagements, au matériel, aux fournitures, aux formulaires, à la disposition des biens, au stationnement, à l'entretien et à la sécurité;"
13100,"faire des analyses et voir aux opérations administratives liées au budget, aux contrats et à la planification des projets, ainsi qu'au processus de gestion;"
13100,collaborer à la préparation du budget d'exploitation et assurer le contrôle des stocks et le contrôle budgétaire;
13100,"rassembler des données et préparer des lettres, des manuels et des rapports périodiques et spéciaux;"
13100,"superviser, au besoin, les techniciens en gestion des documents et le personnel connexe."
13101,"négocier ou approuver les contrats de location ou les baux pour divers immeubles dont ils sont responsables, au nom du propriétaire, et veiller au respect des contrats;"
13101,"préparer et administrer les contrats prévoyant la prestation de services immobiliers tels que le ménage et l'entretien, ou les services de sécurité et les systèmes d'alarme;"
13101,"coordonner l'exécution des travaux de réparations, d'entretien et de rénovations effectués sur les immeubles, et surveiller le déroulement et les coûts des travaux, pour le compte des propriétaires;"
13101,"compiler et tenir des dossiers sur les frais d'exploitation et les revenus, préparer des rapports et passer en revue les loyers pour vérifier s'ils sont conformes à la valeur marchande;"
13101,veiller à donner suite aux réclamations faites par les clients ou les locataires;
13101,administrer les dépôts en cas de dommages;
13101,"embaucher et superviser, au besoin, des agents de location, des commis à la gestion des immeubles, des concierges d'immeuble ou d'autres personnes assurant des services de soutien à l'exploitation, à la gestion ou à l'entretien."
13102,"mettre à jour les renseignements personnels des employés et tenir les registres des présences, des congés et des heures supplémentaires des employés pour calculer la rémunération et les avantages sociaux auxquels ils ont droit, en devises canadiennes ou étrangères, au moyen de systèmes manuels ou informatisés;"
13102,"préparer et vérifier les relevés des employés, indiquant les salaires nets et bruts et les retenues à la source, telles que les impôts, les cotisations syndicales, les saisies-arrêts et les cotisations versées aux régimes d'assurances et de retraite;"
13102,"préparer, vérifier et traiter tous les paiements des employés relatifs à la paye, incluant le salaire régulier, les prestations et les paiements spéciaux tels que les bonus et la paye de vacances;"
13102,"remplir, vérifier et traiter les formulaires et les documents nécessaires à l'administration des avantages sociaux, tels que ceux des régimes de retraite, des congés, des parts de capital, ainsi que de l'assurance-emploi et de l'assurance-maladie;"
13102,"préparer les formulaires et la documentation relatifs à la paye, tels que les déclarations de revenus annuelles, la pension, les relevés d'emploi et autres relevés;"
13102,"fournir les informations aux questions relatives à la paye, aux régimes d'avantages sociaux et aux dispositions des conventions collectives;"
13102,"compiler, vérifier et examiner des rapports statistiques, des relevés et des résumés concernant la rémunération et les avantages sociaux;"
13102,préparer et vérifier les rapports de fin de période et faire concorder le registre des payes versées avec les relevés bancaires;
13102,identifier et résoudre les erreurs dans la paye;
13102,"peut être responsable de l'élaboration et de la mise en oeuvre des politiques, procédures et traitements relatifs à la paye."
13110,"préparer, saisir à l'ordinateur, réviser et relire de la correspondance, des factures, des présentations, des brochures, des publications, des rapports et d'autres documents connexes à partir de notes dictées ou manuscrites;"
13110,ouvrir et distribuer le courrier postal et électronique et les autres documents reçus et coordonner la circulation des renseignements à l'interne et avec d'autres services et organismes;
13110,fixer et confirmer les rendez-vous et les réunions de l'employeur;
13110,commander les fournitures de bureau et en tenir l'inventaire;
13110,répondre aux demandes de renseignements reçues par téléphone et par courrier électronique et transmettre les appels téléphoniques et les messages;
13110,établir et tenir des systèmes manuels et informatisés de classement des dossiers d'information;
13110,formuler et mettre en oeuvre les modes de fonctionnement du bureau;
13110,"accueillir les visiteurs, déterminer le but de leur visite et les diriger vers l'employeur ou la personne compétente;"
13110,consigner et préparer les procès-verbaux des réunions;
13110,organiser les voyages et faire les réservations nécessaires;
13110,"compiler, s'il y a lieu, des données, des statistiques et d'autres renseignements, afin d'appuyer les activités de recherche;"
13110,"superviser et former, s'il y a lieu, les employés de bureau en ce qui a trait aux méthodes de travail et à l'utilisation de logiciels courants;"
13110,"organiser, s'il y a lieu, des conférences."
13111,"préparer et saisir à l'ordinateur des lettres et des documents juridiques tels que des actes notariés, des testaments, des affidavits et des mémoires, à partir de textes manuscrits, sténographiés ou dictés;"
13111,réviser et relire les documents et la correspondance pour vérifier s'ils sont conformes aux procédures juridiques et à l'usage grammatical;
13111,fixer les rendez-vous et les dates des réunions et des conférences de l'employeur;
13111,"établir et tenir des systèmes de classement, selon les principes établis pour la gestion des documents et des procédures juridiques, et contrôler fréquemment la sécurité des documents confidentiels;"
13111,ouvrir et distribuer le courrier postal et électronique et les autres documents reçus et coordonner la circulation des renseignements à l'interne et avec d'autres services ou organismes;
13111,formuler et mettre en oeuvre les méthodes de travail;
13111,"superviser et former, s'il y a lieu, d'autres employés en ce qui a trait aux méthodes de travail et à l'exploitation de logiciels courants;"
13111,"assister, au besoin, à des audiences devant les tribunaux, à des réunions ou à des conférences afin de prendre des notes, de noter en sténographie des textes dictés et de rédiger les procès-verbaux;"
13111,"exécuter, s'il y a lieu, d'autres tâches générales de bureau, notamment préparer les relevés financiers."
13112,"fixer et confirmer les rendez-vous chez le médecin, et recevoir et transmettre les messages destinés au personnel médical et aux patients;"
13112,saisir et formater des rapports médicaux et de la correspondance médicale électronique et préparer des feuilles de calcul et des documents aux fins de révision;
13112,"interroger les patients afin de remplir les formulaires, les documents et les historiques de cas;"
13112,remplir les formules pour les paiements des assurances et autres demandes d'indemnisation;
13112,établir et tenir des dossiers et des documents médicaux confidentiels;
13112,"préparer des ordres du jour provisoires pour des réunions, et tenir, transcrire et distribuer le procès-verbal;"
13112,préparer des relevés financiers et la facturation;
13112,"établir et tenir divers procédures de soutien administratif, telles que la gestion et le classement de documents, et la signalisation mensuelle;"
13112,commander les fournitures et tenir l'inventaire;
13112,"définir les routines et modes de fonctionnement du bureau, et les mettre en application;"
13112,"superviser et former, s'il y a lieu, d'autres employés en ce qui a trait aux méthodes de travail et à l'exploitation de logiciels courants."
13200.01,"préparer des documents de dédouanement et remplir d'autres formulaires au nom de leurs clients conformément aux règlements, aux lois et aux formalités douanières;"
13200.01,"signer des documents de dédouanement, au nom des clients, en utilisant des procurations;"
13200.01,"assurer le règlement des droits d'entrée, l'entreposage, le transport des marchandises importées, et les acquits-à-caution pour les marchandises imposables;"
13200.01,indiquer aux clients les taux des droits et de douanes des différents articles;
13200.01,"aviser les clients quant aux restrictions sur les importations et les exportations, les tarifs douaniers, les lettres de crédit, les assurances et toute autre exigence reliée aux douanes;"
13200.01,"représenter, s'il y a lieu, les clients devant des tribunaux administratifs ou dans des négociations avec d'autres officiels gouvernementaux."
13200.02,"acheter et vendre de l'espace à marchandise dans des cales de navire, pour le compte de particuliers, de sociétés et de gouvernements;"
13200.02,"consulter des publications commerciales et d'autres documents afin de signaler aux clients l'espace disponible dans les cales de navire, le lieu et l'heure du départ, la destination et le tarif, et noliser des navires pour des clients;"
13200.02,négocier des conditions et des tarifs et rédiger des contrats et d'autres documents;
13200.02,"acheminer et vendre des navires, des yachts et d'autres embarcations, au nom de leurs clients;"
13200.02,"inspecter des navires, noter les particularités et négocier le prix d'achat ou de vente, au nom de leurs clients;"
13200.02,prendre les dispositions nécessaires pour l'assurance des cargos ou des navires;
13200.02,obtenir l'enregistrement et des permis pour des navires.
13201.01,"planifier et organiser les opérations de logistiques de l'organisation, ou des autres unités de chaînes d'approvisionnements;"
13201.01,s'entretenir avec le contremaître de la production pour établir l'horaire des phases de production au meilleur coût et dans les meilleurs délais possibles;
13201.01,"consulter d'autres commis à la production, des contremaîtres d'entrepôt, de la production ou de la construction et des commis aux achats et à l'inventaire pour coordonner les activités entre l'entrepôt et les lieux de production, le chantier de construction ou des autres unités de chaînes d'approvisionnements;"
13201.01,tenir l'inventaire des matériaux et des pièces nécessaires pour compléter la production;
13201.01,"rédiger et mettre à jour des rapports sur l'avancement des travaux, les matériaux utilisés, les taux de production et autres renseignements sur la production, à l'aide d'un système manuel ou informatisé."
13201.02,"coordonner et surveiller la logistique de l'utilisation des pièces, des approvisionnements et des matériaux à l'intérieur de l'établissement pour en assurer la disponibilité et la livraison selon le calendrier prévu;"
13201.02,préparer et traiter tous les documents douaniers pour les expéditions internationales et américaines.
14100.01,"répondre aux demandes de renseignements présentées par téléphone, en personne ou par voie électronique ou acheminer ces demandes à la personne compétente;"
14100.01,"préparer de la correspondance, des rapports, des relevés, des formulaires, des présentations, des demandes et d'autres documents;"
14100.01,"traiter le courrier reçu et sortant, par la poste ou par voie électronique;"
14100.01,"photocopier et agrafer des documents pour les diffuser, les expédier par courrier et les classer;"
14100.01,envoyer et recevoir des messages et des documents au moyen d'un télécopieur ou du courrier électronique;
14100.01,"tenir l'inventaire des fournitures de bureau, commander des fournitures au besoin et veiller à ce que l'entretien de l'équipement de bureau soit effectué;"
14100.01,"aider à préparer l'ordre du jour des réunions, assister aux réunions et rédiger les procès-verbaux;"
14100.01,"assister lors de procédures administratives, comme la dotation budgétaire, l'administration de contrats et les horaires de travail;"
14100.01,"trier, vérifier et traiter, au besoin, des reçus, des dépenses, formulaires et d'autres documents;"
14100.01,"coordonner, s'il y a lieu, le déroulement du travail des autres employés de soutien de bureau;"
14100.01,"effectuer, s'il y a lieu, des tâches générales de comptabilité, telles que préparer des factures et des dépôts bancaires."
14100.02,"scanner, trier et classer des documents selon les directives établies;"
14100.02,"trouver, récupérer ou faire des copies des documents à partir des dossiers suite aux demandes, et tenir des registres de matériaux classés ou empruntés;"
14100.02,suivre les documents empruntés des dossiers pour s'assurer que les documents prêtés soient retournés.
14101.01,"accueillent les personnes qui se présentent dans les bureaux et d'autres établissements; leur indiquent la personne ou le service approprié; fournissent des renseignements généraux en personne ou par téléphone; effectuent, au besoin, des tâches de bureau; assurent, s'il y a lieu, les contrôles de sécurité à la réception; et tiennent les listes de contrôle d'accès;"
14101.01,fixent les rendez-vous en se servant de systèmes manuels ou informatisés;
14101.01,"prennent note des réservations; effectuent les vérifications de cartes de crédit, reçoivent les paiements et fournissent des reçus."
14101.02,questionnent les patients pour obtenir et traiter les renseignements requis pour la prestation de services hospitaliers ou médicaux;
14101.02,accueillent les patients; fixent les rendez-vous en se servant de systèmes manuels ou informatisés; acceptent et consignent les paiements reçus en échange des services dispensés; et indiquent aux patients où ils doivent se présenter.
14101.03,"utilisent un standard ou un système téléphonique pour répondre aux appels téléphoniques, les filtrer et les acheminer, prendre des messages, fournir les renseignements demandés et, s'il y a lieu, effectuent des tâches de bureau;"
14101.03,"répondent aux appels téléphoniques, prennent et acheminent les messages."
14101.04,"se servent des réseaux téléphoniques pour acheminer et établir les communications téléphoniques telles que les appels interurbains, les appels en provenance de téléphones publics ou de radiotéléphones mobiles et les appels de personne à personne. Ils organisent des téléconférences; offrent le service de relais téléphonique aux personnes ayant une déficience; et calculent et consignent, s'il y a lieu, les frais d'appel."
14102,"traiter, vérifier et consigner la documentation reliée aux activités du service du personnel, telles que la dotation, le recrutement, la formation, les griefs, les évaluations de rendement et la classification;"
14102,"tenir et mettre à jour les systèmes de classement et d'enregistrement manuels et informatisés, et compiler et rédiger des rapports et des documents reliés aux activités du service du personnel;"
14102,"répondre aux demandes de renseignements faites par le personnel et le public, par téléphone ou par écrit, au sujet des services du personnel;"
14102,"prendre des dispositions en vue d'annoncer ou d'afficher les postes vacants, aider à sélectionner et à évaluer les candidats et vérifier les références;"
14102,administrer et noter les tests d'aptitude professionnelle tels que les examens d'entrée au clavier et de lecture d'épreuves;
14102,prendre des dispositions pour mettre en place des activités de formation interne et externe.
14103,Les commis des services judiciaires
14103,"faire régner l'ordre dans les salles d'audience, lire les accusations, recevoir les réponses des accusés aux accusations, faire prêter serment aux témoins et exécuter d'autres tâches de bureau dans la salle du tribunal;"
14103,"préparer les dossiers, le rôle des causes et d'autres documents connexes;"
14103,"consigner la procédure principale, y compris les plaidoyers, les noms des témoins, la date, l'heure et les jugements rendus;"
14103,veiller au soin et à la garde des pièces à conviction;
14103,préparer les documents nécessaires à la sélection du jury et participer à cette sélection;
14103,"mettre à jour et tenir les index et les dossiers du greffe, sur papier et en format électronique, les mesures prises par le tribunal ou en réponse aux décisions du tribunal;"
14103,"percevoir les amendes, les frais et les fonds à transférer en fiducie, les acheminer et en rendre compte;"
14103,aider le public au greffe.
14103,Les officiers de justice
14103,Apporter le matériel nécessaire dans la salle d’audience avant les procès;
14103,escorter le juge à la salle d’audience;
14103,assurer la sécurité de tous dans la salle d’audience;
14103,maintenir le décorum du tribunal et veiller à ce que les procédures et les règles soient respectées;
14103,lire les accusations et consigner les plaidoyers des accusés;
14103,"transporter les prisonniers vers et depuis le palais de justice et les centres de détention, les hôpitaux psychiatriques, les divisions de police ou ailleurs;"
14103,assurer la sécurité des prisonniers dans la cellule du palais de justice et tout en les escortant vers et depuis les salles d'audience;
14103,tenir les registres des prisonniers.
14103,Les administrateurs de tribunaux
14103,coordonner les services administratifs et établir les priorités de travail pour les employés des tribunaux;
14103,superviser les greffiers et autres professionnels des services judiciaires;
14103,"planifier les procès, les conférences et audiences préalables au procès;"
14103,superviser la tenue des archives judiciaires;
14103,aider à la préparation des budgets annuels;
14103,"supporter, s’il y a lieu, la gestion du personnel, des opérations et des installations judiciaires."
14110.01,communiquer avec des personnes par téléphone ou en personne et leur expliquer le but de l'entrevue;
14110.01,poser des questions en suivant les grandes lignes des questionnaires et des sondages;
14110.01,consigner les réponses sur papier ou directement dans une base de données en utilisant des systèmes d'entrevues par ordinateur.
14110.02,vérifier que l'information recueillie est complète et exacte;
14110.02,coder l'information selon les manuels de codage établis et faire la saisie de données dans des programmes informatiques basés sur les statistiques;
14110.02,effectuer les analyses statistiques courantes;
14110.02,compiler les données recueillies au cours d'entrevues et auprès d'autres sources pour rédiger des rapports et des listes.
14111,"recevoir et enregistrer des factures, des formulaires, des dossiers et d'autres documents pour la saisie de données;"
14111,"saisir des données dans des bases de données informatisées, des tableurs ou d'autres modèles à l'aide de claviers, de souris, de numériseurs optiques, de logiciels de reconnaissance de la parole ou d'autres outils d'entrée de données;"
14111,échanger des données d'un logiciel à un autre;
14111,vérifier si les données sont exactes et complètes;
14111,"identifier, étiqueter et organiser les dispositifs de stockage électroniques;"
14111,maintenir des bibliothèques de dispositifs de stockage électroniques.
14112.01,"utilisent des logiciels et du matériel d'éditique pour concevoir, mettre en page et produire des copies prêtes à photographier; assurent, s'il y a lieu, les fonctions d'opérateur d'équipement de prémise en train;"
14112.01,inscrivent sur le papier les codes informatiques et les instructions typographiques avant la mise en page du texte.
14112.02,"assurent la saisie du texte, des codes ou des commandes ainsi que les corrections ultérieures dans l'appareil ou dans le système de composition;"
14112.02,utilisent les machines de conversion de support afin de traiter et de mettre en forme les textes reçus sous forme électronique;
14112.02,"actionnent l'équipement typographique de sortie et en surveillent le fonctionnement; chargent et traitent les matières photosensibles, et effectuent les travaux d'entretien courant."
14200,"calculer, préparer et émettre des documents associés aux comptes, tels que des factures, des relevés d'inventaire, des états de compte et d'autres relevés financiers, en utilisant des systèmes informatisés et manuels;"
14200,"coder, totaliser, réunir en lots, consigner dans un registre ou saisir à l'ordinateur, et vérifier et rapprocher des transactions, telles que les comptes fournisseurs et clients, la paye, les commandes, les chèques, les factures, les demandes de chèques et les relevés bancaires;"
14200,"compiler les données et documents budgétaires à partir des estimations des recettes et dépenses, et des budgets précédents;"
14200,préparer des relevés ou rapports de revient ou périodiques;
14200,"calculer les coûts des matériaux, les frais généraux et autres dépenses à partir des estimations, des devis et des listes de prix;"
14200,"répondre aux demandes d'information des clients, entretenir de bons rapports avec les clients et résoudre des problèmes;"
14200,"effectuer d'autres tâches de bureau connexes, telles que le traitement de texte, la tenue de dossiers et du classement, les envois par télécopieur et les photocopies."
14201.01,"compiler les relevés des dépôts, des retraits, des remboursements de prêts et des versements hypothécaires, des chèques, des achats, des ventes et de l'échange des valeurs;"
14201.01,"traiter les demandes et les paiements de prêts et de prêts hypothécaires, les demandes de régime d'épargne-retraite, les dépôts à terme, les traites et les mandats;"
14201.01,"vérifier et faire le bilan des transactions effectuées au guichet automatique et des écritures dans le grand livre, calculer les frais de service et les paiements d'intérêt, et aviser les clients des divergences entre les comptes et des cartes bancaires saisies;"
14201.01,"répondre aux demandes de renseignements sur les produits, les politiques et les services bancaires;"
14201.01,"vendre, s'il y a lieu, des traites, des mandats, des chèques de voyage et des devises étrangères, louer des coffrets de sûreté et ouvrir et fermer des comptes d'épargne, des comptes de chèque et d'autres types de compte."
14201.02,"traiter les admissions, les résiliations, les opérations relatives aux réclamations, les modifications de police d'assurance et les paiements de primes;"
14201.02,"étudier les demandes d'assurance et vérifier la couverture, les primes versées et d'autres renseignements ayant trait aux assurances;"
14201.02,"calculer les primes d'assurance, les prestations de retraite et les rentes;"
14201.02,"recueillir et tenir à jour des données sur des réclamations, les taux et d'autres données et registres relatifs aux assurances;"
14201.02,"répondre aux demandes de renseignements sur les produits, les polices et les services d'assurances."
14201.03,"établir et tenir à jour les listes ayant trait aux locations, aux ventes et les autres listes relatives aux biens réels;"
14201.03,"établir et tenir à jour les listes d'actions, d'obligations et d'autres titres;"
14201.03,"trier, vérifier et traiter les transactions immobilières, les opérations sur titres et d'autres opérations financières;"
14201.03,répondre aux demandes de renseignements et au courrier.
14202,"communiquer, par téléphone, par la poste ou par courrier recommandé, avec les clients pour les aviser qu'ils ont des paiements en retard et des comptes en souffrance, et recommencer si une réponse n'est pas reçue;"
14202,"résoudre les problèmes de recouvrement en prenant des arrangements avec le débiteur, soit par téléphone, soit en le rencontrant en personne;"
14202,recommander des nouvelles initiatives ou la suspension de la prestation des services si le paiement n'est pas remis;
14202,"rechercher et trouver les débiteurs, et communiquer, au besoin, avec les amis, les voisins, les parents et les employeurs des débiteurs afin d'obtenir des renseignements;"
14202,"répondre au courrier, rédiger des rapports et tenir à jour les registres et dossiers ayant trait au recouvrement;"
14202,"se servir, s'il y a lieu, de comptes et de systèmes en direct."
14300,mettre en circulation et recevoir les livres et autres documents de la bibliothèque;
14300,trier et ranger les livres et d'autres documents de la bibliothèque sur les rayons;
14300,"exécuter des tâches de bureau, telles que du classement de dossiers physiques ou électroniques, et faire le relevé des paiements reçus;"
14300,renouveler les abonnements aux périodiques;
14300,"aider les usagers à accéder aux documents et aux services en ligne de la bibliothèque, et à faire des prêts interbibliothèques."
14301.01,prennent des commandes de petites annonces; rédigent et préparent des textes; calculent les frais de publicité et préparent les factures des clients.
14301.02,"rédigent des lettres d'affaires et du gouvernement, telles que les réponses aux demandes de renseignements et d'aide concernant les demandes d'indemnité, le crédit, la facturation et les plaintes au sujet du service."
14301.03,"aident à la préparation des périodiques, des annonces publicitaires, des catalogues, des annuaires et d'autre matériel destiné à la publication;"
14301.03,vérifient les faits et effectuent des recherches;
14301.03,"lisent des textes avant la publication pour relever des erreurs grammaticales, typographiques ou de composition."
14301.04,"lisent des journaux, des revues, des magazines, des communiqués et d'autres publications, afin de découper et de classer des articles qui ont un intérêt particulier pour les employés et les clients."
14301.05,"compilent, vérifient, consignent, et traitent des demandes, des permis, des licences, des contrats, des immatriculations, des bons de commande et d'autres formulaires et documents conformément aux méthodes et aux lignes directrices, à l'aide des systèmes de traitement;"
14301.05,"autorisent et émettent des permis, des licences, des papiers d'immatriculation, des remboursements et d'autres documents une fois les demandes traitées et approuvées."
14400,"déterminer le mode d'expédition et prendre les arrangements nécessaires; établir, à la main ou à l'ordinateur, les notes de chargement, les documents de douanes, les factures et les autres documents d'expédition;"
14400,"assembler des contenants et des caisses de marchandises, en consigner le contenu à la main ou à l'ordinateur, emballer les articles à expédier et y apposer des étiquettes d'identification et des instructions d'expédition;"
14400,surveiller le chargement et le déchargement des articles dans des camions ou d'autres véhicules;
14400,"examiner et vérifier les articles en les comparant avec les factures ou d'autres documents, noter les articles manquants et retourner les articles endommagés;"
14400,"déballer, coder et distribuer les articles aux endroits d'entreposage appropriés;"
14400,"gérer les systèmes internes, manuels ou informatisés de conservation des dossiers;"
14400,"conduire, au besoin, un chariot élévateur, un chariot manuel ou tout autre équipement pour charger ou décharger, transporter ou stocker des articles."
14401,recevoir et trier les pièces et les fournitures;
14401,"stocker les articles d'une façon ordonnée et de manière à ce qu'ils soient facilement accessibles, dans un entrepôt, un dépôt d'outils, ou de fournitures ou ailleurs;"
14401,traiter les demandes reçues et acheminer ou distribuer les pièces et les fournitures à l'intérieur de l'établissement;
14401,"tenir à jour des registres sur les commandes et le nombre, le genre des pièces et des fournitures disponibles et l'endroit où elles sont rangées à l'aide d'un système manuel ou informatisé;"
14401,préparer les commandes pour réapprovisionner les réserves de pièces et de fournitures;
14401,"vendre des pièces détachées et de rechange pour les véhicules automobiles, la machinerie ou l'équipement, dans le commerce de détail;"
14401,"donner des conseils aux clients d'un magasin de détail, ou aux utilisateurs de l'établissement, sur la pertinence des pièces, les fournitures et les matériaux demandés."
14402,"trouver, trier ou déplacer des marchandises entre les différentes parties de la fabrication et recevoir, déballer et suivre les marchandises;"
14402,compiler des feuilles de travail détaillées à l'aide des commandes et des instructions reçues des clients;
14402,comparer les articles emballés avec la commande du client et d'autres données d'identification pour le contrôle de la qualité;
14402,compiler des rapports sur l'avancement des travaux et sur les problèmes de production éventuels;
14402,suivre l’inventaire des matériaux et rédiger des commandes pour les nouveaux matériaux;
14402,garder le contact avec les fournisseurs pour assurer que les fournitures et le matériel sont expédiés à temps;
14402,préparer des estimations de matériel afin de s'assurer que suffisamment de matériel est disponible pour mener à bien les projets de production.
14403.01,"examiner les demandes pour en assurer l'exactitude et vérifier si le matériel, l'équipement et les stocks sont vraiment épuisés;"
14403.01,trouver des sources et obtenir les prix à partir de catalogues ou de fournisseurs et préparer les bons de commande d'achat;
14403.01,calculer les coûts des commandes et en demander le paiement ou transmettre les factures aux services concernés;
14403.01,traiter les achats pour lesquels ils ont le pouvoir d'achat;
14403.01,"communiquer avec les fournisseurs pour fixer l'horaire des livraisons et pour résoudre les problèmes d'articles manquants, de livraisons oubliées et autres problèmes;"
14403.01,"préparer et tenir à jour des dossiers d'achats, des rapports et des listes de prix."
14403.02,"surveiller le niveau des stocks à mesure que les  matériaux, l'équipement et autres articles sont mis en circulation, transférés à l'intérieur de l'établissement ou vendus au public, à l'aide d'un système manuel ou informatisé;"
14403.02,"compiler les rapports sur l'inventaire, enregistrer la quantité, la nature et la valeur des matériaux, de l'équipement et des stocks disponibles, à l'aide d'un système manuel ou informatisé;"
14403.02,"préparer les commandes pour renouveler les stocks de matériaux, d'équipement et d'autres articles;"
14403.02,"voir au roulement des stocks, dresser la liste des stocks périmés et les éliminer;"
14403.02,"entrer les données nécessaires à la préparation du calendrier de production, au réapprovisionnement ou déplacement des stocks et aux rajustements de l'inventaire;"
14403.02,faire concorder les inventaires calculés par ordinateur avec les décomptes manuels des articles en stock.
14404,"recevoir des demandes d'aide ou de service d'urgence et communiquer avec les services d'ambulance, de police et d'incendie, les dépanneuses et les équipes de services d'utilité publique;"
14404,"traiter et transmettre les renseignements et les instructions afin de coordonner les activités des conducteurs de véhicules et des équipes, ainsi que le mouvement du matériel à l'aide de divers appareils de communication et de répartition assistés par ordinateur;"
14404,répartir le personnel selon les horaires écrits et les feuilles de travail ou en fonction des situations d'urgence;
14404,"informer les chauffeurs des véhicules au sujet des problèmes de circulation et routiers reliés à la construction, aux accidents, aux embouteillages, aux conditions météorologiques, aux restrictions de poids et de taille, et d'autres situations;"
14404,"faire fonctionner de l'équipement radio afin de communiquer avec les navires, les avions, les équipes de mineurs, les plates-formes de forage en mer, les camps de bûcherons et autres opérations éloignées;"
14404,contrôler la charge de travail du personnel et ses déplacements;
14404,tenir les dossiers des conducteurs de véhicules à jour en se servant de systèmes manuels et automatisés et veiller à ce que les feuilles de temps et les bordereaux de paye soient remplis de façon exacte;
14404,"tenir à jour des registres manuels et informatisés de la distance parcourue, de la consommation de carburant, des réparations et des autres dépenses, et préparer des rapports."
14405,"examiner les demandes d'horaire, les données sur le nombre de passagers et le fret, les temps de parcours, les distances, la disponibilité du personnel et autres renseignements pertinents en vue de déterminer les paramètres pour l'établissement des horaires;"
14405,"élaborer de nouveaux horaires, ou modifier les horaires existants, selon les besoins, à l'aide de logiciels informatiques ou autres méthodes;"
14405,"tenir compte des éléments qui influent sur la circulation, par exemple les périodes de pointe, les congés, les manifestations spéciales et les travaux de construction, en vue d'assurer un service efficace tout en réduisant les coûts;"
14405,"affecter le personnel aux véhicules, lui assigner un itinéraire et établir l'horaire des équipes de travail;"
14405,"rassembler des données provenant des dossiers du personnel et des registres des véhicules, notamment des données sur les heures d'utilisation, les distances, l'entretien, les réparations nécessaires et autres données en vue de produire des rapports d'exploitation;"
14405,"préparer, au besoin, des guides d'usagers et autres documents d'information sur les services publics."
20010,"planifier, organiser, diriger, contrôler et évaluer les activités et les opérations d'un département, d'un service ou d'une entreprise d'ingénierie;"
20010,"élaborer et mettre en oeuvre des politiques, des normes et des directives pour l'exécution des travaux d'ingénierie dans le département, le service, le laboratoire ou l'entreprise;"
20010,"consulter les clients ou discuter avec eux afin d'établir les devis descriptifs, d'expliquer les propositions, de présenter les rapports de recherche et les découvertes dans le domaine du génie;"
20010,"attribuer, coordonner et vérifier les travaux techniques du service ou des groupes d'études;"
20010,recruter le personnel et veiller à son perfectionnement professionnel dans les domaines appropriés;
20010,"participer directement, s'il y a lieu, à la conception, à l'élaboration et à l'inspection des projets techniques ou au travail d'ingénierie du service."
20011.01,"planifier, organiser, diriger, contrôler et évaluer les activités et le fonctionnement des services d'urbanisme ou d'entreprises d'architecture;"
20011.01,"élaborer et mettre en oeuvre des politiques, des normes et des directives pour l'exécution des travaux d'architecture et d'urbanisme  effectués par le service ou l'entreprise;"
20011.01,recruter le personnel et veiller à son perfectionnement professionnel dans les domaines appropriés;
20011.01,"attribuer, coordonner et vérifier les travaux techniques du service ou des groupes d'études;"
20011.01,"consulter, au besoin, les clients ou discuter avec eux afin d'établir les devis descriptifs, d'expliquer les propositions, ou de présenter les rapports de recherche dans le domaine de l'architecture;"
20011.01,"participer directement, s'il y a lieu, à la conception, à l'élaboration et à l'inspection des projets techniques du service."
20011.02,"planifier, organiser, diriger, contrôler et évaluer les activités de recherche, de développement ou de production d'un laboratoire ou d'une entreprise de recherche et développement scientifique;"
20011.02,"élaborer et mettre en œuvre des politiques, des normes et des procédures pour l’exécution des travaux scientifiques et techniques effectués dans le laboratoire, le département, le service ou l'entreprise;"
20011.02,"attribuer, coordonner et vérifier les travaux scientifique du service ou des groupes d'études;"
20011.02,"s'entretenir avec des scientifiques, des ingénieurs, des organismes de réglementation ou d'autres personnes pour planifier ou examiner des projets;"
20011.02,"développer des relations avec les clients et communiquer avec eux pour expliquer les propositions, présenter les résultats des recherches, établir des spécifications ou discuter de l'état d'avancement du projet;"
20011.02,"examiner les activités du projet, préparer et examiner les rapports de recherche, d'essai ou d'exploitation;"
20011.02,recruter le personnel et veiller à son perfectionnement professionnel dans les domaines appropriés;
20011.02,"participer directement, s'il y a lieu, à la conception, à l'élaboration et à l'inspection des travaux scientifiques, théoriques ou appliqués, du service."
20012,"planifier, organiser, diriger, contrôler et évaluer les activités des services et entreprises s'occupant de systèmes informatiques et de traitement électronique de l'information;"
20012,élaborer et mettre en oeuvre des politiques et des procédures visant le traitement électronique des données et le développement et les opérations de systèmes informatiques;
20012,"rencontrer les clients pour discuter des caractéristiques des systèmes, des spécifications techniques, des coûts et des échéanciers;"
20012,"former et gérer des équipes de spécialistes en informatique pour concevoir, mettre au point, mettre en exploitation, faire fonctionner et administrer des logiciels informatiques et de télécommunication, des réseaux et des systèmes informatiques;"
20012,"contrôler le budget et les dépenses d'un service, d'une entreprise ou d'un projet;"
20012,"recruter et superviser des analystes, des ingénieurs et des techniciens en informatique, des programmeurs et d'autres employés, et assurer leur perfectionnement professionnel et leur formation."
21100.01,concevoir des plans de recherche et diriger la recherche en physique théorique et expérimentale;
21100.01,analyser des données de recherche et rédiger des rapports;
21100.01,"faire partie d'une équipe de recherche ou de développement, et participer à la conception et à la mise au point de nouveaux équipements, méthodes ou instruments industriels, expérimentaux ou médicaux."
21100.02,"préparer et exécuter des campagnes d'observation, effectuer des analyses détaillées et mettre au point des modèles numériques visant à augmenter la connaissance des corps célestes et du rayonnement cosmique;"
21100.02,mettre au point des instruments et des logiciels d'observation et d'analyse astronomiques ou participer à la mise au point de ces instruments.
21101,"analyser, synthétiser, purifier, modifier et caractériser des composés chimiques ou biochimiques;"
21101,"préparer et exécuter des programmes d'analyse afin de contrôler la qualité des substances brutes, des produits chimiques intermédiaires et des produits finis;"
21101,"exécuter les programmes d'échantillonnage, de collecte et d'analyse des données afin d'identifier des substances toxiques dans le milieu et de les dénombrer;"
21101,faire de la recherche visant à développer de nouvelles formules et de nouveaux procédés et concevoir de nouvelles applications pour les produits chimiques industriels et leurs composés;
21101,"faire de la recherche afin de découvrir, de développer, de raffiner et d'évaluer de nouveaux produits, tels que ceux utilisés dans les domaines de la nanomédecine, la nanoélectronique, et d'autres applications en chimie;"
21101,faire de la recherche fondamentale et appliquée sur les synthèses et propriétés des composés chimiques ainsi que sur les mécanismes des réactions chimiques;
21101,"étudier l'aspect chimique de l'action des médicaments, du diagnostic et du traitement des maladies, du fonctionnement des organes et de l'examen de santé;"
21101,"participer à des programmes interdisciplinaires de recherche et développement avec des ingénieurs chimistes, des biologistes, des microbiologistes, des agronomes, des géologues ou autres professionnels;"
21101,agir à titre de conseiller technique dans certains domaines précis;
21101,"participer, s'il y a lieu, à la commercialisation de nouveaux produits;"
21101,"superviser, s'il y a lieu, d'autres chimistes, technologues et techniciens en chimie."
21102.01,"faire de la recherche théorique et appliquée pour améliorer la connaissance des caractéristiques superficielles et souterraines de la terre, de son histoire et de l'opération des systèmes physiques, chimiques et biologiques qui contrôlent son évolution;"
21102.01,"planifier et diriger des campagnes géologiques, géochimiques et géophysiques et des programmes de forage et d'essais géologiques et y participer;"
21102.01,"planifier et diriger des programmes de relevés sismiques, géodésiques, électromagnétiques, magnétiques, gravimétriques, radiométriques, par radar et par autres moyens de télédétection, et y participer;"
21102.01,"planifier et diriger l'analyse des données rassemblées lors des relevés géologiques, géochimiques et géophysiques, des résultats des diagraphies et d'autres tests, des cartes, des notes et des coupes transversales, et y participer;"
21102.01,élaborer des modèles et des logiciels appliqués à l'analyse et à l'interprétation des données;
21102.01,"planifier et mener des études analytiques de carottes, de déblais de forage et d'échantillons de roches pour en déterminer la composition chimique, minérale, biologique et la composition en hydrocarbures et pour évaluer l'environnement sédimentaire et l'âge géologique;"
21102.01,"évaluer l'étendue, l'orientation et la composition des gisements de minéraux et d'hydrocarbures;"
21102.01,"identifier les dépôts de matériaux de construction et déterminer leurs caractéristiques et leur application possible pour les agrégats en béton, les remblais pour des routes ou pour d'autres usages;"
21102.01,"mener des études géologiques et géophysiques en vue du développement régional et fournir des conseils dans des domaines tels que le choix des emplacements, la gestion des déchets et la restauration des sites contaminés;"
21102.01,"recommander l'achat de terres, l'exécution de programmes d'exploration et de cartographie et d'exploitation minière;"
21102.01,"identifier et fournir des conseils sur les risques naturels prévisibles tels que l'érosion des pentes, les glissements de terrain, l'instabilité des sols, l'affaissement de terrains, les tremblements de terre et les éruptions volcaniques;"
21102.01,"superviser, au besoin, et coordonner les travaux de forage, d'achèvement et de reconditionnement des puits ainsi que les activités minières."
21102.02,"faire de la recherche océanographique théorique et appliquée pour améliorer la connaissance des caractéristiques et du fonctionnement physique, chimique et biologique des océans;"
21102.02,"planifier et diriger l'échantillonnage et l'analyse de l'eau marine, de plancton, de poissons, de sédiments et de roches, et y participer;"
21102.02,"étudier les propriétés physiques des océans afin d'élaborer des modèles, des graphiques, et des simulations par ordinateur de conditions océaniques telles que les marées, les vagues, les courants et le transport de sédiments;"
21102.02,"étudier à fond le plancher de l'océan et les structures géologiques sous-marines, mener des levés sismiques et étudier la formation de bassins océaniques afin d'établir une représentation graphique du plancher océanique, de l'érosion côtière, de la sédimentation et des zones possibles pour l'exploration extracôtière de pétrole et de gaz;"
21102.02,"planifier et mener des enquêtes sur les propriétés chimiques des océans, les processus et les planchers océaniques, l'atmosphère marin et les volcans sous-marins afin d'analyser l'impact des changements environnementaux;"
21102.02,étudier la vie marine et son interaction avec les environnements physiques et chimiques afin d'évaluer l'impact des polluants sur l'écologie marine et d'élaborer des méthodes de mariculture écologiques.
21103,"analyser et interpréter les données provenant des stations météorologiques, des radars et des satellites, et des modèles de production informatique;"
21103,"produire des prévisions météorologiques et fournir des services de consultations météorologiques à des secteurs industriels comme l'aviation, la marine, l'agriculture et le tourisme, ainsi qu'au grand public;"
21103,"diffuser les prévisions et rapports météorologiques au grand public par différents moyens, dont la radio, la télévision, la presse écrite et Internet;"
21103,"faire de la recherche portant sur les processus et les facteurs qui agissent sur les phénomènes atmosphériques, les conditions météorologiques et le climat, la dispersion atmosphérique et les mutations physiques et chimiques des polluants et fournir des services d'expertise à ces égards;"
21103,"élaborer et mettre à l'essai des modèles mathématiques météorologiques ou climatiques conçus sur ordinateurs, pour l'expérimentation ou pour les prévisions;"
21103,"analyser les répercussions des projets industriels et de l'activité humaine sur le climat et la qualité de l'air et collaborer avec les experts en sciences sociales, en génie et en économie pour élaborer des stratégies d'atténuation qui conviennent;"
21103,participer à des études de l'effet des conditions météorologiques sur l'environnement;
21103,"donner des conseils et des suggestions à des organismes privés, des professionnels ou des chercheurs concernant l'usage et l'interprétation d'information climatologique;"
21103,"donner des conférences scientifiques, publier des rapports, des articles ou des textes de vulgarisation pour les spécialistes, les usagers ou le grand public;"
21103,"participer, au besoin, à la conception et à la mise au point de nouveaux équipements et de nouvelles méthodes de collecte de données météorologiques, de télédétection ou autres applications connexes."
21109.01,effectuent des études sur les propriétés et la production des métaux et des alliages.
21109.02,"effectuent des recherches sur les propriétés, la composition et la production de matériaux, tels que la céramique et les matériaux composites."
21109.03,"effectuent des recherches sur la composition, la distribution et l'évolution des sols."
21109.04,"commandent, pilotent ou servent en tant que membre de l'équipage à bord d'astronefs afin de mener de la recherche et des expérimentations, et participent à des missions spatiales à titre de spécialistes de mission afin de veiller à l'entretien des astronefs, de réparer et d'installer de l'équipement sur la station spatiale, et de lancer et de récupérer des satellites."
21110.01,"planifier et effectuer des études sur l'environnement ainsi que sur la population, la répartition, la structure, les caractéristiques fonctionnelles et le comportement des plantes et des animaux;"
21110.01,effectuer des études sur les répercussions écologiques et environnementales et rédiger des rapports;
21110.01,"étudier, identifier et classifier des plantes et des animaux;"
21110.01,"faire des expériences sur la croissance, l'hérédité et la reproduction des plantes et des animaux;"
21110.01,rédiger des rapports et des plans pour la gestion des ressources renouvelables;
21110.01,"superviser, s'il y a lieu, des technologues et des techniciens en biologie ainsi que d'autres scientifiques."
21110.02,"faire des recherches sur la structure, les fonctions, l'écologie, la biotechnologie et la génétique des micro-organismes, y compris les bactéries, les champignons, les protozoaires et les algues;"
21110.02,"faire des recherches sur la structure et le fonctionnement des cellules et des tissus humains, animaux et végétaux;"
21110.02,"faire des études sur l'identification, les effets et le contrôle des organismes pathogènes et les toxines qui affectent les êtres humains, les végétaux et les animaux;"
21110.02,"faire des essais cliniques ou de laboratoire pour la mise à l'épreuve, l'évaluation et le dépistage des drogues, des produits pharmaceutiques et des nanoparticules utilisées dans des applications biomédicales;"
21110.02,"faire des études de biologie moléculaire ou de biochimie et des expériences sur l'expression des gènes, leur manipulation et la technologie de recombinaison de l'ADN;"
21110.02,"faire de la recherche biotechnologique afin de découvrir, développer, raffiner et évaluer de nouveaux produits;"
21110.02,"participer, s'il y a lieu, à la commercialisation de nouveaux produits;"
21110.02,"surveiller, s'il y a lieu, les travaux de technologues et de techniciens en biologie ainsi que d'autres scientifiques;"
21110.02,"effectuer, s'il y a lieu, des analyses de données biostatistiques à l'aide de techniques de modélisation mathématique."
21111,"planifier et diriger des inventaires forestiers et des études connexes, rédiger des rapports et faire des recommandations;"
21111,établir des plans à court et à long terme concernant la gestion des ressources et des terrains forestiers;
21111,"planifier et diriger des programmes d'exploitation forestière, de reboisement, de sylviculture, de prévention et de lutte contre les incendies de forêts, de construction de routes, de gestion de la faune, de protection environnementale et de contrôle des insectes et de la végétation;"
21111,"négocier les conditions d'ententes et de contrats en matière d'exploitation forestière, d'administration forestière et de location de terrains forestiers;"
21111,s'assurer du respect des conditions contractuelles et vérifier les résultats des activités forestières;
21111,assurer le respect des règlements gouvernementaux et des objectifs de la compagnie;
21111,planifier et mener des programmes de relations publiques ainsi que des programmes d'éducation et d'extension reliés au secteur forestier;
21111,élaborer et surveiller les programmes de production de semis d'arbres et les opérations de pépinières en régions boisées;
21111,"diriger des travaux de recherche poussée dans des domaines tels que l'amélioration générale des arbres, la production de semis en pépinières, les sols forestiers, l'écologie forestière, la dendrométrie, l'exploitation forestière et autres domaines;"
21111,"donner des conseils et faire des recommandations en tant que spécialiste, en matière de foresterie, aux propriétaires de boisés privés, aux administrations municipales, aux gouvernements fédéral et provinciaux et aux entreprises."
21112,"conseiller et renseigner les exploitants agricoles sur la fertilisation et les méthodes de culture, les récoltes, les soins des animaux et de la volaille, la prévention des maladies, la gestion agricole, le financement des exploitations agricoles, la commercialisation et autres sujets reliés à l'agriculture;"
21112,préparer et diriger des séances consultatives d'information et des exposés à l'intention des exploitants agricoles et d'autres groupes;
21112,"faire des recherches, analyser les données agricoles et rédiger des rapports de recherche;"
21112,"consulter des chercheurs, des agents d'éducation et des dirigeants gouvernementaux et d'entreprise sur les problèmes du domaine de l'exploitation agricole et de l'agriculture;"
21112,tenir des registres des services fournis et des résultats obtenus à la suite de la prestation des services consultatifs;
21112,"utiliser, s’il y a lieu, un véhicule aérien sans pilote/drone pour cartographier le drainage, planter des semences, analyser la santé des cultures et identifier les zones de stress et pulvériser uniformément des engrais ou des pesticides."
21120,"contrôler les conditions sanitaires des restaurants, hôtels, écoles, centres hospitaliers et autres institutions ou établissements publics;"
21120,effectuer des enquêtes et contrôler les programmes de l'environnement naturel afin d'identifier les sources de pollution;
21120,"recueillir des échantillons des spécimens biologiques et chimiques pour fins d’analyse; mesurer les dangers physiques, biologiques et chimiques en milieu de travail et effectuer des vérifications environnementales et sécuritaires;"
21120,"enquêter sur les plaintes concernant la santé et la sécurité, les déversements de produits chimiques, les épidémies ou les empoisonnements;"
21120,"inspecter les milieux de travail afin de s'assurer que l'équipement, les matériaux et les procédés de production ne représentent aucun danger pour l’environnement ou pour la santé et la sécurité des employés ou du grand public;"
21120,diriger et soutenir l’élaboration et la mise en œuvre des programmes et des stratégies en matière de santé environnementale et sécurité publique afin d’atténuer les risques et d’optimiser la santé et la sécurité du grand public et des travailleurs et la protection de l’environnement;
21120,"entamer des procédures de mise en application afin de condamner à une amende ou de fermer un établissement qui ne respecte pas les règlements municipaux, provinciaux ou fédéraux;"
21120,"fournir des services de consultation et des programmes de formation aux employeurs, aux employés et au grand public sur les questions reliées à la santé publique, à la protection environnementale et à la sécurité en milieu de travail."
21200,"consulter les clients afin de déterminer le genre, le style et le but des rénovations ou de la nouvelle construction d'un édifice;"
21200,"conceptualiser et concevoir des immeubles, et établir le plan des devis descriptifs, des matériaux de construction, des coûts et des horaires de construction;"
21200,préparer des esquisses et des maquettes pour les clients;
21200,"préparer les dessins, les devis descriptifs et tout autre document de construction pour les entrepreneurs et le personnel de métier, ou en superviser l'exécution;"
21200,"préparer des documents d'appel d'offres, participer à la négociation de contrats et accorder des contrats de construction;"
21200,surveiller les activités sur le chantier de construction afin d'assurer la conformité aux devis descriptifs;
21200,exécuter des études de faisabilité et des analyses financières des projets de construction.
21201,discuter avec les clients pour déterminer leurs besoins en aménagement paysager;
21201,"examiner et évaluer le terrain et concevoir un aménagement paysager en tenant compte des caractéristiques du paysage, des bâtiments, du climat, de l'usage futur et autres aspects;"
21201,"préparer ou superviser la préparation des croquis détaillés des terrains, y compris les caractéristiques telles que les arbres, les arbustes, les jardins, les appareils d'éclairage, les allées, les patios, les terrasses, les bancs, les clôtures, les murs de soutènement et les fontaines;"
21201,"préparer ou superviser la préparation des plans du terrain, des rapports, des croquis, des modèles, des photographies, des cartes, des études de l'utilisation du terrain et l'élaboration de plans de projets tels que le nivellement de terrain, le drainage ou la plantation et les détails de construction;"
21201,"évaluer les coûts, préparer les devis descriptifs et étudier les soumissions de projets de construction d'aménagement paysager;"
21201,"effectuer des études d'aménagement environnemental, y compris l'évaluation environnementale, la planification, la conservation et la reconstitution de sites historiques;"
21201,"effectuer des études de planification physique dans les collectivités et les quartiers, prendre part à des études multidisciplinaires de conception urbaine, rédiger les lignes directrices de conception et élaborer des plans directeurs;"
21201,"diriger et superviser, s'il y a lieu, les travaux de construction des aménagements paysagers."
21202,"recueillir et analyser des données sur les facteurs démographiques, économiques, juridiques, politiques, culturels, sociologiques, physiques ou autres influant sur l'utilisation des sols;"
21202,"s'entretenir avec les autorités municipales, provinciales et fédérales, le public, les représentants de citoyens, les sociologues, les avocats, les lotisseurs, et les groupes d'intérêts afin d'élaborer et développer des plans d'utilisation des sols ou des plans communautaires;"
21202,"préparer et recommander des concepts de lotissement et des plans de zonage, de subdivisions, de réseaux de transport, de services d'utilité publique, d'installations communautaires, de parcs et d'autres utilisations des sols et des terres arables;"
21202,"préparer des plans d'aménagement pour protéger l'environnement des réserves fauniques, des parcs nationaux et provinciaux et assurer la protection de bassins hydrographiques;"
21202,"présenter des plans aux autorités civiles, rurales et régionales et tenir des assemblées publiques pour présenter les plans, les propositions ou les études de planification au grand public et aux groupes d'intérêts;"
21202,réviser et évaluer des propositions pour l'utilisation des sols et des propositions de plans de lotissement et préparer des recommandations;
21202,évaluer les demandes de permis de développement et administrer les règlements de planification et de zonage;
21202,établir des objectifs et des politiques à long terme pour l'utilisation des sols et la protection de l'environnement;
21202,superviser et coordonner le travail des techniciens et technologues en planification urbaine.
21203,"élaborer les plans, les méthodes et les techniques d'exécution des levés officiels;"
21203,"planifier, diriger et superviser ou effectuer des levés, afin d'établir et de marquer les limites des propriétés, des parcelles de terre, des terres provinciales ou du Canada, des terres visées par des revendications territoriales, des emplacements de puits, des concessions minières, des servitudes de passage des services publics, des routes et des autoroutes;"
21203,arpenter et délimiter les lotissements aux fins de développement rural et urbain;
21203,"déterminer des emplacements précis en se servant d'équipement électronique de mesure des distances, de système de positionnement global (GPS) ainsi que de véhicule aérien sans pilote/drone;"
21203,"analyser, gérer et afficher des données au moyen de systèmes d'information géographique (SIG) et de systèmes de conception et de dessin assistés par ordinateur (CDAO);"
21203,enregistrer toutes les mesures et autres données recueillies pendant les arpentages;
21203,"préparer ou superviser la préparation et la compilation de tous les documents, données, tableaux et dossiers reliés à l'arpentage des limites de propriétés;"
21203,certifier les données relevées pour déterminer les limites des propriétés et en assumer la responsabilité;
21203,agir en tant que consultant ou expert-conseil en matière de levés et d'arpentage et témoigner en qualité d'expert en levés officiels;
21203,"surveiller, au besoin, d'autres arpenteurs-géomètres, technologues et techniciens en arpentage."
21210.01,"effectuer des recherches afin d'approfondir les connaissances mathématiques dans les domaines traditionnels des mathématiques tels que l'algèbre, la géométrie, la probabilité et la logique;"
21210.01,"appliquer des techniques mathématiques à la résolution de problèmes dans des domaines scientifiques tels que les sciences physiques, l'ingénierie, l'informatique ou d'autres champs d'activité tels que la recherche opérationnelle, le commerce ou la gestion."
21210.02,effectuer des recherches sur les bases mathématiques de la science statistique;
21210.02,mettre au point la méthodologie statistique et donner des conseils sur les applications pratiques des méthodes statistiques;
21210.02,"appliquer une théorie et des méthodes statistiques pour donner des renseignements dans le domaine scientifique ou d'autres champs d'activité tels que la biologie et l'agriculture, le commerce et l'économie, les sciences physiques et l'ingénierie et les sciences sociales."
21210.03,appliquer des modèles mathématiques pour prévoir et calculer les coûts futurs probables des prestations d'assurance et de retraite;
21210.03,"concevoir des politiques d'assurance sur la vie, la santé et les biens et calculer les primes, cotisations et prestations associées aux polices d'assurance, aux régimes de retraite et aux pensions de retraite;"
21210.03,"aider, s'il y a lieu, les gestionnaires de fonds de placement à prendre des décisions concernant la distribution de l'actif dans les portefeuilles et la gestion du risque. Ils se servent aussi de ces techniques pour fournir des preuves juridiques sur la valeur des gains futurs."
21211,"Mettre en œuvre des techniques et des outils de pointe en matière d'apprentissage automatique, d'apprentissage approfondi et d'intelligence artificielle afin de rendre l'analyse des données plus efficace;"
21211,Effectuer des simulations à grande échelle pour identifier les relations cachées entre les variables dans de grands ensembles de données;
21211,"Créer des algorithmes d'apprentissage automatique avancé tels que la régression, la simulation, l'analyse de scénarios, la modélisation, le regroupement, les arbres de décision et les réseaux de neurones;"
21211,Préparer et extraire des données en utilisant un langage de programmation;
21211,"Mettre en œuvre de nouvelles méthodes statistiques, d'apprentissage automatique ou d'autres méthodes mathématiques pour résoudre des problèmes spécifiques d’entreprise;"
21211,Représenter les données d'une manière qui permet à l’entreprise de tirer rapidement des conclusions et de prendre des décisions;
21211,Développer des modèles et des algorithmes d'intelligence artificielle et les implémenter pour répondre aux besoins de l'organisation;
21211,Coordonner les activités de recherche et d'analyse utilisant des données non structurées et structurées et utiliser la programmation pour nettoyer et organiser les données.
21220,"consulter les clients pour identifier et documenter les exigences, évaluer les risques physiques et techniques pour la sécurité des données, des logiciels et du matériel;"
21220,appliquez les protocoles de cryptage et gérez les clés afin d’assurer que le niveau de sécurité requis des données est maintenu au repos et en transit;
21220,surveiller l'accès et les justificatifs d'identité pour l'information et les systèmes;
21220,"installer, tester et utiliser des logiciels et outils de sécurité tels que des systèmes antivirus et des systèmes automatisés de détection et de prévention des menaces afin de s'assurer que les mesures de sécurité sont en place et fonctionnent comme prévu;"
21220,"surveillez les cyberattaques, les intrusions et les activités inhabituelles, non autorisées ou illégales;"
21220,"planifier et mettre en œuvre des mesures de sécurité en réponse aux événements et incidents de cybersécurité conformément à un plan d'intervention des organisations en cas d'incident afin de protéger les informations, les données et les systèmes;"
21220,"documenter les politiques, les procédures et les tests en matière de sécurité informatique et de mesures d'urgence."
21221,déterminer et documenter les besoins des clients;
21221,analyser les processus des systèmes d'information et proposer des solutions sur mesure pour améliorer la performance et l'efficacité;
21221,"concevoir, développer, intégrer, mettre à l'essai et mettre en œuvre des systèmes de solutions d'affaires;"
21221,"participer à l'élaboration de recommandations sur les stratégies, les politiques, la gestion, la sécurité et la prestation de services des systèmes d'information;"
21221,"assurer la liaison entre les unités d'affaires, les équipes technologiques et les équipes de soutien;"
21221,"effectuer des essais afin d’assurer la fiabilité, l'exactitude et la fonctionnalité des modifications et des améliorations apportées au système."
21222,"concevoir, développer, tester, mettre en œuvre et superviser les systèmes informatiques;"
21222,collecter et analyser les données pour identifier les domaines à améliorer au sein des infrastructures informatiques de l’organisation;
21222,examiner les systèmes de technologies de l'information (TI) et les processus internes existants;
21222,"concevoir, mettre en œuvre et appliquer les politiques et les procédures liées au cycle de vie des logiciels afin d'optimiser l'efficacité, le rendement et la qualité des logiciels et des systèmes d'information et de garantir que tous les systèmes et processus répondent aux normes de l'organisation et aux exigences des utilisateurs;"
21222,développer des procédures et des tests d'assurance qualité pour le développement et l'amélioration des systèmes existants et des nouveaux systèmes;
21222,"identifier, analyser et documenter les anomalies et assurer la réalisation des correctifs appropriés;"
21222,effectuer des tâches d'entretien préventif sur les systèmes informatiques et les équipements périphériques.
21223.01,établir et documenter les besoins des utilisateurs;
21223.01,concevoir et élaborer l'architecture des bases de données pour les projets de systèmes informatiques;
21223.01,"concevoir, construire, modifier, intégrer, tester et mettre en application des modèles de données et des systèmes de gestion de base de données;"
21223.01,"effectuer des recherches et conseiller les autres professionnels en informatique en ce qui a trait au choix, à l'application et à la mise en place d'outils de gestion de bases de données;"
21223.01,se servir des systèmes de gestion de bases de données afin d'analyser les données et exécuter des analyses en exploration de données;
21223.01,"diriger, coordonner ou superviser, s'il y a lieu, d'autres travailleurs de ce groupe."
21223.02,"mettre au point et mettre en oeuvre les politiques, les normes et les modèles de gestion des données;"
21223.02,"étudier et documenter les exigences concernant les données, les politiques de collecte et d'administration des données, les règles d'accès et la sécurité;"
21223.02,"élaborer les politiques et procédures d'utilisation et d'accès au réseau ou à l'Internet, ainsi que les politiques et procédures de sauvegarde et de restauration des données;"
21223.02,"mener des études et fournir des conseils aux autres professionnels des systèmes d'information au sujet de la collecte, de la disponibilité, de la sécurité et de la recevabilité des données;"
21223.02,rédiger des scripts reliés aux procédures et aux  déclencheurs enregistrés;
21223.02,"diriger et coordonner, s'il y a lieu, des équipes d'administrateurs de données pour élaborer et mettre en oeuvre des politiques, des normes et des modèles de données."
21230,"écrire, modifier, intégrer et mettre à l'essai le code des logiciels;"
21230,assurer la mise à jour des programmes informatiques existants en effectuant les modifications de la manière spécifiée;
21230,"cerner et communiquer les problèmes techniques, procédures et solutions;"
21230,"préparer des rapports, des manuels et d'autres documents sur l'état, l'exploitation et l'entretien des logiciels;"
21230,prêter assistance dans la collecte et la documentation des besoins des utilisateurs;
21230,prêter assistance dans le développement des spécifications logiques et techniques;
21230,"mettre sur pied et diriger, s'il y a lieu, une équipe de programmeurs;"
21230,"rechercher et évaluer, s'il y a lieu, un grand nombre de produits logiciels."
21231,établir et documenter les besoins des utilisateurs et élaborer les spécifications logiques et matérielles;
21231,"étudier et évaluer les informations techniques et faire la synthèse pour concevoir, élaborer et tester les systèmes assistés par ordinateur y compris des applications mobiles;"
21231,"élaborer des modèles de données, de processus et de réseaux pour optimiser l'architecture et évaluer la performance et la fiabilité des prototypes;"
21231,"planifier, concevoir et coordonner l'élaboration, l'installation, l'intégration et l'exploitation des systèmes assistés par ordinateur y compris des applications mobiles;"
21231,"évaluer, tester, mettre au point, documenter, améliorer et élaborer des procédures d'entretien pour les systèmes d'exploitation, les environnements de communication et les logiciels d'application;"
21231,"diriger et coordonner, s'il y a lieu, des équipes de professionnels des systèmes d'information pour l'élaboration de logiciels et de systèmes d'information intégrés, de logiciels de commande de processus et d'autres systèmes de contrôle de logiciel intégré."
21232,"concevoir, écrire, lire, tester et corriger les codes d'un nouveau logiciel;"
21232,analyser les informations pour recommander et planifier l'installation de nouveaux systèmes ou la modification d'un système existant;
21232,"évaluer les relations entre les programmes, par exemple si un changement envisagé dans une partie d'un programme entrainerait des résultats non désirés dans une partie connexe;"
21232,programmer des logiciels d'animation en fonction de spécifications techniques prédéfinies pour des jeux vidéo interactifs et des applications Internet et mobiles;
21232,"écrire, modifier, intégrer et mettre à l'essai le code des logiciels destinés au commerce électronique et applications Internet et mobiles;"
21232,"développer, mettre en œuvre et maintenir des fonctionnalités de jeu qui s'intègrent de manière efficace aux logiciels existants;"
21232,rédiger la documentation pour les nouveaux logiciels et les mises à jour.
21233,"établir des lignes directrices, des normes et des pratiques de pour avoir une conception optimale;"
21233,maintenir l'apparence des sites Web en appliquant des normes de présentation du contenu;
21233,concevoir l'imagerie visuelle des sites Web et veiller à ce qu'elle soit cohérente avec l'image de l'organisation;
21233,intégrer des caractéristiques et des fonctionnalités dans les sites Web;
21233,"créer et optimiser le contenu du site Web en utilisant nombre de graphiques, bases de données, animations, ainsi que d'autres logiciels;"
21233,tester et améliorer la conception d'un site Web;
21233,"diriger et coordonner, s'il y a lieu, des équipes multidisciplinaires pour développer les graphiques et les contenus du site Web ainsi que ses capacités et son interactivité."
21234,"développer, écrire, modifier, intégrer et tester les codes et les interfaces d'applications Web liés au site Web;"
21234,"effectuer des tests et analyser les données afin de contrôler la qualité, la sécurité et l'expérience de l'interface utilisateur et d'identifier les domaines à améliorer;"
21234,élaborer et mettre en œuvre des procédures pour une révision continue du site Web;
21234,surveiller et maintenir la fonctionnalité du site Web;
21234,"participer, s'il y a lieu, à l'architecture et à la conception de sites Web en collaboration avec des concepteurs ou des clients;"
21234,"étudier et évaluer, s'il y a lieu, un grand nombre de logiciels de médias interactifs."
21300,s'entretenir avec les clients et les autres membres de l'équipe d'ingénieurs et effectuer des recherches pour déterminer les exigences relatives à la réalisation des projets;
21300,"planifier et concevoir de grands ouvrages de génie civil tels que des bâtiments, des routes, des ponts, des barrages, des installations d'alimentation en eau et de gestion des déchets et des ouvrages en acier structurel;"
21300,élaborer des devis descriptifs et des méthodes de construction;
21300,évaluer divers matériaux de construction et formuler des recommandations à ce sujet;
21300,"étudier, interpréter et approuver des travaux d'arpentage et des ouvrages de génie civil;"
21300,fournir des services de génie civil sur le terrain;
21300,"s'assurer que les plans satisfont aux lignes directrices, aux prescriptions des codes du bâtiment et à d'autres règlements;"
21300,préparer les calendriers d'exécution et voir à ce qu'ils soient respectés;
21300,"effectuer des études de faisabilité, des analyses économiques, des études sur la circulation municipale et régionale, des études des répercussions sur l'environnement et autres études;"
21300,"surveiller la qualité de l'air, de l'eau et du sol et élaborer des méthodes de nettoyage des sites contaminés;"
21300,"effectuer des analyses techniques des données de levés afin d'obtenir des renseignements sur la topographie, le sol, l'hydrologie et autres renseignements et rédiger des rapports;"
21300,agir à titre de chargé de projet ou de chantier pour les travaux d'arpentage ou de construction;
21300,préparer des documents contractuels et étudier et évaluer des soumissions concernant des projets de construction;
21300,"superviser le travail des techniciens, des technologues et autres ingénieurs et examiner et approuver des travaux de conception, des calculs et des estimations de coûts."
21301,"effectuer des recherches sur la faisabilité, la conception, l'exploitation et la performance de mécanismes, des composants et des systèmes;"
21301,"planifier et diriger des projets et préparer les matériaux, des estimations de coûts et de temps, des rapports et des devis de conception concernant la machinerie et les systèmes;"
21301,"concevoir des centrales, des machines, des composants, des outils, des appareils et du matériel;"
21301,analyser la dynamique et les vibrations des systèmes et structures mécaniques;
21301,"surveiller et inspecter la mise en place, la modification et la mise en service d'installations mécaniques sur des chantiers de construction ou dans des locaux industriels;"
21301,"élaborer des normes d'entretien, les horaires et programmes d'entretien et encadrer les équipes d'entretien industriel;"
21301,rechercher la cause des défaillances mécaniques ou des problèmes d'entretien non prévus;
21301,préparer des documents contractuels et évaluer des soumissions portant sur des travaux de construction ou d'entretien industriel;
21301,"superviser des techniciens, des technologues et autres ingénieurs et réviser et approuver les designs, les calculs et les coûts estimatifs."
21310,"diriger des recherches en matière de faisabilité, de conception, d'exploitation et de performance des réseaux de production et de transmission d'électricité, des composants et des appareillages électriques et des systèmes électroniques de communication, d'instrumentation et de contrôle;"
21310,"préparer des estimations de coûts et de temps ainsi que des devis de conception pour les systèmes et les installations électriques et électroniques, et rédiger des rapports;"
21310,"concevoir des circuits, des composants, des réseaux et des installations électriques et électroniques;"
21310,"mener des simulations, des caractérisations, des modélisations de processus et de l'intégration de micro ou de nanodispositifs dans l'élaboration de nouveaux produits et dispositifs électroniques;"
21310,"surveiller et vérifier l'installation, la modification, la mise à l'essai et le fonctionnement des systèmes et des appareils électriques et électroniques;"
21310,élaborer des normes d'entretien et d'exploitation pour les systèmes et les appareils électriques et électroniques;
21310,rechercher la cause des défaillances du matériel électrique et électronique;
21310,préparer des documents contractuels et évaluer des soumissions portant sur des travaux de construction ou d'entretien industriels;
21310,"superviser des techniciens, des technologues, des programmeurs, des analystes et d'autres ingénieurs."
21311.01,analyser les besoins des utilisateurs et concevoir et mettre au point une architecture de système et des spécifications;
21311.01,"faire des recherches, concevoir, mettre au point et intégrer du matériel informatique et de télécommunications comme des microprocesseurs, des circuits intégrés et des lasers semi-conducteurs;"
21311.01,concevoir et effectuer des simulations de contrôle et des essais au banc des composantes;
21311.01,"superviser, inspecter et assurer le soutien en matière de conception pendant la fabrication, et la mise en application du matériel informatique et de télécommunications;"
21311.01,forger et entretenir des relations avec les fournisseurs et les clients;
21311.01,"diriger et coordonner, s'il y a lieu, une équipe d'ingénieurs, de technologues, de techniciens et de dessinateurs aux fins de conception et d'élaboration de matériel informatique et de télécommunications."
21311.02,"faire des recherches, concevoir et élaborer l'architecture des réseaux de communication et d'information;"
21311.02,"faire des recherches, évaluer et intégrer les réseaux avec le matériel et les logiciels de communication de données;"
21311.02,"évaluer, documenter et optimiser la capacité et la performance des réseaux de communication et d'information;"
21311.02,"diriger et coordonner, s'il y a lieu, des équipes de spécialistes en conception aux fins de conception et d'intégration d'architecture de systèmes d'information et de communication, de matériel et de logiciels."
21320,"effectuer des études de faisabilité économique et technique dans des domaines reliés aux industries de la chimie, du pétrole, des pâtes et papiers, des aliments et autres industries de transformation;"
21320,"effectuer des recherches visant à élaborer ou à améliorer les procédés, les réactions et les produits chimiques;"
21320,évaluer le matériel et les techniques de transformation chimique et déterminer les spécifications de production;
21320,concevoir et mettre à l'essai des installations et du matériel de traitement chimique et autres processus connexes;
21320,"surveiller la construction, la modification, l'exploitation et l'entretien d'installations pilotes, d'unités ou d'installations de traitement;"
21320,"mettre sur pied et diriger des programmes de contrôle de la qualité, des procédures d'opération et des stratégies de contrôle pour assurer l'uniformité et la conformité aux normes en ce qui a trait aux matières premières, aux produits, aux déchets ou aux émissions;"
21320,préparer des documents contractuels et évaluer des soumissions portant sur les aspects de processus des travaux de construction industrielle;
21320,"superviser des techniciens, des technologues et d'autres ingénieurs;"
21320,"s'acquitter, au besoin, de tâches administratives notamment élaborer des directives et des prescriptions concernant la manutention des produits chimiques dangereux, la protection de l'environnement ou des normes sur les aliments, les matériaux et les produits de consommation."
21321,concevoir et établir les plans d'aménagement de l'usine et des installations;
21321,étudier la machinerie et les installations nouvelles et recommander ou choisir des combinaisons efficaces;
21321,élaborer des systèmes et des méthodes de fabrication souples ou intégrés;
21321,"effectuer des études et mettre en place des programmes visant à tenir les stocks à un niveau optimum pour la production et permettre une utilisation optimale de la machinerie, des matériaux et des ressources;"
21321,analyser les coûts de production;
21321,"concevoir, élaborer et mener des études de temps et des programmes de simplification du travail;"
21321,déterminer les ressources humaines et les compétences requises et élaborer des programmes de formation;
21321,"établir des normes de rendement, des systèmes d'évaluation, des échelles de salaires et des programmes d'encouragement;"
21321,effectuer des études sur la fiabilité et le rendement des installations de l'usine et des systèmes de production et d'administration;
21321,"élaborer des normes, des calendriers et des programmes d'entretien;"
21321,établir des programmes et mener des études visant à améliorer l'hygiène et la sécurité industrielles ou à identifier les risques d'incendie et autres dangers et à y apporter des mesures correctives;
21321,évaluer ou inventorier les installations industrielles;
21321,"superviser des techniciens, des technologues, des analystes, du personnel administratif et d'autres ingénieurs."
21322,"effectuer des études et concevoir, élaborer et spécifier les procédés et la machinerie pour concentrer, extraire, affiner et traiter les métaux et les minerais;"
21322,"effectuer des études sur les propriétés et les caractéristiques des matériaux et concevoir, élaborer et spécifier des procédés pour le moulage, le modelage, le façonnage et le traitement thermique des métaux, des alliages et des systèmes métalliques, des produits céramiques, des matériaux semi-conducteurs et autres matériaux;"
21322,"effectuer des études chimiques et physiques analytiques, des analyses de défaillance et autres études et recommander le choix et la conception du matériel, des mesures de contrôle de la corrosion, des analyses opérationnelles et autres procédures;"
21322,"coordonner les épreuves de production et de contrôle de l'affinage des métaux, les opérations de fusion et de fonderie ou les opérations de production de minerais non métallifères;"
21322,"superviser les technologues, les techniciens et les autres ingénieurs et scientifiques."
21330,"effectuer des levés et des études préliminaires sur le minerai, les dépôts miniers ou de houille afin d'évaluer la faisabilité économique et environnementale de futures opérations minières;"
21330,déterminer les méthodes sécuritaires et efficaces d'exploitation de gisements miniers;
21330,"déterminer les méthodes appropriées de forage et de dynamitage pour l'exploitation minière, la construction ou la démolition et donner des conseils sur ces méthodes;"
21330,"concevoir des puits, des systèmes d'aération, des services miniers, des systèmes de traction et des structures de soutien;"
21330,"concevoir, élaborer et mettre à l'essai des applications informatiques pour la conception, la modélisation, la représentation cartographique des mines et la surveillance des conditions dans les mines;"
21330,planifier et concevoir ou choisir la machinerie d'extraction minière et de traitement minier en collaboration avec d'autres spécialistes du génie minier;
21330,"planifier, organiser et superviser la mise en valeur des mines et de leurs structures et l'opération et l'entretien des mines;"
21330,"préparer des devis estimatifs des opérations et des projets, ainsi que des calendriers d'exécution et des rapports;"
21330,mettre en pratique et coordonner des programmes de sécurité minière;
21330,"superviser et coordonner le travail des techniciens, des technologues, du personnel d'arpentage et d'autres ingénieurs et scientifiques."
21331,"planifier, mettre à l'essai et coordonner des programmes de collecte de données géotechniques, géologiques, géophysiques ou hydrogéologiques et des programmes d'analyse et de représentation cartographique pour aider à l'élaboration de projets de génie civil, d'extraction minière, d'extraction pétrolière et de gestion des déchets ou de développement régional;"
21331,"analyser et rédiger des rapports et faire des recommandations pour la construction ou les améliorations des fondations de projets de génie civil tels que l'excavation de roches, le jointoiement sous pression, et le contrôle de l'érosion par canal hydraulique;"
21331,"analyser des rapports et formuler des recommandations sur le tassement des bâtiments, la stabilité des pentes et des sites d'enfouissement et les effets probables de glissements de terrain et de tremblements de terre en vue de projets de construction et de génie civil;"
21331,"effectuer des études théoriques et appliquées du débit et de la contamination des eaux souterraines et élaborer des critères pour la sélection, le traitement et la construction de sites;"
21331,"planifier, élaborer, coordonner et effectuer des études théoriques et expérimentales en exploration minière, en évaluation minière et des études de faisabilité relatives à l'industrie minière;"
21331,"effectuer des analyses et des études sur les dépôts de minerai, les calculs de réserves de minerai et la conception des mines;"
21331,"concevoir, élaborer et mettre à l'essai des applications informatiques pour la géophysique, la géochimie, la géologie, la représentation cartographique et les domaines connexes;"
21331,"superviser des technologues, des techniciens et d'autres ingénieurs et scientifiques."
21332,effectuer des études de faisabilité concernant la mise en valeur de nouveaux champs pétroliers et gaziers;
21332,diriger et surveiller les opérations de forage du pétrole et du gaz;
21332,"élaborer des programmes de forage, choisir des sites et spécifier les fluides de forage, le choix des trépans, les procédures pour les essais aux tiges et la machinerie à utiliser;"
21332,diriger et surveiller la complétion et l'évaluation des puits ainsi que l'analyse et l'étude des puits;
21332,"concevoir et choisir la machinerie de levage artificiel, l'équipement et les systèmes d'extraction de pétrole et de gaz pour les puits en profondeur et en surface, et spécifier les programmes de contrôle de la corrosion et de traitement du pétrole et du gaz;"
21332,"élaborer des prescriptions, surveiller et superviser des programmes de modification et de stimulation de puits afin de maximiser la récupération du pétrole et du gaz;"
21332,analyser les données sur les roches-réservoirs et les fluides afin de concevoir des méthodes de récupération optimales et de prévoir le rendement du réservoir et des réserves;
21332,surveiller et prévoir le rendement du réservoir de pétrole et de gaz et recommander des techniques de récupération du pétrole susceptibles de prolonger l'utilité économique des puits;
21332,"concevoir, élaborer et coordonner l'installation, l'entretien et l'opération de l'équipement de tête de puits sous-marine et de production."
21390,"concevoir et mettre au point des véhicules, des systèmes et des composantes aérospatiaux, par exemple des aéronefs, des engins spatiaux, des missiles, des satellites et des systèmes de communication dans l'espace;"
21390,"mettre au point et diriger des simulations informatiques de véhicules, de systèmes et de composantes aérospatiaux en ayant recours à des modèles mathématiques avancés;"
21390,"préparer les spécifications du matériel et des procédés utilisés dans la fabrication, l'entretien, la réparation ou la modification de l'aérospatiale;"
21390,"superviser et coordonner la fabrication, l'assemblage, la modification, la réparation et la révision de l'aéronef ou de l'engin spatial;"
21390,coordonner les vols d'essai et les essais au sol des aéronefs et des engins spatiaux;
21390,"élaborer des prescriptions d'emploi, des calendriers d'entretien et des manuels pour les opérateurs;"
21390,élaborer les phases techniques du soutien logistique et opérationnel des véhicules et systèmes aérospatiaux;
21390,"enquêter et faire des rapports sur les défectuosités des structures ou tout autre composante ou système, les accidents ou incidents, et faire des recommandations pour apporter des mesures correctives."
21399.01,"conçoivent et élaborent des machines, des structures, du matériel et des systèmes associés à l'agriculture et à la transformation des aliments."
21399.02,"conçoivent et élaborent des méthodes, conçoivent de l'équipement et des instruments servant en clinique médicale et aux diagnostics médicaux; conçoivent des prothèses pour les personnes handicapées; conseillent les administrateurs hospitaliers dans la planification, l'acquisition et l'utilisation de l'équipement médical; modifient et installent ou supervisent l'installation de l'équipement."
21399.03,"dirigent des recherches et élaborent des procédés, des programmes et de l'équipement afin d'accroître les connaissances de base dans le domaine des sciences appliquées et du génie; soutiennent des applications avancées en génie et en sciences."
21399.04,"conçoivent et élaborent des bâtiments de mer et des structures flottantes, des centrales électriques maritimes, des systèmes de propulsion et des systèmes et de l'équipement connexes; surveillent la construction, l'entretien et la réparation de bâtiments et de systèmes navals."
21399.05,"conçoivent et élaborent des processus, de l'équipement et des procédés pour la production de fibres, de filés et de textiles."
22100.01,"préparer et faire des expériences, des essais et des analyses chimiques en appliquant diverses techniques comme la chromatographie, la spectroscopie, la séparation physique et chimique et la microscopie;"
22100.01,"utiliser et entretenir l'équipement et l'appareillage de laboratoire et préparer des solutions liquides ou gazeuses, des réactifs et des échantillons de formule définie;"
22100.01,compiler des données et interpréter les résultats des analyses ou des expériences;
22100.01,"élaborer et mettre en oeuvre des programmes d'échantillonnage et d'analyse afin de veiller à ce que les substances brutes, les produits chimiques intermédiaires et les produits finis soient conformes aux normes de qualité;"
22100.01,"participer à l'élaboration de procédés liés au génie chimique et à la préparation d'études sur l'approvisionnement, la construction, l'inspection et l'entretien en matière de génie chimique, et participer également à l'élaboration de normes, de marches à suivre et de mesures de santé et de sécurité;"
22100.01,faire fonctionner des usines chimiques ou pétrochimiques pilotes;
22100.01,"procéder à des tests et à des évaluations de la qualité de l'air et de l'eau, exécuter des activités de surveillance et de protection de l'environnement et élaborer et appliquer des normes, ou participer à de telles activités;"
22100.01,participer à la synthèse de petites molécules en vue de créer des candidats-médicaments;
22100.01,participer à la conception et à la fabrication d'appareils d'expérimentation.
22100.02,"Aider à la préparation et à la réalisation des expériences, des essais et des analyses chimiques;"
22100.02,"Utiliser et entretenir l'équipement et l'appareillage de laboratoire et préparer des solutions liquides ou gazeuses, des réactifs et des échantillons de formule définie;"
22100.02,Compiler les données à des fins d'étude analytique;
22100.02,Aider au développement et à la mise en oeuvre des programmes d'échantillonnage et d'analyse afin d'assurer la conformité aux normes de qualité;
22100.02,"Exercer une gamme restreinte d'autres fonctions techniques pour appuyer les recherches, les essais et les analyses chimiques ainsi que les activités environnementales de contrôle de la qualité et de protection de l'air et de l'eau;"
22100.02,Participer à la conception et à la fabrication d'appareils d'expérimentation.
22101.01,"effectuer ou diriger des levés géologiques, géophysiques, géochimiques, hydrographiques ou océanographiques, des tournées de prospection, des forages d'exploration, des diagraphies de sondage, ou des programmes de levés de mines souterraines;"
22101.01,configurer et utiliser des instruments et de l'équipement de diagraphie de sondage et de levés géophysiques et en assurer l'entretien;
22101.01,"préparer des notes, des croquis, des cartes géologiques et des coupes transversales;"
22101.01,"préparer, reporter ou analyser des données sismiques, gravimétriques et diagraphiques ou autres données géophysiques et de levés;"
22101.01,aider les ingénieurs et les géologues dans l'évaluation et l'analyse des réserves de pétrole et de minéraux;
22101.01,"préparer des échantillons de roches, de minéraux ou de métal ou en surveiller la préparation et effectuer des essais chimiques et physiques en laboratoire;"
22101.01,"effectuer ou participer à l'exécution de vérifications environnementales, à la conception de mesures visant à minimiser les effets néfastes sur l'environnement des exploitations minières ou pétrolières et gazières nouvelles ou agrandies ainsi qu'à la mise au point de mesures de gestion des déchets ou autres mesures destinées à protéger l'environnement;"
22101.01,"surveiller, au besoin, le forage, la complétion et le reconditionnement de puits de pétrole ou de gaz;"
22101.01,"effectuer, s'il y a lieu, des études et des programmes se rapportant au développement minier, aux méthodes d'extraction minière, à la ventilation, à l'éclairage et au drainage des mines ainsi qu'au contrôle des pressions des terrains ou surveiller, s'il y a lieu, l'exécution de ces études et programmes;"
22101.01,"aider, s'il y a lieu, les ingénieurs et les métallurgistes à spécifier la sélection des matériaux, des systèmes de traitement des métaux ou de protection contre la corrosion;"
22101.01,"aider, s'il y a lieu, les hydrogéologues dans l'évaluation des nappes phréatiques et de la circulation des puits ainsi que dans la rédaction des rapports;"
22101.01,"élaborer, s'il y a lieu, des devis de traitement à la chaleur des métaux ou de soudage, concevoir des montages de soudage, localiser les procédés de soudage ou les problèmes de qualité et surveiller les projets de soudage;"
22101.01,"coordonner, s'il y a lieu, les activités des membres de l'équipe durant les prospections sismiques."
22101.02,"participer aux levés géologiques, géophysiques, géochimiques, hydrographiques ou océanographiques, aux tournées de prospection, aux forages d'exploration, aux diagraphies ou aux programmes de levés de mines souterraines ainsi qu'aux vérifications environnementales et à des activités connexes de protection de l'environnement;"
22101.02,utiliser des instruments et de l'équipement de diagraphie de sondage et de levés géophysiques et en assurer l'entretien;
22101.02,"préparer des notes, des croquis, des cartes géologiques et des coupes transversales;"
22101.02,"aider à préparer, à reporter ou à analyser des données sismiques, gravimétriques et diagraphiques ou autres données géophysiques et de levés;"
22101.02,"aider à la préparation d'échantillonnage de roches, de minéraux et de métaux et à la conduite des essais physiques et chimiques en laboratoire;"
22101.02,"aider dans les études hydrogéologiques, sur place et en laboratoire, et dans la rédaction de rapports;"
22101.02,"mettre en oeuvre une gamme restreinte de fonctions techniques pour appuyer les travaux en géologie, en géophysique ou en génie du pétrole et des mines."
22110.01,"préparer et effectuer des essais en biologie, en microbiologie et en biochimie et des analyses de laboratoire pour la recherche et le contrôle de la qualité dans les domaines de la production alimentaire, de l'hygiène, de la production pharmaceutique, de la biotechnologie et autres domaines;"
22110.01,"appliquer des méthodes et des techniques telles que la microscopie, l'histochimie, la chromatographie, l'électrophorèse et la spectroscopie;"
22110.01,"faire des expériences en agriculture, en production végétale, en élevage des animaux, en biologie et dans le domaine biomédical;"
22110.01,"faire des recherches sur le terrain et des examens pour recueillir des données et des spécimens d'eau, de sol, de plantes et d'animaux;"
22110.01,"effectuer des activités de contrôle environnemental et de conformité pour assurer la protection des stocks de poissons, de la faune et d'autres ressources naturelles;"
22110.01,effectuer des analyses de données et rédiger des rapports;
22110.01,"diriger ou superviser des programmes opérationnels, par exemple, en pisciculture, dans des serres et des fermes d'élevage de bestiaux."
22110.02,"aider à effectuer des essais et des analyses de laboratoire en biologie, en microbiologie et en biochimie;"
22110.02,"accomplir une gamme restreinte de fonctions techniques pour appuyer les recherches expérimentales biomédicales, les recherches en agriculture, en production végétale, en élevage des animaux, en biologie et en protection de l'environnement;"
22110.02,"participer aux recherches sur le terrain et aux enquêtes afin de recueillir des données et des spécimens d'eau, de sol, de plantes et d'animaux;"
22110.02,aider à l'analyse de données et à la rédaction des rapports.
22111.01,inspectent le poisson et les produits de la pêche et contrôlent ainsi les méthodes de manutention et de transformation du poisson; ils rédigent des rapports et s'assurent que les règlements sont observés.
22111.02,inspectent les fruits et les légumes frais et congelés dans des centres de contrôle de la qualité; ils rédigent des rapports sur la production agricole et les conditions du marché.
22111.03,inspectent et classent toutes les catégories de céréales dans les silos de transit; ils surveillent la fumigation des céréales infestées ainsi que des entrepôts et du matériel de manutention et de transport afin de contrôler l'exécution des pratiques sanitaires courantes.
22111.04,contrôlent les activités et les conditions sanitaires dans les abattoirs et les usines de conditionnement de la viande; ils inspectent les carcasses afin d'assurer leur conformité aux normes de consommation humaine.
22111.05,"approuvent les cultures de semences; ils surveillent les opérations de mise en quarantaine, le traitement ou la destruction des plantes et des produits végétaux, et la fumigation des plantations et des produits végétaux importés et exportés."
22112,"diriger et surveiller les inventaires des peuplements, les levés et les prises de mesures, suivant des méthodes scientifiques et opérationnelles reconnues et participer à ces activités;"
22112,"accomplir et aider à accomplir des tâches techniques dans la préparation de plans d'aménagement et d'exploitation forestiers, au moyen de techniques photogrammétriques et cartographiques et de systèmes informatiques;"
22112,contribuer à la planification et à la surveillance de la construction des routes d'accès et des chemins forestiers;
22112,"accomplir des tâches techniques, mettre en application et surveiller les activités sylvicoles, notamment la préparation de sites, la plantation d'arbres et les soins aux peuplements forestiers;"
22112,"coordonner les activités des travailleurs forestiers affectés à des travaux particuliers, tels que le mesurage du bois, l'extinction des feux de forêt, la lutte contre les maladies ou les parasites ou la coupe d'éclaircie précommerciale des peuplements;"
22112,accomplir des tâches techniques et surveiller les opérations liées à l'exploitation forestière;
22112,"surveiller la performance des compagnies et des entrepreneurs d'abattage d'arbres et appliquer les règlements concernant la protection de l'environnement, l'utilisation des ressources, la sécurité incendie et la prévention des accidents;"
22112,"donner des conseils et des recommandations reliés aux sciences forestières et éduquer les propriétaires de boisés privés, les organismes communautaires et le grand public sur les sciences forestières;"
22112,concevoir et mettre à jour des bases de données informatiques;
22112,surveiller l'exploitation de pépinières forestières;
22112,"assurer un soutien technique aux programmes en recherche forestière dans des domaines tels que l'amélioration générale des arbres, l'exploitation de vergers à graines, les études sur les insectes et les maladies ou la recherche en foresterie expérimentale et en génie forestier."
22113,"éveiller l'intérêt du public concernant la conservation de la pêche et de la faune, et le renseigner sur les règlements pertinents;"
22113,"patrouiller en camion, en aéronef, en bateau ou à pied afin d'assurer la conformité à la législation provinciale et fédérale régissant la pêche, la faune et l'environnement;"
22113,"examiner les plaintes, appréhender les contrevenants, établir les dossiers et présenter les preuves en cour;"
22113,"émettre des permis, des documents d'exportation et des licences spéciales et faire la collecte de redevances établies sur la pêche, la faune et les ressources forestières;"
22113,mettre en oeuvre et contrôler des techniques approuvées pour prévenir et réparer les dommages causés par les animaux;
22113,"exécuter des tâches relatives à la protection des ressources, comme la vérification d'engins et d'équipement de pêche, et la surveillance d'activités reliées à la pêche afin d'assurer que les normes soient respectées;"
22113,"recueillir des données sur les ressources en faisant l'inventaire des poissons, la collecte d'échantillons d'eau et en aidant les biologistes dans les recherches scientifiques;"
22113,superviser ou donner des cours de formation sur la sécurité des armes à feu et des cours de piégeage pour les trappeurs.
22114.01,"examinent des arbres et des arbustes afin de déterminer les problèmes et les maladies; et procèdent à divers traitements tels qu'élagage, la vaporisation, la réparation des endroits abîmés et l'injection de solutions de traitement."
22114.02,"dirigent des équipes de travailleurs qui s'occupent de la santé et de l'apparence de terrains de golf et de l'aménagement paysager qui les entourent; plantent et transplantent des arbres; et épandent de l'engrais, des fongicides, des herbicides et des pesticides."
22114.03,planifient et coordonnent la croissance et l'utilisation des plantes destinées à l'aménagement paysager et utilisées comme décorations et autres usages.
22114.04,"étudient et analysent des terrains; préparent des dessins, des croquis et rédigent des rapports; et remplissent d'autres fonctions pour aider des architectes paysagistes à concevoir des aménagements paysagers."
22114.05,plantent et entretiennent des pelouses et des jardins publics et privés.
22114.06,"conçoivent et aménagent des environnements paysagers comprenant des arbres, des arbustes, des pelouses, des clôtures, des terrasses et autres structures aménagées."
22114.07,"visitent des clients; évaluent l'état des pelouses et épandent de l'engrais, des pesticides et d'autres produits d'entretien des pelouses."
22210,aider à l'élaboration des conceptions architecturales;
22210,"analyser les codes du bâtiment, les règlements municipaux, les exigences en matière d'espace et d'implantation de même que d'autres rapports et documents techniques;"
22210,"établir, à la main ou par conception assistée par ordinateur (CAO), des dessins, des devis descriptifs et estimatifs ainsi que des bordereaux de quantités de matériaux à partir de dessins de conception et d'instructions;"
22210,"construire des maquettes architecturales et des plans-masse de présentation ainsi que des modèles virtuels, en trois dimensions, des dessins architecturaux;"
22210,préparer des contrats et des documents de soumission;
22210,"superviser, s'il y a lieu, d'autres dessinateurs, technologues et techniciens de l'équipe d'architecture;"
22210,"surveiller, s'il y a lieu, des projets de construction et coordonner, contrôler et inspecter des travaux réalisés par des tiers."
22211,"consulter des clients, des ingénieurs ou des spécialistes en production afin d'établir les exigences des produits;"
22211,analyser l'usage projeté du produit ainsi que les préférences des utilisateurs;
22211,"effectuer des recherches sur les coûts, les propriétés des matériaux de production et les méthodes de production;"
22211,"développer des concepts de dessins, des croquis ou des modèles pour approbation à la main ou par conception assistée par ordinateur (CAO);"
22211,"préparer des plans de fabrication, des spécifications techniques et des lignes directrices de production et construire un prototype du design;"
22211,consulter des ingénieurs et le personnel de production pendant la phase de fabrication.
22212.01,"élaborer et préparer des modèles et des dessins d'ingénierie à partir de concepts préliminaires, d'esquisses, de calculs d'ingénierie, de devis descriptifs et autres données;"
22212.01,"Concevoir des modèles de données du bâtiment (MDB), à l'aide d'un logiciel informatique, afin de fournir des représentations numériques des aspects physiques et fonctionnels des bâtiments et d'autres projets d'ingénierie;"
22212.01,faire fonctionner des postes de conception et de dessin assistés par ordinateur (CAO);
22212.01,élaborer et préparer des esquisses;
22212.01,remplir la documentation et produire des jeux de dessins;
22212.01,vérifier les dessins afin qu'ils soient conformes aux cahiers des charges et aux données de conception;
22212.01,rédiger des rapports techniques;
22212.01,préparer des contrats et des soumissions;
22212.01,préparer le cahier des charges et l'évaluation des coûts et du matériel de construction;
22212.01,"superviser et former d'autres technologues, techniciens et dessinateurs."
22212.02,"élaborer et préparer des dessins, des plans, des diagrammes ou des tracés d'ingénierie à partir d'esquisses;"
22212.02,faire fonctionner du matériel de dessin assisté par ordinateur ou travailler à une station conventionnelle de dessin.
22213.01,aider les ingénieurs-géomètres et les arpenteurs-géomètres à élaborer des méthodes et des procédures de levés;
22213.01,"effectuer des levés et opérer des instruments et du matériel informatique pour mesurer la distance, les angles, l'élévation et les courbes;"
22213.01,consigner les mesures et autres informations obtenues au cours des levés;
22213.01,déterminer des coordonnées géographiques précises au moyen de système de positionnement global (GPS) ou de véhicule aérien sans pilote/drone;
22213.01,"analyser la latitude, la longitude et les angles, et effectuer des calculs trigonométriques et d'autres calculs nécessaires au tracé à l'échelle du relief, des courbes de niveau et des superficies;"
22213.01,"préparer des dessins, des graphiques et des plans détaillés, ainsi que des notes d'arpentage et des rapports;"
22213.01,surveiller et coordonner les activités de levés.
22213.02,participer aux levés et opérer les instruments et le matériel de levés;
22213.02,"tenir en ordre systématique les dossiers, les mesures et les autres informations de levés;"
22213.02,"aider au calcul, à l'analyse et à l'étude des mesures obtenues au cours des levés;"
22213.02,"aider à la préparation de dessins détaillés, de graphiques et de plans."
22214.01,"planifier le contenu, le format et la conception graphique des cartes et compiler les données nécessaires à partir des photographies aériennes, des notes d'arpentage, des dossiers, des rapports et autres cartes;"
22214.01,"produire des cartes et des graphiques connexes en utilisant des techniques de cartographie numérique, l'infographie interactive, des logiciels de conception et de dessin assistés par ordinateur (DAO), et des méthodes traditionnelles de dessin ou des outils traditionnels de traçage;"
22214.01,vérifier les compositions finales pour s'assurer qu'elles sont complètes et exactes.
22214.02,"examiner et interpréter les photographies aériennes afin de préparer des cartes topographiques, des mosaïques de photographies aériennes et des graphiques connexes;"
22214.02,"utiliser du matériel numérique de traçage stéréoscopique et des graphiques par ordinateur afin de constituer des modèles optiques du terrain en trois dimensions, de tracer des cartes et de préparer des tableaux;"
22214.02,"surveiller la qualité de l'enregistrement, ajuster l'équipement au besoin et inspecter la qualité des images recueillies."
22214.03,"utiliser du matériel analogue ou informatique d'interprétation de télédétection tels que les photos de levés ou d'appareils photos numériques, détecteurs laser ou radar et numériseurs afin de préparer des images, des données et des rapports graphiques, des cartes et des graphiques à partir de données de source aérienne ou satellite;"
22214.03,développer des routines spécifiques de logiciels spécialisés analogues et informatiques afin de fabriquer sur commande et intégrer les analyses d'images;
22214.03,"vérifier la qualité des images enregistrées, vérifier l'intégrité et l'exactitude des données contenues dans les systèmes d'analyses d'image de télédétection et régler, au besoin, l'équipement."
22214.04,"utiliser du matériel spécialisé et des logiciels informatiques ainsi que des périphériques afin de modéliser, de gérer, d'analyser et d'afficher des données géospatiales;"
22214.04,"élaborer des routines spécialisées de logiciels informatiques, des systèmes de gestion de l'information géographique sur Internet, des bases de données et des applications commerciales afin d'assimiler l'information géographique;"
22214.04,collaborer avec des organismes externes quant au transfert de données et aux questions touchant la compatibilité des systèmes;
22214.04,"effectuer des entrées de données, des tâches de révision et des opérations d'entretien aux systèmes en suivant des procédures d'étalonnage déterminées;"
22214.04,"intégrer des progiciels externes, par exemple des tableurs ou des logiciels statistiques, aux logiciels de gestion de l'information géographique (SIG);"
22214.04,former les utilisateurs des SIG et leur fournir un soutien technique.
22214.05,"observer les éléments du temps, consigner et transmettre des données atmosphériques et météorologiques, y compris celles portant sur la pression atmosphérique, la température, l'humidité, les vents, les précipitations, les nuages et les rayons ultraviolets;"
22214.05,"observer, tracer et rapporter l'état des glaces dans les voies navigables et les conditions de neige et prendre part à des programmes de prévisions et contrôle d'avalanches dans les régions montagneuses;"
22214.05,"tenir à jour des bases de données climatiques, analyser et interpréter des données climatologiques et prendre part à la réalisation de cartes, de graphiques et de rapports météorologiques;"
22214.05,"monter, inspecter, surveiller, régler et entretenir diverses installations et équipements météorologiques."
22220.01,"assurer l'entretien, rechercher les causes des pannes, réparer et gérer les réseaux locaux d'entreprise (RLE), de réseaux étendus (RE), de réseaux d'ordinateurs centraux et d'équipements de périphériques, de postes de travail informatisés et de connexions Internet;"
22220.01,"mettre à l'essai et installer le matériel informatique, les logiciels de réseaux, les logiciels de systèmes d'exploitation et les applications logicielles;"
22220.01,utiliser les pupitres maîtres pour contrôler le rendement des systèmes d'ordinateurs et des réseaux et pour coordonner l'accès et l'utilisation des réseaux d'ordinateurs;
22220.01,fournir des services de résolution de problèmes aux utilisateurs de réseaux;
22220.01,effectuer des démarrages et mises hors service de routine et tenir les registres de contrôle;
22220.01,effectuer des opérations de sauvegarde et de restauration de données;
22220.01,effectuer des tests et des contrôles de sécurité et de qualité;
22220.01,effectuer la scénarisation de l'interpréteur de commandes et d'autres tâches de scénarisation de base;
22220.01,"superviser, s'il y a lieu, d'autres travailleurs de ce groupe."
22220.02,"installer, entretenir et rechercher les causes de pannes, mettre à niveau le matériel et les logiciels de serveurs Web;"
22220.02,implanter des logiciels de contrôle de trafic et de sécurité de réseaux et optimiser le rendement du serveur;
22220.02,"contrôler et surveiller l'utilisation du courrier électronique, de la navigation sur le Web et des logiciels installés;"
22220.02,répondre aux demandes d’aide et d’information des concepteurs et visiteurs des sites Web.
22221,communiquer électroniquement et en personne avec les utilisateurs d'ordinateurs éprouvant des difficultés pour déterminer et documenter des problèmes;
22221,"consulter des guides d'utilisateurs, manuels techniques et autres documents pour repérer et implanter des solutions;"
22221,"reproduire, diagnostiquer et résoudre les problèmes techniques éprouvés par les utilisateurs;"
22221,fournir des conseils et de la formation aux utilisateurs en réponse aux difficultés éprouvées;
22221,"fournir du soutien aux utilisateurs de système administratif, réseau et Internet en réponse à des difficultés identifiées;"
22221,recueillir des données et organiser et tenir un journal de problèmes et solutions destiné à être utilisé par les autres agents en assistance technique;
22221,participer à la rédaction de nouvelles spécifications pour les applications ou les autres logiciels;
22221,"superviser, s'il y a lieu, d'autres employés en assistance technique dans ce groupe."
22222,élaborer et documenter des scénarios d'essai de logiciels;
22222,installer du matériel et des logiciels et configurer des logiciels de systèmes d'exploitation en prévision des essais;
22222,exécuter et analyser des essais sur des logiciels d'application et des systèmes d'information et de télécommunication et documenter leurs résultats;
22222,"élaborer et mettre en oeuvre des règles, procédures et des scripts d'essai de logiciels et systèmes d'information;"
22222,"identifier, produire des rapports, faire le suivi et proposer des solutions pour les défectuosités du produit."
22230,"transporter, installer et calibrer le matériel servant à exécuter les essais non destructifs;"
22230,"effectuer des essais pour assurer la qualité ou déceler des discontinuités ou défauts, à l'aide d'instruments ultrasonores et radiographiques, de liquides pénétrants, de particules magnétiques, de courants de Foucault et autres méthodes d'essais non destructifs;"
22230,établir des techniques de vérification du produit sous contrôle et s'assurer de la stricte adhésion aux consignes de sécurité;
22230,"interpréter les radiographies, les tubes à rayons cathodiques ou les affichages numériques, les mesures de conductivité et les indicateurs visuels;"
22230,appliquer les critères d'essais selon les spécifications ou les normes en vigueur et évaluer les résultats;
22230,compiler les résultats des essais et en établir le compte rendu;
22230,"effectuer, au besoin, des inspections spécialisées en ayant recours à des méthodes d'essai par émission acoustique, analyse des vibrations, thermographie à infrarouge et étude au laser de la scission;"
22230,"assurer, au besoin, la formation et la supervision des stagiaires."
22231.01,"examiner et soumettre aux essais des véhicules et des éléments de véhicules automobiles pour en déterminer les défectuosités, en particulier dans les cas d'accidents;"
22231.01,"donner, à titre d'experts, leur opinion et témoigner au sujet des problèmes et des défaillances;"
22231.01,faire des recommandations en vue de l'amélioration des politiques en matière de délivrance de permis et d'inspection des véhicules et des normes de la sécurité routière.
22231.02,"recueillir et analyser les données concernant des déraillements, des collisions et autres accidents pour en déterminer les causes;"
22231.02,"inspecter les installations ferroviaires et évaluer les conditions de fonctionnement telles que constructions, matériel roulant, signaux, construction des voies ferrées et caractéristiques de manoeuvre des trains, pour assurer le respect des normes d'exploitation."
22231.03,"faire l'inspection initiale et les inspections périodiques réglementaires auprès de particuliers et de compagnies qui détiennent ou demandent un permis d'exploitation d'aéronef et de compagnies d'entretien, de réparation et de modification d'aéronefs"
22231.03,"faire l'inspection des aéronefs, aviser les intéressés de tout défaut constaté et consigner les aéronefs qu'ils soupçonnent de ne pas être sécuritaires"
22231.04,faire l'inspection et l'essai de divers appareils et systèmes mécaniques ou électroniques de poids et de mesures;
22231.04,rédiger le rapport préliminaire de leur inspection;
22231.04,recommander des mesures correctives ainsi que des moyens pour vérifier que les corrections indiquées ont été apportées.
22231.05,"vérifier les opérations, l'équipement et les processus de forage intra et extracôtières pour assurer le respect des règlements et des politiques, et pour recommander des améliorations et des mesures correctives."
22232,"diriger et participer aux enquêtes sur les lieux de travail sur les problèmes de sécurité, les incidents et les accidents;"
22232,"diriger et participer aux inspections du lieu de travail afin de s'assurer que l'équipement, les matériaux et les procédés de production ne représentent aucun danger pour la sécurité ou pour la santé des employés;"
22232,"élaborer et mettre en œuvre des programmes de santé et sécurité, y compris des procédures opérationnelles, des politiques et des formations pour atténuer les risques, optimiser la santé et la sécurité des travailleurs et favoriser une culture positive de la santé et sécurité au travail;"
22232,initier des procédures disciplinaires contre les travailleurs qui contreviennent aux normes et règlements de l’organisation et du gouvernement en matière de santé et sécurité;
22232,"offrir une formation aux employeurs, aux employés et au grand public sur les questions de sécurité au travail;"
22232,communiquer et influencer les superviseurs et les travailleurs pour qu’ils se conforment aux lois et réglementations en matière de santé et sécurité au travail.
22233,"examiner les plans, les dessins, les schémas et les tracés d'implantation de nouveaux bâtiments, des rénovations de bâtiment et des autres structures proposées;"
22233,"inspecter la construction d'édifices, de ponts, de barrages, d'autoroutes et autres travaux de construction et d'ingénierie afin d'assurer la conformité aux plans, aux devis descriptifs, et aux codes de la construction ou autres arrêtés;"
22233,"inspecter et mettre à l'essai les installations électriques ou de plomberie dans des édifices afin d'assurer la conformité aux règlements municipaux, provinciaux ou fédéraux;"
22233,"inspecter les charpentes métalliques, les coffrages en béton, les treillis et les armatures métalliques, le ciment ou le béton précontraint afin de vérifier la qualité des produits et d'assurer la conformité aux devis descriptifs et aux codes du bâtiment;"
22233,inspecter la construction des canalisations d'égouts et de pipelines;
22233,inspecter les chantiers de construction afin d'assurer que les normes de sécurité soient respectées;
22233,"inspecter les structures existantes, déceler et noter les défauts de structure, les dangers d'incendie ou tout autre défaut susceptible de constituer une entrave à la sécurité;"
22233,"inspecter les maisons neuves ou à vendre au nom des clients, évaluer et fournir des rapports sur l'état physique de la propriété;"
22233,évaluer l’efficacité énergétique et les économies d’énergie potentielles des immeubles.
22233,"planifier, concevoir, développer, mettre en oeuvre et évaluer les activités en milieu de travail afin de s'assurer que les travailleurs se conforment aux politiques de l'entreprise et aux règlements de sécurité du gouvernement;"
22300.01,"élaborer des plans et des dessins préparés selon les méthodes traditionnelles ou assistés par ordinateur (DAO), en se fondant sur des études préliminaires de design et des esquisses;"
22300.01,"préparer des devis descriptifs de construction, des estimations du coût et des matériaux requis, établir des calendriers des travaux et rédiger des rapports;"
22300.01,"surveiller ou diriger des travaux d'arpentage, d'inspections ou des études techniques reliées à la topographie, aux sols, à l'écoulement des eaux, aux réseaux d'alimentation en eau, aux installations routières, aux bâtiments et aux structures en vue de recueillir des données pour la réalisation de projets d'ingénierie;"
22300.01,mener ou surveiller des travaux d'inspection et de mise à l'essai de matériaux de construction;
22300.01,"surveiller, contrôler et inspecter, au besoin, des projets de construction."
22300.02,aider à l'élaboration des plans et devis descriptifs de conception;
22300.02,"participer aux travaux d'arpentage, d'inspections ou aux études techniques reliées à la topographie, aux sols, à l'écoulement des eaux, aux installations routières, aux bâtiments et aux charpentes en vue de recueillir des données pour la réalisation de projets d'ingénierie;"
22300.02,exécuter d'autres fonctions techniques pour aider à la réalisation de projets de génie civil.
22301.01,"élaborer et interpréter des plans, des dessins et des devis techniques, préparés selon les méthodes traditionnelles ou assistés par ordinateur (DAO), pour des machines et des pièces diverses, des systèmes de transmission d'énergie, de la tuyauterie industrielle et des installations de chauffage, de ventilation et de climatisation;"
22301.01,"préparer des estimations des coûts et des matériaux requis ainsi que des calendriers d'exécution des travaux, et rédiger des rapports;"
22301.01,"mettre à l'essai et analyser des machines, des accessoires et du matériel afin d'en déterminer le rendement, la puissance, la résistance au stress et autres caractéristiques;"
22301.01,"concevoir des moules, des outils, des matrices, des gabarits et des accessoires utilisés en fabrication;"
22301.01,inspecter des installations et des ouvrages mécaniques ou de construction;
22301.01,établir des documents contractuels et des soumissions;
22301.01,superviser et surveiller des projets de construction et inspecter des installations mécaniques;
22301.01,préparer des normes et des calendriers d'exécution des travaux et surveiller l'exécution de programmes d'entretien mécanique ou l'exploitation d'installations mécaniques.
22301.02,"aider à l'élaboration des plans, des dessins et des devis techniques par des méthodes traditionnelles ou assistés par ordinateur (DAO);"
22301.02,"exécuter une gamme limitée de mises à l'essai techniques et d'analyses de machineries, de pièces et de matériaux;"
22301.02,"aider à la conception des moules, des outils, des matrices, des gabarits et autres accessoires utilisés dans le processus de fabrication;"
22301.02,collaborer à l'inspection des projets de construction et des installations mécaniques;
22301.02,"participer à l'installation, à la réparation et à l'entretien des machines et des pièces diverses."
22302.01,"élaborer et diriger des programmes de production, d'inventaire et d'assurance de la qualité au sein d'entreprises de fabrication et autres industries;"
22302.01,concevoir l'aménagement des usines et des installations de production;
22302.01,élaborer et effectuer des études sur le travail et des programmes connexes;
22302.01,"élaborer et appliquer des plans et des programmes de santé, de sécurité et de prévention des incendies en milieu industriel et diriger des programmes de formation en sécurité au travail;"
22302.01,"développer des applications en ayant recours aux techniques DAO-FAO (dessin assisté par ordinateur, fabrication assistée par ordinateur) destinées à commander des robots, des machines à réglage numérique commandées par ordinateur (CNC) ainsi que d'autres procédés et opérations de fabrication."
22302.02,participer à la conception de l'aménagement de l'usine;
22302.02,effectuer des évaluations du travail et autres études;
22302.02,"recueillir et compiler des données opérationnelles et expérimentales et collaborer à la préparation des évaluations, de la programmation, des spécifications et des rapports;"
22302.02,recueillir et analyser des données et des échantillons à l'appui des programmes de contrôle de la qualité et de santé et sécurité industrielles;
22302.02,"élaborer des méthodes de fabrication et de transformation et déterminer les variables connexes, régler les commandes des machines et du matériel, surveiller la production et vérifier les procédés."
22303,"préparer des évaluations de coûts éventuels des matériaux, de la main-d'oeuvre et de l'équipement nécessaires pour mener à bien des projets de construction, selon les soumissions, les estimations de prix, les plans et les devis descriptifs;"
22303,"donner des conseils sur les procédures à suivre pour les soumissions, étudier et analyser les soumissions reçues, en recommander l'acceptation et négocier les contrats;"
22303,"mettre en place et tenir à jour des systèmes et des procédures de soumission, de contrôle et de rapports;"
22303,"préparer des relevés et des prévisions de coûts et de dépenses, à intervalles réguliers, pendant la durée du projet;"
22303,"préparer et tenir à jour des répertoires de fournisseurs, d'entrepreneurs et de sous-traitants;"
22303,"communiquer avec des ingénieurs, des architectes, des propriétaires, des entrepreneurs et des sous-traitants, assurer la liaison avec eux et les consulter et préparer des études de faisabilité économique sur les changements et les ajustements aux évaluations des coûts;"
22303,gérer et coordonner des projets de construction et préparer des états d'avancement des travaux.
22310.01,"concevoir, élaborer et mettre à l'essai du matériel et des systèmes d'alimentation, des systèmes de commande de traitement, des systèmes de télécommunications, de diffusion, d'enregistrement et des systèmes audiovisuels, des systèmes et circuits micro-électroniques, des ordinateurs, des systèmes et des réseaux informatiques et des logiciels;"
22310.01,superviser la construction et les essais de prototypes conformément aux instructions générales et aux normes établies;
22310.01,"mettre en oeuvre ou superviser l'installation, la mise en service et le fonctionnement de l'équipement et des systèmes électriques et électroniques autres que ceux du domaine de l'avionique;"
22310.01,"faire de la recherche appliquée dans les domaines du génie électrique et électronique et de la physique, sous la direction de chercheurs ou d'ingénieurs;"
22310.01,"installer et faire fonctionner de l'équipement standard et spécialisé afin d'évaluer, de mettre à l'essai et d'analyser la performance des composantes, des assemblages et des systèmes électroniques et électriques;"
22310.01,"rédiger des spécifications, des calendriers d'exécution et des rapports techniques et contrôler les calendriers d'exécution et les budgets."
22310.02,"participer à la conception, à la mise au point et à l'essai de composantes, du matériel et des systèmes électriques et électroniques;"
22310.02,"aider à l'inspection, à la mise à l'essai, à l'ajustement et à l'évaluation des composantes et assemblages électriques, électromécaniques et électroniques pour assurer leur conformité aux normes et aux tolérances;"
22310.02,"faire des essais de durée de vie (rodage) sur les composantes, transcrire et analyser les résultats;"
22310.02,aider à la construction et à l'essai des prototypes conformément aux devis techniques;
22310.02,exécuter un certain nombre de fonctions techniques pour appuyer la recherche en matière de génie électrique et électronique et en physique;
22310.02,"installer et faire fonctionner du matériel et des systèmes électriques et électroniques, et en faire l'entretien;"
22310.02,"étalonner les composantes et les instruments électriques et électroniques, selon les manuels techniques ou les instructions écrites;"
22310.02,"recueillir et compiler des données opérationnelles et expérimentales et aider à la préparation des estimés, des échéanciers, des budgets, des devis et des rapports."
22311,"installer, entretenir et réparer le matériel électronique pour le grand public et pour l'usage commercial, tel que téléviseurs, radios, magnétoscopes, appareils stéréophoniques, photocopieurs, ordinateurs et périphériques;"
22311,"inspecter et tester le matériel électronique, les composants et les ensembles électroniques à l'aide de multimètres, de vérificateurs de circuits, d'oscilloscopes, de sondes logiques et autres appareils, outils et équipement électroniques de mesure;"
22311,"repérer le circuit, le composant ou le matériel défectueux et déterminer la raison de la panne;"
22311,"régler, aligner, remplacer ou réparer le matériel électronique, les ensembles ou les composants électroniques en se référant aux manuels et aux schémas, et en utilisant des fers à souder ou tout autre outil manuel ou mécanique;"
22311,remplir les bordereaux de travail et les rapports d'essai et d'entretien;
22311,"superviser, s'il y a lieu, d'autres techniciens du service d'entretien et de réparation."
22312,"consulter les manuels, les schémas de circuits et les diagrammes des fabricants afin de déterminer les méthodes d'essai et d'entretien des instruments de mesure et de contrôle du débit, du niveau, de la pression, de la température, de la composition chimique et autres variables dans la fabrication et le traitement;"
22312,"vérifier le fonctionnement des instruments et des systèmes à l'aide de dispositifs d'essai pneumatiques, électriques et électroniques et d'instruments de mesure de précision afin de déceler les anomalies;"
22312,"réparer et régler les composants du système, comme les détecteurs, les émetteurs et les contrôleurs logiques programmables, ou enlever et remplacer les pièces défectueuses;"
22312,étalonner les composants et les instruments selon les spécifications du fabricant;
22312,exécuter les travaux d'entretien préventif programmé et remplir des rapports d'essai et d'entretien;
22312,installer des instruments de contrôle et de mesure sur le matériel neuf ou déjà en exploitation ainsi que les intégrer aux procédés;
22312,consulter et conseiller les opérateurs de procédés industriels.
22313.01,"réparent, révisent, installent, calibrent et essayent les instruments d'aéronefs."
22313.02,"réparent, révisent, modifient, installent et essayent les systèmes et équipements électriques d'aéronefs."
22313.03,"recherchent les causes des pannes, réparent, révisent, essayent, modifient, installent et inspectent les systèmes d'avionique et les composantes électroniques d'aéronefs, y compris l'équipement de communication, de navigation et de pilotage automatique."
22313.04,"vérifient et inspectent les systèmes avioniques et les instruments et les appareillages électriques d'aéronefs; attestent que les travaux d'installation, d'entretien, de réparation et de révision satisfont aux normes de performance et de sécurité de Transports Canada et de la compagnie."
30010,"planifier, organiser, diriger, contrôler et évaluer la prestation des services des soins de santé au sein d'un service dans un établissement de santé, ou dans d'autres milieux de soins de santé;"
30010,consulter les conseils d'administration et les cadres supérieurs afin de maintenir et de formuler des normes pour la prestation des soins de santé;
30010,élaborer des systèmes d'évaluation afin de surveiller la qualité des soins de santé donnés aux patients;
30010,"surveiller l'utilisation des services diagnostiques, des lits pour les patients hospitalisés et des autres installations afin de s'assurer que les ressources sont utilisées avec efficacité et efficience;"
30010,"préparer et mettre en application des plans pour des nouveaux programmes, des projets spéciaux, des projets d'acquisition de matériel et d'appareils ainsi que des projets de dotation dans leur service ou entreprise;"
30010,planifier et contrôler le budget du service ou de l'établissement;
30010,"représenter le service ou l'établissement lors de réunions avec des représentants du gouvernement, le grand public, les médias et autres organismes;"
30010,surveiller les activités des superviseurs en soins de santé et des autres professionnels;
30010,recruter le personnel médical du service ou de l'établissement.
31100.01,"administrer des anesthésiques avant, pendant ou après une intervention chirurgicale ou d'autres procédures médicales."
31100.02,diagnostiquer et fournir un traitement non chirurgical des maladies et des lésions des systèmes d’organes internes. Fournir des soins principalement aux adultes qui présentent un large éventail de problèmes liés aux organes internes.
31100.03,"diagnostiquer, traiter et aider à prévenir les maladies et les blessures des enfants."
31100.04,"diagnostiquer, traiter et aider à prévenir les troubles de l'esprit."
31100.05,"diagnostiquer, traiter et aider à prévenir les maladies allergiques et les processus pathologiques affectant le système immunitaire."
31100.06,"fournir des soins aux patients hospitalisés principalement dans des environnements tels que les services médicaux, les unités de soins intensifs, les centres de réadaptation ou les salles d'urgence. Gérer et coordonner les soins aux patients tout au long du traitement."
31100.07,"diagnostiquer, traiter et aider à prévenir les maladies et les troubles du système nerveux impliquant le cerveau et la moelle épinière ainsi que d'autres troubles nerveux et musculaires"
31100.08,"diagnostiquer et traiter les maladies en utilisant des matériaux radioactifs. Peut surveiller la préparation, l'administration et l'élimination des radionucléides."
31100.09,"diagnostiquer, traiter et aider à prévenir les maladies ou autres problèmes de la peau."
31100.1,"diagnostiquer et traiter les troubles nécessitant une physiothérapie pour assurer la réadaptation physique, mentale et professionnelle."
31100.11,"appliquer les connaissances de la médecine préventive générale et des questions de santé publique pour promouvoir les soins de santé auprès de groupes ou d'individus, et contribuer à la prévention ou à la réduction des risques de maladie, de blessure, d'invalidité ou de décès. Peut diagnostiquer et traiter des patients dans le cadre de la promotion de la santé clinique et de la prévention des maladies."
31100.12,examiner et diagnostiquer les troubles et les maladies à l'aide de rayons X et de matériaux radioactifs. Peut traiter les patients.
31100.13,"diagnostiquer et traiter les maladies et les troubles physiologiques ou psychiatriques. Ordonner des tests de laboratoire, des rayons X et autres procédures de diagnostic. Prescrire des médicaments et des traitements et diriger les patients au service de chirurgie. Exercer des fonctions de consultant auprès des autres médecins et faire, s'il y a lieu, de la recherche."
31100.14,"diagnostiquer la présence et le stade des maladies en utilisant des techniques de laboratoire et des échantillons des patients. Étudier la nature, la pathogenèse et l'évolution des maladies chez les humains, ainsi que les changements structurels et fonctionnels causés par les maladies. Exercer des fonctions de consultant auprès des autres médecins. Peut pratiquer des autopsies."
31101.01,"traiter les maladies, les blessures et les difformités par des méthodes chirurgicales invasives, peu invasives ou non invasives, telles que l'utilisation d'instruments, d'appareils ou la manipulation manuelle."
31101.02,"fournir des soins médicaux liés à la grossesse ou à l'accouchement. Diagnostiquer, traiter et aider à prévenir les maladies des femmes, en particulier celles qui affectent le système reproductif. Peut également fournir des soins médicaux généraux aux femmes. Peut exercer des fonctions de médecine et de chirurgie gynécologique."
31101.03,"diagnostiquer, traiter et aider à prévenir les maladies et les blessures des yeux et des structures connexes."
31101.04,"diagnostiquer, traiter et aider à prévenir les troubles médicaux et chirurgicaux bénins et malins du système génito-urinaire et des glandes rénales."
31101.05,évaluer les maladies ou les troubles afin de déterminer quelles seront les procédures chirurgicales appropriées;
31101.05,effectuer et superviser des interventions chirurgicales pour corriger les anormalités et les déficiences physiques et réparer les blessures;
31101.05,exercer des fonctions de consultant auprès des autres médecins.
31102,"examiner les patients, consigner leur historique médical, ordonner l'exécution de tests de laboratoire, de radiographies et autres épreuves diagnostiques, et consulter d'autres médecins afin d'évaluer la santé physique et psychologique des patients;"
31102,prescrire et administrer des médicaments et des traitements;
31102,effectuer des interventions chirurgicales courantes ou y participer;
31102,dispenser des soins d'urgence;
31102,assurer la gestion des soins actifs;
31102,vacciner les patients afin de prévenir et de soigner les maladies;
31102,assister aux accouchements et dispenser des soins prénatals et postnatals;
31102,"donner des conseils aux patients et à leurs familles concernant les soins de santé, y compris la promotion de la santé et la prévention des maladies et des accidents;"
31102,fournir des conseils et un encadrement aux patients et à leur famille en ce qui a trait à une foule de questions touchant la santé et le mode de vie;
31102,jouer le rôle de protecteur des droits des patients;
31102,coordonner ou gérer les soins primaires dispensés aux patients;
31102,fournir aux patients les soins à long terme requis;
31102,superviser les services de soins à domicile;
31102,"signaler les naissances, les décès et les cas de maladies contagieuses et les autres maladies aux autorités gouvernementales."
31103,"diagnostiquer les maladies ou les anomalies chez les animaux, les troupeaux et les bandes à l'aide d'examens ou de tests de laboratoire;"
31103,"traiter des animaux malades ou blessés, c'est-à-dire, entre autres, prescrire des médicaments, remettre des os en place, panser des blessures ou pratiquer des interventions chirurgicales;"
31103,vacciner des animaux afin de prévenir et de soigner les maladies;
31103,exécuter des examens de routine ou d'urgence et des autopsies;
31103,"conseiller les clients sur l'alimentation, le comportement, l'élevage, l'hygiène et le soin des animaux;"
31103,"fournir une gamme de services vétérinaires, y compris des services obstétriques, dentaires et d'euthanasie;"
31103,"superviser, au besoin, les techniciens en santé animale et les préposés aux soins des animaux;"
31103,"assumer, au besoin, la responsabilité de l'ensemble des activités d'une clinique ou d'un hôpital vétérinaire ou de services vétérinaires mobiles;"
31103,"effectuer, au besoin, de la recherche en médecine vétérinaire reliée aux domaines tels que la nutrition animale, le développement de produits de soins de santé, et la prévention et le contrôle des maladies;"
31103,"appliquer, s'il y a lieu, la réglementation gouvernementale en matière de contrôle des maladies et d'inspection des produits alimentaires à base de viande ou de ses dérivés."
31110.01,"examiner les dents, les gencives et les tissus adjacents pour diagnostiquer les maladies, les blessures et les caries et planifier un traitement préventif ou correctif approprié;"
31110.01,"fournir des soins dentaires généraux tels que le nettoyage des dents, l'obturation des cavités, la réalisation de canaux radiculaires, l’application de facettes et la pose de couronnes, de ponts et de prothèses;"
31110.01,"remettre en état, extraire et remplacer les dents malades ou cariées;"
31110.01,informer les patients sur l'hygiène buccale et les soins  dentaires préventifs;
31110.01,suivre les progrès du patient pour déterminer les changements ou la progression de la maladie dentaire;
31110.01,prescrire des antibiotiques ou d'autres médicaments selon les besoins;
31110.01,"blanchir, nettoyer ou polir les dents pour leur redonner leur couleur naturelle;"
31110.01,orienter les patients vers des spécialistes dentaires selon les besoins pour les procédures recommandées;
31110.01,"superviser les hygiénistes dentaires, les assistants dentaires et les autres employés;"
31110.01,peut fournir des traitements orthodontiques de base avec une formation complémentaire.
31110.02,"collaborer avec d'autres professionnels, tels que les dentistes restaurateurs et les orthodontistes, pour planifier le traitement;"
31110.02,administrer les anesthésies générales et locales;
31110.02,effectuer des interventions chirurgicales pour préparer la bouche à recevoir des implants dentaires ou pour aider à la régénération des tissus osseux et gingivaux déficients;
31110.02,"enlever les dents abîmées, endommagées et non réparables, ainsi que les tumeurs et autres croissances anormales des régions buccales et faciales;"
31110.02,"effectuer des interventions chirurgicales sur la bouche et les mâchoires pour traiter des conditions telles que les fentes labiales, le palais et les problèmes de croissance des mâchoires;"
31110.02,"fournir un traitement d'urgence des blessures faciales, y compris les lacérations faciales, les lacérations intra-orales et les fractures des os du visage;"
31110.02,"traiter les infections de la cavité buccale, des glandes salivaires, des mâchoires et du cou."
31110.03,"examiner les dents, les gencives et les tissus environnants des patients pour détecter les anomalies du développement des mâchoires, de la position des dents et d'autres structures faciales et dentaires;"
31110.03,"diagnostiquer les anomalies des dents, de la mâchoire ou d'autres anomalies dentaires et faciales;"
31110.03,"proposer un plan de traitement pour des problèmes telles que les sous-occlusions, les surocclusions, l'encombrement et autres;"
31110.03,"concevoir et fabriquer des appareils, tels que des dispositifs de maintien de l'espace, des dispositifs de retenue et des fils pour arcs labiaux et linguaux;"
31110.03,installer des appareils dentaires dans la bouche des patients pour modifier la position et la relation des dents et des mâchoires ou pour réaligner les dents;
31110.03,coordonner les services d'orthodontie avec les professionnels dentaires et médicaux;
31110.03,"informer les patients sur l'amélioration et le maintien des soins orthodontiques, et promouvoir les soins dentaires de routine."
31110.04,"examiner les dents, les gencives et les mâchoires du patient pour diagnostiquer les maladies, les blessures et les caries et planifier un traitement approprié pour améliorer l'esthétique dentaire et faciale du patient ou pour corriger les problèmes oro-faciaux;"
31110.04,"remplacer les dents manquantes et les structures buccales associées par des dispositifs permanents, tels que des prothèses sur implants, des couronnes et des ponts, ou des dispositifs amovibles, tels que des dentiers;"
31110.04,rétablir la fonction et améliorer l'esthétique des victimes de traumatismes ou des personnes souffrant de maladies ou de malformations congénitales;
31110.04,"concevoir et fabriquer des prothèses dentaires, ou superviser les techniciens dentaires qui construisent les appareils;"
31110.04,"adapter les prothèses aux patients, en procédant à tous les ajustements et modifications nécessaires;"
31110.04,"restaurer les dents endommagées avec des matériaux tels que les plombages, les facettes et les couronnes;"
31110.04,"collaborer avec les dentistes généralistes, les spécialistes dentaires et d'autres professionnels de la santé afin d'élaborer des solutions aux problèmes de santé dentaire et bucco-dentaire."
31111,"examiner les yeux des patients et faire des examens à l'aide d'ophtalmoscopes, de biomicroscopes et autres appareils spécialisés afin de déterminer la santé oculaire et l'acuité de la vue;"
31111,"prescrire et administrer des traitements (à l'exclusion d'interventions chirurgicales) afin de sauvegarder, d'améliorer et de corriger la vue, et de gérer les autres maladies et troubles oculaires;"
31111,"prescrire, dispenser et ajuster des lunettes, des lentilles cornéennes et autres aides visuelles;"
31111,"éduquer et conseiller les patients sur l'utilisation et l'entretien des lentilles cornéennes, l'hygiène oculaire, les options chirurgicales et non-chirurgicales, les soins et l'entretien préventifs liés au travail et au style de vie;"
31111,"diriger les patients vers des ophtalmologistes ou autres médecins et chirurgiens afin de soigner tous problèmes oculaires ou maladies, telles que les cataractes, le glaucome et la dégénérescence maculaire et conditions généralisés telles que le diabète et l'hypertension artérielle;"
31111,collaborer avec les ophtalmologistes et d'autres professionnels de la santé pour fournir des soins pré et postopératoires aux patients subissant des opérations des yeux telles que la correction de la vision au laser;
31111,"prescrire, s'il y a lieu, des médicaments provenant d'une liste restreinte;"
31111,mener des recherches et promouvoir l’avancement dans les sciences de la vue.
31112.01,"élaborer et administrer, à l'aide d'instruments et d'équipement électronique spécialisés, des épreuves et des examens audiométriques pour diagnostiquer et évaluer le type et les conséquences de la déficience auditive du patient;"
31112.01,"élaborer et mettre en oeuvre un programme d'adaptation ou de réadaptation pour les patients, notamment en déterminant le choix, le montage et le réglage des appareils d'amplification, comme les appareils auditifs, la rééducation vestibulaire et en enseignant la lecture labiale;"
31112.01,"offrir des conseils et des services instructifs aux patients et à leurs familles quant à la nature, au degré, à l'impact et aux conséquences de la déficience auditive et du traitement de celle-ci;"
31112.01,travailler dans un contexte d'interdisciplinarité en vue d'établir des plans d'intervention;
31112.01,faire de la recherche reliée à l'audiologie et aux troubles de l'audition;
31112.01,"enseigner, au besoin, aux techniciens en audiométrie, aux stagiaires et à tout autre personnel des soins de santé, et les superviser."
31112.02,"administrer des tests et des examens et observer les patients afin d'évaluer et de diagnostiquer les troubles de la parole, de la voix, de la résonance, du langage,de la fluidité, les troubles cognitivo-linguistiques et de la déglutition;"
31112.02,"élaborer et mettre en oeuvre des programmes pour corriger les troubles de la parole, de la voix, du langage, de la fluidité, de la résonance, les troubles cognitivo-linguistiques et de la déglutition;"
31112.02,travailler dans un contexte d'interdisciplinarité en vue d'établir des plans d'intervention d'équipe ou individualisés;
31112.02,offrir des conseils et des services instructifs aux patients et à leurs familles au sujet des troubles de la communication et de la déglutition;
31112.02,"faire de la recherche sur les troubles de la parole et autres troubles de communication, et sur l'élaboration et la conception de procédures et d'instruments de diagnostic;"
31112.02,"enseigner, au besoin, aux assistants en troubles de communication, aux stagiaires et à tout autre personnel des soins de santé, et les superviser."
31120.01,revoir les ordonnances pour s'assurer de la dose exacte;
31120.01,"remplir les ordonnances et, à cette fin, calculer, mesurer et mélanger des quantités de médicaments et autres substances nécessaires, et mettre la quantité prescrite dans des contenants appropriés;"
31120.01,"dispenser les médicaments prescrits aux clients ou à d'autres professionnels de la santé et les renseigner sur les indications, les contre-indications, les effets secondaires, les interactions médicamenteuses et la posologie;"
31120.01,tenir un profil pharmaceutique des clients incluant les substances toxiques et les narcotiques et les médicaments contrôlés;
31120.01,"veiller à la préparation, au conditionnement, à la distribution et à l'entreposage des vaccins, sérums, produits biologiques et autres médicaments et produits pharmaceutiques;"
31120.01,commander et conserver un stock suffisant de fournitures pharmaceutiques;
31120.01,donner des conseils aux clients sur le choix et la façon d'utiliser les médicaments en vente libre;
31120.01,renouveler ou prolonger des ordonnances existantes dans certains cas;
31120.01,"adapter, s'il y a lieu, la formulation, le régime, la durée ou la voie d'administration des médicaments;"
31120.01,"superviser et coordonner, si nécessaire, les activités des autres pharmaciens, des aides en pharmacie, des techniciens en pharmacie et d'autres employés."
31120.02,participer aux travaux de recherche pour le développement de nouveaux médicaments;
31120.02,formuler de nouveaux médicaments mis au point par des chercheurs médicaux;
31120.02,mettre à l'essai et vérifier la stabilité des nouveaux médicaments et en déterminer les capacités d'absorption et d'élimination;
31120.02,coordonner les enquêtes cliniques sur les nouveaux médicaments;
31120.02,"contrôler la qualité des médicaments pendant la production afin d'assurer la conformité aux normes de pureté, d'uniformité, de stabilité et de sécurité des produits;"
31120.02,"élaborer du matériel informatif concernant les usages, les effets thérapeutiques et les risques de certains médicaments;"
31120.02,évaluer l'étiquetage et l'emballage des médicaments de même que la publicité concernant les médicaments;
31120.02,faire la promotion des produits pharmaceutiques auprès des professionnels de la santé.
31121,"élaborer, mettre en oeuvre et évaluer des programmes et des services de nutrition pour les individus, les communautés et les populations;"
31121,"gérer des systèmes de services alimentaires dans les hôpitaux, les établissements de soins de longue durée, les écoles, les points de vente de services alimentaires privés ou d’autres établissements similaires;"
31121,"fournir des conseils sur la nutrition et sur l'interprétation d'étiquette aux professionnels de la santé, aux particuliers, aux diététistes stagiaires, aux groupes communautaires, aux autorités gouvernementales et aux médias;"
31121,évaluer l'état nutritionnel des particuliers et aider à prévenir ou à traiter les conséquences d'une alimentation inadéquate;
31121,"planifier, évaluer et mettre en oeuvre des programmes d'éducation nutritionnelle et élaborer du matériel éducatif à l'intention d'un auditoire varié;"
31121,"agir de façon autonome ou dans un contexte d'interdisciplinarité afin de déterminer les besoins alimentaires des patients et concevoir, mettre en oeuvre et évaluer des régimes normaux et thérapeutiques dans le but de maintenir et d'améliorer l'état de santé général;"
31121,"analyser les documents scientifiques courants concernant la nutrition, faire de la recherche et évaluer l'efficacité des programmes pour améliorer la valeur nutritive, la saveur, l'apparence et la préparation des aliments;"
31121,"travailler au sein de l'industrie au développement, aux essais, à l'évaluation et à la mise en marché de denrées alimentaires, ou agir en tant que représentant commercial en fournissant des renseignements au sujet des produits aux professionnels de la santé;"
31121,"s'entretenir avec d'autres professionnels de la santé, des groupes communautaires, le gouvernement et les médias afin d'offrir des conseils sur l'interprétation de la nutrition, l'intervention en nutrition ainsi que la politique nutritionnelle;"
31121,superviser la formation des diététistes stagiaires.
31200,"examiner et évaluer les comportements, diagnostiquer les troubles comportementaux, émotifs et cognitifs, donner des conseils à leurs clients et les traiter;"
31200,aider leurs clients à gérer une maladie ou un trouble physique;
31200,"donner des conseils à des particuliers et à des groupes afin de les aider à se développer et à mieux s'adapter sur les plans personnel, social et professionnel, et offrir des services de médiation;"
31200,administrer des tests psychologiques standardisés à des fins d'évaluation;
31200,élaborer et évaluer des programmes d'intervention;
31200,"appliquer des théories et des principes psychologiques concernant le comportement et les processus mentaux tels que l'apprentissage, le développement du langage, la mémoire et la perception lors de l'élaboration de programmes de traitement;"
31200,"formuler des hypothèses et des plans expérimentaux, examiner la documentation, effectuer des études et publier des comptes rendus de recherche, des textes éducatifs et des articles;"
31200,"donner des exposés à l'occasion de conférences, d'ateliers et de colloques;"
31200,fournir des services de consultation à des organismes gouvernementaux et autres organismes;
31200,mener une psychologie appliquée et / ou une recherche expérimentale.
31201,procéder à les entrevues avec les patients et recueillir les antécédents médicaux et familiaux du patient;
31201,"effectuer un examen, incluant une évaluation posturale, des tests d’amplitude de mouvement, un examen neurologique et orthopédique de même qu’une palpation des articulations et tissus mous;"
31201,prescrire et/ou effectuer des radiographies et d'autres images et tests au besoin pour diagnostiquer l'état du patient;
31201,"diagnostiquer les troubles neuromusculosquelettiques de la colonne vertébrale, du bassin, des membres et des tissus connexes;"
31201,"définir et mettre en application un plan de traitement comprenant des ajustements ou des manipulations vertébrales et articulaires, du travail des tissus mous et/ou l'utilisation  de thérapies complémentaires tels que l'électrothérapie, l'acupuncture, la thermothérapie et le massage;"
31201,communiquer et collaborer avec d'autres professionnels de la santé;
31201,"conseiller les patients sur  des modalités de traitement alternatives, telles que des exercices correctifs, des conseils sur la posture, le mode de vie et l'alimentation, qui ont un effet positif sur la colonne vertébrale, les articulations, les muscles et le système nerveux;"
31201,diriger les patients vers d’autres professionnels de la santé au besoin.
31202,évaluer les capacités physiques des clients au moyen de procédés d'évaluation tels que les tests de capacité fonctionnelle et établir un diagnostic physiothérapique;
31202,"établir des objectifs de traitement avec les clients, en fonction des diagnostics;"
31202,"élaborer et mettre en oeuvre des plans de traitements en physiothérapie qui comportent des exercices de thérapie, des manipulations, des massages, de l'éducation, de l'électrothérapie, de l'hydrothérapie ainsi que d’autres modalités;"
31202,évaluer l'efficacité des plans de traitement et les modifier en conséquence;
31202,donner des conseils sur les exercices et les stratégies requis à domicile afin d’améliorer ou de maintenir les traitements;
31202,"communiquer avec le médecin des clients et d'autres professionnels de la santé au sujet des difficultés qu'éprouve les clients, de ses besoins et de ses progrès;"
31202,tenir des dossiers cliniques et statistiques et consulter d'autres professionnels de la santé;
31202,"élaborer et exécuter des programmes pour promouvoir la santé des clients, des employés et de la collectivité;"
31202,"effectuer, si nécessaire, des recherches en physiothérapie;"
31202,"fournir, au besoin, des services de consultation ou d'éducation."
31203,"analyser les capacités et les attentes des clients en ce qui a trait aux activités de la vie en les observant, en discutant avec eux et en effectuant des évaluations formelles;"
31203,élaborer des programmes d'intervention visant à répondre aux besoins des clients en matière de soins auto-administrés et d'activités professionnelles et de loisirs;
31203,tenir les dossiers des clients;
31203,travailler dans un contexte d'interdisciplinarité en vue d'établir des plans d'intervention;
31203,agir à titre de consultant et de conseiller relativement aux programmes de promotion de la santé visant à prévenir les incapacités et à optimiser l'autonomie dans toutes les activités de la vie;
31203,"superviser, au besoin, le personnel de soutien et les stagiaires, et dispenser de la formation."
31204.01,"évaluer les patients et réviser les rapports des médecins, des physiothérapeutes, des psychiatres, des conseillers, des enseignants et d'autres professionnels afin de déterminer les capacités et les besoins des patients;"
31204.01,"élaborer, seuls ou par une approche pluridisciplinaire, des plans d'intervention individualisés ou de groupe, basés sur les préoccupations liées à la santé et sur les recommandations de médecins ou d'autres professionnels des soins de la santé;"
31204.01,"concevoir et réaliser des séances de thérapie spécialisée en utilisant des techniques telles que l'art-thérapie, l'athlétisme, la danse, la musicothérapie, la ludothérapie ou la gymnastique corrective, afin de répondre aux besoins physiques ou psychologiques spécifiques des patients;"
31204.01,"coordonner, initier, concevoir et mettre en œuvre des programmes de thérapie spécialisée pour la population générale des patients et dans la communauté;"
31204.01,conseiller les patients sur la manière de gérer leurs capacités mentales et physiques et les aider à s'intégrer dans la communauté;
31204.01,"observer, analyser et enregistrer la participation, les réactions et les progrès des patients pendant les séances de traitement et consulter d'autres professionnels de la santé pour évaluer et modifier les plans de traitement, le cas échéant;"
31204.01,"effectuer, s'il y a lieu, de la recherche dans le domaine du loisir thérapeutique."
31204.02,évaluer les clients afin de déterminer leur niveau de fonctionnement actuel et futur et de contribuer à l'élaboration de programmes individualisés de récupération ou de réadaptation;
31204.02,"concevoir des programmes de thérapie spécialisée afin de maintenir, de réadapter ou d'améliorer le mouvement et le fonctionnement musculosquelettique, ainsi que la performance sportive et récréative et l'efficacité fonctionnelle;"
31204.02,"mettre en oeuvre des programmes thérapeutiques en utilisant des approches et des techniques telles que l'exercice, le sport ou d'autres thérapies du mouvement;"
31204.02,enseigner aux clients les techniques de réadaptation des blessures physiques ou d'amélioration de la performance physique;
31204.02,"observer, enregistrer les observations et analyser les clients lors de séances de traitement, rédiger des rapports de progrès et consulter avec d'autres professionnels de la santé afin d'évaluer et modifier les plans de traitement si nécessaire;"
31204.02,"conseiller, s'il y a lieu, les clients sur la promotion de la santé et la prévention, la gestion et le traitement des blessures;"
31204.02,"effectuer, s'il y a lieu, de la recherche dans le domaine de spécialisation."
31209.01,"diagnostiquer les maladies, les difformités et les blessures aux pieds et faire part de leurs diagnostics aux patients;"
31209.01,"soigner les patients à l'aide d'orthèses, de plâtres, d'écrans, de physiothérapie ou de médicaments;"
31209.01,"opérer, au besoin, sur les os de l'avant-pied et sur les tissus mous sous-cutanés du pied."
31209.02,"diagnostiquer les maladies, les difformités et les blessures aux pieds;"
31209.02,"soigner les patients à l'aide d'orthèses, de plâtres, d'écrans, de physiothérapie et d'interventions chirurgicales sur les tissus mous sous-cutanés du pied."
31209.03,diagnostiquer les maladies et les troubles des patients;
31209.03,"employer des méthodes curatives naturelles telles que l'acupuncture et l'acupression, la manipulation vertébrale, la réflexologie, l'hydrothérapie, les plantes médicinales, la thérapie biochimique, la nutrition clinique, l'homéopathie et le counselling dans leur protocole de traitement."
31209.04,"diagnostiquer les troubles et les blessures du système musculosquelettique, circulatoire et nerveux;"
31209.04,"soigner les patients à l'aide de manipulations, de médicaments ou par la chirurgie."
31300,"superviser le travail des infirmiers autorisés, des infirmiers auxiliaires et de tout autre personnel des soins infirmiers;"
31300,évaluer les besoins des patients et s'assurer que les soins requis sont dispensés;
31300,établir et coordonner les services de soins infirmiers et les autres services de santé;
31300,veiller à la qualité des soins infirmiers et au respect des procédures administratives;
31300,participer à la mise sur pied de politiques et de procédures de l'unité des soins infirmiers;
31300,administrer le budget de l'unité de soins infirmiers et assurer la disponibilité des produits et de l'équipement;
31300,"participer à la sélection, à l'évaluation et au perfectionnement professionnel du personnel infirmier;"
31300,"prendre part à des projets de recherche en soins infirmiers, soins médicaux et en services pluridisciplinaires;"
31300,"prodiguer eux-mêmes, au besoin, des soins aux patients."
31301.01,évaluer les patients afin d'identifier les soins infirmiers appropriés;
31301.01,"collaborer avec les autres membres des équipes interdisciplinaires de soins de santé afin de planifier, d'implanter, de coordonner et d'évaluer les soins aux patients en consultation avec les patients et leurs familles;"
31301.01,administrer les médicaments et les traitements prescrits par un médecin ou selon les politiques et les protocoles en vigueur;
31301.01,"surveiller, évaluer, documenter et consigner les symptômes et les changements dans l'état des patients, et prendre des mesures nécessaires;"
31301.01,utiliser du matériel ou des appareils médicaux ou en surveiller l'utilisation;
31301.01,assister les médecins dans les interventions chirurgicales et les autres procédures médicales;
31301.01,"superviser, s'il y a lieu, les infirmiers auxiliaires autorisés et les autres membres du personnel infirmier;"
31301.01,"élaborer et mettre à exécution, s'il y a lieu, la démarche de planification de renvoi des patients lorsque ceux-ci sont admis en établissement;"
31301.01,"informer et conseiller, au besoin, les patients et leurs familles sur certains aspects de la santé, en collaboration avec d'autres travailleurs dans le domaine de la santé."
31301.02,élaborent et mettent en oeuvre des programmes d'éducation sur la santé pour les employés et dispensent des soins d'infirmiers autorisés dans des entreprises et industries privées.
31301.03,"donnent des renseignements sur la santé et des soins d'infirmiers autorisés dans des unités de santé publique et à domicile, ils gèrent les cas complexes de soins à domicile, prennent part à des évaluations des besoins de la collectivité et à l'élaboration de programmes, effectuent des tests de dépistage de maladies et assurent la prestation de programmes d'immunisation."
31301.04,"dispensent des soins infirmiers et des services de counselling et donnent des cours de dynamique de la vie aux patients dans les hôpitaux psychiatriques, les cliniques de santé mentale, les établissements de soins de longue durée ainsi qu'au sein de la collectivité."
31301.05,"effectuent des travaux de recherche liés aux sciences infirmières, en tant que travailleurs autonomes ou employés de centres hospitaliers, d'organismes privés et publics et du gouvernement;"
31301.05,"fournissent des services consultatifs à des établissements, à des associations et à des organisations de soins de santé sur les questions et les préoccupations relatives à la profession d'infirmier et à l'exercice en sciences infirmières."
31301.06,"fournissent leadership, conseils et orientation en ce qui concerne la prestation de soins basés sur la recherche à des groupes précis de patients dont le soin relève d'organisations de soins de santé particulières."
31302,"examiner les patients, consigner leur historique médical et consulter des médecins et d'autres professionnels en médecine afin d'évaluer la santé physique et psychologique des patients;"
31302,"ordonner l'exécution de tests de laboratoire, de radiographies et autres épreuves diagnostiques;"
31302,inoculer et vacciner les patients;
31302,"donner des conseils aux patients et à leurs familles concernant les soins de santé, y compris la promotion de la santé et la prévention des maladies et des accidents;"
31302,"collaborer avec les membres d'une équipe interdisciplinaire de soins de santé tels que des médecins de famille, des thérapeutes et des nutritionnistes, afin de planifier, d'implanter, de coordonner et d'évaluer les soins aux patients en consultation avec les patients et leurs familles;"
31302,jouer un rôle de défenseur des patients;
31302,prescrire et administrer des médicaments;
31302,peut coordonner ou gérer les soins primaires aux patients.
31303.01,mener des entrevues et des évaluations physiques avec les patients et consigner leur historique médical;
31303.01,"effectuer ou ordonner l'exécution de tests diagnostiques, et en interpréter les résultats;"
31303.01,élaborer et mettre en oeuvre des plans de traitement et surveiller les progrès des patients en consultation avec un médecin superviseur;
31303.01,effectuer des interventions chirurgicales mineures ou y participer;
31303.01,offrir des services d'éducation en maintien de la santé;
31303.01,"participer, s'il y a lieu, aux activités de recherche;"
31303.01,"prescrire, s'il y a lieu, des médicaments provenant d'une liste restreinte."
31303.02,"dispenser des soins complets aux femmes et à leurs bébés au cours de la grossesse, tels que des examens médicaux, des tests de dépistage et de diagnostic afin de surveiller la santé de la mère et de l'enfant et de les référer à des médecins spécialistes si nécessaire;"
31303.02,surveiller le travail et les accouchements spontanés normaux;
31303.02,"s'occuper du nouveau-né, l'évaluer, le surveiller et le diriger vers les services médicaux appropriés, au besoin;"
31303.02,donner des conseils et des renseignements sur les soins à apporter aux nouveau-nés et aux nourrissons.
31303.03,fournir des informations et un soutien aux familles touchées par un trouble génétique ou risquant de l’être;
31303.03,"recueillir et analyser les antécédents familiaux et le profil héréditaire, calculer les risques de récurrence et fournir des informations sur les tests génétiques et les procédures connexes;"
31303.03,"développer, mettre en œuvre ou coordonner des plans d’action et référer les individus et les familles vers d’autres professionnels de la santé;"
31303.03,concevoir et mener des programmes de formation à la génétique pour d'autres professionnels de la santé ou le grand public;
31303.03,peut mener des recherches dans le domaine de la génétique médicale et du conseil génétique.
31303.04,travailler avec les ophtalmologistes pour diagnostiquer et traiter les troubles visuels en utilisant des tests spécialisés pour mesurer et évaluer les défauts de vision binoculaire ou de mouvement anormal des yeux chez les patients;
31303.04,prescrire des traitements tels que des exercices pour les yeux ou des régimes de pansement.
31303.05,préparer les autopsies en obtenant les dossiers médicaux des patients et en prenant les dispositions nécessaires pour des examens radiographiques;
31303.05,préparer et aider lors des autopsies et des examens des prélèvements ou pratiquer les autopsies et les examens sous la surveillance du pathologiste;
31303.05,aider à la préparation du rapport d'autopsie provisoire;
31303.05,"disséquer, examiner, peser, photographier et radiographier les organes et les prélèvements, recueillir des échantillons de tissus pour des analyses chimiques et consigner les résultats;"
31303.05,détruire les prélèvements selon les procédures de sécurité établies;
31303.05,"nettoyer et entretenir l'instrumentation, l'équipement et le matériel;"
31303.05,développer et maintenir les processus de contrôle de qualité dans le laboratoire;
31303.05,"préparer, au besoin, les corps qui seront envoyés au salon funéraire, suivant l'autopsie;"
31303.05,"superviser et former, au besoin, les nouveaux stagiaires en anatomopathologie et les préposés à la morgue."
32100,"déterminer les spécifications des lunettes ou des lentilles soit à partir d'une prescription émise par un ophtalmologiste ou un optométriste, soit en analysant les lunettes ou les lentilles d'un client et prend les mesures nécessaires à la réalisation de celles-ci notamment la courbure des yeux, détermine avec précision les positions des pupilles et la largeur du visage à l'aide d'instruments optiques;"
32100,"conseiller le client dans le choix de lunettes en le renseignant sur les produits disponibles tel que les matériaux de fabrication des lentilles, les montures, les teintes et les revêtements antireflets;"
32100,ajuster les lentilles cornéennes et renseigner le client sur l'usage et les soins nécessaires;
32100,"meuler, polir, tailler et biseauter les lentilles ou les faire réaliser par un laboratoire avant de les insérer dans la monture;"
32100,ajuster les lunettes pour le client;
32100,"superviser ou diriger, au besoin, les activités d'autres opticiens d'ordonnances ou d'étudiants opticiens d'ordonnances."
32101.01,"fournir des services infirmiers, dans les limites de l'exercice professionnel, aux patients selon leur évaluation et les procédures du plan d'intervention des soins;"
32101.01,"faire des interventions infirmières, par exemple, contrôler les signes vitaux des patients, appliquer les techniques d'asepsie, y compris faire des pansements stériles, assurer le contrôle des infections, contrôler l'alimentation des patients et prélever des spécimens;"
32101.01,"administrer des médicaments, en observer les effets thérapeutiques et consigner les résultats de ces observations;"
32101.01,administrer des soins personnels avant et après les interventions chirurgicales et réconforter les patients;
32101.01,contrôler l'inhalothérapie et la thérapie intraveineuse en cours;
32101.01,"surveiller les progrès des patients, évaluer et documenter l'efficacité des interventions infirmières et collaborer avec les autres membres de l'équipe médicale;"
32101.01,informer les patients et leurs familles sur certains aspects de la santé et de la sécurité.
32101.02,"préparer les patients pour une intervention chirurgicale en lavant, en rasant et en aseptisant les champs opératoires;"
32101.02,"préparer les instruments et l'équipement nécessaires à l'opération, aider l'équipe chirurgicale à revêtir des chemises d'hôpital et des gants et donner aux chirurgiens les instruments demandés pendant l'opération;"
32101.02,"surveiller l'état des patients pendant la chirurgie, tel que l'absorption, l'élimination et des pertes sanguines, communiquer et documenter tout changement;"
32101.02,nettoyer et stériliser la salle d'opération et les instruments.
32102,"déterminer la gravité des blessures ou de la maladie des victimes de traumatisme, des patients souffrant de maladies ou de stress respiratoires, des victimes de dose excessive de médicaments ou de poison, des victimes d'accident de travail et autres individus malades ou blessés afin de déterminer les soins médicaux d'urgence nécessaires;"
32102,"administrer les soins d'urgence pré-hospitaliers aux patients, tels que la réanimation cardiorespiratoire (RCR), l'oxygénothérapie, l'immobilisation spinale, les bandages ou les attelles;"
32102,"administrer et maintenir en place des intraveineuses, installer l'équipement d'appoint dans le cas de problèmes de ventilation ou de circulation sanguine, donner des médicaments et fournir d'autres traitements avancés d'urgence aux patients;"
32102,"utiliser les moyens de transport aériens, terrestres ou maritimes afin d'amener les patients aux centres hospitaliers ou à d'autres centres médicaux pour leur prodiguer d'autres soins médicaux;"
32102,"collaborer avec les centres de répartition des ambulances, les membres du personnel de centres hospitaliers, de services policiers et de services d'incendie, ainsi qu'avec les membres de famille des patients afin d'avoir accès à tous les renseignements pertinents et de fournir aux patients les traitements appropriés;"
32102,documenter et consigner la nature des blessures et des maladies et le traitement donné;
32102,"aider le personnel du centre hospitalier à dispenser les soins médicaux, au besoin;"
32102,entretenir le matériel et les fournitures nécessaires aux soins d'urgence;
32102,"former et superviser, au besoin, les autres travailleurs de ce groupe de base;"
32102,"aider, si nécessaire, au triage des patients en situation d'urgence."
32103.01,"effectuer des tests diagnostiques, notamment des analyses des gaz du sang artériel et des épreuves fonctionnelles cardiorespiratoires;"
32103.01,"actionner et surveiller des inhalateurs servant à l'administration de vapeurs médicamenteuses d'oxygène, d'un mélange d'air et d'oxygène, air humidifié et de gaz médicaux spécialisés;"
32103.01,"utiliser, surveiller, entretenir et mettre à l'essai divers équipements diagnostiques et thérapeutiques;"
32103.01,"pratiquer ou aider à effectuer certaines interventions, telles que le dégagement des voies respiratoires, l'introduction de tubes, les inductions et les tubages, et gérer les patients et l'équipement associé;"
32103.01,effectuer des services d’assistance en anesthésie;
32103.01,pratiquer la respiration artificielle et le massage cardiaque externe;
32103.01,évaluer et contrôler la condition cardiorespiratoire des patients;
32103.01,assurer et optimiser la ventilation mécanique des patients;
32103.01,aider pendant le transport de patients à risques;
32103.01,"préparer et administrer des médicaments autorisés, au besoin;"
32103.01,superviser et former les étudiants et d'autres inhalothérapeutes;
32103.01,prendre part à des programmes de soins à domicile pour les patients atteints de troubles respiratoires chroniques et informer les patients et leurs familles;
32103.01,participer à des recherches concernant les troubles cardiaques et pulmonaires.
32103.02,"monter, entretenir et actionner le matériel extracorporel de support circulatoire, les pompes de déblocage des artères et autres dispositifs pour le coeur afin d'assister ou de remplacer temporairement les fonctions cardiorespiratoires des patients lors d'une opération à coeur ouvert;"
32103.02,"administrer des produits sanguins, des médicaments et d'autres substances à l'aide d'un ensemble coeur-poumon artificiel et d'autres appareils, suivant les instructions des cardiologues et des anesthésistes, afin d'assurer un transport adéquat d'oxygène par le sang vers tous les organes du corps;"
32103.02,contrôler les signes vitaux afin de soutenir et d'assurer le maintien des fonctions physiologiques et des besoins métaboliques des patients lors d'une chirurgie cardiopulmonaire;
32103.02,"participer à l'entretien routinier, à l'étalonnage et à l'inspection de tous les équipements liés à la perfusion;"
32103.02,superviser et former les étudiants et d'autres perfusionnistes cliniques.
32103.03,"effectuer des tests diagnostiques, comme des épreuves de capacité pulmonaire ou d'asthme, ou aider les médecins à effectuer des épreuves de stress cardiaque ou cardiopulmonaire et des bronchoscopies;"
32103.03,"déterminer les caractéristiques du sang des patients, comme le temps de coagulation activée et la capacité de saturation en oxygène;"
32103.03,"utiliser, contrôler, entretenir, calibrer et tester l'équipement diagnostique et thérapeutique;"
32103.03,contrôler l'état des patients et informer le médecin de tout changement;
32103.03,préparer les médicaments et administrer des soins inhalés et d'autres traitements sous la supervision du cardiologue;
32103.03,fournir de l'information et des soins aux patients pendant les tests;
32103.03,aider à préparer la salle de cathétérisme cardiaque et les cathéters spécialisés et aider les cardiologues pendant un cathétérisme;
32103.03,"assurer l'analyse, la programmation et le contrôle des prothèses comme les cardiostimulateurs et les défibrillateurs pendant les interventions chirurgicales;"
32103.03,superviser et former les étudiants et d'autres technologues cardiopulmonaires;
32103.03,fournir un soutien technique dans le cadre des recherches.
32104,dispenser des soins infirmiers aux animaux et s'occuper de leur réadaptation;
32104,"manipuler, immobiliser et prendre soin des animaux pendant les traitements et la chirurgie;"
32104,"faire des radiographies, prélever et analyser des échantillons et effectuer d'autres tests de laboratoire pour aider dans le diagnostique des problèmes de santé de l'animal;"
32104,"aider le vétérinaire avant, pendant et après les opérations, notamment en préparant l'équipement chirurgical et en administrant ou en surveillant l'administration des anesthésiques, et nettoyer la salle après les interventions;"
32104,"préparer et administrer les médicaments et les vaccins, sous la direction du vétérinaire;"
32104,administrer les traitements prescrits par le vétérinaire;
32104,soigner et panser les plaies;
32104,"s'occuper de certaines tâches spécialisées, comme l'identification des animaux et le parage des onglons;"
32104,"fournir de la formation et des conseils aux clients sur les soins de santé animale, y compris la nutrition et les soins à donner à domicile;"
32104,participer aux recherches en laboratoire;
32104,effectuer des procédures dentaires de routine et aider les dentistes vétérinaires;
32104,"effectuer, au besoin, diverses tâches de bureau."
32109.01,examiner les patients d'âge adulte pour déterminer le degré de perte d'ouïe en se servant de techniques d'évaluation diagnostique et de tests électro-acoustiques;
32109.01,recommander et délivrer ou vendre les appareils auditifs appropriés;
32109.01,prendre l'empreinte de l'embout auriculaire du patient pour la fabrication de la prothèse auditive;
32109.01,"poser et régler les appareils auditifs, et y apporter des modifications mineures;"
32109.01,"offrir aux clients des conseils sur l'usage approprié, les soins et l'entretien de leurs prothèses auditives;"
32109.01,communiquer avec un audiologiste ou d'autres professionnels de la santé concernant l'état des patient
32109.01,faire subir des examens de suivi aux patients et rajuster leurs appareils.
32109.02,assister les orthophonistes et audiologistes lors de l'évaluation des patients;
32109.02,"exécuter des programmes de traitement, documenter les résultats et développer du matériel qui sera utilisé avec les patients, sous la supervision d'orthophonistes et d'audiologistes;"
32109.02,documenter le progrès des patients en réadaptation;
32109.02,vérifier et entretenir l'équipement et le matériel thérapeutique.
32109.03,prendre les antécédents médicaux et ophtalmiques généraux des patients;
32109.03,"effectuer tests spécialisés tels que la réfractométrie, l'échographie, l'angiographie à la fluorescéine ou le test de motilité oculaire pour aider les ophtalmologistes à évaluer la vision des patients"
32109.03,"instruire le patient sur le test de diagnostic et enregistrer, interpréter et dépanner le résultat des examens;"
32109.03,aider les ophtalmologistes  à effectuer des procédures et des opérations ophtalmiques;
32109.03,préparer les spécimens pour la culture et la coloration;
32109.03,administrer des médicaments ophtalmiques ou oraux topiques selon les directives des ophtalmologistes;
32109.03,entretenir les instruments ou l'équipement ophtalmiques;
32109.03,peut instruire et superviser d’autres membres du personnel ophtalmologique et exécuter diverses tâches administratives;
32109.03,peut participer à des activités de recherche.
32109.04,recueillir et analyser l'information contenue dans le dossier du client sur recommandation du physiothérapeute ou du médecin;
32109.04,"élaborer, mettre en œuvre et surveiller les plans de traitement des clients en collaboration avec le physiothérapeute ou le médecin;"
32109.04,"utiliser diverses modalités thérapeutiques telles que les techniques manuelles (p. ex. massage), les exercices, l'électrothérapie, l'hydrothérapie et la thermothérapie (glace ou chaleur) pour atteindre les objectifs du traitement;"
32109.04,"Conseiller les clients sur les postures, le style de vie et les exercices pour les aider à améliorer leur condition physique."
32109.05,"exécuter, sous la direction des ergothérapeutes ou des physiothérapeutes, des programmes de traitement comprenant de la thermothérapie, des tractions, de l'hydrothérapie et des techniques d'électrothérapie dans le but de faire la réadaptation des personnes ayant des incapacités ou ayant subi des blessures afin d'optimiser leur capacité de gérer leurs activités quotidiennes de façon indépendante."
32110,mesurer les mâchoires du client pour déterminer les dimensions et la forme des dentiers et des prothèses dentaires à fabriquer;
32110,"prendre les empreintes des dents, des gencives et des mâchoires du client;"
32110,concevoir et fabriquer les dentiers et les prothèses dentaires ou demander à d'autres travailleurs de les fabriquer;
32110,"insérer, ajuster et adapter les nouvelles prothèses dentaires;"
32110,réparer les dentiers et les prothèses dentaires;
32110,"effectuer le regarnissage, le rebasage et l'ajustement des dentiers et des prothèses dentaires;"
32110,"fabriquer des protecteurs, des prothèses pour arrêter les ronflements et des prothèses amovibles sur les implants;"
32110,"commander, au besoin, des radiogrammes;"
32110,"préparer, au besoin, des prothèses partielles;"
32110,"effectuer, au besoin, des procédures de blanchiment et de nettoyage des dentiers et des prothèses dentaires."
32111.01,"effectuer le dépistage et l'évaluation de la santé orale des patients, ce qui inclut la prise de signes vitaux et la documentation des historiques médicaux et de santé des patients;"
32111.01,prendre les empreintes des dents;
32111.01,prendre des radiographies et les développer;
32111.01,"effectuer des procédures dentaires préventives telles que le nettoyage dentaire, le détartrage, la stimulation des gencives et l'application de scellant;"
32111.01,"fournir des instructions d'hygiène bucco-dentaire telles que les procédures d'hygiène dentaire, les stratégies pour maintenir et améliorer la santé bucco-dentaire et en ce qui concerne l'impact de la nutrition sur la santé bucco-dentaire;"
32111.01,"consulter, s'il y a lieu, le dentiste en ce qui concerne les soins à prodiguer au patient;"
32111.01,"effectuer, s'il y a lieu, des actes de dentisterie restaurative ou d'orthodontie, sous la direction d'un dentiste;"
32111.01,"superviser, s'il y a lieu, les assistants dentaires dans la prestation des soins de santé;"
32111.01,"participer, s’il y a lieu, à des initiatives de santé bucco-dentaire, tel que le dépistage oral, en milieu communautaire ou scolaire."
32111.02,"effectuer des examens dentaires de routine, des examens du cancer de la bouche et des examens dentaires d'urgence;"
32111.02,prendre les empreintes des dents;
32111.02,prendre des radiographies et les développer;
32111.02,"effectuer des procédures dentaires préventives telles que le nettoyage dentaire, le détartrage, la stimulation des gencives et l'application de scellant;"
32111.02,"fournir des instructions d'hygiène bucco-dentaire telles que les procédures d'hygiène dentaire, les stratégies pour maintenir et améliorer la santé bucco-dentaire et en ce qui concerne l'impact de la nutrition sur la santé bucco-dentaire;"
32111.02,effectuer des restaurations dentaires de routine et des extractions simples et fournit des instructions d'hygiène bucco-dentaire suite à l'extraction;
32111.02,réfèrer les patients à d'autres professionnels de la santé bucco-dentaire pour les soins qui sont au-delà du champ d'application des thérapeutes dentaires;
32111.02,effectuer des activités promotionnelles de la santé bucco-dentaire;
32111.02,"superviser, s'il y a lieu, les assistants dentaires dans la prestation des soins de santé."
32112,"concevoir, fabriquer, modifier ou réparer des appareils dentaires y compris des dentiers complets et partiels, des appareils orthodontiques, des couronnes, des bridges, des incrustations, des agrafes, des bagues et des implants;"
32112,"veiller à la manipulation et au contrôle appropriés des matières dangereuses, et respecter les procédures de contrôle des infections en laboratoire, le cas échéant;"
32112,"consulter, au besoin, des dentistes ou d'autres spécialistes sur les cas problématiques;"
32112,"former et superviser, au besoin, d'autres techniciens dentaires ou les auxiliaires dans les laboratoires dans la fabrication des prothèses et des appareils dentaires;"
32112,"peut mener des recherches dans le domaine de la science, des techniques et de la pratique de la technologie dentaire;"
32112,"exercer, s'il y a lieu, des fonctions administratives pour le laboratoire dentaire."
32120,"régler, faire fonctionner et entretenir les appareils de laboratoire;"
32120,"effectuer et interpréter des analyses chimiques du sang, de l'urine, du liquide céphalo-rachidien et autres fluides provenant de l'organisme;"
32120,étudier les cellules du sang ou d'autres tissus en vue de déterminer leur relation avec divers troubles physiologiques et pathologiques;
32120,préparer des prélèvements de tissus en vue d'un examen au microscope et utiliser diverses techniques permettant de déterminer les différents éléments d'un tissu cellulaire ou d'autres caractéristiques;
32120,effectuer et interpréter des tests pour déterminer les groupes et types sanguins et la compatibilité pour les transfusions;
32120,"valider, documenter et rapporter les résultats des tests;"
32120,établir les méthodes d'analyse de prélèvements et les méthodes d'expérience en laboratoire médical;
32120,mener des évaluations du contrôle de la qualité des techniques d'administration des tests;
32120,"superviser et former, s'il y a lieu, le personnel technique de laboratoire, les étudiants stagiaires et les aides de laboratoire;"
32120,"aider, s'il y a lieu, les pathologistes lors des autopsies."
32121.01,"utiliser des appareils radiographiques et fluoroscopiques, des appareils à rayons X, des tomodensitomètres pour la tomographie assistée par ordinateur et des appareils de mammographie, afin de produire des radiographies ou des images anatomiques du corps humain et de permettre au radiologiste de diagnostiquer la maladie ou la lésion;"
32121.01,enregistrer et traiter les données sur les patients;
32121.01,effectuer les vérifications sommaires et les contrôles de qualité des équipements radiologiques et des appareils de traitement de films;
32121.01,surveiller les patients et leur administrer les soins nécessaires pendant les examens radiographiques;
32121.01,"expliquer les procédures aux patients, positionner les patients et l'équipement, et appliquer les règles de radioprotection;"
32121.01,"former et superviser, au besoin, les étudiants en radiographie ou superviser d'autres technologues en radiologie."
32121.02,"préparer et administrer des substances radiopharmaceutiques, telles que des radionucléides et d'autres traceurs, aux patients ou aux prélèvements biologiques;"
32121.02,"utiliser des appareils de détection de radiation, tels que des gamma-caméras, des tomographes, des compteurs de scintigraphie et de scintitomographie et des chambres d'ionisation, pour recueillir les données permettant aux spécialistes en médecine nucléaire de diagnostiquer la maladie;"
32121.02,"effectuer des procédures diagnostiques à l'aide d'appareils radioactifs sur des spécimens biologiques, tels que le sang, l'urine et les selles;"
32121.02,enregistrer et traiter les résultats des procédures;
32121.02,vérifier l'équipement afin d'en assurer le bon fonctionnement;
32121.02,surveiller les patients et leur administrer les soins nécessaires pendant les examens;
32121.02,appliquer les règles de radioprotection;
32121.02,"former et superviser, s'il y a lieu, les étudiants technologues en médecine nucléaire ou superviser d'autres technologues en médecine nucléaire."
32121.03,"utiliser des accélérateurs linéaires et des appareils de radiothérapie au cobalt, à rayons X ou autre, pour administrer des rayonnements prescrits par les radio-oncologistes;"
32121.03,vérifier les appareils de radiothérapie afin d'en assurer le bon fonctionnement;
32121.03,aider le radio-oncologiste et le physicien clinicien à élaborer le programme de radiothérapie;
32121.03,"aider à la préparation des sources radioactives scellées, telles que le cobalt, le radium, le césium et les isotopes, ainsi qu'à la fabrication d'accessoires, comme les plâtres et les moules en acrylique, pour l'administration des doses de rayonnements;"
32121.03,"surveiller l'état physique et psychologique du patient, et leur administrer les soins nécessaires, pendant la durée du traitement;"
32121.03,expliquer aux patients les effets secondaires éventuels des rayonnements;
32121.03,"former et superviser, s'il y a lieu, les étudiants technologues en radio-oncologie, ou superviser d'autres technologues en radio-oncologie."
32121.04,utiliser des appareils d’imagerie par résonance magnétique pour produire des images anatomiques du corps humain pour permettre au radiologiste de diagnostiquer la maladie ou la lésion;
32121.04,enregistrer et traiter les données sur les patients;
32121.04,effectuer des vérifications et des contrôles de qualité sur les équipements magnétiques;
32121.04,faire des vérifications de sécurité pour tous les patients afin de détecter des contre-indications qui pourraient les blesser ou les exclure de l’examen;
32121.04,fournir les soins appropriés et surveiller le patient lors de l’examen d’imagerie par résonance magnétique;
32121.04,"administrer et suivre les précautions de sécurité nécessaires pour entrer dans la salle des aimants afin de se protéger, de protéger le patient, ses collègues, les autres membres de l’équipe de soins de santé et toute autre personne susceptible d’être présente;"
32121.04,"former et superviser, s’il y a lieu, les étudiants technologues en résonance magnétique, ou superviser d’autres technologues en résonance magnétique."
32122,utiliser des appareils d'imagerie ultrasonique qui transmettent des impulsions sonores à haute fréquence à travers le corps afin de donner des images des parties du corps qui requièrent un examen;
32122,"surveiller l'examen en regardant les images sur l'écran vidéo afin d'évaluer la qualité et l'uniformité des images diagnostiques et, au besoin, faire les ajustements aux appareils;"
32122,"enregistrer, ranger en mémoire et traiter les images numérisées à l'aide de la caméra reliée à l'appareil d'ultrasonographie;"
32122,observer et prendre soin des patients au cours des examens afin de leur assurer sécurité et confort;
32122,"rédiger des rapports d'examen pour les médecins, afin de les aider à surveiller les grossesses et à diagnostiquer les problèmes cardiaques, abdominaux, ophtalmiques, vasculaires et d'autres troubles de la santé;"
32122,"effectuer le contrôle de la qualité sur l'équipement échographique et, au besoin, effectuer des réparations et des ajustements mineurs;"
32122,"superviser et former, au besoin, des étudiants technologues et autres technologues en échographie."
32123.01,utiliser des électrocardiogrammes et d'autres appareils électroniques pour enregistrer l'activité cardiaque des patients;
32123.01,"effectuer des procédures non invasives et des tests de la fonction cardiovasculaire comme des électrocardiogrammes, des tests de tolérance à l'exercice physique, des contrôles ambulatoires et des balayages de bandes, des balayages d'arythmie par moniteur Holter, et des analyses de stimulateurs cardiaques et leur suivi;"
32123.01,enregistrer et évaluer l'activité cardiaque des patients et préparer les comptes rendus préliminaires des tests;
32123.01,dispenser des soins aux patients pendant les procédures et les tests;
32123.01,préparer des rapports qui seront interprétés par les cardiologues;
32123.01,reprogrammer les stimulateurs cardiaques selon les normes exigées;
32123.01,"vérifier, étalonner et effectuer l'entretien courant des appareils de cardiologie afin de s'assurer de leur bon fonctionnement;"
32123.01,"analyser, au besoin, les tests et signalez toute anomalie au médecin ou à d'autres spécialistes en soins de santé;"
32123.01,"administrer, au besoin, certains médicaments sous la supervision directe du médecin;"
32123.01,"documenter et consigner, au besoin,  les mesures seuils des prothèses cardiaques, sous la supervision directe du chirurgien cardiaque;"
32123.01,"former et superviser, s'il y a lieu, les étudiants, les autres technologues en cardiologie et les infirmiers."
32123.02,lire l'historique des patients pour cerner la nature du problème et décider quels tests et procédures sont nécessaires;
32123.02,fixer les appareils de diagnostic de façon à ce qu'ils soient confortables pour les patients et que ces derniers ne courent aucun risque;
32123.02,"utiliser des appareils de diagnostic tels que des électroencéphalographes et des appareils de potentiel évoqué pour enregistrer l'activité électrique du cerveau, du crâne et du système nerveux central;"
32123.02,faire fonctionner des appareils d'électromyographie pour effectuer des tests électrophysiologiques de vitesse de conduction nerveuse et pour aider les médecins à effectuer des tests électrophysiologiques comme ceux de la force musculaire et de stimulation répétée;
32123.02,faire des annotations sur les graphes pour indiquer les interférences comme le mauvais contact des électrodes ou les mouvements des patients;
32123.02,préparer des enregistrements et rédiger les rapports des découvertes à l'intention des médecins afin de les aider dans le diagnostic des troubles neurologiques;
32123.02,"vérifier, étalonner et effectuer l'entretien courant des appareils de diagnostic;"
32123.02,"former et superviser les étudiants, les techniciens ou les autres technologues en électroencéphalographie."
32124,aider les pharmaciens à faire l'inventaire des médicaments et des dossiers pour les ordonnances des produits pharmaceutiques;
32124,évaluer les ordonnances pour s'assurer qu'elles sont complètes et que l'information est exacte;
32124,recueillir et entrer des renseignements sur les clients dans des bases de données et préparer les médicaments pour les clients en collaboration avec les pharmaciens;
32124,"mélanger des produits pharmaceutiques tels que les injections intraveineuses, les solutions orales, les onguents et les crèmes;"
32124,"traiter le paiement des ordonnances et autres services pharmaceutiques, y compris la facturation directe aux assureurs tiers;"
32124,fournir des instructions sur la façon d'utiliser les aides à la santé et les dispositifs médicaux tels que les dispositifs d'administration des médicaments et les dispositifs de surveillance;
32124,"aider, s'il y a lieu, à la planification et au déroulement du travail."
32129.01,aider les diététiciens ou les nutritionnistes à planifier et à superviser les opérations du service alimentaire;
32129.01,"planifier des menus et des régimes pour des personnes ou des groupes, sous la direction d'un diététicien ou d'un nutritionniste;"
32129.01,aider dans la supervision du personnel qui prépare et sert les aliments;
32129.01,aider les patients à compléter leurs menus;
32129.01,"aider les diététiciens dans leurs recherches sur les aliments, la nutrition et les systèmes des services alimentaires."
32129.02,"créer, fabriquer et ajuster des prothèses oculaires et des conformateurs et concevoir et fabriquer, au besoin, des implants;"
32129.02,peindre les iris et les pupilles des prothèses oculaires;
32129.02,nettoyer et remettre en état les prothèses oculaires;
32129.02,"donner des conseils aux patients concernant la perte de perception de la profondeur, l'entretien et l'usage des prothèses oculaires;"
32129.02,réparer et entretenir les appareils de fabrication et l'équipement de laboratoire;
32129.02,consulter les ophtalmologistes concernant l'insertion des prothèses oculaires.
32129.03,"concevoir, fabriquer et ajuster des appareils prothétiques et orthopédiques tels que des membres artificiels, des corsets médicaux ou des supports;"
32129.03,interpréter les prescriptions du médecin et examiner et mesurer les patients afin d'élaborer des croquis d'exécution pour les appareils;
32129.03,fabriquer et modifier des moules de plâtre de l'endroit qui doit recevoir une prothèse ou une orthèse;
32129.03,"adapter, ajuster et réparer des appareils;"
32129.03,indiquer aux patients la manière d'utiliser et d'entretenir la prothèse ou l'orthèse;
32129.03,superviser et diriger les activités de techniciens prothésistes et de techniciens orthésistes.
32129.04,Les techniciens prothésistes et techniciens orthésistes
32129.04,"monter ou fabriquer des appareils prothétiques ou orthopédiques selon les dessins, les mesures et les moules de plâtre en se servant de divers matériaux tels que le métal, le plastique et le cuir;"
32129.04,"réparer, reconstruire et modifier des appareils prothétiques ou orthopédiques ou des chaussures orthopédiques;"
32129.04,"prendre, s'il y a lieu, les mesures des membres ou des parties du corps des patients."
32200.01,"diagnostiquer dans le cadre de la médecine traditionnelle chinoise les maladies, les troubles physiologiques et les blessures des patients;"
32200.01,"expliquer aux patients les procédures, les risques et les avantages des traitements;"
32200.01,"prescrire et administrer des traitements tels que l'acupuncture, l'électroacupuncture, la stimulation électrique transcutanée du nerf (TENS), le grattage (Gua Sha), la thérapie par ventouses, la moxibustion, l'acupressure et l'auriculothérapie;"
32200.01,"prescrire et administrer, s'il y a lieu, la thérapie manuelle chinoise (Tui Na), la thérapie de contrôle de l'énergie (Qi Gong) et la thérapie au laser;"
32200.01,"suggérer, s’il y a lieu, des instructions sur les soins à domicile et fournir de l'information sur les thérapies de la vie, y compris la thérapie de contrôle de l'énergie (Qi Gong), la boxe chinoise de l'ombre (Tai Ji Quan) et les recettes de cuisine chinoise de guérison (Shi Liao);"
32200.01,tenir à jour les dossiers des patients;
32200.01,prescrire et administrer le traitement à l'aide d'herbes aromatiques brutes ou granuleuses et d'autres médicaments ou compléments alimentaires dans le cadre de la médecine traditionnelle chinoise;
32200.01,"collaborer, s’il y a lieu, avec d'autres professionnels de la santé comme les physiothérapeutes, les chiropraticiens, les médecins et les psychologues dans l'élaboration des plans de traitement des patients."
32200.02,"diagnostiquer les symptômes, les déséquilibres, les troubles physiologiques et les blessures des patients selon les traditions de la médecine chinoise;"
32200.02,informer les patients sur les risques et les avantages des traitements;
32200.02,"élaborer et mettre en œuvre des plans de traitement comprenant l'acupuncture,  l'acupression, la moxibustion,  les ventouses, le grattage ou le courant électrique;"
32200.02,évaluer et documenter les progrès des patients;
32200.02,"fournir, s'il y a lieu, des conseils en matière d'alimentation et de mode de vie, y compris des informations sur les thérapies de la vie telles que la thérapie de contrôle de l'énergie (Qi Gong);"
32200.02,"élaborer, s'il y a lieu, des plans de traitement en collaboration avec d'autres professionnels de la santé."
32201,évaluer l'état des clients en effectuant des tests de mouvement et de musculation et proposer des plans de traitement;
32201,"expliquer les procédures, les risques et les bienfaits aux clients;"
32201,"pratiquer des techniques de massothérapie, telles que la manipulation des tissus mous et des articulations par la manipulation des tissus, les techniques de relaxation, l'hydrothérapie, la thérapie des points de fibromyalgie, les techniques de mobilisation des articulations et des douleurs articulaires, et l'administration de programmes d'exercices correctifs et d'autothérapie;"
32201,"suggérer des plans de traitement à être suivis à domicile et fournir des renseignements sur les techniques et les exercices d'amélioration de la posture, d'étirement, de renforcement, de relaxation et de réadaptation;"
32201,tenir des dossiers sur les traitements administrés;
32201,"collaborer, au besoin, avec d'autres spécialistes de la santé, tels que les physiothérapeutes, les chiropraticiens, les médecins et les psychologues afin d'élaborer des plans de traitement pour les clients."
32209.01,"évaluer les patients et les conseiller relativement aux plantes médicinales pour le traitement d'affections telles que l'arthrite, le rhumatisme, l'asthme, les problèmes de peau et les troubles gastriques;"
32209.01,"cultiver, s'il y a lieu, des plantes et fabriquer et vendre des produits de plantes médicinales."
32209.02,"évaluer, traiter et gérer les troubles musculo-squelettiques et les autres troubles connexes reliés à la structure du corps en bougeant, en étirant et en massant les muscles et les articulations des patients pour corriger les dysfonctions biomécaniques."
32209.03,"évaluer et traiter les maladies en administrant sous forme chimique ou naturelle une petite dose de remède fait de substances naturelles, ou en recommandant des changements dans le mode de vie."
32209.04,"évaluer la santé physique, mentale et émotionnelle des clients;"
32209.04,fournir des conseils et des commentaires pour soutenir le bien-être des clients;
32209.04,"appliquer de légères pressions avec le pouce et les doigts pour stimuler des points ou des zones réflexes spécifiques, généralement sur les pieds, les mains, les oreilles et / ou le visage des clients pour soulager les tensions, améliorer la circulation et promouvoir une meilleure santé et le bien-être."
32209.05,évaluer l'état général de santé et de bien-être des clients et recommander des ajustements nutritionnels et de style de vie pour répondre aux problèmes de santé des clients et soutenir leurs objectifs de santé.
32209.06,"évaluer et traiter les maladies et les blessures en utilisant des approches holistiques telles que les herbes médicinales, les massages, ainsi que des conseils en nutrition et en exercice."
33100.01,préparer les patients pour les examens dentaires faits par le dentiste et aider durant les examens et les traitements dentaires;
33100.01,stériliser et entretenir les instruments et l'équipement;
33100.01,"préparer les instruments dentaires, les composés, les obturations et divers matériaux dentaires;"
33100.01,prendre les radiographies et les développer;
33100.01,polir les dents et les couronnes et appliquer du fluorure et un scellant;
33100.01,prendre les impressions préliminaires des moulages diagnostiques;
33100.01,renseigner le patient au sujet de l'hygiène dentaire;
33100.01,"effectuer des tâches administratives telles que préparer les factures, traiter les paiements, fixer les rendez-vous des patients, enregistrer les procédures dentaires effectuées et commander des fournitures dentaires et de bureau;"
33100.01,"effectuer, au besoin, des tâches intra-buccales telles que retirer des suture, prendre et enregistrer des signes vitaux, appliquer des agents désensibilisants, des anesthésiques topique, des agents anticariogènes et un blanchiment coronal, fabriquer, placer et retirer des couronnes temporaires et des restaurations et appliquer et retirer des digues dentaires;"
33100.01,peut également effectuer des tests de vitalité pulpaire ainsi que des tests et enregistrements parodontaux.
33100.02,préparer des modèles de plâtre et des moules à partir des empreintes dentaires;
33100.02,préparer la cire d'occlusion et les porte-empreintes;
33100.02,couler l'or ou des alliages de métaux pour les bridges et les bases de prothèses;
33100.02,tamponner des matières plastiques dans les moules afin de former des prothèses complètes ou partielles;
33100.02,mouler de la cire sur les plaques-bases de prothèses pour former le contour des gencives artificielles;
33100.02,"fabriquer des bagues orthodontiques en or, en argent, en acier inoxydable ou autres métaux;"
33100.02,terminer la monture de métal des prothèses dentaires et polir les prothèses afin de leur donner un fini naturel.
33101,"recueillir, étiqueter, trier et préparer des échantillons de sang, de tissus ou autres prélèvements sur les patients;"
33101,noter et valider les prélèvements des patients et les préparer pour les tests;
33101,mettre en place  le matériel du laboratoire médical;
33101,préparer les réactifs chimiques à combiner avec les échantillons biologiques pour les tests;
33101,effectuer des tests courants de laboratoire et des analyses d'échantillons;
33101,effectuer l'assurance qualité des techniques d'administration des tests et enregistrer les résultats;
33101,nettoyer et entretenir le  laboratoire médical et le matériel de laboratoire médical.
33102,"répondre aux appels, fournir et vider les bassins, laver et habiller les patients et faire leur toilette; servir les plateaux de nourriture et nourrir les patients ou les aider à se nourrir ainsi qu'à choisir leur menu; peser, lever, retourner, ou positionner les patients; raser les patients avant les interventions chirurgicales; superviser les séries d'exercices effectuées par les patients, organiser et proposer des activités de loisir aux patients, accompagner les patients au cours des sorties récréatives et s'acquitter d'autres tâches reliées aux soins et au confort des patients;"
33102,"mesurer la tension artérielle des patients, et prendre leur température et leur pouls; rendre compte des liquides absorbés et rejetés; observer et surveiller l'état des patients et noter dans les dossiers des patients les soins administrés; prélever des spécimens tels que l'urine, les fèces ou les expectorations; administrer des suppositoires, effectuer des irrigations du côlon et des lavements, et effectuer d'autres tâches suivant les instructions du personnel infirmier et hospitalier;"
33102,"administrer, en cas d’urgence, les soins de premiers secours aux personnes blessées ou malades dans les limites du champ de compétences;"
33102,"conduire, en fauteuil roulant ou en civière, les patients qui doivent subir un traitement ou une intervention chirurgicale;"
33102,"livrer les messages, les rapports, les réquisitions et les prélèvements d'un service à un autre;"
33102,faire les lits et veiller à ce que les chambres des patients soient propres;
33102,tenir à jour l'inventaire des fournitures;
33102,"effectuer, au besoin, des travaux d'entretien, tels qu'aider à installer et à entretenir le matériel de traction, laver, stériliser, entretenir ou réparer le matériel, monter, mettre en place et utiliser d'autre matériel employé;"
33102,"transporter, au besoin, les patients d'un établissement de soins à un autre."
33103,évaluer la complétude des ordonnances;
33103,entrer les renseignements concernant les clients et les détails des ordonnances dans les bases de données;
33103,"aider les pharmaciens et les autres membres du personnel de la pharmacie à préparer, emballer et étiqueter les produits pharmaceutiques;"
33103,aider à maintenir les inventaires de médicaments et des produits pharmaceutiques;
33103,"mélanger des solutions orales, des onguents et des crèmes;"
33103,"traiter, s’il y a lieu, les informations de facturation médicale;"
33103,"mettre les prix et placer les articles sur les étagères, s’il y a lieu."
33109.01,"faire subir, sous la supervision des audiologistes, diverses épreuves, telles que des tests de dépistage aux sons purs, des essais d'impédance et des mesures du niveau de bruit en se servant d'équipement comme des audiomètres et des sonomètres pour déterminer le seuil auditif des patients;"
33109.01,expliquer les procédures aux patients et consigner le résultat des tests;
33109.01,"surveiller, vérifier et étalonner l'équipement auditif;"
33109.01,"prendre, s'il y a lieu, l'impression de l'embout auriculaire du patient, et poser et régler les prothèses auditives."
33109.02,"aider les orthopédistes dans le traitement des maladies et des blessures en installant et en ajustant les plâtres, les attelles, les bandages et d'autres prothèses orthopédiques;"
33109.02,"aider à assembler, à entretenir et à ajuster le matériel de traction;"
33109.02,nettoyer et panser les plaies;
33109.02,"enlever les plâtres, les points de suture, les agrafes et les broches;"
33109.02,renseigner les patients et leurs familles ainsi que d'autres professionnels des soins de santé sur des sujets touchant l'orthopédie.
33109.03,préparer et entretenir le matériel et les fournitures;
33109.03,assister lors des activités liées à la réadaptation des patients selon les directives des professionnels de la santé;
33109.03,"effectuer, au besoin, des tâches de bureau routinières."
33109.04,prendre les antécédents médicaux et ophtalmiques généraux des patients;
33109.04,utiliser des instruments d'ophtalmologie pour examiner et mesurer afin d'aider l'ophtalmologiste à déterminer l'acuité visuelle des patients;
33109.04,informer le patient sur le test de diagnostic et enregistrer les résultat;
33109.04,aider les ophtalmologistes pendant les interventions chirurgicales mineures dans le bureau;
33109.04,"administrer des gouttes, des médicaments et des pommades ophtalmiques sous la direction d'un ophtalmologiste;"
33109.04,nettoyer et entretenir les instruments et léquipement ophtalmiques;
33109.04,exécuter diverses tâches administratives
33109.05,"se servir du matériel de laboratoire pour meuler, couper, polir et finir les verres de lunettes, selon les prescriptions, et ajuster les verres dans les montures;"
33109.05,"effectuer de petites réparations pour les clients, par exemple remplacer les vis de montures ou redresser les montures;"
33109.05,entretenir et réparer le matériel ou les machines de laboratoire d'optique.
33109.06,"se servir de machines, et entretenir l'équipement de stérilisation, dont les machines à laver les instruments, les éviers à vibrations, les laveuses de chariots et les autoclaves à vapeur, pour nettoyer et désinfecter les cabarets, les chariots, le linge, les fournitures, les instruments et l'équipement selon les normes de pratique en matière de sécurité, afin qu'ils puissent être réutilisés;"
33109.06,réassembler l'équipement et organiser les trousses de fournitures et d'instruments stérilisés avant de les distribuer dans les services des centres hospitaliers.
33109.07,monter et démonter le matériel;
33109.07,préparer les lieux de collecte et veiller à leur propreté;
33109.07,assurer l'inventaire des fournitures;
33109.07,"surveiller les donneurs pendant la procédure et dispenser les soins après le don, notamment en contrôlant la réaction du donneur, selon les consignes et sous la supervision d'un infirmier autorisé;"
33109.07,consigner l'information sur les donneurs;
33109.07,étiqueter et assurer le traitement du sang reçu des donneurs.
33109.08,aider les pathologistes lors des autopsies en disposant les instruments chirurgicaux;
33109.08,préparer les solutions pour la conservation des spécimens;
33109.08,transférer les corps de la morgue à la table d'examen;
33109.08,"prélever les organes et les échantillons de tissus, tel qu'indiqué par le pathologiste, et les placer dans des solutions de conservation;"
33109.08,nettoyer et recoudre les corps qui seront remis aux maisons funéraires.
40010,participer à l'élaboration des politiques sociales et de santé en conseillant les cadres supérieurs de la fonction publique;
40010,organiser le service et établir des procédures afin de s'assurer que les objectifs établis par les cadres supérieurs sont atteints;
40010,"diriger et conseiller les recherchistes, les experts-conseils ou les agents de programmes de politiques sociales et de santé qui planifient la recherche, préparent des documents ou administrent des programmes à l'intention des individus ou de la communauté sur des sujets tels que les services sociaux et de santé, l'emploi et l'immigration, le travail ou le logement;"
40010,"planifier, administrer et contrôler les budgets pour la recherche et l'administration, les services de soutien, l'équipement et les fournitures;"
40010,"organiser et diriger les comités et les groupes de travail qui planifient, dirigent ou évaluent les projets et les programmes de services sociaux et de santé;"
40010,"faire passer des entrevues, et embaucher et former le personnel."
40011,"planifier, organiser, diriger, contrôler et évaluer l'élaboration des projets de recherche sur des politiques et des programmes économiques;"
40011,participer à l'élaboration de politiques ministérielles en conseillant de hauts fonctionnaires;
40011,organiser un service ministériel et établir les procédures permettant de réaliser les objectifs ministériels fixés par des cadres supérieurs;
40011,"diriger et conseiller des économistes et d'autres professionnels qui effectuent des recherches économiques, rédigent des rapports ou administrent des programmes concernant divers secteurs de l'administration publique, tels les impôts, le commerce international, le travail, le transport ou l'agriculture;"
40011,diriger et conseiller les agents de développement économique ou d'autres employés qui administrent des programmes visant à favoriser les investissements industriels et commerciaux dans les régions urbaines et rurales;
40011,"planifier, administrer et surveiller les budgets de recherche et d'administration affectés à des projets, à des services de soutien, aux équipements et aux fournitures;"
40011,organiser et diriger des comités chargés d'évaluer les projets et les programmes des ministères ou des organismes;
40011,"faire passer des entrevues, embaucher le personnel et veiller à sa formation et à son perfectionnement professionnel."
40012,participer à l'élaboration de politiques d'enseignement en conseillant des hauts fonctionnaires;
40012,organiser un service ministériel et établir les procédures permettant d'atteindre les objectifs ministériels fixés par de hauts fonctionnaires;
40012,"diriger et conseiller des recherchistes ou des agents de programme qui effectuent des recherches, préparent des documents ou administrent des programmes pédagogiques pour les écoles primaires et secondaires;"
40012,"planifier, administrer et contrôler les budgets affectés aux projets, aux programmes, aux services de soutien, aux équipements et aux fournitures;"
40012,"organiser et diriger des comités et des groupes de travail chargés de planifier, de gérer ou d'évaluer des projets et des programmes pédagogiques;"
40012,"faire passer des entrevues, et embaucher le personnel et veiller à sa formation."
40019,"participer à l'élaboration de politiques et de programmes en offrant des conseils aux cadres supérieurs de ministères, d'organismes ou de services gouvernementaux qui fournissent des services administratifs exclusifs au gouvernement;"
40019,organiser le service ou l'organisme gouvernemental et mettre sur pied des procédures pour atteindre les objectifs établis par la haute direction;
40019,"diriger et conseiller les spécialistes et les autres employés chargés de la recherche, de la préparation de documents ou de la prestation de services de soutien administratif;"
40019,"planifier, administrer et contrôler les budgets d'administration et de recherche pour les projets, les programmes, l'équipement et les fournitures;"
40019,"organiser et diriger des comités et des groupes de travail pour planifier, gérer ou évaluer des projets et des programmes;"
40019,"faire passer les entrevues, embaucher le personnel et veiller à sa formation."
40020.01,"planifier, organiser, diriger, contrôler et évaluer les activités scolaires et connexes d'une faculté de collège ou d'université;"
40020.01,recommander et approuver les nominations des professeurs;
40020.01,recommander des révisions et des ajouts aux programmes d'études et approuver les horaires des cours;
40020.01,"diriger, par l'intermédiaire du personnel subalterne, des activités telles que la recherche et l'élaboration des programmes d'études;"
40020.01,"planifier, administrer et contrôler les budgets des projets, des programmes, des services de soutien et de l'équipement;"
40020.01,conseiller les présidents ou les recteurs d'universités ou de collèges;
40020.01,participer aux activités de divers comités de facultés et de départements.
40020.02,"planifier, organiser, diriger, contrôler et évaluer les services d'inscription et de tenue des dossiers scolaires dans un collège ou une université;"
40020.02,analyser les statistiques d'inscription et consulter les chefs de facultés pour élaborer des politiques d'admission;
40020.02,"diriger les activités du personnel et des autres personnes chargées de compiler des renseignements sur les cours, les horaires, les conditions d'admission et d'attribution des diplômes."
40020.03,"planifier, organiser, diriger, contrôler et évaluer les activités d'un collège privé ou d'un institut spécialisé dans les métiers, la technologie ou le commerce;"
40020.03,élaborer des programmes d'études pour la formation;
40020.03,consulter des organismes gouvernementaux de réglementation et d'attribution de permis pour assurer la conformité aux normes provinciales;
40020.03,"planifier, administrer et contrôler les budgets des projets, des programmes, des services d'aide et de l'équipement;"
40020.03,"recruter et embaucher, s'il y a lieu, des professeurs ou d'autres membres du personnel;"
40020.03,"enseigner, au besoin."
40021.01,"planifier, organiser, diriger, contrôler et évaluer, par l'intermédiaire des chefs de département ou des superviseurs, les activités du personnel enseignant et du personnel de soutien;"
40021.01,examiner les programmes afin de s'assurer de leur conformité aux normes de la commission ou du conseil scolaire ou de la province et élaborer des programmes dans la limite de leur mandat;
40021.01,"coordonner les activités d'enseignement de l'établissement et, à cette fin, affecter le personnel à ses fonctions, déterminer le nombre d'élèves dans chaque classe et préparer les horaires;"
40021.01,organiser et appliquer des méthodes de gestion des dossiers;
40021.01,préparer et administrer le budget du programme ou de l'établissement;
40021.01,diriger et coordonner les services d'entretien et l'utilisation des installations scolaires;
40021.01,"recruter et engager, s'il y a lieu, les enseignants et autre personnel;"
40021.01,"enseigner, au besoin."
40021.02,"planifier, organiser, diriger, contrôler et évaluer, par l'intermédiaire de directeurs d'école, les affaires pédagogiques d'un système scolaire;"
40021.02,"évaluer les programmes d'études, les méthodes d'enseignement et la participation publique aux divers programmes du système scolaire et réviser les programmes si nécessaire;"
40021.02,élaborer et administrer les programmes d'enseignement et de formation destinés aux élèves et aux adultes;
40021.02,faire des recommandations concernant le budget annuel de fonctionnement du système scolaire;
40021.02,"diriger ou surveiller le recrutement, la nomination, la formation, l'évaluation et la promotion du personnel enseignant."
40030,"planifier, organiser, diriger, contrôler et évaluer l'exécution de programmes de services sociaux et communautaires tels que la sécurité du revenu, l'aide à l'enfance et les services d'abris en cas d'urgence;"
40030,"gérer le fonctionnement et les activités des centres sociaux et communautaires, d'installations correctionnelles et des centres de détention;"
40030,"administrer les programmes d'organismes non gouvernementaux engagés dans des questions d'ordre social telles que les soins de santé, les droits de la personne, la protection des consommateurs, le développement international et la protection de l'environnement;"
40030,"administrer les programmes des organismes dotés d'une affiliation tels que les partis politiques, les organisations syndicales et les associations de gens d'affaires et de professionnels;"
40030,établir des procédures administratives pour satisfaire aux objectifs du conseil d'administration ou de la haute direction;
40030,"diriger et conseiller les spécialistes et les autres employés chargés d'exécuter des programmes de services sociaux et communautaires à l'intention du public, des organismes et des associations gérées par leurs membres;"
40030,"planifier, administrer et contrôler les budgets affectés aux programmes, au matériel et aux services de soutien;"
40030,représenter leur organisation respective dans les communications avec le gouvernement et les médias;
40030,"participer à l'élaboration de politiques, en rédigeant des rapports et des documents d'information pour des comités de gestion et des groupes de travail;"
40030,veiller à l'embauche et à la formation des spécialistes et des autres employés.
40040,"planifier, organiser, diriger, contrôler et évaluer les activités d'une force policière ou d'une division d'une force policière;"
40040,établir et mettre en oeuvre les politiques et les procédures de la force policière;
40040,surveiller les enquêtes policières et assurer l'application des procédures conformément aux lois et aux règlements;
40040,évaluer le rendement des subordonnés et procéder à des promotions et à des mutations et prendre des mesures disciplinaires;
40040,coordonner et surveiller les ressources budgétaires et ministérielles.
40041,"Élaborer, mettre en oeuvre et évaluer des politiques et des procédures relatives au fonctionnement d'un service d'incendie municipal ou de district ou d'un établissement industriel ayant un service de lutte contre les incendies;"
40041,"planifier, diriger et coordonner les activités de lutte contre les incendies dans les services d'incendie;"
40041,"évaluer la nature des incendies, l'étendue des dommages aux bâtiments et le danger pour les bâtiments avoisinants;"
40041,diriger les activités à la scène d'incendie;
40041,faire des estimés des dommages et enquêter sur les causes potentielles de l'incendie une fois le feu éteint;
40041,organiser et diriger les campagnes de sécurité et de prévention des incendies;
40041,"représenter le service dans les relations avec le gouvernement, les médias et le public;"
40041,diriger la formation du personnel quant aux méthodes de lutte contre les incendies;
40041,coordonner et surveiller les ressources budgétaires et ministérielles.
40042,"allouer des ressources matérielles, humaines et financières pour mettre en œuvre les politiques et programmes militaires et établir des contrôles administratifs et approuver la répartition globale du personnel;"
40042,"planifier, organiser et commander les activités des unités de combat des Forces armées canadiennes dans l'Armée de terre, l'Aviation royale du Canada et la Marine royale du Canada au pays et à l'étranger lors d'opérations en territoire de guerre;"
40042,"planifier, organiser et commander les unités engagées dans des opérations non militaires de sauvetage à la suite de sinistres ainsi que dans des opérations humanitaires et de maintien de la paix au niveau national et international;"
40042,"fixer les objectifs de l'organisation conformément à la législation et à la politique du gouvernement, formuler ou approuver et évaluer les programmes et les procédures, seul ou en collaboration avec les hauts comités du gouvernement;"
40042,coordonner le travail de diverses unités militaires stratégiques en faisant appel à des effectifs militaires dont le niveau est adapté à des tâches spécifiques;
40042,élaborer et mettre en œuvre des procédures et des politiques militaires adaptées aux capacités et aux performances de chaque unité.
41100,"présider les tribunaux, interpréter et faire respecter des règles de procédure, et rendre un jugement concernant la recevabilité de la preuve;"
41100,informer les jurés sur les lois applicables à la cause en question;
41100,examiner et apprécier la preuve présentée et rendre un verdict de culpabilité ou d'innocence ou déterminer le degré de responsabilité de l'accusé ou du défendeur dans les causes qui ne sont pas entendues devant un jury;
41100,prononcer une peine à l'égard des coupables condamnés dans des causes criminelles et fixer le montant des dommages-intérêts ou déterminer le recours approprié en matière civile;
41100,prononcer les divorces et diviser les biens entre les époux;
41100,décider de la garde des enfants lorsque les parents ne s'entendent pas ou qu'il y a d'autres tuteurs;
41100,appliquer les décisions judiciaires concernant les droits de visite et de soutien;
41100,superviser d'autres juges et officiers de la cour.
41101,informer leurs clients de leurs droits et de toute question de nature juridique;
41101,effectuer des recherches pour retrouver les précédents jurisprudentiels et pour réunir des preuves;
41101,plaider les causes de leurs clients devant les tribunaux et les commissions (avocats seulement);
41101,"rédiger des documents juridiques tels que des actes relatifs aux transactions immobilières, des testaments, des requêtes en divorce et des contrats, et rédiger des avis juridiques;"
41101,négocier des règlements dans le cas de litiges en matière civile (avocats seulement);
41101,remplir des fonctions administratives et de gestion reliées à la pratique du droit;
41101,"agir, s'il y a lieu, à titre de médiateur, de conciliateur ou d'arbitre;"
41101,"agir, s'il y a lieu, à titre d'exécuteurs testamentaires, de fiduciaires ou de tuteurs dans les affaires relatives au droit immobilier et au droit de la famille."
41200,enseigner une ou plusieurs matières de niveau universitaire aux étudiants de premier cycle et d'études supérieures;
41200,préparer et donner des conférences aux étudiants et diriger les séances de travaux pratiques en laboratoire et les discussions de groupe;
41200,"préparer, administrer et corriger les examens, les travaux pratiques en laboratoire et les rapports;"
41200,"conseiller les étudiants sur leurs choix de cours, d'études et de professions;"
41200,diriger les programmes de recherche des étudiants diplômés et donner des conseils sur les questions concernant les recherches;
41200,exécuter des recherches dans leur champ de spécialisation et publier les résultats de leurs recherches dans des livres ou des revues scientifiques;
41200,"faire partie, au besoin, des comités de professeurs qui traitent de questions telles que l'élaboration des programmes et les conditions d'obtention des diplômes, et exécuter différentes tâches administratives;"
41200,"représenter, s'il y a lieu, leur université à titre de conférenciers ou chargés de cours invités;"
41200,"fournir, s'il y a lieu, des services de consultation professionnelle au gouvernement, à des entreprises du secteur privé et à des particuliers."
41201.01,"préparer les documents de référence, les aides visuelles et tout autre matériel requis par les professeurs d'université ou de collège pour donner leurs cours;"
41201.01,"diriger des séminaires, des groupes de discussion et des séances en laboratoire pour compléter les cours;"
41201.01,collaborer à la préparation et à l'administration des examens;
41201.01,"noter les examens, les dissertations semestrielles et les rapports de laboratoire."
41201.02,"effectuer des études de la documentation, des enquêtes, des expériences en laboratoire et d'autres recherches afin de recueillir des renseignements destinés à des publications spécialisées;"
41201.02,compiler les résultats des recherches et aider les professeurs à les analyser et à rédiger des documents ou des articles qui doivent être publiés dans des revues.
41210,"enseigner aux étudiants selon une démarche systématique comprenant des exposés, des démonstrations, des discussions en groupe, des travaux en laboratoire, des ateliers, des séminaires, des études de cas, des travaux sur le terrain et des projets individuels ou en groupe;"
41210,préparer le programme ainsi que les plans de cours et le matériel d'enseignement;
41210,"préparer, administrer et noter les examens et les travaux afin d'évaluer les progrès des étudiants;"
41210,renseigner les étudiants sur les programmes d'études et les choix de carrière;
41210,"donner un enseignement individualisé, de type tutoriel ou correctif aux étudiants qui en ont besoin;"
41210,"superviser les projets individuels ou de groupes, les stages de formation pratique, les travaux pratiques et la formation en cours d'emploi;"
41210,superviser les adjoints à l'enseignement;
41210,"fournir, s'il y a lieu, des services de consultation aux organismes gouvernementaux, aux entreprises ou autres;"
41210,"faire partie, s'il y a lieu, de comités traitant de questions telles que les budgets, la révision des programmes, les exigences des cours et les conditions d'obtention des diplômes."
41220,préparer la matière à enseigner aux élèves conformément à un programme approuvé;
41220,"enseigner aux élèves selon un plan méthodique comprenant des cours magistraux, des discussions, des présentations audiovisuelles, des études en laboratoire, en atelier et pratiques;"
41220,distribuer et corriger les devoirs;
41220,"préparer, administrer et corriger les examens;"
41220,"évaluer les progrès des élèves, cerner leurs besoins individuels et discuter de leurs résultats avec les parents et les autorités scolaires;"
41220,préparer et mettre en oeuvre des programmes de rattrapage pour les élèves qui ont besoin d'un encadrement plus poussé;
41220,"participer aux réunions du personnel, aux conférences éducatives et aux ateliers de formation destinés aux enseignants;"
41220,"enseigner ou évaluer, s'il y a lieu, les élèves inscrits à des cours en ligne ou à distance;"
41220,"conseiller, s'il y a lieu, les élèves au sujet de leur choix de cours et de questions personnelles et professionnelles;"
41220,"superviser, s'il y a lieu, les stagiaires en enseignement."
41221,préparer la matière à enseigner aux élèves conformément au programme approuvé;
41221,"enseigner aux élèves à l'aide d'un plan méthodique comprenant des cours, des discussions, des présentations audiovisuelles et des sorties éducatives;"
41221,"diriger les élèves dans des activités visant à promouvoir leur développement physique, mental et social et leur maturité scolaire;"
41221,distribuer et corriger les devoirs;
41221,"préparer, faire passer et corriger des examens;"
41221,"évaluer les progrès des élèves et discuter des résultats avec les élèves, les parents et les autorités scolaires;"
41221,cerner les besoins en apprentissage de chaque enfant;
41221,préparer et mettre en oeuvre des programmes de rattrapage pour les enfants qui ont besoin d'un encadrement plus poussé;
41221,"participer à des réunions du personnel, des conférences éducatives et des ateliers de formation destinés aux enseignants;"
41221,"surveiller, s'il y a lieu, les aides-enseignants et les stagiaires en enseignement."
41300,"rencontrer les clients individuellement, en famille ou en groupe pour évaluer leur situation et leurs problèmes et déterminer la nature des services dont ils ont besoin;"
41300,conseiller les clients et leur offrir de la thérapie pour les aider à acquérir les aptitudes nécessaires pour régler leurs problèmes sociaux et personnels;
41300,"prévoir des programmes d'aide à l'intention des clients, notamment un service de référence aux organismes qui offrent de l'aide financière, de l'aide juridique, des services d'hébergement, des soins médicaux et autres services;"
41300,"enquêter sur les cas de mauvais traitements ou de négligence envers les enfants et prendre les mesures de protection permises qui s'imposent, au besoin;"
41300,faire partie d'une équipe multidisciplinaire de spécialistes intervenant auprès de groupes de clients;
41300,"défendre les intérêts de groupes de clients dans la collectivité, faire pression pour obtenir des solutions aux problèmes qui touchent directement ces groupes et élaborer des programmes de prévention et d'intervention pour satisfaire les besoins de la collectivité;"
41300,"élaborer des politiques sociales ou donner des conseils sur celles-ci, mener des recherches sociales et aider au développement communautaire;"
41300,fournir des services de médiation et d'évaluation psychosociale;
41300,évaluer l'efficacité des programmes de counseling et de services sociaux;
41300,"fournir, au besoin, des services d'information publique et de consultation auprès des professionnels ou des groupes au sujet des services, des questions et des méthodes de counseling;"
41300,"superviser, s'il y a lieu, d'autres travailleurs sociaux."
41301,"s'entretenir avec les clients, préparer les dossiers et évaluer les problèmes;"
41301,élaborer et mettre en oeuvre des programmes de counseling ou d'intervention pour aider les clients à déterminer leurs objectifs et les moyens à utiliser pour les atteindre;
41301,"conseiller les clients, offrir une thérapie et des services de médiation et animer des sessions de groupe;"
41301,faire la liaison avec des partenaires ou des organismes communautaires et identifier des services additionnels ou parallèles et y référer les clients;
41301,"évaluer l'efficacité des programmes de counseling et des interventions, ainsi que le succès des clients à résoudre les problèmes décelés et à progresser vers la réalisation des buts fixés;"
41301,vérifier les résultats des programmes de counseling et l'adaptation des clients;
41301,"préparer des rapports d'évaluation, d'étape, de suivi et de cour;"
41301,"superviser, au besoin, d'autres conseillers, des membres du personnel des services sociaux et des assistants;"
41301,"offrir, s'il y a lieu, des services d'information publique ou de consultation à d'autres professionnels ou groupes au sujet des services, des questions et des méthodes de counseling;"
41301,"témoigner en cour à titre de spécialiste, s'il y a lieu;"
41301,"effectuer, au besoin, de la recherche, publier des comptes rendus de recherche, des textes éducatifs et des articles et présenter des exposés à l'occasion de conférences;"
41301,"collaborer, au besoin, avec les programmes d'aide aux employés ou avec les organisations gouvernementales en matière de santé et de sécurité ou avec les victimes d'actes criminels;"
41301,"participer, s'il y a lieu, à des activités de collecte de fonds."
41302,diriger des services religieux réguliers;
41302,accomplir les rites d'une religion ou d'une confession religieuse tels que les mariages et les services funéraires;
41302,prier et promouvoir la spiritualité en livrant des sermons et des discussions;
41302,donner des directives spirituelles et morales aux fidèles;
41302,"surveiller, planifier et diriger des programmes d'enseignement religieux;"
41302,"participer, au besoin, aux oeuvres humanitaires ainsi qu'à la prestation de services sociaux et d'activités de bien-être;"
41302,"participer, s'il y a lieu, à la gestion et à l'administration financière d'une communauté religieuse;"
41302,"fournir, s'il y a lieu, des services de consultation aux administrations publiques et à d'autres organisations."
41310.01,"interroger les personnes en lien avec des incidents criminels, tels que les victimes, les témoins et les suspects;"
41310.01,échanger des informations et coordonner les activités d’enquête avec d’autres organismes chargés de l’application de la loi;
41310.01,préparer des rapports d’enquête et témoigner devant le tribunal concernant les enquêtes criminelles;
41310.01,"rechercher et collecter les preuves physiques des scènes de crimes, telles que les empreintes digitales et assister aux autopsies;"
41310.01,effectuer des surveillances en utilisant des technologies d’enquête;
41310.01,"obtenir des mandats de perquisition, effectuer des fouilles et arrêter les suspects;"
41310.01,"Mener, au besoin, des enquêtes sur les réseaux en ligne et les systèmes informatiques pour détecter des cyber crimes ou pour récupérer des données;"
41310.01,"superviser et coordonner, au besoin, les activités des agents de police."
41310.02,"mener des enquêtes sur les morts pour déterminer l'identité du défunt, la date et le lieu du décès, la cause médicale du décès et le mode de décès;"
41310.02,commander ou effectuer des autopsies et d'autres tests médicaux;
41310.02,"consulter et demander de l'aide des forces de l'ordre, des médecins et de la famille;"
41310.02,"émettre des certificats de décès, y compris l'attribution de la cause et du mode de décès;"
41310.02,identifier et éduquer le public sur les pratiques dangereuses ou les conditions pouvant entraîner la mort;
41310.02,"témoigner ou produire des éléments, au besoin, de preuve dans le cadre de procédures sur des observations faites au cours des enquêtes;"
41310.02,"superviser et coordonner, au besoin, le travail des autres employés."
41311,rencontrer les détenus afin d'évaluer les problèmes d'adaptation et élaborer des programmes de réhabilitation convenables;
41311,"rédiger des rapports afin d'émettre des recommandations sur le niveau de sécurité, le pénitencier, le genre d'incarcération et d'intervention le plus favorable à la réhabilitation des détenus;"
41311,"rencontrer les délinquants, la police, la famille et les amis, les responsables de l'administration scolaire et les employeurs en vue de dresser des rapports présentenciels et d'évaluer les chances d'une réussite à la réinsertion sociale du contrevenant;"
41311,"élaborer des programmes de réhabilitation avec les détenus et définir des lignes de conduite, des buts et des objectifs;"
41311,référer les détenus et les délinquants aux services communautaires et sociaux auxquels ils peuvent avoir recours;
41311,superviser les conditions de probation et se présenter au tribunal;
41311,rencontrer régulièrement les contrevenants en liberté surveillée et en libération conditionnelle afin d'évaluer dans quelle mesure ils atteignent leurs buts et respectent les conditions énoncées dans leur contrat de probation et leurs plans de réhabilitation;
41311,recommander des mesures correctives ou entamer une action en justice en cas d'infraction des conditions de la probation ou de la libération conditionnelle;
41311,"assister le processus judiciaire afin de témoigner comme expert sur le cas d’un détenu, ainsi que sur les décisions des tribunaux relatifs à la détention et au statut de délinquant dangereux;"
41311,"effectuer, au besoin, des tâches administratives et superviser le personnel de soutien;"
41311,"prendre part, s'il y a lieu, à l'élaboration des politiques."
41320,"conseiller les étudiants concernant des questions scolaires telles que les choix de cours et de programmes, les horaires et l'emploi du temps, l'adaptation scolaire, l'assiduité et les techniques d'étude;"
41320,"conseiller les étudiants sur les carrières et les questions professionnelles, y compris la prospection et la planification de carrières, la rédaction de curriculum vitae, les compétences en entrevue et les stratégies de recherche d'emploi, et leur fournir toute une gamme d'information sur les études et les carrières;"
41320,"coordonner les programmes d'alternance travail-études et de transition entre l'école et le travail ainsi que la prestation de services de counseling et de renseignements offerts aux étudiants, aux parents, aux enseignants et au personnel de l'administration scolaire, tels que des services d'information sur les carrières, des séances de développement professionnel et l'interaction avec d'autres établissements scolaires;"
41320,"discuter avec les enseignants et les parents ou d'autres membres de l'administration scolaire et des spécialistes, comme les psychologues, les orthophonistes et les travailleurs sociaux, des différentes questions et préoccupations, et consulter les administrateurs et les agences communautaires au sujet des programmes et des ressources;"
41320,"administrer et interpréter les tests d'intelligence, de personnalité, d'orientation professionnelle, d'aptitudes et d'intérêts;"
41320,"former et coordonner des groupes ou des ateliers sur les techniques d'étude en milieu secondaire, collégial et universitaire, notamment sur la prise de notes, les stratégies de préparation aux examens et l'angoisse qu'ils causent, et la gestion du temps;"
41320,"visiter les collèges et les écoles secondaires pour dispenser de l'information sur les études aux étudiants éventuels, aux parents et aux conseillers;"
41320,coordonner ou participer à des programmes d'orientation des étudiants dans les collèges et les universités;
41320,voir au recrutement par les employeurs d'étudiants qui terminent leurs études collégiales ou universitaires ainsi qu'au placement d'étudiants en stages de travail;
41320,"conseiller les étudiants au sujet de questions personnelles et sociales telles que la consommation d'alcool et de drogues, la dépression, la sexualité, les troubles de l'alimentation, l'anxiété, le respect de soi, les problèmes familiaux, les relations avec autrui et la maîtrise de la colère;"
41320,"conseiller les étudiants qui vivent une crise, par exemple le décès d'un ami ou d'un membre de la famille, les tendances suicidaires et les mauvais traitements;"
41320,"superviser, s'il y a lieu, les programmes d'aide par les pairs offerts en milieu scolaire;"
41320,"superviser, s'il y a lieu, les stages d'expérience pratique des étudiants diplômés en orientation;"
41320,"enseigner, s'il y a lieu, à des classes régulières."
41321,"rencontrer les clients pour obtenir des renseignements sur leurs antécédents professionnels et scolaires, ainsi que leurs objectifs professionnels;"
41321,"identifier les obstacles à l'emploi et aider les clients dans des domaines tels que les aptitudes à l'emploi, les stratégies de recherche d'emploi, la rédaction du curriculum vitae et la préparation avant une entrevue;"
41321,"déterminer les besoins tels que la réadaptation, l'aide financière ou la formation complémentaire et diriger les clients vers les services appropriés;"
41321,"fournir aux travailleurs de l'information et les stratégies sur le maintien d'emploi ou les mutations au sein d'un organisme, la façon de faire face à l'insatisfaction professionnelle, les changements d'orientation en cours de carrière et les transitions en milieu de travail;"
41321,"recueillir des renseignements sur le marché du travail et informer le client des possibilités d'emploi, des conditions d'accès à la profession, des compétences requises et autres renseignements sur les professions;"
41321,donner des conseils aux employeurs sur les ressources humaines et autres sujets liés à l'emploi;
41321,"fournir des services de consultation aux groupes et organismes communautaires, aux entreprises et à l'industrie ainsi qu'à d'autres organisations qui s'occupent de fournir des ressources dans la collectivité au niveau de la planification de carrières;"
41321,"administrer et interpréter, s'il y a lieu, des tests afin de cerner les intérêts, les aptitudes et les habiletés des clients;"
41321,"fournir, s'il y a lieu, des services de plaidoyer et d'arbitrage liés à la législation du travail ou aux accords contractuels;"
41321,"organiser ou mener, s'il y a lieu, des évaluations physiques, mentales, académiques, professionnelles et autres afin d'obtenir des informations permettant d'évaluer les besoins des clients et d'élaborer des plans d'emploi et de réadaptation."
41400.01,"effectuer des recherches et donner des conseils sur les relations physiques, sociales et psychologiques entre les personnes, l'équipement dont elles se servent et l'environnement vital ou de travail afin d'assurer que la conception, l'organisation spatiale et l'exploitation de l'équipement, des démarches et des conditions du milieu contribuent à un maximum de sécurité, de productivité et de confort, ou intervenir dans ce domaine."
41400.02,"étudier, évaluer et contrôler les dangers physiques, chimiques et biologiques et le stress dans le milieu de travail;"
41400.02,rendre compte et documenter leurs enquêtes et leurs conclusions;
41400.02,proposer des changements à l'environnement et aux méthodes de travail;
41400.02,"donner de l'information aux travailleurs, aux gestionnaires ou aux employeurs sur les moyens de réduire le risque de blessure ou de maladie associés à des dangers particuliers;"
41400.02,"dispenser, s'il y a lieu, une formation sur les pratiques de travail sécuritaire, participer à la planification des mesures d'urgence, témoigner au cours de procès et rendre compte de leurs conclusions à l'occasion de congrès scientifiques ou dans des publications scientifiques."
41400.03,donner des conseils aux clients sur les éléments de la Loi sur les brevets et sur la possibilité de breveter des inventions;
41400.03,effectuer des recherches sur les brevets;
41400.03,préparer des applications pour des brevets;
41400.03,représenter les clients devant le bureau des brevets d'inventions.
41400.04,"effectuer des recherches et donner des conseils sur les politiques ou concevoir ou administrer les programmes reliés au transport, à la protection civile, aux communications, aux ressources naturelles, à l'agriculture, à l'environnement, aux technologies traditionnelles et alternatives relatives à l'énergie, à l'utilisation des sols, au recyclage et à d'autres domaines scientifiques;"
41400.04,"sensibiliser le public sur des questions comme l'utilisation des ressources naturelles, l'environnement, le traitement secondaire et la réduction des déchets."
41400.05,"transférer et intégrer de nouvelles technologies, venant habituellement de la recherche universitaire ou publique, à des applications commerciales et industrielles et assurer la protection de la propriété intellectuelle des chercheurs et des développeurs."
41401,"effectuer des recherches et élaborer des modèles afin d'analyser, d'expliquer et de prévoir les phénomènes et les tendances économiques, et mettre au point des méthodes pour rassembler et analyser les données;"
41401,prévoir la production et la consommation de biens et de services précis d'après la production et la consommation passées et la conjoncture économique générale et particulière à l'industrie;
41401,"prévoir les tendances du revenu et des dépenses, des taux d'intérêt et des taux de change;"
41401,analyser les facteurs de la croissance économique et suggérer aux organismes gouvernementaux les mesures propres à accroître l'activité économique;
41401,"analyser les facteurs qui influencent la participation au sein de la population active, l'emploi, les salaires, le chômage et d'autres issues du marché du travail;"
41401,étudier des formules mathématiques et des techniques statistiques et les appliquer à l'essai et à la quantification des théories économiques et à la solution de problèmes économiques;
41401,"étudier les caractéristiques de la monnaie et du crédit ainsi que le fonctionnement des banques et autres institutions financières, afin d'élaborer des politiques monétaires et de faire des prévisions financières;"
41401,"contrôler les données économiques pour évaluer l'efficacité des politiques monétaires et fiscales, et pour formuler des conseils sur le bien-fondé de ces politiques;"
41401,examiner les problèmes liés à l'activité économique d'entreprises particulières;
41401,"examiner les méthodes de financement, les coûts et les techniques de production ainsi que les politiques de mise en marché pour recommander d'éventuelles améliorations;"
41401,étudier des données statistiques sur les échanges internationaux de biens et de services;
41401,prévoir la production et la consommation de ressources renouvelables ainsi que la consommation et l'épuisement des ressources non renouvelables;
41401,"effectuer des recherches sur les conditions du marché local, régional ou national afin de déterminer le volume des ventes et le niveau des prix de produits et de services, d'évaluer les possibilités de débouchés et les tendances futures et d'élaborer des stratégies d'affaires;"
41401,suivre les tendances économiques régionales et locales;
41401,étudier les procédés réglementaires et fournir de l'information pour étayer des poursuites judiciaires impliquant le gouvernement ou d'autres parties.
41402,élaborer des politiques et administrer des programmes afin de promouvoir les investissements industriels et commerciaux dans les régions urbaines et rurales;
41402,concevoir des questionnaires d'étude de marché;
41402,"effectuer des études sociales ou économiques à l'échelle locale, régionale ou nationale afin d'évaluer le potentiel de développement et les tendances futures;"
41402,"planifier des projets de développement et coordonner les activités de concert avec les représentants d'une gamme variée d'entreprises industrielles et commerciales, d'associations de gens d'affaires, de groupes communautaires et d'organismes gouvernementaux;"
41402,évaluer les débouchés commerciaux et élaborer des stratégies pour attirer du capital de risque;
41402,répondre aux demandes de renseignements des gens d'affaires et des particuliers concernant les possibilités de développement;
41402,examiner et évaluer les projets de développement commercial ou industriel et donner des conseils au sujet des procédures à suivre et des conditions à remplir en vue d'obtenir l'approbation du gouvernement;
41402,effectuer des études et analyser les données au sujet des habitudes d'achat et des préférences des consommateurs qui achètent en gros ou au détail;
41402,évaluer le service à la clientèle et l'atmosphère des magasins;
41402,"effectuer des recherches sur les consommateurs, les compétiteurs et le marché afin de cerner les stratégies de marketing pour des produits industriels ou commerciaux;"
41402,analyser les campagnes publicitaires et les campagnes de marketing afin de cibler les améliorations;
41402,élaborer les profils socio-économiques des régions urbaines et rurales afin d'encourager les investissements industriels et commerciaux et le développement;
41402,"préparer des rapports, des documents de recherche, des textes ou des articles éducatifs;"
41402,élaborer et appliquer des stratégies de commerce électronique;
41402,offrir des services de consultation sur la planification et sur la création de nouvelles entreprises.
41403.01,"élaborent des programmes et des politiques, des projets de lois sociaux, ou des propositions fondées sur la recherche, les analyses démographiques, sociales et économiques et sur l'évaluation de projets pilotes."
41403.02,"conseillent et assistent les consommateurs sur la sélection et l'usage approprié des produits alimentaires, textiles et autres biens de consommation; enseignent aux consommateurs des compétences en gestion de la vie familiale; et fournissent, s'il y a lieu, des services de consultation sur l'élaboration et la promotion de nouveaux produits alimentaires, l'achat au détail, l'administration de programmes sociaux et l'exploitation de petites entreprises."
41403.03,"déterminent et évaluent le développement économique, démographique et social et rendent compte de son incidence sur la politique du logement."
41403.04,"font de la recherche, informent leurs clients et préparent les applications d'immigration, de citoyenneté et de visas. Ils peuvent aussi représenter leurs clients devant les tribunaux et les organismes administratifs."
41403.05,"planifient, organisent et administrent les politiques et les programmes d'aide à l'étranger et de développement international."
41403.06,"élaborent des questionnaires, effectuent et coordonnent des enquêtes; analysent des données; et compilent et interprètent des statistiques sur des questions sociales et les secteurs de politique sociale."
41403.07,"effectuent des recherches, élaborent des programmes sociaux, évaluent, coordonnent et font connaître les services sociaux existants et qu'il n'y a pas de chevauchement entre ces services; et travaillent, s'il y a lieu, avec les planificateurs de l'utilisation des sols pour cerner l'incidence de l'utilisation massive des terres dans le cadre de projets de transport, de logement et d'installations de loisirs."
41404,"aider à l'élaboration des politiques du gouvernement en matière de santé en étudiant la documentation pertinente, en réalisant des entrevues, en recueillant et en analysant des données statistiques et en conseillant les cadres supérieurs et les hauts fonctionnaires sur des questions comme la promotion de la santé, la réglementation, les normes et le financement;"
41404,élaborer et mettre en oeuvre des projets ou des programmes sur la santé;
41404,tenir à jour et gérer des bases de données sur la santé;
41404,compiler et analyser l'information statistique fournie par les établissements et les organismes de santé privés et publics et produire des rapports;
41404,surveiller et évaluer les programmes de soins de santé offerts par le gouvernement et les organismes gouvernementaux ou privés;
41404,"évaluer la conformité aux normes de santé et préciser les mesures de rectification à prendre, le cas échéant;"
41404,évaluer les projets et les programmes sur la santé;
41404,"fournir des services d'experts-conseils aux clients des établissements privés, du gouvernement ou des organismes gouvernementaux;"
41404,répondre aux demandes d'information sur les programmes et les politiques provenant de l'interne et de l'externe;
41404,"produire des bulletins d'information, des revues et d'autres documents afin d'informer les membres d'associations ou d'organismes, ou le grand public;"
41404,"présenter les opinions d'une association ou d'un organisme aux politiciens, aux représentants du gouvernement, aux médias ou au grand public."
41405,"effectuer des recherches, rédiger des rapports et gérer des politiques et des programmes d'éducation;"
41405,évaluer les programmes d'étude et recommander des améliorations;
41405,"déterminer la structure, le contenu et les objectifs des nouveaux programmes;"
41405,effectuer des analyses statistiques en vue de déterminer les coûts et l'efficacité des politiques et des programmes d'éducation;
41405,"fournir des services permanents de perfectionnement professionnel, de formation et de consultation aux enseignants et aux autres professionnels dans l'ensemble des secteurs public et privé;"
41405,élaborer le matériel d'enseignement et d'autres ressources en vue de l'enseignement;
41405,"faire des exposés lors de congrès, d'ateliers et de colloques;"
41405,"surveiller, s'il y a lieu, le travail d'autres agents de programmes, recherchistes et experts-conseils en politiques de l'enseignement;"
41405,"administrer, s'il y a lieu, des programmes de tests et d'évaluation spécialisés."
41406.01,"donnent des conseils d'experts et des services de consultation aux collectivités, aux sociétés commerciales, aux établissements, aux associations sportives, des groupes communautaires, des sociétés, des écoles et autres organisations sur la création, le développement et l'administration de programmes et d'activités de sports;"
41406.01,"rédigent, au besoin, des propositions et des communiqués pour des entreprises, l'industrie et le milieu du conditionnement physique."
41406.02,"effectuent des recherches et élaborent des politiques gouvernementales reliées aux sports, aux loisirs, au conditionnement physique, ainsi qu'aux normes et à la sécurité dans le sport."
41406.03,"développent, planifient et coordonnent des programmes de sports, de conditionnement physique et de loisirs ainsi que des événements sportifs spéciaux."
41407,"conseiller les politiciens ou les diplomates sur les conséquences sociales, économiques et politiques que peuvent avoir les décisions du gouvernement sur les autres gouvernements au Canada et à l'étranger;"
41407,"expliquer les politiques étrangères et intérieures du Canada aux gouvernements et aux ressortissants de pays étrangers, et agir au nom du Canada à l'étranger;"
41407,"recueillir, surveiller et analyser les renseignements sur les pressions, les questions et les communications internationales, et informer sur les questions de renseignement et de sécurité;"
41407,"planifier des réunions intergouvernementales et des conférences avec des agents des autres gouvernements au niveau municipal, provincial ou fédéral;"
41407,coordonner la logistique et l'administration des élections à l'intérieur d'une circonscription et s'assurer que les procédures électorales et de vote sont respectées;
41407,"coordonner les services de soutien administratif des comités législatifs, des commissions royales d'enquête ou des tribunaux;"
41407,faire partie d'un conseil ou d'un tribunal;
41407,planifier la logistique et veiller au protocole des visites officielles de représentants politiques et de dignitaires étrangers au Canada.
41409.01,"effectuent des recherches sur l'origine, le développement et le fonctionnement des sociétés et des cultures humaines, l'évolution de l'homme, ses caractéristiques physiques évolutives et sa répartition géographique."
41409.02,"étudient les artefacts (objets et structures) en vue de reconstituer la vie économique, sociale, politique et intellectuelle du passé."
41409.03,"étudient et analysent la répartition des phénomènes physiques, biologiques, culturels et sociaux ainsi que leurs relations réciproques."
41409.04,effectuent des recherches sur une ou plusieurs périodes de l'histoire ou sur des facettes de l'activité humaine passée et interprètent et annotent les découvertes.
41409.05,"étudient l'origine, la structure et l'évolution du langage et appliquent des théories linguistiques à la résolution des problèmes propres à l'enseignement, à la traduction et à la communication générale."
41409.06,"étudient les fondements théoriques, l'origine, l'évolution, l'interdépendance et les rouages des institutions et des mouvements politiques de même que les comportements individuels."
41409.07,"élaborent des tests, des échelles et des mesures psychologiques; administrent, appliquent et interprètent, s'il y a lieu, les tests, échelles et mesures psychologiques; et administrent les épreuves psychologiques et les évaluent, habituellement sous la supervision d'un psychologue agréé."
41409.08,"étudient le développement, la structure, les systèmes sociaux de la société humaine et les relations qui existent au sein de cette société."
41409.09,"se spécialisent dans des domaines précis des sciences sociales et humaines, dont notamment les gérontologues (spécialisés dans le vieillissement et les problèmes connexes), les graphologues (spécialisés dans l'analyse de l'écriture) et autres spécialistes en sciences sociales."
42100,"intervenir aux appels d’urgence et de plaintes, exécuter les mandats de perquisitions et arrêter les suspects de délits criminels;"
42100,"patrouiller dans les secteurs désignés à pied, à cheval, à vélo ou par véhicules motorisés pour maintenir l'ordre et la sécurité publique, et pour faire respecter les lois et les règlements;"
42100,préparer des rapports pour enregistrer les incidents et les activités de patrouilles et témoigner devant les tribunaux;
42100,"secourir les victimes d'accidents, de délits criminels et de catastrophes naturelles;"
42100,surveiller la circulation pour s’assurer que les automobilistes respectent le code de la sécurité routière et tester les personnes soupçonnées de conduire avec les facultés affaiblies;
42100,contrôler les foules lors d’événements publics et de manifestations et surveiller les comportements suspects et violents;
42100,"participer à l'élaboration des programmes de prévention du crime, d'information publique, de sécurité et de relations communautaires;"
42100,"effectuer des tâches administratives dans l’application des lois, telles que la maintenance de l’équipement et des fichiers d’information;"
42100,"aider, au besoin, les enquêteurs de police dans les enquêtes criminelles."
42101,"répondre aux alertes d'incendie et à d'autres appels d'aide dans les cas d'accidents de la route ou d'accidents du travail, d'alertes à la bombe ou d'autres urgences;"
42101,sauver les victimes des bâtiments en feu et des lieux d'accidents;
42101,"contrôler et éteindre les incendies au moyen d'équipement manuel et mécanique, tel que des haches, des tuyaux d'arrosage, des échelles pivotantes et du matériel hydraulique et divers produits chimiques de lutte contre les incendies;"
42101,donner les premiers soins et toute autre aide requise;
42101,assurer le fonctionnement et l'entretien adéquat du matériel de lutte contre les incendies;
42101,préparer des rapports écrits sur des incidents de feu;
42101,informer et éduquer le public au sujet de la prévention des incendies;
42101,s'entraîner afin de maintenir un haut niveau de conditionnement physique;
42101,"aider le public, la police et les organismes d'intervention d'urgence en cas de désastre;"
42101,"faire partie, s'il y a lieu, d'une équipe d'intervention d'urgence et dispenser des soins paramédicaux aux victimes d'accidents ou aux personnes malades;"
42101,"superviser et coordonner, s'il y a lieu, le travail d'autres pompiers;"
42101,"effectuer, s'il y a lieu, des inspections de bâtiments afin d'assurer la conformité avec le code de prévention des incendies."
42102,"certifier les munitions, les matières explosives, les débris de munitions et autres débris à des niveaux de classification différents;"
42102,"inspecter, tester, identifier les défauts, ajuster, réparer, reconditionner et modifier les équipements électriques, électromécaniques, électroniques, électro-optiques et mécaniques, les instruments optiques et les systèmes de contrôle des armes et des missiles;"
42102,"entretenir et réparer les mitrailleuses et les armes blindées non guidées, les projecteurs de grenade, les mortiers et les systèmes de lancement;"
42102,"tester, inspecter et réparer les systèmes d'armement aérien;"
42102,"compiler les registres de tests, les rapports d'évaluation, la documentation sur l'entretien des équipements et lire et interpréter les schémas électroniques."
42200.01,"aider les avocats en rencontrant les clients, les témoins et autres intéressés, en réunissant des preuves documentaires, en rédigeant les mémoires de procès et en prenant les dispositions nécessaires pour les procès;"
42200.01,aider les avocats à la préparation de médiation et aux règlements judiciaires de différends;
42200.01,"sous la supervision d'avocat, rédiger des testaments, des transactions immobilières et d'autres documents juridiques, des rapports de la cour et des déclarations sous serment;"
42200.01,"dépouiller les registres, les dossiers du greffe et autres documents juridiques;"
42200.01,préparer la correspondance juridique et exécuter des tâches générales de bureau et de clerc.
42200.02,représenter les clients à la cour des petites créances et dans d'autres cours dont les procédures sont simples ainsi que devant les tribunaux et les organismes administratifs;
42200.02,"conseiller les clients et intenter des actions concernant des propriétaires et des locataires, des infractions aux règlements de la circulation, des changements de noms et autres causes comprises sous leur juridiction."
42200.03,faire prêter serment et recevoir les déclarations sous serment et les dépositions;
42200.03,agir en tant que témoin et certifier la validité des signatures sur les documents.
42200.03,"rédiger, au besoin, des contrats, préparer des billets à ordre et rédiger des testaments, des hypothèques et autres documents juridiques;"
42200.03,"s'occuper, au besoin, de l'homologation de testaments et administrer les successions."
42200.04,"conseiller leurs clients sur des questions touchant la propriété intellectuelle et les représenter auprès du registraire des marques de commerce dans diverses affaires, y compris les poursuites concernant les demandes d'enregistrement de marques de commerce;"
42200.04,"fournir des conseils sur la capacité d'enregistrement de marques de commerce, les exigences d'enregistrement, les transferts de propriété intellectuelle et la protection des marques de commerce enregistrées;"
42200.04,représenter les clients dans les causes présentées à la Commission des oppositions des marques de commerce et dans des affaires connexes;
42200.04,"représenter, s'il y a lieu, des clients à l'échelle internationale, en consultation avec des associés et des avocats étrangers."
42200.05,"signifier les assignations, les citations à comparaître et les mandats d'arrêt, y compris les mandats de perquisition;"
42200.05,"recevoir les affidavits, déclarations et affirmations;"
42200.05,assermenter les témoins;
42200.05,présider les audiences de cautionnement;
42200.05,"remettre en liberté les accusés, sur l'ordre des juges, et leur expliquer leurs droits et leurs obligations;"
42200.05,"entendre les preuves présentées pendant les procès pour accusations sommaires ou peuvent présider, s'il y a lieu, les procès pour accusations au criminel, à la discrétion du juge en chef ayant autorité sur le territoire ou selon les dispositions prévues dans les lois fédérales, provinciales et territoriales;"
42200.05,célébrer des mariages civils;
42200.05,"enregistrer les testaments, l’homologation, la faillite, etc."
42201,"réviser l'information générale sur les clients, les rencontrer pour établir l'historique du cas et préparer des rapports d'admission;"
42201,évaluer les forces et les faiblesses des clients en ce qui a trait aux compétences;
42201,"aider les clients à faire la part des solutions qui s'offrent à eux et à élaborer des plans d'action, tout en leur fournissant l'aide et l'encadrement dont ils ont besoin;"
42201,évaluer et vérifier l'admissibilité aux avantages sociaux;
42201,"diriger les clients vers d'autres services sociaux ou les aider à trouver et à utiliser les ressources qui existent dans la collectivité, y compris l'aide juridique, médicale, financière, au logement, à l'emploi, au transport, les garderies et d'autres services;"
42201,"conseiller les clients qui demeurent dans des foyers de groupe et des maisons de transition, superviser leurs activités et contribuer à la planification avant et après la libération;"
42201,participer à la sélection des clients pour les programmes dont ils ont besoin ainsi qu'à leur admission;
42201,"organiser des ateliers de dynamique de la vie, des programmes de désintoxication, des programmes de gestion du comportement, des services à la jeunesse et d'autres programmes de services communautaires et sociaux sous la surveillance de professionnels de la santé ou des services sociaux;"
42201,"rencontrer les clients pour évaluer leur progrès, les encourager et discuter de différents problèmes ou difficultés;"
42201,aider à évaluer l'efficacité des programmes de soins en surveillant attentivement les changements de comportement chez les clients et leurs réactions aux interventions;
42201,donner des conseils et aider les bénéficiaires d'aide sociale ou de pensions;
42201,fournir des services d'intervention et d'hébergement d'urgence;
42201,mettre en oeuvre et organiser la prestation de services précis dans la collectivité;
42201,entretenir des relations avec d'autres organismes de services sociaux et fournisseurs de soins de santé intervenant auprès des mêmes clients afin de fournir des renseignements et de s'enquérir de leur progrès;
42201,"mobiliser et coordonner les ressources bénévoles et les activités des organismes des services sociaux, des établissements de soins de santé, des organismes artistiques et sportifs, etc.;"
42201,"tenir, s'il y a lieu, des statistiques sur les programmes à des fins d'évaluation et de recherche;"
42201,"superviser, s'il y a lieu, des bénévoles et des travailleurs aux services sociaux."
42202.01,"préparer et mettre à exécution des programmes d'éducation de la petite enfance qui favorisent le développement physique, cognitif, affectif et social des enfants;"
42202.01,"diriger les activités des enfants en leur racontant des histoires, en leur enseignant des chansons, en les amenant à des endroits d'intérêt dans la région et en leur donnant l'occasion d'exprimer leur créativité par l'art, les jeux de rôles, la musique et l'activité physique;"
42202.01,"planifier et maintenir un environnement qui protège la santé, la sécurité et le bien-être des enfants;"
42202.01,"évaluer les capacités, les habiletés, les intérêts et les besoins des enfants, et discuter des progrès ou des problèmes des enfants avec leurs parents et d'autres membres du personnel;"
42202.01,"observer les enfants de façon à déceler les difficultés d'apprentissage ou les troubles comportementaux, et préparer des rapports pour les parents, les tuteurs ou le superviseur;"
42202.01,"guider et aider les enfants de façon à ce qu'ils prennent de bonnes habitudes pour les repas, la toilette et l'habillage;"
42202.01,établir des relations avec les collègues et d'autres fournisseurs de services communautaires aux enfants et collaborer avec ceux-ci;
42202.01,"planifier et organiser, au besoin, des activités pour les enfants d'âge scolaire qui participent aux programmes de garde avant et après l'école;"
42202.01,"superviser et coordonner, au besoin, les activités d'autres éducateurs et aides-éducateurs de la petite enfance."
42202.02,"appuyer les éducateurs de la petite enfance dans la réalisation de programmes qui promeuvent le développement physique, cognitif, affectif et social des enfants;"
42202.02,"impliquer les enfants dans des activités en leur racontant des histoires, en leur enseignant des chansons et en préparant des bricolages;"
42202.02,préparer et servir les collations et disposer les salles ou le mobilier pour le dîner et les siestes;
42202.02,"aider les enfants à prendre de bonnes habitudes pour les repas, l'habillement et la toilette;"
42202.02,fournir aux éducateurs de la petite enfance et aux superviseurs des observations écrites sur les enfants;
42202.02,assurer l'entretien de l'équipement de la garderie et participer aux tâches ménagères et à la cuisson;
42202.02,assister aux réunions du personnel pour discuter des progrès et des difficultés des enfants;
42202.02,"aider, s'il y a lieu, les éducateurs de la petite enfance et les superviseurs à tenir les dossiers."
42203,"élaborer des plans d'enseignement et d'intervention individualisés d'après les besoins spéciaux des clients, afin de les aider à atteindre leurs objectifs en matière de réadaptation et d'indépendance;"
42203,"évaluer les limitations physiques et les capacités en orientation et en mobilité des clients, ainsi que les obstacles cognitifs, sociaux et affectifs auxquels ils font face afin d'établir des objectifs en matière d'adaptation et de réhabilitation;"
42203,"aider les personnes ayant une déficience physique, intellectuelle, visuelle ou auditive, ou les personnes souffrant de plusieurs troubles, à acquérir des compétences pratiques, et leur fournir une formation à l'emploi;"
42203,"apprendre aux personnes ayant une déficience et à leurs familles à se servir de techniques de réadaptation, d'appareils prothétiques, de fauteuils roulants et d'autres appareils conçus pour aider les clients à optimiser leur indépendance et leur potentiel;"
42203,"apprendre aux personnes ayant une déficience visuelle à lire et à écrire en braille et à se servir d'équipements ou d'aides spéciaux comme des personnes et des animaux-guides, des cannes longues et d'autres aides à la mobilité;"
42203,"apprendre aux personnes malentendantes ou sourdes la labiolecture, la dactylologie et la langue des signes selon leurs besoins individuels en matière de communication;"
42203,"apprendre aux personnes malentendantes ou sourdes à former et à émettre des sons à l'aide de prothèses auditives, et d'autres appareils et techniques;"
42203,"collaborer avec des spécialistes, tels que des conseillers en réadaptation, des orthophonistes et des ergothérapeutes, pour élaborer des programmes qui adressent les besoins spéciaux des clients."
42204,aider pendant les services du culte et les cérémonies religieuses;
42204,fournir une éducation religieuse et un soutien spirituel et moral aux membres d'une communauté religieuse;
42204,mener des activités de sensibilisation et faciliter la participation de la communauté;
42204,"administrer des programmes d'aide en nourriture, en vêtements et en hébergement;"
42204,"planifier, organiser et diriger, s’il y a lieu, des services religieux et des activités de l'église pour un public spécifique."
43100,aider les élèves à s'intégrer dans la salle de classe et le milieu scolaire;
43100,"aider les élèves, individuellement ou en petits groupes, avec leurs travaux et renforcer les concepts d'apprentissage et de rétention sous la supervision de l'enseignant en salle de classe;"
43100,"aider les élèves qui ont des besoins spéciaux en employant des techniques telles que le langage gestuel et le braille, et des programmes de rattrapage;"
43100,surveiller le progrès des élèves et en rendre compte à l'enseignant;
43100,"accompagner et surveiller les élèves au gymnase, au laboratoire, à la bibliothèque, au centre de ressources et lors de sorties éducatives;"
43100,"aider les enseignants, au besoin, à faire fonctionner les projecteurs, les magnétoscopes et d'autre équipement audiovisuel ou électronique;"
43100,"aider, au besoin, à la bibliothèque et au bureau de l'école et s'acquitter d'autres tâches assignées par le directeur de l'école;"
43100,"surveiller, au besoin, les élèves durant les récréations, l'heure du dîner et au cours de la journée."
43109.01,enseigner aux personnes les règles de conduite d'un véhicule automobile et le code de la route;
43109.01,montrer et expliquer le maniement et le fonctionnement mécanique des véhicules automobiles;
43109.01,superviser la personne pendant les sorties sur route.
43109.02,administrer des examens pratiques de conduite;
43109.02,évaluer les aptitudes des candidats pour l'obtention de leur permis de conduire.
43109.03,donner des instructions aux élèves sur les techniques et les méthodes de couture et de confection d'habits et de robes.
43109.04,donner des instructions sur les techniques de modélisation pour les défilés de mode et des annonces publicitaires.
43200,"signifier les déclarations, les assignations, les décrets, les assignations du jury, les ordonnances d'entretien d'un conjoint, et autres ordonnances de la cour;"
43200,signifier les brefs d'exécution en saisissant et en vendant les biens et en répartissant le produit conformément aux jugements de la cour;
43200,"localiser, saisir et retirer des biens en vertu des lois adoptées par le Parlement;"
43200,offrir des services de protection au palais de justice pour les juges ainsi que sur le périmètre du palais de justice;
43200,accompagner les détenus qui se déplacent entre la cour et l'institution correctionnelle;
43200,rédiger des rapports complets et les affidavits et tenir des dossiers;
43200,"assister aux audiences, accompagner les témoins et maintenir l'ordre en cour;"
43200,assurer des services de sécurité complémentaires lorsqu'un jury est séquestré;
43200,"délivrer des mandats d'emprisonnement, d'arrestation ou d'appréhension."
43201,surveiller la conduite et le comportement des contrevenants et des détenus afin de prévenir les émeutes et les évasions;
43201,"surveiller les contrevenants durant leurs périodes de travail, les repas et les périodes de loisirs;"
43201,faire des rondes dans les secteurs qui leur sont dévolus et signaler les problèmes à leur supérieur;
43201,"effectuer des contrôles de sécurité ainsi que des vérifications de sécurité concernant les visiteurs, les détenus et leurs cellules, les zones de travail et les aires de loisirs;"
43201,observer le comportement des contrevenants et préparer des rapports;
43201,escorter les détenus pendant les déplacements ou durant une absence temporaire;
43201,"rédiger les rapports d'admission, de programmes, de libération et de transfert ainsi que d'autres rapports;"
43201,"superviser et coordonner, s'il y a lieu, le travail d'autres agents de services correctionnels;"
43201,"développer, s'il y a lieu, un plan correctionnel des délinquantes et faciliter la participation des délinquantes aux programmes de réinsertion à la société en collaboration avec des psychologues, des conseillers en comportement, des agents de libération conditionnelle et d’autres."
43202.01,"répondre aux plaintes des citoyens concernant les animaux domestiques errants, le bétail ou les animaux sauvages en liberté;"
43202.01,remettre des avertissements et des amendes aux propriétaires;
43202.01,mettre en fourrière les animaux errants et dangereux.
43202.02,faire exécuter les règlements municipaux et provinciaux;
43202.02,faire enquête lorsqu'il y a des plaintes;
43202.02,remettre des avertissements et des amendes aux propriétaires et aux occupants d'immeubles résidentiels et commerciaux.
43202.03,"vérifier les véhicules commerciaux afin d'assurer le respect des règlements régissant les restrictions de chargement, le transport de matières dangereuses et la sécurité publique."
43202.04,faire enquête relativement aux plaintes d'infraction au règlement sur la collecte des ordures ménagères.
43202.05,inspecter les établissements qui détiennent un permis;
43202.05,informer les détenteurs de permis des lois et règlements;
43202.05,signaler les infractions aux conseils et aux organismes provinciaux de surveillance en matière d'alcool.
43202.06,"faire observer les règlements en matière de stationnement dans les rues de la ville, sur les routes régionales et sur les propriétés municipales."
43202.07,"inspecter les voitures de taxi du point de vue de la fiabilité mécanique, de la propreté, des permis et de l'exactitude du compteur;"
43202.07,"faire enquête lorsqu'il y a des plaintes du public, remettre des renvois et rédiger des rapports;"
43202.07,"remettre les preuves aux conseils municipaux, aux commissions des taxis et au tribunal."
43202.08,enquêter sur les propriétés pour détecter les infractions aux règlements sur le zonage et aux règlements connexes après avoir reçu des demandes d'octroi de permis de zonage ou découlant de règlements connexes ainsi que sur réception de demandes de permis de construction.
43203.01,"mener des entrevues, utiliser des techniques d’inspection et de recherche d’information aux points de passage des frontières pour effectuer des inspections primaires et secondaires liées à l’immigration, aux aliments, aux plantes et aux animaux ainsi qu’en lien aux fonctions du programme douanier;"
43203.01,"appliquer les lois, les politiques et les procédures applicables lors du contrôle et/ou de l’inspection de personnes et de biens;"
43203.01,inspecter les bagages pour déceler les marchandises non déclarées et les objets de contrebande;
43203.01,renseigner les fabricants et les expéditeurs sur les lois et les règlements des douanes;
43203.01,vérifier la fabrication des articles assujettis aux règlements des douanes et effectuer des évaluations;
43203.01,monter à bord des transporteurs en provenance de l'étranger pour déterminer la nature de leur chargement et s'assurer que toute la marchandise transportée est conforme aux règlements de la douane et du commerce;
43203.01,vérifier la marchandise importée par la poste;
43203.01,utiliser des armes à feu et recourir à des tactiques défensives et à la force physique lorsque cela est nécessaire dans l’exercice de ses fonctions;
43203.01,"peut procéder, au besoin, à une arrestation, ,une détention ou une fouille personnelle des personnes soupçonnées d'avoir commis une infraction en vertu de la Loi sur les douanes ou une autre infraction en vertu du Code criminel en attendant l'intervention de la police."
43203.02,déterminer l'admissibilité des personnes cherchant à entrer au Canada en examinant des documents et en menant des entrevues;
43203.02,"accorder le statut d'immigrant reçu, admettre les demandeurs ou ordonner leur détention ou leur déportation;"
43203.02,rechercher et arrêter les personnes soupçonnées d'infraction aux lois de l'immigration;
43203.02,aider au déplacement des personnes à déporter en sollicitant leur admission dans d'autres pays et en leur procurant des documents nécessaires pour le voyage;
43203.02,comparaître comme témoin dans des affaires liées à des appels en matière d'immigration.
43204,analyser les performances des équipements et des systèmes sur tous les équipements d'information de combat;
43204,"entretenir et faire fonctionner les équipements techniques, y compris les armes, les véhicules, les équipements lourds et les matériaux;"
43204,"inspecter les moteurs en opération, tester les véhicules militaires sur route et tester les systèmes et composantes automobiles à l'aide de dispositifs de diagnostique informatisés et d'autres tests pour diagnostiquer et identifier les défauts;"
43204,"configurer et opérer des systèmes de renseignement, de surveillance et de reconnaissance;"
43204,superviser la construction des équipements permettant aux soldats d'infanterie de franchir les obstacles naturels et artificiels et de surmonter les défenses ennemies;
43204,utiliser des armes et des équipements liés aux missiles à des fins de défense.
44100.01,surveiller et prendre soin des enfants chez l'employeur ou à leur propre domicile;
44100.01,"donner le bain aux bébés et aux enfants, les habiller et les nourrir;"
44100.01,préparer les biberons des bébés et changer leurs couches;
44100.01,"planifier, préparer et servir les repas des enfants et exécuter, au besoin, d'autres tâches d'entretien ménager;"
44100.01,"surveiller les activités des enfants, telles que les repas et les siestes, selon les directives de l'employeur;"
44100.01,veiller à créer un environnement sain et sécuritaire à la maison;
44100.01,initier les enfants à l'hygiène personnelle;
44100.01,veiller au bien-être émotionnel des enfants et appuyer leur développement social;
44100.01,discipliner les enfants en employant les moyens indiqués par les parents;
44100.01,"offrir une formation pédagogique appropriée en fonction de l'âge par l'entremise d'activités organisées, telles que des jeux, des bricolages, des lectures et des sorties;"
44100.01,"accompagner les enfants à l'école et pour le retour à la maison, et les accompagner à des rendez-vous;"
44100.01,"tenir, au besoin, un registre des activités quotidiennes de chaque enfant ainsi que de son état de santé."
44100.02,"élever des enfants au même titre que des membres de leur famille, habituellement de façon temporaire ou dans des cas d'urgence, sous la direction générale d'un service de placement en famille d'accueil;"
44100.02,consulter les surveillants du service de placement en famille d'accueil pour leur demander conseil et lorsque des problèmes se posent;
44100.02,administrer des programmes de soins aux enfants des familles d'accueil conformément aux directives des travailleurs sociaux du service de placement en famille d'accueil.
44101,"fournir des soins aux personnes et à leurs familles pendant les périodes d'incapacité, de convalescence ou de crise familiale, et leur tenir compagnie;"
44101,"dispenser des soins de chevet et des soins personnels aux clients, par exemple, les aider à marcher, à prendre leur bain, à s'occuper de leur hygiène personnelle, à s'habiller et à se déshabiller;"
44101,planifier et préparer les repas et les régimes spéciaux et nourrir les clients ou les aider à se nourrir;
44101,"administrer, s'il y a lieu, des soins médicaux courants, par exemple changer des pansements non stériles, aider à donner des médicaments et prendre des spécimens, sous la direction générale d'un surveillant du service de soins à domicile ou d'un infirmier;"
44101,"accomplir, s'il y a lieu, des tâches ménagères courantes, telles que faire la lessive, laver la vaisselle et faire les lits."
44200,"fournir une assistance dans les situations d'urgence, telles que les désordres civils, les catastrophes naturelles et les incidents majeurs;"
44200,"utiliser des véhicules blindés, de l'artillerie, des armes portatives et d'autres équipements de combat et systèmes de défense militaires;"
44200,participer à des opérations non militaires dans le cadre d'efforts humanitaires;
44200,"participer à des entraînements et autres formations en vue de participer à des opérations de maintien de la paix, de combat et de secours en cas de catastrophe naturelle;"
44200,"entretenir les systèmes d'armes, les véhicules, le matériel de survie et les équipements de défense individuelle;"
44200,effectuer des opérations de recherche et de récupération sous-marines;
44200,"utiliser des tactiques de camouflage et de dissimulation, de patrouille, d'attaque, de défense et d'évasion dans le cadre des missions militaires."
45100.01,surveiller les bâtiments et les terrains de l’école afin d’assurer la sécurité des élèves et de l’école;
45100.01,surveiller les casiers des étudiants et les espaces de repas;
45100.01,"surveiller les élèves durant les récréations, l’heure du dîner et au cours de la journée sur les terrains de l’école;"
45100.01,"enregistrer et signaler les absences, les accidents, les comportements et les problèmes des élèves;"
45100.01,"surveiller, s'il y a lieu, les caméras de sécurité et signaler les incidents et les infractions;"
45100.01,"superviser, s'il y a lieu, les examens, les retenues et d’autres activités connexes;"
45100.01,"préparer, s'il y a lieu, du matériel de classe ou d’activités spéciales tel que des projecteurs, et autres équipements audiovisuels ou électroniques."
45100.02,coordonner le flux des piétons à l'intersection choisie avec le flux des véhicules;
45100.02,diriger et aider les élèves aux intersections des écoles.
50010,"planifier, organiser, diriger, contrôler et évaluer les activités d'une bibliothèque, d'un réseau de bibliothèques, d'un service d'archives ou d'un réseau de services d'archives, d'un musée ou d'une galerie d'art ou d'un service technique dans un tel établissement;"
50010,élaborer et administrer des politiques et des programmes;
50010,préparer et administrer des budgets;
50010,"élaborer, exécuter et faire la promotion des programmes de publicité et de relations publiques;"
50010,préparer des projets et des demandes de subventions et de financement;
50010,"préparer des analyses, des recommandations et des rapports opérationnels et financiers;"
50010,"recruter et assurer la formation du personnel professionnel, technique et de soutien;"
50010,"remplir, au besoin, les fonctions de bibliothécaire, d'archiviste ou de conservateur dans un petit établissement."
50011,"déterminer les procédures et mettre en oeuvre les politiques à l'intérieur d'un journal, d'une maison d'édition, d'une société cinématographique, d'une troupe de théâtre, d'une maison d'enregistrement de disques, d'une société de production vidéo et d'une station de radio ou de télévision;"
50011,"planifier et tenir à jour les calendriers de production en ce qui a trait aux parutions, aux émissions, aux films, aux représentations théâtrales et aux productions sonores et vidéo;"
50011,préparer et vérifier les budgets;
50011,embaucher et superviser le personnel;
50011,consulter des organismes de réglementation gouvernementaux pour évaluer et étudier les programmes et les politiques afin d'assurer leur conformité aux règlements;
50011,"mettre en oeuvre ou approuver le développement des projets d'articles, de livres, de films, d'émissions, d'enregistrements de musique et de productions théâtrales et communiquer avec des auteurs, des compositeurs, des réalisateurs et des directeurs."
50012,"planifier, organiser, diriger, contrôler et évaluer la mise en oeuvre des programmes et des services de sports, de loisirs et de conditionnement physique;"
50012,"donner des avis techniques et professionnels concernant les sports, les loisirs et le conditionnement physique;"
50012,préparer des prévisions budgétaires et établir des politiques et des procédures pour mettre sur pied des programmes;
50012,diriger les activités d'un organisme de réglementation des sports;
50012,organiser et administrer des programmes nationaux et provinciaux de formation générale et de formation pour les entraîneurs et les officiels ainsi que d'autres programmes associés à un sport en particulier;
50012,diriger les activités d'une équipe de professionnels en athlétisme;
50012,recruter les entraîneurs et les athlètes professionnels;
50012,organiser des campagnes de financement et obtenir le parrainage d'organismes publics et privés;
50012,élaborer des plans à long terme et négocier des contrats d'affaires.
51100,"recommander l'acquisition de livres, de périodiques, de supports interactifs, de matériel audiovisuel et d'autre matériel afin de les ajouter à la collection de la bibliothèque;"
51100,fournir des services de référence;
51100,"choisir, classer, cataloguer et expurger les documents de la bibliothèque;"
51100,"préparer des bibliographies, des index, des listes de livres recommandés, des guides et d'autres outils facilitant la recherche;"
51100,élaborer des systèmes d'accès aux collections de la bibliothèque;
51100,"exécuter des recherches de références à l'aide de systèmes manuels, interactifs et en ligne afin de faciliter l'accès au matériel de la bibliothèque pour les usagers, et prendre des dispositions pour les prêts interbibliothèques;"
51100,élaborer des taxonomies en employant divers sources d'information et de données;
51100,"assurer des services spécialisés pour les enfants, les personnes âgées et d'autres groupes;"
51100,exécuter des programmes d'information et d'orientation portant sur la bibliothèque et faire des visites guidées;
51100,"effectuer des tâches administratives connexes et surveiller les bibliotechniciens, les assistants et les commis."
51101.01,"examiner les artéfacts, déterminer leur état, proposer un traitement et préciser les méthodes de conservation préventives requises à leurs propriétaires;"
51101.01,"restaurer et conserver, selon le secteur de spécialisation, des peintures, des photographies, des livres, des papiers, des sculptures, des meubles, des poteries ou d'autres objets des musées et des galeries d'art;"
51101.01,suggérer des méthodes pour exposer et entreposer les objets des musées et des galeries d'art afin de les entretenir et de les préserver adéquatement;
51101.01,explorer les nouvelles techniques de restauration et de conservation;
51101.01,donner des conseils au personnel des musées et des galeries d'art ou aux particuliers;
51101.01,superviser les techniciens en restauration et les autres techniciens de musées.
51101.02,"recommander l'acquisition de peintures, de photographies, de sculptures, de documents et d'autres objets des musées et des galeries d'art;"
51101.02,"mener des recherches sur les méthodes de construction, la structure et les matériaux des objets afin de comprendre leur composition physique et chimique;"
51101.02,élaborer des scénarios et des thèmes d'expositions et organiser des expositions;
51101.02,coordonner l'entreposage des collections et le montage des expositions;
51101.02,"assurer la conservation, la présentation et la diffusion des collections;"
51101.02,superviser les adjoints à la conservation et les autres techniciens de musées.
51102,"élaborer des politiques et des procédures pour la gestion des archives courantes et intermédiaires, particulièrement des systèmes de classification corporatifs, des calendriers de conservation et des instruments de repérage;"
51102,"concevoir des programmes de gestion, de diffusion et de conservation des archives peu importe leur support (documents, photographies, cartes, matériel audio-visuel, manuscrits, etc.);"
51102,planifier la gestion informatisée des archives et la gestion des archives électroniques;
51102,évaluer et acquérir des archives afin de constituer et de développer une collection de fonds d'archives pour la recherche;
51102,"établir l'authenticité des documents et des dossiers, et faire des recherches afin de déterminer l'origine et la valeur des archives;"
51102,organiser les archives définitives et établir des systèmes de classification et de repérage afin d'en faciliter l'accès;
51102,assister les chercheurs dans leur démarche de travail.
51110,"déterminer la pertinence de publier ou de diffuser ou de transmettre sur support électronique des manuscrits, des articles, des textes d'actualité et des dépêches télégraphiques et apporter ou recommander des modifications au contenu, au style et à la structure;"
51110,"lire et réviser le matériel qui doit être imprimé ou diffusé pour déceler les fautes d'orthographe, de grammaire et de syntaxe et abréger ou allonger le texte selon l'espace ou le temps alloués;"
51110,"consulter les auteurs, les rédacteurs attitrés, les rédacteurs-reporters et les autres intéressés au sujet des révisions qui s'imposent;"
51110,planifier et mettre en oeuvre la présentation ou la disposition des textes selon l'espace ou le temps alloués et l'importance des textes;
51110,planifier et coordonner les activités du personnel et assurer le respect des délais fixés;
51110,prévoir la couverture des événements à venir et attribuer les tâches en conséquence;
51110,"préparer ou rédiger des introductions, des documents publicitaires, des références bibliographiques, des index et tout autre texte;"
51110,"négocier, s'il y a lieu, les droits d'auteur avec les auteurs et veiller à ce que les pigistes soient rémunérés."
51111.01,"imaginer et rédiger des romans, des pièces de théâtre, des scénarios, des poèmes et autres articles destinés à être publiés ou présentés;"
51111.01,"effectuer, s'il y a lieu, des recherches afin de recueillir des détails authentiques et tout autre renseignement nécessaire."
51111.02,"rédiger des copies électroniques, des textes de blogues, des livres électroniques, des balados et autres formes de contenu Web;"
51111.02,effectuer des recherches pour améliorer son écriture et consulter si nécessaire les clients pour déterminer les objectifs de l’écriture.
51111.03,étudier et mettre en évidence les caractéristiques commerciales des produits et services et rédiger des textes pour la publicité ou les annonces commerciales.
51112,"analyser des documents tels que des devis, des notes techniques et des dessins;"
51112,effectuer des entrevues et des recherches pour recueillir de l’information sur un domaine spécifique;
51112,"rédiger, réviser et mettre à jour des manuels, des guides ou autres documents qui fournissent des instructions et expliquent avec clarté et concision l'installation, le fonctionnement et l'entretien de logiciels, de matériel électronique mécanique et d'autre matériel;"
51112,élaborer et maintenir à jour des documents d’aide;
51112,"concevoir et développer, au besoin, du matériel pour les cours de formation;"
51112,"aider à créer, au besoin, du contenu pour des logiciels, tels que des instructions à l’écran et des messages d’erreur."
51113,"recueillir les informations locales, nationales et internationales au moyen d'interviews, d'enquêtes ou d'observations;"
51113,rédiger des actualités à des fins de publication ou de diffusion;
51113,"recevoir, analyser et vérifier les nouvelles et autres textes pour en évaluer l'exactitude;"
51113,prendre des dispositions en vue des interviews dans le cadre de leurs recherches et pour des émissions de radio et de télévision;
51113,"rechercher et signaler les innovations dans des domaines spécialisés tels que la médecine, la science et la technologie;"
51113,rédiger des articles ou des chroniques spécialisés;
51113,rédiger des éditoriaux et des commentaires sur des sujets d'intérêt courant pour stimuler l'opinion publique et exprimer les politiques de la publication ou de la station de radiotélédiffusion;
51113,"rédiger des critiques d'oeuvres littéraires, musicales ou artistiques selon leurs connaissances, leur jugement et leur expérience."
51114.01,"traduire divers documents écrits, tels que lettres, rapports, documents juridiques, devis descriptifs et manuels d'une langue vers une autre en transmettant le plus fidèlement possible le contenu, le contexte et le style du texte de départ;"
51114.01,faire la localisation de logiciels et de documents d'accompagnement techniques afin de les adapter à une autre langue et à une autre culture;
51114.01,réviser et corriger les textes traduits;
51114.01,"former et superviser, s'il y a lieu, d'autres traducteurs."
51114.02,établir la terminologie propre à une sphère d'activité;
51114.02,"effectuer des recherches terminologiques thématiques ou en réponse à des demandes pour la préparation de glossaires, de banques de terminologie, de dictionnaires, de lexiques, de fichiers de termes techniques et de services de documentation et alimenter les bases de données terminologiques;"
51114.02,"gérer, mettre à jour et diffuser l'information linguistique recueillie dans des bases de données terminologiques;"
51114.02,"fournir des services de consultation aux traducteurs, aux interprètes et aux rédacteurs techniques qui préparent des textes juridiques, scientifiques ou d'autres textes demandant une terminologie spécialisée."
51114.03,"exprimer de vive voix, ou à l'aide d'équipement électronique, dans une langue ce qui a été dit dans une autre langue, en interprétation simultanée (au même moment que l'orateur), consécutive (après que l'orateur ait parlé) ou chuchotée (au fur et à mesure à voix basse pour une ou deux personnes alors que l'orateur parle);"
51114.03,assurer les services d'interprétation devant des cours de justice ou des tribunaux administratifs;
51114.03,"servir, s'il y a lieu, d'interprète auprès de personnes et de petits groupes voyageant au Canada ou à l'étranger;"
51114.03,"servir, s'il y a lieu, d'interprète dans tout autre cas auprès de personnes s'exprimant en langue autochtone ou étrangère;"
51114.03,"former, s'il y a lieu, d'autres interprètes."
51114.04,exprimer en langue des signes ce qui a été dit en langue vocale et vice-versa en simultanée ou en consécutive.
51120.01,"planifient, organisent et coordonnent les différentes étapes et les horaires de la production de spectacles, de films cinématographiques ou d'émissions de radio ou de télévision, engagent les réalisateurs et les autres membres du personnel de production et supervisent l'ensemble du personnel technique, déterminent la façon dont la production doit être traitée ainsi que sa portée, les délais et le calendrier à respecter, gardent les archives de la production; négocient les droits d'auteur et peuvent planifier et coordonner le budget lié à une production particulière."
51120.02,"interprètent le scénario et dirigent la mise en scène, sélectionnent et dirigent les acteurs, les figurants et l'équipe technique, expliquent l'interprétation du texte et l'exécution à toute l'équipe, dirigent les répétitions, les tournages, les enregistrements et les représentations et confèrent avec l'équipe et les spécialistes pendant et après la production, afin d'obtenir l'effet recherché."
51120.03,"créent des danses qui communiquent une histoire, une idée ou une humeur pour des représentations cinématographiques, théâtrales et télévisées et dirigent les répétitions afin que les danseurs atteignent l'interprétation voulue."
51120.04,"planifient, organisent et dirigent la partie artistique des productions cinématographiques, des jeux vidéo, des représentations théâtrales et des émissions de télévision et coordonnent la conception du décor, choisissent les costumes, le mobilier et les accessoires nécessaires pour assurer le caractère artistique et réaliste de la période ou des lieux à représenter."
51120.05,"montent la bande image des productions cinématographiques et organisent les éléments d'un film en séquences qui sont nécessaires à la continuité de l'action et qui ajoutent à la valeur dramatique, comique et thématique."
51120.06,"planifient et coordonnent la production d'enregistrements musicaux originaux, dirigent les musiciens et les chanteurs durant les répétitions et l'enregistrement et dirigent les techniciens chargés de la duplication, du doublage et de la production."
51120.07,"coordonnent et assurent la direction de la photographie des productions cinématographiques, supervisent les cameramen et les autres membres de l'équipe et choisissent l'éclairage, les lentilles, les angles, les toiles de fond et tout autre élément pour réaliser l'effet visuel recherché."
51121.01,"choisissent et interprètent des oeuvres musicales et dirigent les concerts d'une formation musicale, d'un orchestre ou d'un choeur devant un auditoire ou pour une répétition générale."
51121.02,"composent des oeuvres musicales pour les films et les émissions télévisées, des indicatifs musicaux, des chansons et des symphonies ainsi que la musique d'accompagnement de produits interactifs comme les jeux vidéo."
51121.03,adaptent et modifient des oeuvres musicales afin d'évoquer des thèmes choisis et de convenir à l'exécution d'oeuvres instrumentales ou vocales particulières.
51122.01,"jouent un ou plusieurs instruments, comme soliste ou membre d'un ensemble musical, devant un auditoire ou en vue d'un enregistrement."
51122.02,"chantent dans des pièces musicales, comme soliste ou membre d'un ensemble vocal, devant un auditoire ou en vue d'un enregistrement."
51122.03,"enseignent les techniques, l'interprétation et la théorie musicale à des élèves, individuellement ou en groupe."
52100.01,"faciliter l'accès aux livres, aux films, aux photographies, aux cartes, aux documents, aux documents électroniques et à d'autre matériel de bibliothèque pour les usagers;"
52100.01,"cataloguer les nouvelles acquisitions de la bibliothèque, sous la direction d'un bibliothécaire;"
52100.01,effectuer des recherches de références au moyen de systèmes manuels et automatisés et faire des prêts interbibliothèques;
52100.01,"aider les bibliothécaires à animer des visites et à offrir des programmes spécialisés, comme des programmes pour les enfants."
52100.02,"participer à la réalisation des inventaires, des formulaires et des instruments de recherche;"
52100.02,mettre en oeuvre et à jour des plans de classification et des calendriers de conservation;
52100.02,appliquer des normes et des politiques de conservation des documents et des documents d'archives;
52100.02,codifier et classer des documents d'archives;
52100.02,microfilmer des documents d'archives et les mettre dans des bases de données;
52100.02,transférer des documents de l'état actif à l'état semi-actif ou à l'état de conservation permanente;
52100.02,"épurer, trier, expurger et échantillonner des fonds d'archives;"
52100.02,chercher et localiser les documents d'archives;
52100.02,participer à la formation et au service d'aide pour les usagers;
52100.02,assurer que les procédures appropriées soient suivies lors de l'utilisation des systèmes informatiques de gestion de documents.
52110,"rencontrer le directeur et le personnel de cadre de l'équipe de tournage afin de discuter du projet et de déterminer les séquences de tournage, les mouvements de la caméra et la composition de l'image;"
52110,"choisir et installer l'équipement et fixer les lentilles, les filtres et le chargeur à la caméra;"
52110,"régler les commandes pour la mise au point, l'exposition, l'éclairage et autres réglages;"
52110,"faire fonctionner une ciné-caméra ou une caméra vidéo pour enregistrer sur pellicule des nouvelles, des événements en direct, des films, des vidéos et des émissions télédiffusées;"
52110,"étiqueter les films exposés, en enregistrer le contenu et remplir des rapports;"
52110,"mettre à l'essai, entretenir et entreposer l'équipement;"
52110,"utiliser, s’il y a lieu, un véhicule aérien sans pilote/drone pour faire des films aériens du paysage ou de tout autre sujet."
52111,prendre connaissance des indications fournies par le designer graphique;
52111,"réaliser des concepts graphiques, ou participer à leur conception et à leur réalisation;"
52111,"saisir sur ordinateur les différents éléments du document tels que les titres, les textes, les dessins, les illustrations, les graphiques, le lettrage et l'agencement des couleurs;"
52111,produire des images et des dessins informatisés;
52111,"numériser des images à l'aide de périphériques et les transformer à l'aide de systèmes de retouches, de palettes graphiques et de logiciels spécialisés;"
52111,"réaliser la mise en page, le montage et la disposition selon la maquette fournie;"
52111,produire des épreuves de vérification et des prêts-à-photographier et préparer les films et tout autre support pour l'impression;
52111,peindre ou encrer des cellules individuelles de dessins d'animation 2D ou 3D à l'aide d'une palette de couleurs électronique selon les spécifications de l'animateur;
52111,"agencer, dessiner ou peindre du lettrage, des chiffres, des logos et des dessins pour des vitrines, des affiches publicitaires, des panneaux-réclames, des véhicules, des livres et des imprimés à l'aide de logiciels spécialisés ou d'instruments de peinture;"
52111,travailler dans un contexte d'interdisciplinarité.
52112,contrôler la qualité de diffusion des émissions radiodiffusées et télédiffusées en direct ou en différé;
52112,utiliser et contrôler des systèmes de radiodiffusion et de télédiffusion pour transmettre et recevoir les signaux et pour régler la clarté et la gamme des sons et couleurs des enregistrements ou des diffusions;
52112,utiliser de l'équipement de diffusion pour produire des séquences sonores et visuelles diffusées sur Internet;
52112,effectuer les réparations urgentes du matériel et remplacer la programmation en cas de panne de signal;
52112,"effectuer l'entretien, l'installation et le dépannage d'une vaste gamme de matériel et de logiciels de diffusion;"
52112,"régler et actionner les commandes du pupitre pour capter et sélectionner les diverses sources d'émission et diffuser les émissions et annonces publicitaires sur les ondes, par radio ou télévision;"
52112,"superviser, s'il y a lieu, d'autres techniciens en radiotélédiffusion."
52113,"installer, préparer, faire fonctionner et régler le matériel d'enregistrement, d'édition et de reproduction pour enregistrer, monter et reproduire les sons ou insérer le matériel préenregistré sur bandes, disques, disques compacts, dispositifs sonores numériques et les transmissions en direct par micro, satellite ou camion micro-ondes pour les films, les vidéos, les émissions et les enregistrements radiotélédiffusés;"
52113,"préparer et faire fonctionner le matériel d'enregistrement et de lecture de bandes vidéo pour enregistrer des vidéos, des émissions de télévision, des concerts et des événements en direct, et monter des bandes vidéo post-production;"
52113,"faire fonctionner de l'équipement électronique pour générer les titres des émissions, le générique, les sous-titres, les images de fond ou les animations des émissions télévisées;"
52113,"actionner des commandes de pupitre audio ou des ordinateurs, des lecteurs de bandes, des micros ou des machines de traitement du son pour faire le mixage de la musique et du son lors de concerts et d'événements en direct;"
52113,"faire fonctionner des appareils de mixage afin de réenregistrer en synchronisation avec l'image, le dialogue, la musique et les effets sonores provenant de différentes sources;"
52113,"superviser et coordonner, s'il y a lieu, le travail d'autres techniciens en enregistrement audio et vidéo."
52114,"choisir, présenter et diffuser des pièces musicales, des bandes vidéo et autre matériel de divertissement, et présenter des messages publicitaires et des messages d'intérêt public;"
52114,"agir à titre de présentateur ou d'animateur, présenter et interviewer des invités et diriger le déroulement des émissions ou des spectacles;"
52114,"lire des bulletins d'information, des nouvelles sportives et des bulletins météorologiques à la radio ou à la télévision;"
52114,informer le public des conditions météorologiques selon les renseignements fournis par le service des prévisions météorologiques;
52114,"informer le public de l'état de la circulation automobile en entretenant des liens avec des sources d'information extérieures, ou en observant, du haut des airs ou d'une voiture de reportage, la circulation routière;"
52114,"présenter, s'il y a lieu, son propre matériel ou du matériel préparé par d'autres personnes."
52119.01,"coordonnent le travail des opérateurs de caméra et autre personnel technique et donnent le signal aux annonceurs, aux acteurs et aux artistes au cours de l'enregistrement de bulletins d'informations et d'émissions de télévision."
52119.02,"supervisent les machinistes, les chefs électriciens et les manoeuvres de scène qui montent, installent, déplacent et démontent des appareils d'éclairage, des décors, des toiles de fond et d'autre matériel de décors."
52119.03,"montent, font fonctionner et réparer des appareils d'éclairage et d'autre matériel électrique dans des studios, sur des plateaux et sur des scènes."
52119.04,"conçoivent et coordonnent des effets spéciaux tels que des incendies, des explosions et des collisions."
52119.05,appliquent du maquillage et du maquillage à effets spéciaux aux acteurs et aux artistes.
52119.06,"effectuent le dépouillement du scénario afin d'établir la liste des costumes nécessaires et voient à l'acquisition, à l'essayage et à l'entretien de l'ensemble des costumes."
52119.07,participent à l'élaboration des devis de construction de décors;
52119.07,"font de la recherche sur les accessoires, en dressent une liste et fournissent des accessoires lors des répétitions et des spectacles."
52120.01,"consulter les clients pour déterminer l'aspect général, les éléments graphiques et le contenu des outils de communication afin de répondre à leurs besoins;"
52120.01,déterminer les moyens les plus appropriés pour produire l'effet visuel désiré et la méthode de communication convenable;
52120.01,concevoir les éléments graphiques qui répondent aux objectifs de la commande;
52120.01,"préparer les esquisses, les mises en pages et les éléments graphiques des sujets à représenter à l'aide d'outils traditionnels, de logiciels multimédias et de logiciels de traitement de l'image, de mise en pages et de dessin;"
52120.01,évaluer les coûts des matériaux et le temps nécessaire pour exécuter les éléments graphiques;
52120.01,utiliser les répertoires existants de photographies et d'illustrations et les guides typographiques ou faire appel aux services d'un illustrateur ou d'un photographe pour produire des illustrations ou des photographies qui répondent aux besoins de communication des clients;
52120.01,établir les lignes directrices pour les illustrateurs et les photographes;
52120.01,"coordonner tous les aspects de la production des versions imprimée, audiovisuelle ou sur support électronique, c'est-à-dire des sites Web, des disques compacts et des terminaux interactifs;"
52120.01,coordonner la sous-traitance;
52120.01,travailler dans un contexte d'interdisciplinarité;
52120.01,superviser d'autres designers graphiques ou techniciens en graphisme.
52120.02,consulter les clients pour déterminer la nature et le contenu des illustrations afin de répondre à leurs besoins de communication;
52120.02,"concevoir et réaliser, à la main ou à l'aide de logiciels de dessin assisté par ordinateur (DAO), des esquisses puis des illustrations finales à caractère réaliste ou fantaisiste pour des imprimés tels que des livres, des revues, des emballages, des cartes de souhaits et des produits de papeterie;"
52120.02,"participer à l'élaboration d'un scénarimage pour des productions électroniques telles que des produits multimédias, interactifs et numériques, des publicités télévisées et des émissions de télévision;"
52120.02,faire du dessin d'animation 2D et 3D ou de l'illustration par ordinateur;
52120.02,"adapter, s'il y a lieu, les illustrations graphiques existantes."
52121,"consulter les clients pour déterminer leurs besoins, leurs préférences, les exigences en matière de sécurité et l'utilisation prévue de l'espace;"
52121,"élaborer des plans détaillés et des maquettes en trois dimensions montrant la disposition des murs, des séparations, des étalages, de l'éclairage et des autres installations à l'aide de logiciels de dessin assisté par ordinateur (DAO) et de logiciels graphiques;"
52121,"élaborer des plans, des élévations, des coupes et des dessins de détails et donner des conseils sur le choix des couleurs, des finis et des matériaux, des revêtements de sol et muraux, des décorations de fenêtre, de l'éclairage intérieur et extérieur, du mobilier et d'autres objets en tenant compte des normes d'ergonomie et d'hygiène professionnelle;"
52121,"évaluer les coûts et les matériaux nécessaires et fournir, s'il y a lieu, des conseils en matière de crédit-bail, d'immobilier et de commercialisation;"
52121,préparer les plans et les détails d'exécution du design d'intérieurs final selon les règles de l'art et en conformité avec les codes en vigueur;
52121,travailler dans un contexte d'interdisciplinarité;
52121,"diriger, s'il y a lieu, l'équipe de designers et de sous-traitants."
53100.01,"aident à la conservation et à la restauration d'artéfacts, sous la direction d'un restaurateur."
53100.02,"montent des étalages et des dioramas, construisent des modèles, installent les artéfacts dans les étalages et les préparent pour l'entreposage et l'expédition;"
53100.02,"fabriquent des cadres sur mesure, mesurent et coupent des maries-louises, des décorations pour maries-louises et du verre et montent des peintures, des photographies et autres objets d'art."
53100.03,"organisent des visites dans les musées, les galeries d'art, les lieux historiques et patrimoniaux et autres endroits afin de montrer les expositions et les étalages, de répondre aux questions et de donner des informations concernant les expositions ou les lieux."
53100.04,"aident à la recherche, à la manutention et à l'entreposage d'artéfacts;"
53100.04,aident à la planification et au développement des expositions itinérantes et des événements spéciaux;
53100.04,"protègent les biens culturels et les collections pendant qu'ils sont exposés, en transit et entreposés;"
53100.04,classent les artéfacts et leur attribuent des numéros d'enregistrement et surveillent le contrôle de l'inventaire.
53100.05,"préparent, empaillent et montent des peaux d'animaux pour conservation, exposition ou pour usage scientifique."
53110,"étudier la nature du travail demandé et déterminer le genre d'appareil, de film, d'accessoires d'éclairage et d'arrière-plan appropriés;"
53110,"déterminer la composition de la photographie, faire des rajustements techniques à l'équipement et prendre des photographies du sujet;"
53110,"se servir, s'il y a lieu, d'un numériseur pour convertir les photographies en fichiers informatiques;"
53110,"utiliser, s'il y a lieu, un ordinateur pour modifier les photographies;"
53110,"adapter, s'il y a lieu, des photographies afin de créer des nouvelles images numériques qui seront intégrées à des produits sur multimédias ou nouveaux médias;"
53110,"se servir, s'il y a lieu, d'appareils sensibles, comme des microscopes optiques, qui sont fixés aux appareils photographiques;"
53110,"développer, s'il y a lieu, des films exposés;"
53110,"retoucher, s'il y a lieu, les négatifs avec un aérographe, un ordinateur ou en utilisant d'autres techniques;"
53110,"utiliser, s’il y a lieu, un véhicule aérien sans pilote/drone pour prendre des photos aériennes du paysage ou de tout autre sujet."
53111.01,"montent, assemblent, ajustent, entretiennent et remplacent les bobines et les pièces des projecteurs; dépistent et réparent les problèmes mécaniques et électriques; et changent et installent un tableau de contrôle électronique à l'aide d'équipement automatisé."
53111.02,"vérifient l'état de la copie; montent et chargent les bobines de films sur les systèmes de projection de cinéma et ajustent le foyer, le niveau du son et autres réglages de projecteurs et du matériel de théâtre; et entretiennent l'équipement de projection."
53111.03,"préparent, réparent, rangent, fabriquent et surveillent les accessoires."
53111.04,"distribuent des copies de scénario aux acteurs; prennent des notes détaillées sur toutes les scènes, les positions et les angles des caméras; et photographient et datent les scènes."
53111.05,"montent, placent, déplacent et démontent les décors, les toiles de fond, les scènes et autre matériel de scène."
53111.06,"nettoient, entretiennent, transportent et entreposent les costumes et aider les artistes à s'habiller."
53111.07,"fournissent un soutien au directeur et au réalisateur, et sont responsable de divers aspects de la production telles que la préparation des horaires, la mise en place de l'équipement et des arrangements de voyage à divers lieux de tournage."
53120.01,faire des exercices réguliers et répéter des danses sous la direction d'un professeur afin d'atteindre l'interprétation souhaitée;
53120.01,"exécuter des danses, comme soliste ou membre d'un ensemble, en vue de présenter un spectacle ou de produire un film ou une émission de télévision;"
53120.01,s'entraîner et exécuter des exercices pour maintenir une bonne condition physique et les aptitudes nécessaires aux exigences de danse;
53120.01,"composer, s'il y a lieu, leurs propres danses."
53120.02,"enseigner les techniques de la danse et l'interprétation artistique aux amateurs et aux professionnels de la danse, individuellement ou en groupe;"
53120.02,"enseigner les techniques, les origines culturelles et la symbolique des danses autochtones, ethniques ou folkloriques;"
53120.02,"donner des leçons de danses récréatives, comme les danses sociales;"
53120.02,préparer les étudiants pour les auditions et les spectacles.
53121.01,"apprendre et répéter des textes, des gestes et des expressions pour interpréter un rôle;"
53121.01,"interpréter des rôles dans des productions vidéo ou cinématographiques, des émissions télévisées, des productions théâtrales, des pièces radiophoniques, des annonces publicitaires et d'autres productions ou faire la narration d'un texte;"
53121.01,chanter ou danser tel qu'exigé par certains rôles;
53121.01,jouer la comédie dans les boîtes de nuit seul ou comme membres d'une troupe;
53121.01,improviser un rôle.
53121.02,"enseigner aux élèves l'interprétation des scénarios, l'art oratoire, l'art du mouvement et les principes de l'art dramatique;"
53121.02,préparer les élèves d'art dramatique à des auditions particulières et aux représentations.
53121.03,"divertir les spectateurs avec des actes incroyables, émotifs, passionnants ou humoristiques;"
53121.03,conceptualiser et chorégraphier des performances originales;
53121.03,étudier et exécuter des habiletés acrobatiques et aériennes requises par des spectacles de cirque spécifiques;
53121.03,"participer, s’il y a lieu, à l’élaboration de la vision d’un réalisateur ou d’un maître de piste."
53122.01,"créent des dessins, des peintures et d'autres oeuvres artistiques à l'aide d'huiles, de pastels, de couleurs à l'eau, de fusain, d'encre et d'autres médiums."
53122.02,"créent des sculptures, des statues et d'autres oeuvres artistiques à trois dimensions en façonnant, en sculptant et en utilisant des matières telles que l'argile, la glace, le papier, la pierre, le bois ou le métal."
53122.03,"enseignent aux élèves les techniques et les méthodes de dessin, de peinture, de sculpture et d'autres formes d'expression artistique."
53123.01,"conçoivent et créent des décors, des milieux, des propriétés, des costumes et de l'éclairage pour les productions théâtrales, cinématographiques et vidéo, les opéras et les ballets."
53123.02,"conçoivent et créent des vêtements et des accessoires pour hommes, femmes et enfants."
53123.03,"planifient et préparent des expositions et des montages permanents et provisoires ou amovibles dans les musées, les foires commerciales, les congrès, et pour d'autres démonstrations."
53124.01,"utilisent des outils manuels et des machines à travailler le bois pour fabriquer des sculptures en bois, en pierre ou d'autres matériaux et pour sculpter des motifs ornementaux sur des meubles en bois et d'autres objets."
53124.02,"conçoivent et fabriquent des objets en verre à l'aide d'une canne à souffler le verre, d'équipement et d'outils manuels spécialisés."
53124.03,"créent des bijoux, des ustensiles, des outils, des pièces murales et d'autres ouvrages de métal en utilisant l'or, l'argent, le cuivre, l'étain ou d'autres métaux."
53124.04,"conçoivent et fabriquent des pièces fonctionnelles et ornementales en terre cuite et les fabriquent avec de l'argile, un tour de potier et autre équipement avant de les émailler et de les faire cuire dans un four."
53124.05,"conçoivent des fenêtres, des abat-jour et d'autres objets en verre coloré en coupant, en peignant, en cuisant et en assemblant des morceaux de verre."
53124.06,"fabriquent des instruments de musique à l'aide d'outils manuels et électriques en mettant en pratique leurs connaissances des propriétés du bois, de l'ébonite, du métal et d'autres matériaux ainsi que de la conception d'instruments."
53124.07,"entrecroisent, à la main ou sur des métiers, des lanières de matériaux flexibles, comme la laine, le coton, la soie, les herbes, l'écorce et le cuir, afin de fabriquer des paniers, des guirlandes, des pièces murales, des vêtements, des tapis, des couvertures et d'autres objets d'artisanat."
53124.08,"préparent des leçons d'artisanat, rassemblent le matériel de travail nécessaire et font des démonstrations et enseignent les techniques d'artisanat."
53124.09,"conçoivent des bouquets, des corsages, des grappes, des couronnes et d'autres arrangements de fleurs et choisissent des fleurs et des branchages naturels et artificiels, ainsi que des accessoires décoratifs pour créer des arrangements et des objets floraux selon les spécifications des clients."
53125,"étudier les croquis, les modèles d'essai et les dessins cotés pour déterminer le nombre, la forme et les dimensions de chacune des pièces du patron et évaluer la quantité de tissu nécessaire à la confection d'un article;"
53125,"dessiner, tracer et découper un premier patron pour la production de l'article;"
53125,"dessiner, sur papier, le contour de chacune des pièces du patron et marquer des détails tels que l'emplacement des plis et des poches, le piquage décoratif des chaussures, ou les oeillets sur les articles en toile;"
53125,"créer des patrons de dimensions variées, à partir du premier patron, au moyen d'un ordinateur ou d'instruments de dessin ou acheminer le patron à l'opérateur sur ordinateur qui s'en chargera;"
53125,disposer le premier patron sur du tissu et découper un patron type;
53125,"inscrire, sur les échantillons de patrons, la taille, le numéro, le style et les notes explicatives à l'assemblage."
53200,participer aux pratiques et aux sessions d'entraînement prévues;
53200,"participer à des épreuves et à des événements sportifs à l'échelle locale, régionale, provinciale, nationale ou internationale;"
53200,"s'entraîner, sous la direction d'un entraîneur ou d'un moniteur, pour atteindre le niveau de qualification nécessaire pour la compétition;"
53200,évaluer le rendement après une épreuve sportive pour déterminer les forces et les faiblesses.
53201.01,identifier les forces et les faiblesses des athlètes ou des équipes;
53201.01,"planifier, développer et exécuter des sessions d'entraînement et des pratiques;"
53201.01,stimuler et développer les compétences et les aptitudes potentielles des athlètes;
53201.01,"développer, planifier et coordonner l'horaire et le programme des compétitions;"
53201.01,motiver et préparer les athlètes ou les équipes en vue des compétitions ou des parties;
53201.01,"élaborer des stratégies pour les compétitions, développer des plans pour les parties et diriger les athlètes et les joueurs pendant les parties ou les épreuves sportives;"
53201.01,analyser ou évaluer la performance des athlètes ou de l'équipe et modifier le programme d'entraînement.
53201.02,identifier et recruter des athlètes amateurs pour une équipe sportive professionnelle;
53201.02,observer et évaluer les compétences et la performance des athlètes éventuels et étudier leurs dossiers;
53201.02,déposer des rapports sur l'évaluation du recrutement et des recommandations auprès des équipes professionnelles pour lesquelles ils travaillent.
53202,arbitrer lors d'événements sportifs ou de compétitions athlétiques pour que les rencontres se déroulent conformément aux règles du jeu et aux règlements de sécurité;
53202,enregistrer le temps écoulé et le score pendant un événement ou une compétition;
53202,"juger la performance des compétiteurs, marquer les points, infliger les pénalités pour les infractions et décider des résultats;"
53202,calculer les points et les autres statistiques sportives;
53202,"entretenir des rapports avec les entraîneurs, les joueurs et les comités organisateurs;"
53202,vérifier les références des athlètes ou des animaux qui participent aux sports ou aux événements sportifs spéciaux et donner suite aux contestations écrites.
54100.01,"planifier et mettre en oeuvre des activités de loisir, d'athlétisme, de conditionnement physique et de sport;"
54100.01,monter des appareils et de l'équipement pour les sports et les jeux;
54100.01,"montrer ou enseigner les techniques et les activités d'athlétisme, de conditionnement physique ou de sports;"
54100.01,"enseigner les arts, l'artisanat et d'autres activités semblables à des groupes et à des personnes et diriger ceux-ci dans des programmes d'activités sociales et des programmes de loisirs;"
54100.01,s'occuper de clients ayant des besoins spéciaux;
54100.01,sensibiliser les gens à la qualité de la vie;
54100.01,exécuter des activités thérapeutiques de sports ou d'athlétisme;
54100.01,"superviser les activités de loisir, de sport ou de conditionnement physique afin d'en assurer la sécurité et administrer des premiers soins ou des soins d'urgence en cas de besoin;"
54100.01,appliquer les règles et règlements de sécurité.
54100.01,aider à la coordination d'activités spéciales;
54100.01,"mettre des activités à l'horaire, tenir des dossiers et des registres à jour et rédiger des rapports;"
54100.01,"former et superviser le personnel, s'il y a lieu;"
54100.01,"entretenir et réparer l'équipement sportif, s'il y a lieu."
54100.02,évaluer la condition physique de l'individu au moyen de tests et d'évaluations de la condition physique et concevoir des programmes de conditionnement physique basés sur les résultats;
54100.02,fournir des informations au public et aux particuliers sur le mode de vie et les méthodes pour améliorer et maintenir la forme physique et le poids;
54100.02,"mesurer et inscrire les mensurations du corps, prendre le poids et la mesure de l'indice de la masse corporelle;"
54100.02,utiliser du matériel d'exercices pour faire passer des tests et des évaluations de la condition physique et mettre en place des programmes d’exercices.
55109.01,"divertissent les passants dans les rues et les parcs en exécutant des tours de magie, des tours d'adresse, de courtes pièces de théâtre, des pièces musicales et d'autres spectacles de divertissement."
55109.02,"effectuent des tours de magie, de passe-passe, de disparition et d'autres tours d'illusions."
55109.03,"présentent des vêtements et des produits dans des défilés de mode, des expositions commerciales et des annonces publicitaires;"
55109.03,"poser pour des artistes, des photographes, et des vidéographes."
55109.04,partager des idées et des conseils sur un large éventail de sujets.
55109.04,créer du contenu personnel et de marque pour les médias sociaux ou d’autres plateformes en ligne.
60010,"planifier, diriger et évaluer les activités du service des ventes d'un établissement commercial ou industriel, d'une entreprise de commerce de gros ou de détail et d'autres établissements;"
60010,organiser les opérations de ventes régionales et divisionnaires;
60010,établir des politiques et procédures organisationnelles ayant trait aux ventes;
60010,décider de la planification stratégique à mettre en place en ce qui a trait aux nouvelles lignes de produits;
60010,"diriger les équipes de ventes dans le développement de relations d'affaires avec les clients corporatifs, et gérer les négociations de contrats de ventes;"
60010,"recruter, organiser, former et gérer le personnel;"
60010,"travailler avec le département de marketing, s'il y a lieu, pour comprendre et communiquer des messages de marketing sur le terrain."
60020,"planifier, diriger et évaluer les activités d'un établissement de vente en gros et au détail ou d'un rayon d'un tel établissement;"
60020,gérer le personnel et assigner les tâches;
60020,"examiner les études de marché et les tendances de consommation pour déterminer la demande, le chiffre d'affaires possible et l'incidence de la concurrence sur les ventes;"
60020,déterminer les produits et les services à vendre et établir les prix et les politiques de crédit;
60020,"repérer et négocier auprès de vendeurs lorsque nécessaire, l'acquisition de marchandise destinée à la revente;"
60020,élaborer et mettre en oeuvre des stratégies de commercialisation;
60020,"planifier les budgets, autoriser les dépenses et contrôler les revenus;"
60020,évaluer et améliorer le service à la clientèle et répondre aux demandes et problèmes du client;
60020,"déterminer les besoins en personnel, incluant l'embauche, la formation et le maintien en poste du personnel."
60030,"planifier, organiser, diriger, contrôler et évaluer les activités d'un restaurant, d'un bar, d'une cafétéria ou d'un autre genre d'établissement relié au domaine de la restauration;"
60030,déterminer le genre de services qui seront offerts et mettre sur pied des procédures de fonctionnement;
60030,embaucher les membres du personnel et veiller à leur formation;
60030,établir l'horaire de travail et contrôler le rendement des employés;
60030,contrôler les stocks et les recettes et réviser les méthodes et les prix au besoin;
60030,donner suite aux plaintes des clients et voir à ce que les règles de santé et de sécurité soient respectées;
60030,négocier avec les fournisseurs des dispositions relatives à la fourniture de produits alimentaires et d'autres produits;
60030,négocier avec les clients des dispositions relatives aux services de traiteurs ou à l'utilisation des installations pour des banquets ou des réceptions.
60031,"élaborer, mettre en oeuvre et évaluer des politiques et des procédures relatives au mode d'exploitation du service ou de l'établissement;"
60031,préparer les budgets et analyser les revenus et les dépenses;
60031,prendre part à l'élaboration des prix et des stratégies de promotion;
60031,négocier avec les fournisseurs lors de l'achat de marchandises et d'approvisionnements;
60031,"recruter, superviser et former le personnel et établir des horaires de travail;"
60031,"discuter avec les clients de l'utilisation des installations pour des congrès, des banquets, des réceptions et d'autres activités;"
60031,régler les plaintes des clients.
60040,"planifier, organiser, diriger, contrôler et évaluer les activités d'établissements fournisseurs de services tels que nettoyage à sec, coiffure ou nettoyage à domicile, ou d'écoles offrant de la formation non professionnelle telles que des écoles de conduite, de langues, de musique, de danse, d'art, de cuisine ou de mode;"
60040,élaborer et mettre en oeuvre les politiques et les procédures pour les employés;
60040,planifier et gérer les budgets de fonctionnement et l'inventaire;
60040,répondre aux demandes de renseignements ou aux plaintes et résoudre les problèmes;
60040,gérer des contrats visant des stratégies de publicité et de marketing;
60040,"embaucher le personnel, et assurer sa formation et sa supervision."
62010,superviser et coordonner les activités du personnel de vente et des caissiers;
62010,répartir les tâches et établir les horaires de travail;
62010,autoriser les paiements et le retour des marchandises;
62010,"résoudre les problèmes qui peuvent survenir, par exemple ceux reliés aux plaintes des clients et aux pénuries de marchandises;"
62010,tenir un inventaire prédéterminé et commander les marchandises;
62010,"préparer des rapports sur les chiffres de ventes, les techniques marchandes et les problèmes reliés au personnel;"
62010,embaucher et former ou voir à la formation du personnel des ventes; surveiller et rendre-compte de leur rendement;
62010,"assurer le maintien des critères visuels et de l'image du magasin, tels que les étalages, l'affichage et la propreté du magasin;"
62010,peut accomplir les mêmes tâches que les travailleurs supervisés;
62010,"peut accomplir des fonctions de direction, si nécessaire, telles que l'ouverture et la fermeture du magasin, la gestion des plaintes formulées, l'élaboration et la mise en oeuvre de stratégie de commercialisation et la réception des livraisons."
62020,"superviser, coordonner et établir l'horaire des activités du personnel qui prépare, répartit et sert les aliments;"
62020,évaluer et commander les ingrédients et les fournitures nécessaires à la préparation des repas;
62020,"préparer des listes de provisions alimentaires pour le chef, selon les demandes des diététistes et des patients dans les centres hospitaliers ou des autres clients;"
62020,établir les horaires et les méthodes de travail;
62020,"tenir les registres des stocks, des réparations, des ventes et des pertes;"
62020,"assurer la formation du personnel pour ce qui est de leurs tâches, de l'hygiène et des normes de sécurité;"
62020,surveiller et vérifier la préparation des plateaux pour les régimes ordinaires et les diètes spéciales et l'acheminement des chariots aux clients dans les centres hospitaliers;
62020,"assurer la qualité des aliments et du service, en conformité avec les normes établies;"
62020,"participer, au besoin, à la sélection du personnel de service des aliments ainsi qu'à l'élaboration des politiques, des méthodes et des budgets;"
62020,"planifier, s'il y a lieu, les menus des cafétérias et calculer les coûts de nourriture et de main-d'oeuvre."
62021,gérer les opérations des services d'entretien ménager;
62021,planifier et coordonner les activités des surveillants des services d'entretien ménager et de leurs employés;
62021,effectuer des inspections afin d'assurer le respect des normes de l'établissement et des règlements sur la santé et la sécurité;
62021,"sélectionner et acheter l'équipement et les fournitures, et en tenir l'inventaire;"
62021,prendre les dispositions nécessaires pour faire entretenir et réparer l'équipement et les machines;
62021,"recruter, former et superviser les préposés à l'entretien ménager;"
62021,"tenir les registres financiers et préparer les budgets, les listes de paye et les horaires des employés."
62022,"coordonner, attribuer et réviser le travail des réceptionnistes d'hôtel, de motel et d'autres services d'hébergement, des travailleurs de casino, des commis aux réservations, et autres travailleurs du secteur des services d'hébergement, de voyages, de tourisme et des services connexes non classés ailleurs;"
62022,"établir les horaires et les méthodes de travail, et coordonner les activités avec les autres unités de travail ou services;"
62022,"résoudre les problèmes liés au travail, et préparer et présenter des rapports d'étape et d'autres rapports;"
62022,"recruter le personnel et assurer sa formation quant aux tâches, aux consignes de sécurité et aux politiques de l'entreprise;"
62022,commander des fournitures et du matériel;
62022,"assurer le bon fonctionnement des ordinateurs, de l'équipement et de la machinerie, et voir à leur entretien et à leur réparation;"
62022,"exercer, au besoin, des fonctions qui relèvent normalement des employés supervisés."
62023.01,Superviseurs des représentants au service à la clientèle - services financiers
62023.01,"superviser, coordonner, attribuer et évaluer le travail des commis qui accomplissent les tâches suivantes : fournir de l'information et des services à la clientèle, et servir les clients dans les banques, les compagnies fiduciaires et les autres institutions financières;"
62023.01,examiner et vérifier l'exactitude du travail et autoriser les dépôts et les retraits réguliers;
62023.01,établir les horaires et les procédures de travail;
62023.01,coordonner les activités avec les autres services ou divisions;
62023.01,résoudre les problèmes reliés au travail et préparer et soumettre des rapports d'étapes et autres rapports;
62023.01,identifier les besoins de formation et assurer la formation des travailleurs quant à leurs tâches et aux politiques de l'entreprise;
62023.01,assurer le bon fonctionnement des systèmes informatiques et de l'équipement et voir à leur entretien et à leur réparation;
62023.01,"exercer, au besoin, les mêmes fonctions que les employés supervisés."
62023.02,"superviser, coordonner, attribuer et évaluer le travail des commis qui accomplissent les tâches suivantes: effectuer des sondages et des interviews, recueillir et compiler des statistiques, fournir de l'information et des services à la clientèle et rédiger la correspondance y compris les messages électroniques et préparer les documents;"
62023.02,établir des échéanciers et des procédures de travail;
62023.02,coordonner les activités avec les autres services ou divisions;
62023.02,préparer et soumettre des rapports d'étapes et d'autres documentation;
62023.02,identifier les besoins de formation et assurer la formation des travailleurs en ce qui concerne leurs tâches et les politiques de l'entreprise;
62023.02,assurer le bon fonctionnement des systèmes informatiques et de l'équipement et voir à leur entretien et à leur réparation;
62023.02,"remplir, s'il y a lieu, les mêmes fonctions que les employés supervisés."
62024,"superviser et coordonner le travail des nettoyeurs ou des concierges des services de nettoyage léger, industriel ou spécialisé;"
62024,inspecter les lieux ou les installations pour assurer le respect des normes de propreté et de sécurité en vigueur;
62024,"recommander ou prendre les dispositions afin d'obtenir les services additionnels qui s'imposent tels que les travaux de peinture, de réparation, de rénovation ou de remplacement d'articles d'ameublement ou de matériel;"
62024,recruter et former le personnel de nettoyage;
62024,établir les horaires de travail et coordonner les activités avec celles des autres services;
62024,"préparer le budget, évaluer les coûts et tenir les registres financiers;"
62024,percevoir les sommes dues pour les travaux de nettoyage spécialisés;
62024,"exécuter, au besoin, certaines tâches de nettoyage."
62029,"coordonner, attribuer et passer en revue le travail des employés d'entreprises de nettoyage à sec, de lessivage, de repassage, d'assemblage et d'emballage, des placeurs et des préposés dans les cinémas, des stations thermales, des employés de clubs sportifs ou récréatifs, des commissionnaires, des gardiens de sécurité et des autres travailleurs du secteur des services non classés ailleurs;"
62029,"établir les horaires et les méthodes de travail, et coordonner les activités avec les autres unités de travail ou services;"
62029,"résoudre les problèmes liés au travail, et préparer et présenter des rapports d'étape et d'autres rapports;"
62029,"recruter le personnel et assurer sa formation quant aux tâches, aux consignes de sécurité et aux politiques de l'entreprise;"
62029,commander des fournitures et du matériel;
62029,"assurer le bon fonctionnement des ordinateurs, de l'équipement et de la machinerie, et voir à leur entretien et à leur réparation;"
62029,surveiller la qualité et les niveaux de production;
62029,"exercer, au besoin, des fonctions qui relèvent normalement des employés supervisés."
62100,maintenir et améliorer les relations commerciales avec les clients actuels;
62100,déterminer quels sont les clients éventuels et les solliciter;
62100,"évaluer les besoins et les ressources des clients, recommander et assister dans la sélection des biens et services appropriés et négocier les prix ou autres termes de vente;"
62100,fournir des données pour le design du produit lorsque les biens et les services doivent être adaptés aux besoins du client;
62100,"rédiger des présentations, propositions ou autres matériels de vente afin de démontrer les avantages de l'utilisation du bien ou du service;"
62100,évaluer les coûts d'installation et d'entretien du matériel ou du service;
62100,rédiger et administrer les contrats de vente et maintenir un registre des clients;
62100,"communiquer avec les clients, après la vente, pour résoudre les problèmes et assurer un suivi;"
62100,dépanner les problèmes techniques liés au matériel;
62100,développer et maintenir des connaissances techniques sur les produits et les services afin d'en expliquer les caractéristiques aux clients et de répondre à leurs questions
62100,"développer, mettre en oeuvre et effectuer le suivi des stratégies de vente pour atteindre les objectifs d'affaires"
62100,analyser l'état du marché et les activités des concurrents et rester à l'affût des marchés émergents et des tendances
62100,peut offrir la formation quant à l'utilisation et à l'entretien du matériel;
62100,"surveiller, s'il y a lieu, le travail d'autres vendeurs-spécialistes et des membres du personnel technique."
62101,acheter des marchandises pour la revente dans un commerce de gros ou de détail;
62101,examiner les besoins des commerces et déterminer les quantités et le type de marchandises à acheter;
62101,"étudier des analyses de marché, des revues pertinentes et des catalogues publicitaires, et visiter des salons professionnels, des expositions, des usines et des présentations de concepteurs de produits;"
62101,choisir la marchandise qui répond le mieux aux exigences du commerce;
62101,"rencontrer les fournisseurs, négocier les prix, les escomptes, les modalités de crédit et le transport des marchandises;"
62101,superviser la distribution des marchandises aux points de vente et maintenir des stocks adéquats;
62101,établir et maintenir des contacts avec les fournisseurs;
62101,"surveiller, s'il y a lieu, le travail d'autres acheteurs des commerces de détail."
62200.01,"planifier et diriger les activités reliées à la préparation et à la cuisson des aliments dans plusieurs restaurants faisant partie d'un établissement, des chaînes de restaurants, des centres hospitaliers ou toute autre entreprise ayant des services alimentaires;"
62200.01,"consulter les clients au sujet des mariages, des banquets et des réceptions spéciales;"
62200.01,dresser des menus et s'assurer que la qualité des aliments est conforme aux normes;
62200.01,"évaluer les besoins en aliments et, s'il y a lieu, évaluer le coût des aliments et de la main-d'oeuvre;"
62200.01,"superviser le travail des sous-chefs, des chefs spécialisés, des chefs et des cuisiniers;"
62200.01,prendre les dispositions nécessaires pour l'achat et l'entretien du matériel;
62200.01,recruter et embaucher le personnel;
62200.01,"préparer et faire cuire, au besoin, des aliments pour des invités spéciaux ou lors d'occasions spéciales."
62200.02,"superviser le travail des chefs spécialisés, des chefs, des cuisiniers et des autres employés des cuisines;"
62200.02,expliquer les nouvelles techniques culinaires et le nouvel équipement au personnel des cuisines;
62200.02,"dresser, au besoin, des menus et commander des aliments et des fournitures de cuisine;"
62200.02,"préparer et faire cuire, s'il y a lieu, des repas ou des aliments de spécialité."
62200.02,"enseigner aux cuisiniers à préparer, faire cuire, décorer et présenter les aliments;"
62200.03,"préparer et faire cuire des repas ou des aliments de spécialité, telles que des pâtisseries, des sauces, des soupes, des salades, des légumes, des plats de viande, de volaille et de poisson, et créer des pièces décoratives pour des événements spéciaux comme des banquets;"
62200.03,"enseigner aux cuisiniers à préparer, faire cuire, décorer et présenter les aliments;"
62200.03,créer de nouvelles recettes;
62200.03,superviser les cuisiniers et les autres employés des cuisines;
62200.03,"dresser, s'il y a lieu, des menus;"
62200.03,"commander, au besoin, des aliments et des fournitures de cuisine."
62201.01,"consulter la famille du défunt au sujet de la nature des services funéraires, de la manière de disposer du corps et des frais funéraires;"
62201.01,transporter le corps de l'endroit où le décès est survenu jusqu'au salon funéraire ou en organiser le transport;
62201.01,donner des renseignements aux survivants au sujet des prestations auxquelles ils peuvent être admissibles;
62201.01,publier les avis de décès dans les journaux;
62201.01,"surveiller la préparation du corps, planifier les services funéraires et en établir l'horaire, coordonner les enterrements et les crémations, et remplir les documents juridiques;"
62201.01,discuter avec les clients et négocier des préarrangements funéraires;
62201.01,"diriger les activités du salon funéraire, notamment recruter et diriger le personnel, tenir les registres financiers, préparer les états de compte et commander les marchandises;"
62201.01,"superviser les embaumeurs, les commis de pompes funèbres et les autres membres du personnel du salon funéraire;"
62201.01,"remplir, s'il y a lieu, les mêmes fonctions que les embaumeurs."
62201.02,"préserver, aseptiser et préparer les corps pour les services funéraires;"
62201.02,appliquer des cosmétiques et redonner aux corps leur aspect normal;
62201.02,superviser les commis de pompes funèbres et les autres membres du personnel du salon funéraire.
62202.01,"fabriquer et réparer des bijoux en métaux précieux et semi-précieux tels que des bagues, des broches, des pendentifs, des bracelets et des médaillons;"
62202.01,"examiner, tailler, façonner et polir des diamants à l'aide d'instruments d'optique, de tours et de polissoirs;"
62202.01,"examiner, tailler, façonner et polir des pierres précieuses et synthétiques à l'aide d'instruments d'optique, de disques tranchants et de polissoirs;"
62202.01,"évaluer des gemmes et des diamants afin de différencier les pierres, d'identifier les spécimens rares et de déceler les signes particuliers touchant à la valeur des pierres;"
62202.01,sertir des pierres précieuses et semi-précieuses dans les montures de bijoux selon les indications;
62202.01,"superviser, au besoin, d'autres bijoutiers."
62202.02,fabriquer ou poser des pièces d'horlogerie;
62202.02,"examiner des horloges et des montres et les démonter pour vérifier si des pièces sont défectueuses, mal alignées ou rouillées;"
62202.02,remplacer ou réparer les pièces usées ou brisées;
62202.02,"évaluer, ajuster et régler les mouvements d'horlogerie;"
62202.02,nettoyer toutes les pièces avec des solutions de nettoyage et de rinçage spéciales et avec des machines de nettoyage à ultra-sons et mécaniques pour enlever la saleté et les lubrifiants secs;
62202.02,"superviser, au besoin, d'autres horlogers-rhabilleurs."
63100,"vendre de l'assurance automobile, de l'assurance incendie, de l'assurance maladie, de l'assurance vie, de l'assurance sur les biens, de l'assurance maritime, de l'assurance aviation et tout autre genre d'assurances à des clients;"
63100,"établir une couverture d'assurance pour les clients, calculer les primes et déterminer les modalités de paiement;"
63100,"donner des renseignements sur les régimes d'assurance collective et individuelle, les régimes couverts, les prestations payées et les autres caractéristiques de la police d'assurance;"
63100,"s'assurer que les formulaires appropriés, les examens médicaux et d'autres exigences de la politique sont complétés;"
63100,donner suite aux réclamations et répondre aux requêtes de clients;
63100,trouver d'éventuels clients et les solliciter.
63101,solliciter des mandats de vente auprès des vendeurs éventuels;
63101,"aider les clients à vendre leur propriété et, à cette fin, déterminer le prix demandé, annoncer la propriété, inscrire la propriété dans les services de catalogues et diriger les visites libres pour des acheteurs potentiels;"
63101,"aider les acheteurs éventuels à choisir, à visiter, à inspecter les immeubles et à faire des offres d'achat;"
63101,"renseigner les clients sur les conditions du marché, les prix, les hypothèques, les exigences d'ordre juridique et les questions connexes;"
63101,préparer des actes de vente et les soumettre à l'approbation des acheteurs et des vendeurs;
63101,"louer, s'il y a lieu, des propriétés, au nom de leurs clients."
63102,"ouvrir des nouveaux comptes personnels et non personnels, et faciliter l'accès aux guichets automatiques et aux services bancaires téléphoniques et en ligne;"
63102,"rencontrer les demandeurs de prêts personnels, de prêts hypothécaires, de prêts étudiants et de prêts à l'entreprise;"
63102,"promouvoir la vente des produits et des services de dépôt, d'investissements, de crédit et de prêts;"
63102,"aider les clients en proposant des solutions pour répondre à des objectifs financiers tels que l'expansion d'entreprise, la gestion des dettes, les investissements et d'autres objectifs financiers;"
63102,"étudier et évaluer les situations financières des demandeurs, leurs références, leur degré de solvabilité et leur capacité de remboursement;"
63102,remplir les documents relatifs au crédit et aux prêts;
63102,"présenter les demandes de crédit ou de prêts au directeur de la succursale ou au directeur du crédit, recommander l'approbation ou le rejet des demandes, ou approuver ou rejeter les demandes de prêts, selon leur degré d'autorité et en veillant au respect des normes de l'établissement en matière de crédit;"
63102,préparer les relevés des comptes en souffrance et acheminer les comptes inconciliables vers les agences de recouvrement;
63102,examiner et mettre à jour les dossiers de crédit et de prêts;
63102,agir en tant que garde conjointe pour l'argent comptant et les valeurs.
63200,préparer et faire cuire des plats ou des repas complets;
63200,"préparer et faire cuire des repas spéciaux pour des patients, conformément aux directives du diététiste ou du chef cuisinier;"
63200,superviser les aides de cuisine et établir leurs horaires de travail;
63200,superviser les opérations de la cuisine;
63200,"tenir l'inventaire de la nourriture, des fournitures et du matériel;"
63200,"voir, s'il y a lieu, à l'organisation et à la supervision des buffets;"
63200,"nettoyer, s'il y a lieu, la cuisine et les aires de travail;"
63200,"dresser, s'il y a lieu, des menus, déterminer les portions, évaluer les besoins en aliments et le coût des aliments et commander le matériel nécessaire;"
63200,"procéder, s'il y a lieu, à l'embauche et à la formation du personnel de cuisine."
63201,"couper, parer, désosser et préparer des coupes personnalisées et/ou régulières de viande, de volaille, de poisson et de crustacés, pour la vente à des comptoirs libre-service ou selon les directives des clients de détails et/ou commerce de gros;"
63201,"préparer des assortiments spéciaux de viande, pour l'étalage et/ou la livraison;"
63201,"façonner et ficeler les rôtis et les autres viandes, ainsi que les volailles ou les poissons et, à l'occasion, envelopper ou emballer les viandes, les volailles, les poissons et les crustacés préparés, frais et/ou congelés;"
63201,"gérer les stocks, tenir le relevé des produits vendus et déterminer la quantité, la gamme et la fraîcheur des produits à présenter selon les exigences du commerce et de la clientèle;"
63201,"respecter les normes d’analyse des risques et maîtrise des points critiques (HACCP), de l’Agence Canadienne d’Inspection des Aliments (ACIA) et les normes de salubrité des aliments;"
63201,s'assurer que les conditions d'entreposage sont adéquates;
63201,"superviser, diriger ou former, s'il y a lieu, d'autres bouchers, coupeurs de viande ou poissonniers."
63202,"préparer la pâte pour les tartes, les pains et les petits pains, les sucreries, les muffins, les biscuits et les gâteaux ainsi que les glaçages, selon les recettes ou les commandes spéciales des clients;"
63202,faire cuire les produits préparés;
63202,glacer et décorer des gâteaux ou d'autres produits de boulangerie;
63202,s'assurer que les produits sont à la hauteur des normes de qualité exigées;
63202,établir un calendrier de production pour déterminer la gamme et la quantité d'articles à produire;
63202,acheter les fournitures de boulangerie et de pâtisserie;
63202,"voir, au besoin, à la vente et à la mise en marché des produits;"
63202,"engager, former et superviser, au besoin, le personnel de cuisine et de boulangerie-pâtisserie."
63210.01,suggérer des styles de coiffure compatibles avec les traits physiques des clients ou déterminer le style d'après les instructions et les préférences des clients;
63210.01,"couper, tailler, effiler, friser, onduler, faire des permanentes et des mises en plis;"
63210.01,"appliquer du décolorant, faire des shampoings colorants, teindre ou donner des rinçages afin de colorer, de givrer ou de faire des mèches aux cheveux;"
63210.01,"analyser le cheveu et le cuir chevelu, conditionner et donner des traitements de base, ou conseiller des traitements pour le cuir chevelu et les cheveux;"
63210.01,nettoyer et coiffer les perruques et les postiches;
63210.01,poser des rallonges;
63210.01,"laver et rincer les cheveux, s'il y a lieu;"
63210.01,"agir à titre de réceptionniste et commander des fournitures, s'il y a lieu;"
63210.01,"former et superviser, s'il y a lieu, les autres coiffeurs, les apprentis coiffeurs et les aides."
63210.02,Les barbiers
63210.02,couper et tailler les cheveux selon les instructions et les préférences des clients;
63210.02,raser et tailler les barbes et les moustaches;
63210.02,"donner, s'il y a lieu, des shampoings et d'autres traitements pour les cheveux, tels que des ondulations, un défrisage et une teinture, et donner, si nécessaire, des massages pour conditionner le cuir chevelu;"
63210.02,"donner des rendez-vous et commander des fournitures, s'il y a lieu;"
63210.02,"former et superviser, s'il y a lieu, les apprentis barbiers et d'autres barbiers."
63211.01,Les esthéticiens
63211.01,prodiguent des soins esthétiques pour le visage et le corps en utilisant des techniques et des produits spécialisés.
63211.02,"conseillent les clients sur l'utilisation du maquillage et d'autres produits de beauté et appliquent du maquillage aux clients; ils se spécialisent, s'il y a lieu, dans le maquillage des mannequins de mode ou d'autres personnes en cas de grandes occasions."
63211.03,Les électrolystes
63211.03,"éliminent définitivement des poils superflus du visage ou du corps en utilisant des filaments d'appareils spécialisés électriques, des appareils au laser ou d'autres méthodes."
63211.04,"nettoient, taillent et vernissent les ongles des mains et des pieds et dispensent des soins connexes."
63211.05,appliquent des lotions médicamenteuses pour traiter les problèmes du cuir chevelu et la perte des cheveux.
63211.06,"nettoient et stérilisent l'équipement de tatouage et les zones de travail; consultent et conseillent les clients en ce qui concerne la taille, la couleur, le dessin et l’emplacement de l'art corporel; utilisent un démographe pour pigmenter de manière permanente la peau du client avec des colorants chimiques; maintiennent des procédures de santé et sécurité; et peuvent appliquer des dessins temporaires à la peau du client."
63211.07,"préparent et posent des perruques faites sur mesure sur le cuir chevelu des clients, tissent les postiches dans la chevelure des clients et appliquent des traitements pour le cuir chevelu."
63220.01,discuter du type de chaussures à fabriquer et obtenir les mesures des clients;
63220.01,"sélectionner des patrons, du cuir ou d'autre matériel, et tracer et couper des patrons;"
63220.01,"sélectionner et monter les formes, installer les semelles aux formes et coudre ou coller les autres pièces;"
63220.01,"tailler, parer et finir des bottes ou des chaussures;"
63220.01,évaluer le coût des chaussures sur mesure et percevoir le paiement des clients;
63220.01,"superviser, s'il y a lieu, d'autres cordonniers ou fabricants de chaussures."
63220.02,"réparer des semelles, des talons et d'autres parties de chaussures en utilisant des machines à coudre, à polir ou d'autres machines, matériel et équipement;"
63220.02,"réparer des ceintures, des bagages, des bourses et d'autres produits semblables;"
63220.02,évaluer le coût de réparation des chaussures et percevoir le paiement.
63221,"discuter avec les clients de la couleur, du genre et du tissu de garnissage à utiliser et évaluer les coûts du garnissage des meubles ou d'autres articles;"
63221,"disposer, mesurer et découper du tissu de garnissage selon des croquis ou d'autres instructions reçues;"
63221,"remplacer les sangles, les ressorts et le rembourrage défectueux des articles à rembourrer à l'aide d'outils manuels et mécaniques;"
63221,coudre à la machine ou à la main des coussins et diverses sections du tissu de garnissage;
63221,"installer de la bourre, d'autres garnitures et du tissu de garnissage sur les cadres des meubles;"
63221,"enfoncer, coller ou coudre des motifs décoratifs, tels que des clous d'ornement, des galons et des boutons, sur les articles rembourrés;"
63221,"fabriquer, couper et installer des garnitures pour meubler et décorer des avions, des automobiles, des wagons de chemin de fer, des navires et des bateaux;"
63221,"réparer, au besoin, les cadres de bois des meubles et refaire la finition des surfaces de bois;"
63221,"tracer, au besoin, des patrons de garnitures selon des croquis, les instructions des clients ou des dessins;"
63221,"installer, fabriquer, entretenir et réparer, s'il y a lieu, les composants intérieurs des aéronefs, par exemple les sièges, les recouvrements, les rideaux, les filets à bagages, les couvre-sols, les placards, les compartiments à bagages et les panneaux."
64100.01,"accueillir les clients et discuter des caractéristiques, de la qualité et de la quantité des marchandises ou des services qu'ils désirent acheter ou louer;"
64100.01,"renseigner les clients sur l'utilisation et l'entretien des marchandises, et les conseiller sur les produits ou services spécialisés;"
64100.01,"estimer ou indiquer des prix, préciser des modalités de crédit et d'échange, des garanties et des dates de livraison;"
64100.01,préparer les marchandises à vendre ou à louer;
64100.01,"préparer des contrats de vente ou de location, et accepter des paiements en espèces, par chèque, par carte de crédit ou par débit automatique;"
64100.01,aider à l'étalage des marchandises;
64100.01,tenir à jour des registres des ventes pour l'inventaire;
64100.01,se servir des systèmes informatisés de tenue d'inventaire et de commande de stocks;
64100.01,"effectuer, au besoin, des transactions par le biais du commerce électronique."
64100.02,"Créer et réalisent des décors, des vitrines et des présentoirs intérieurs;"
64100.02,"Assembler les présentoirs de vente pour promouvoir les produits, les événements promotionnels et les changements saisonniers;"
64100.02,"S'assurer que l'affichage visuel est conforme aux normes et directives de la marque, y compris la culture, l'image et les marchés cibles de l'entreprise;"
64100.02,Créer et aménagent la luminosité des vitrines et étalages de manière à produire une atmosphère visuelle.
64101,faire de la promotion auprès des clients;
64101,déterminer les clients éventuels et les solliciter;
64101,présenter aux clients un exposé ou une description des avantages et des utilisations des biens ou des services;
64101,"évaluer et établir les prix, les conditions de crédit ou de contrat, les garanties et les dates de livraison;"
64101,"rédiger les contrats de vente ou autres, ou en assurer la rédaction;"
64101,"communiquer avec les clients, après la vente ou la signature des contrats, pour résoudre les problèmes et assurer un suivi;"
64101,"lire la documentation au sujet des innovations d'un produit, des concurrents et des conditions du marché, et agir en conséquence;"
64101,représenter des entreprises qui exportent et importent des produits ou des services à destination ou en provenance de pays étrangers;
64101,"effectuer, s'il y a lieu, des transactions de vente à l'aide du commerce électronique;"
64101,"superviser, s'il y a lieu, le travail d'autres représentants de commerce."
64200.01,confectionner des vêtements sur mesure tels que des complets et des manteaux selon les spécifications des clients et des fabricants de vêtements;
64200.01,"dessiner, choisir et/ou modifier des patrons commerciaux en fonction des indications des clients et des manufacturiers;"
64200.01,"marquer, tailler et coudre le tissu;"
64200.01,"ajuster, transformer et réparer des vêtements à la main ou à la machine à coudre, selon les demandes des clients."
64200.02,"confectionner, transformer, rajeunir et réparer des vêtements et des accessoires en fourrure naturelle."
64200.03,"dessiner, étendre, couper, coudre et presser du tissu, du cuir et d'autre matériel pour en faire des chapeaux et des accessoires connexes."
64201.01,"conseillent les clients au sujet de la couleur des cheveux, de la coiffure, du maquillage et des vêtements et accessoires; donnent des conseils, s'il y a lieu, sur la posture ainsi que sur la présentation générale et les manières; et donnent des cours et des ateliers sur le comportement dans le monde des affaires et dans la société;"
64201.01,conseillent les clients au sujet des types et des couleurs de maquillage et de son application;
64201.01,aident les clients à choisir les couleurs de vêtements qui s'harmonisent à leur apparence.
64201.02,"donnent des conseils sur le choix de la robe de mariée, des arrangements floraux, des salles de réception, des invitations et d'autres préparatifs de mariage."
64201.03,administrent des programmes commerciaux de perte de poids; donnent des conseils aux clients concernant l'alimentation et les exercices; et fournissent des services de soutien connexes.
64300,prendre et noter les réservations des clients et leur assigner les tables;
64300,accueillir les clients et les accompagner à leur table ou à un endroit où ils peuvent s'asseoir;
64300,converser avec les clients afin de s'assurer qu'ils sont satisfaits des aliments et du service et résoudre les plaintes;
64300,commander les fournitures de salles à manger et l'équipement;
64300,"inspecter la salle à manger, les aires de service et l'équipement;"
64300,superviser et coordonner les activités des serveurs et des autres employés qui servent des aliments et des boissons;
64300,percevoir des clients les sommes dues pour les aliments et les boissons consommés;
64300,conserver les reçus et les documents financiers;
64300,préparer les horaires de travail et les feuilles de paye;
64300,faire passer des entrevues pour les postes de serveurs d'aliments et de boissons et former les nouveaux employés;
64300,"s'occuper, s'il y a lieu, du marketing et de la publicité de l'établissement."
64301,prendre les commandes de serveurs aux tables ou directement des clients;
64301,"mélanger de l'alcool, des boissons gazeuses, de l'eau et d'autres ingrédients pour préparer des cocktails et d'autres boissons;"
64301,"préparer des boissons mélangées, du vin, de la bière pression ou en bouteille et des boissons non alcoolisées pour les serveurs d'aliments et de boissons, ou les servir directement aux clients;"
64301,percevoir les paiements pour les boissons vendues et enregistrer les ventes;
64301,tenir et contrôler l'inventaire des stocks et commander des boissons alcoolisées et des fournitures;
64301,nettoyer les comptoirs et laver les verres;
64301,veiller au respect des lois et des règlements provinciaux et territoriaux en matière d'alcool;
64301,"former et superviser, s'il y a lieu, d'autres barmans et employés de bar;"
64301,"embaucher et congédier, s'il y a lieu, le personnel."
64310,"répondre aux demandes de renseignements des clients au sujet des destinations, des moyens de transport, de l'hébergement et des coûts des voyages, et leur recommander des produits qui conviennent à leurs besoins;"
64310,planifier et organiser les itinéraires pour des particuliers ou des groupes;
64310,faire des réservations d'hébergement et de transport à l'aide d'un système informatisé de réservation et de billetterie;
64310,vendre des billets et des voyages à forfait aux clients;
64310,"promouvoir des destinations particulières, des voyages à forfait et d'autres services offerts par l'agence;"
64310,"se renseigner sur les nouveautés, notamment les destinations, les hôtels et d'autres installations et points d'intérêt;"
64310,"donner des conseils au sujet des attractions touristiques, des devises étrangères, des coutumes, des langues et de la sécurité en voyage."
64311.01,"accueillir les passagers, expliquer les consignes en cas d'urgence et en faire la démonstration, contrôler l'état général de la cabine de l'aéronef, s'assurer que toutes les fournitures nécessaires se trouvent à bord;"
64311.01,"veiller à la sécurité des passagers au cours du décollage, de l'atterrissage et en cas d'urgence;"
64311.01,servir les repas et les boissons aux passagers et diffuser les messages en cours de vol.
64311.02,"diriger le travail des agents de bord, assurer la prestation des services aux passagers en cours de vols et remplir des rapports."
64311.03,superviser le travail des agents de bord et préparer des divertissements pour les passagers;
64311.03,"s'occuper de fonctions administratives, telles qu'embaucher l'équipage, tenir des registres de feuilles de paye, aider les passagers à préparer leurs déclarations pour les douanes et superviser l'arrimage des bagages."
64312.01,"aider les clients à planifier la durée de leur voyage et leur itinéraire, émettre les billets, assigner les places, préparer les cartes d'embarquement, vérifier les bagages, contrôler les cartes d'embarquement;"
64312.01,"aider les passagers lors de l'embarquement prioritaire et donner les renseignements concernant les tarifs, les horaires et les itinéraires;"
64312.01,"retrouver les bagages perdus, retardés ou mal acheminés pour les clients."
64312.02,"peser la cargaison et évaluer les coûts du fret, calculer les frais de service et d'assurance, traiter les connaissements, les manifestes de cargaison et les autres documents;"
64312.02,"retrouver les bagages perdus ou mal acheminés, et tenir des registres de chargement et d'autres registres;"
64312.02,"remplir les formulaires avant les vols concernant les passagers et la cargaison, les services de restauration, les demandes spéciales et les autres renseignements sur les vols;"
64312.02,transmettre les messages au centre de contrôle des opérations et aux services d'escale;
64312.02,calculer le poids du chargement dans les soutes des aéronefs en utilisant des cartes et des ordinateurs;
64312.02,planifier le chargement afin de distribuer le poids et d'équilibrer la cargaison.
64312.03,"réserver les places à bord pour les compagnies qui offrent des voyages à forfait, les agences de voyages, les grossistes en voyage et le grand public à l'aide de systèmes informatisés;"
64312.03,fournir des renseignements aux passagers des lignes aériennes et assurer le traitement des points accumulés pour les vols effectués.
64313.01,"répondre aux demandes des clients, établir les coûts et aider les clients à planifier leurs horaires et leurs itinéraires de voyage;"
64313.01,"réserver des places pour des compagnies de voyages, des agences de voyages, des grossistes et le grand public;"
64313.01,"émettre des billets, percevoir l'argent comptant et vérifier les bagages;"
64313.01,recevoir et noter les réservations pour les voyages à forfait des agences de voyages et fournir des renseignements aux grossistes en voyages quant aux places disponibles.
64313.02,établir le prix et le taux du fret;
64313.02,"évaluer le coût des envois, y compris les frais de service et d'assurance, à l'aide de tables de taux et d'horaires, et préparer et garder les manifestes et d'autres documents;"
64313.02,"enregistrer les bagages des passagers et les trier pour le chargement par les bagagistes ou charger directement, au besoin, les bagages dans les autobus, les wagons ou les bateaux de croisière;"
64313.02,retrouver la trace du fret ou des bagages perdus ou égarés.
64314,"tenir les registres des chambres disponibles, des réservations et des chambres louées;"
64314,inscrire les clients dans le registre des arrivées et leur attribuer les chambres;
64314,"répondre aux demandes de renseignements au sujet des services qu'offre l'hôtel et de la disponibilité des chambres, en personne, par lettre ou par téléphone, fournir des renseignements sur les services offerts dans la collectivité et répondre aux plaintes des clients;"
64314,"compiler et vérifier les registres quotidiens, les comptes des clients, les états de caisse et les pièces justificatives au moyen de systèmes manuels ou informatisés;"
64314,présenter les notes aux clients qui quittent l'hôtel et percevoir les sommes dues.
64320.01,"transporter ou accompagner des personnes ou des groupes lors de visites touristiques de villes, de voies navigables, d'usines ou d'autres établissements;"
64320.01,"décrire les points d'intérêt, répondre aux questions et donner des renseignements;"
64320.01,fournir des données historiques et culturelles sur les lieux visités;
64320.01,"recueillir, s'il y a lieu, les droits d'entrée et vendre des souvenirs."
64320.02,accompagner des personnes et des groupes dans des voyages d'agrément ou d'affaires;
64320.02,confirmer les réservations pour l'hébergement et les déplacements et assurer le respect des itinéraires;
64320.02,"visiter et décrire les points d'intérêt, planifier et mener des activités récréatives;"
64320.02,"résoudre les problèmes d'itinéraires, d'accueil et d'hébergement."
64321,"opérer des tables de jeu et des jeux tels que la roulette, le blackjack, le keno, le baccara et le poker;"
64321,surveiller et assister les clients utilisant les machines à sous;
64321,expliquer les règles des jeux aux clients et s'assurer qu'elles sont observées;
64321,accepter les mises de keno et émettre des billets informatisés pour le tirage;
64321,déterminer les gagnants et annoncer les numéros gagnants;
64321,"calculer le montant des paris gagnants, remettre le fruit du gain au gagnant, recueillir l'argent des paris perdants et tenir les rapports qui reflètent ces échanges;"
64321,réapprovisionner et réinitialiser les machines à sous;
64321,"effectuer, au besoin, certains ajustements ou réparations mineurs aux machines."
64322,établir l'itinéraire des excursions ou des expéditions et organiser le transport ou transporter les personnes et les groupes jusqu'aux lieux des activités;
64322,"rassembler et inspecter le matériel et les accessoires nécessaires tels que les radeaux, les montgolfières, les vestes de sauvetage, le matériel de campement, l'attirail de pêche et la nourriture;"
64322,"conduire ou accompagner les personnes ou les groupes et donner des conseils sur les mesures de sécurité et les mesures d'urgence, les techniques et l'utilisation du matériel;"
64322,"apprendre aux participants comment s'adonner aux activités comme le canotage, le rafting et l'escalade en montagne;"
64322,fournir de l'information sur des règlements particuliers en matière de chasse et de pêche ou sur l'utilisation des embarcations;
64322,suivre les directives sur l'environnement et prévenir les infractions;
64322,donner les premiers soins dans les cas d'urgence;
64322,"préparer, s'il y a lieu, les repas pour les membres du groupe et organiser le campement."
64400,"encaisser et verser des espèces, encaisser des chèques, effectuer des virements, encaisser des règlements de factures et de cartes de crédit, délivrer des mandats bancaires et des chèques certifiés, et effectuer d'autres transactions bancaires connexes;"
64400,"obtenir et consigner les renseignements nécessaires pour fournir les services aux clients qui veulent, par exemple, ouvrir des comptes, souscrire à des régimes d'épargne et acheter des obligations;"
64400,"vendre des chèques de voyage, des devises étrangères ou des mandats bancaires;"
64400,"répondre aux demandes de renseignements, et résoudre les problèmes ou les écarts relativement aux comptes des clients;"
64400,informer les clients des produits bancaires et des services disponibles pour répondre à leurs besoins.
64401,"calculer les tarifs postaux, affranchir les lettres, les colis et le courrier recommandé et percevoir les paiements des clients;"
64401,"vendre des timbres, des enveloppes préaffranchies et des mandats-poste;"
64401,acheminer le courrier selon les procédures établies;
64401,"signer ou obtenir les signatures des destinataires du courrier acheminé par livraison spéciale ou recommandée, et tenir les registres;"
64401,"répondre aux demandes de renseignements et remplir les formules pour les changements d'adresse, le vol ou la perte de courrier;"
64401,tenir la comptabilité des opérations et faire la caisse quotidiennement.
64409,"répondre, en personne ou au téléphone, aux demandes de renseignement des clients;"
64409,"prendre des dispositions en vue d'un remboursement, d'un échange et de l'établissement d'une note de crédit pour la marchandise retournée;"
64409,recevoir les comptes pour paiements;
64409,recevoir les formulaires de demande de cartes de crédit ou les demandes d'emploi.
64409,prendre les commandes de biens ou de services des clients;
64409,faire la promotion des biens et des services;
64409,répondre aux demandes de renseignements et aux urgences;
64409,examiner les plaintes et mettre les comptes à jour.
64409,"fournir aux clients et au public des renseignements concernant les produits, les services, les horaires, les taux, les règlements et les politiques en réponse aux demandes de renseignements faites par téléphone ou en personne."
64409,expliquer aux clients la nature et le coût des services offerts;
64409,"mettre les comptes à jour, envoyer les factures et traiter les paiements de réclamations d'assurance et recevoir des paiements pour des services."
64410.01,"contrôler l'accès aux établissements, actionner l'équipement dans les postes de garde, faire des rondes dans des zones désignées afin de les protéger contre le vol, le vandalisme et le feu;"
64410.01,faire respecter les règlements d'un établissement pour maintenir l'ordre et résoudre les conflits et veiller aux activités de l'établissement;
64410.01,veiller à ce que les procédures de sécurité et d'urgence en vigueur dans l'établissement soient respectées;
64410.01,délivrer des laissez-passer et diriger les visiteurs vers les endroits appropriés et vérifier l'âge des clients.
64410.02,"conduire et garder des voitures blindées et ramasser et livrer l'argent et les objets de valeur aux banques, aux guichets automatiques et aux établissements de vente au détail."
64410.03,enquêter sur les actes illégaux commis par les employés ou les clients des établissements;
64410.03,"recommander des systèmes de sécurité, tels que des dispositifs d'accès et de détection électroniques."
64410.04,mener des enquêtes afin de trouver des personnes disparues;
64410.04,obtenir des renseignements à utiliser dans les affaires civiles et criminelles ou à d'autres fins;
64410.04,"effectuer, s'il y a lieu, des tests polygraphiques (tests d'intégrité) pour le compte de leurs clients."
64410.05,prévenir et déceler le vol à l'étalage et le vol dans les établissements de vente au détail.
65100,accueillir les clients;
65100,"établir ou trouver le prix des produits, des services ou des billets à l'aide d'une caisse enregistreuse électronique ou autre, d'un lecteur optique ou d'une autre machine, et établir le montant du paiement total requis;"
65100,peser la marchandise et les produits en vrac;
65100,"recevoir et traiter les paiements en espèces, par chèque, par carte de crédit ou par débit automatique;"
65100,emballer les marchandises ou les mettre dans des sacs;
65100,donner des renseignements aux clients;
65100,aider les spectateurs d'événements sportifs et la clientèle de cinéma à la sélection des places;
65100,calculer les taux de change des devises étrangères;
65100,calculer les montants perçus à la fin de leur quart de travail et les concilier avec le chiffre total des ventes;
65100,"vérifier l'âge des clients qui achètent des billets de loterie, de l'alcool ou des produits de tabac;"
65100,"prendre, au besoin, des réservations et des commandes à emporter;"
65100,"garnir, au besoin, les tablettes et nettoyer le comptoir autour de la caisse."
65101,"fournir des services et faire l'entretien mineur des véhicules, par exemple laver le pare-brise, vérifier le niveau d'huile et la pression des pneus, et remplacer des pièces telles que des pneus, des ampoules et des lames d'essuie-glace;"
65101,"effectuer des tâches légères d'entretien de la propriété comme balayer la cour de la station-service, tailler les buissons, lessiver les aires de service et peindre le bord des trottoirs;"
65101,"aller chercher, au besoin, les voitures des clients et les leur ramener, pour l'atelier de réparation d'automobile de la station-service."
65101,faire le plein d'essence des véhicules et/ou remplir le réservoir des bateaux;
65101,pomper les systèmes septiques des bateaux;
65101,"louer des bateaux, des gilets de sauvetage et d'autre équipement, et inscrire dans un registre les données sur la location;"
65101,percevoir le paiement des clients;
65101,"entretenir le quai ainsi que les installations, et prêter son concours à la rentrée et à la sortie saisonnière des rampes et des pontons."
65102,emballer les achats des clients dans le magasins ou pour l'expédition ou la livraison aux clients;
65102,apporter les achats sur le terrain de stationnement et les ranger dans le véhicule des clients;
65102,"déballer les marchandises reçues par le magasin et compter, peser et trier ces produits;"
65102,"utiliser un lecteur de codes à barres pour consigner les marchandises reçues, confirmer les prix et tenir un inventaire informatisé des stocks;"
65102,"apposer des prix au moyen d'un marqueur ou d'étiquettes, selon une liste de prix;"
65102,fixer des dispositifs de protection sur les produits pour contrer le vol à l'étalage;
65102,"garnir les étagères, les îlots et les présentoirs, et tenir la marchandise propre et en ordre;"
65102,"étiqueter et documenter les commandes et préparer les documents d'expédition, de douane et de service de messager au besoin;"
65102,obtenir pour les clients des produits se trouvant sur les tablettes ou dans l'entrepôt à l'arrière du magasin;
65102,diriger les clients vers les endroits où se trouvent les produits recherchés et répondre aux demandes de renseignements;
65102,"saisir, faire le suivi et traiter les commandes des clients et générer des rapports d’inventaire;"
65102,"faire fonctionner, au besoin, des chariots, des plateaux roulants, des chariots élévateur, des chariots  manuels, des chariots élévateurs à poste de conduite élevable et des chariots de manutention motorisés;"
65102,"balayer, au besoin, les allées, épousseter les tablettes et exécuter d'autres tâches de nettoyage général;"
65102,"utiliser, au besoin, la caisse ou un ordinateur pour effectuer des transactions électroniques;"
65102,"commander, s'il y a lieu, de la marchandise."
65109.01,communiquent avec des clients potentiels par téléphone ou par l'entremise de contacts personnels;
65109.01,"organisent des démonstrations de vente et montrent, décrivent et vendent les articles ou les services dans les entreprises de commerce de gros et de détail, les entreprises industrielles, à l'occasion de foires, de salons professionnels ou à des particuliers ou pendant des réunions de vente dans les maisons privées;"
65109.01,livrent la marchandise.
65109.02,sollicitent les particuliers à domicile et leur vendent des produits;
65109.02,"préparent et exposent des marchandises à vendre à l'extérieur, dans la rue ou à l'occasion d'événements publics."
65109.03,font des appels téléphoniques aux maisons privées ou entreprises en vue de la vente de biens ou de services.
65200,"accueillir les clients, présenter le menu, faire des suggestions et répondre aux questions au sujet des aliments et des boissons;"
65200,prendre les commandes et les transmettre au personnel des cuisines et du bar;
65200,recommander des vins assortis aux aliments commandés;
65200,servir les aliments et les boissons commandés;
65200,préparer et servir les spécialités de la maison aux tables des clients;
65200,présenter l'addition aux clients et percevoir les sommes dues;
65200,"tenir, s'il y a lieu, l'inventaire des vins et des verres à vin et en commander au besoin;"
65200,"effectuer, s'il y a lieu, une évaluation sensorielle des vins."
65201.01,prendre les commandes des clients;
65201.01,"laver, éplucher, trancher et parer les denrées alimentaires en se servant d'appareils manuels et électriques;"
65201.01,"utiliser la friteuse, le gril, le four, les distributeurs et d'autres équipements pour préparer des plats rapides, comme des sandwichs, des hambourgeois, des frites, des salades, de la crème glacée, des laits frappés et d'autres boissons;"
65201.01,"diviser les aliments en portions, les assembler, et les emballer ou les poser directement sur des assiettes pour les servir aux clients, et emballer les aliments à emporter;"
65201.01,utiliser de l'équipement pour préparer des boissons chaudes spécialisées telles que le café ou le thé;
65201.01,"servir les aliments aux clients, au comptoir ou à la table de buffet;"
65201.01,"remplir les réfrigérateurs et les bars à salades, et tenir des registres des quantités d'aliments consommés;"
65201.01,"recevoir, au besoin, les paiements pour les aliments achetés."
65201.02,laver et éplucher les fruits et les légumes;
65201.02,"nettoyer les tables de travail, les armoires et les appareils;"
65201.02,sortir les déchets et nettoyer les poubelles de la cuisine;
65201.02,"déballer et ranger les provisions dans les réfrigérateurs, les armoires et autres endroits réservés au rangement;"
65201.02,"balayer et essuyer les planchers, et exécuter d'autres tâches pour aider le cuisinier et le personnel de cuisine."
65201.03,débarrasser et nettoyer les tables et les plateaux dans les salles à manger;
65201.03,"transporter la vaisselle propre, les ustensiles et autres objets aux aires de service et dresser les tables;"
65201.03,remplir les contenants de condiments et autres sur les tables et dans les aires de service;
65201.03,enlever les couverts avant et après les services;
65201.03,"effectuer d'autres tâches, par exemple racler et empiler les assiettes, transporter le linge de table à la blanchisserie ou de la blanchisserie et faire des courses."
65201.04,"laver la vaisselle, les verres, les ustensiles, les marmites et les casseroles à la main ou à la machine;"
65201.04,ranger la vaisselle à l'endroit prévu;
65201.04,"récurer les marmites et les casseroles et, au besoin, nettoyer et polir l'argenterie."
65202,hacher les viandes crues et trancher les viandes cuites à l'aide de hachoirs électriques et de machines à découper;
65202,"couper, peser, emballer, étiqueter et fixer le prix des viandes, produits carnés, poissons et fruits de mer destinés à la vente;"
65202,suggérer aux consommateurs des produits complémentaires et / ou de remplacement;
65202,"vérifier de la qualité des viandes, poissons et fruits de mer, les dates de péremption et assurer la rotation des produits;"
65202,"s’assurer de l’entretien du matériel, des étalages et de l’aire de travail;"
65202,recevoir et stocker les marchandises selon les normes établies de la compagnie;
65202,respecter les normes d'hygiène et de salubrité gouvernementales ainsi que les normes de santé et sécurité au travail.
65210.01,conduire les clients de l'hôtel à leur chambre et porter leurs bagages;
65210.01,inspecter les chambres pour vérifier qu'elles sont en ordres;
65210.01,"donner des renseignements sur les commodités de la chambre, les services de l'hôtel et les lieux d'intérêt touristique;"
65210.01,aider les clients ayant des besoins spéciaux;
65210.01,s'occuper de l'arrivée et du départ des groupes;
65210.01,recevoir et expédier des colis et des messages pour les clients;
65210.01,"donner suite aux plaintes et aux demandes des clients, et s'occuper des endroits où les bagages sont entreposés;"
65210.01,"transporter les bagages des clients, à la main ou avec un diable, dans les gares de chemin de fer et les aéroports, et s'occuper du transport routier."
65210.02,"préparer et desservir les tables, servir la nourriture et les boissons, nettoyer les wagons-lits et les cabines, faire les lits, laver la vaisselle et voir aux fournitures des toilettes;"
65210.02,porter les bagages des passagers à bord des navires;
65210.02,veiller au confort et à la satisfaction des clients.
65210.03,"monter, installer, reconfigurer, déplacer et démonter des cloisons amovibles et le mobilier dans des salles;"
65210.03,"assembler, pivoter et démonter des présentations en vitrine, des présentations promotionnelles et des affiches selon les plans d'étage ou les directives;"
65210.03,aider à installer de l'équipement audiovisuel et aider à résoudre des problèmes lors de son usage;
65210.03,"effectuer, s'il y a lieu, des réparations mineures sur des installations, ainsi que de l'entretien de routine sur l'équipement audiovisuel."
65211.01,"conduire des camions, des fourgonnettes et d'autres véhicules pour déplacer des manèges, des jeux et d'autres attractions aux parcs d'attractions;"
65211.01,"monter des manèges, des maisons du rire, des stands forains et d'autres divertissements;"
65211.01,assurer l'entretien routinier et faire les inspections de sécurité de l'équipement du parc d'attractions;
65211.01,"faire fonctionner les manèges et les autres attractions, surveiller les activités des jeux et assurer la sécurité des participants;"
65211.01,"vendre, s'il y a lieu, des billets."
65211.02,recueillir les billets et les droits d'entrée et louer ou vendre de l'équipement de sports ou de l'équipement connexe;
65211.02,"établir l'horaire d'utilisation des installations de loisirs comme les terrains de golf, les courts de tennis, les salles de quilles, les centres de conditionnement physique, les terrains de camping et d'autres installations semblables;"
65211.02,"faire fonctionner l'équipement de loisirs comme les remonte-pentes, le matériel d'entretien de patinoires et les canons à neige;"
65211.02,"aider les clients à s'installer dans les remonte-pentes et dans les manèges, et à en descendre, verrouiller et déverrouiller les ceintures et les barres de sécurité, et vérifier l'équipement pour repérer les traces d'usure ou les dommages;"
65211.02,nettoyer et entretenir les installations récréatives et les terrains de jeux.
65220,"préparer les aliments et nourrir les animaux, les poissons et les oiseaux aux heures prévues;"
65220,"nettoyer et désinfecter les cages, les enclos et les alentours;"
65220,"shampouiner, soigner et tondre les animaux;"
65220,aider les vétérinaires et les technologues et techniciens en santé animale à vacciner et à traiter les animaux;
65220,aider les éleveurs d'animaux à manipuler et à nourrir les animaux;
65220,aider les scientifiques et les chercheurs à mener des expériences de laboratoire sur les animaux;
65220,surveiller et documenter le comportement des animaux;
65220,dresser les chiens à obéir aux ordres et à accomplir certaines tâches en réponse à des gestes.
65229,"interprètent et font le tableau des positions stellaires et planétaires de l'horoscope, afin de prédire les événements et les tendances à venir pour les clients et le grand public."
65229,donnent aux clients des conseils personnels basés sur différentes écoles de pensée.
65229,fournissent une multitude de services personnalisés non classés ailleurs.
65310.01,"balayer, essuyer, laver, cirer et astiquer les parquets;"
65310.01,"nettoyer, désinfecter et astiquer les appareils ménagers et les accessoires dans la cuisine et les salles de bain;"
65310.01,"nettoyer et désinfecter les lieux publics, tels que les cabines de déshabillage, les douches et les ascenseurs;"
65310.01,désinfecter les salles d'opération et autres aires des centres hospitaliers;
65310.01,"laver les fenêtres, les murs et les plafonds."
65310.01,"s'occuper, s'il y a lieu, des plaintes."
65310.02,"épousseter les meubles et passer l'aspirateur sur les moquettes et les tapis, les tentures et les meubles rembourrés;"
65310.02,"faire les lits, changer les draps et assurer la distribution des serviettes et accessoires de toilette;"
65310.02,donner aux clients des fournitures supplémentaires;
65310.02,approvisionner la lingerie et l'armoire à fournitures;
65310.02,déclarer et ranger les objets perdus;
65310.02,"donner, s'il y a lieu, des renseignements de base sur les installations de l'établissement;"
65311.01,"nettoient, à l'aide de machines, les tapis, les moquettes et les meubles rembourrés chez le client ou dans des établissements de nettoyage de tapis et de meubles rembourrés."
65311.02,enlèvent la suie et la créosote des cheminées et des foyers à l'aide d'outils manuels et d'aspirateurs industriels;
65311.02,"nettoient l'extérieur d'édifices, les réservoirs et l'équipement industriel en utilisant le jet de sable, la vapeur sous pression ou de l'équipement de nettoyage hydraulique."
65311.03,"nettoient les conduites, les tuyaux et les filtres des chaudières installées dans les immeubles résidentiels ou commerciaux à l'aide d'outils manuels et d'aspirateurs industriels."
65311.04,"nettoient l'intérieur et l'extérieur des automobiles, des autobus, des tramways et des wagons de train et de métro."
65311.05,nettoient l'intérieur ou l'extérieur des fenêtres et des surfaces vitrées des immeubles de faible et de grande hauteur.
65312,"se servir d'aspirateurs industriels pour enlever les restes, la poussière, les grosses saletés et les autres ordures;"
65312,"laver les fenêtres, les plafonds et les murs intérieurs;"
65312,vider les poubelles et les autres contenants prévus pour les rebuts;
65312,"balayer, essuyer, frotter et cirer les corridors, les parquets et les escaliers;"
65312,enlever la neige et la glace sur les trottoirs et dans les terrains de stationnement;
65312,tondre le gazon et entretenir le terrain et les plantes;
65312,nettoyer et désinfecter les salles de bain et leurs accessoires;
65312,"déplacer, s'il y a lieu, des meubles et de l'équipement lourds ainsi que des fournitures."
65320.01,"faire fonctionner des machines pour nettoyer à sec des vêtements tels que des robes, des complets, des manteaux, des chandails et d'autres vêtements, des tentures, des housses de coussin et d'autres articles;"
65320.01,"trier des articles et faire fonctionner des laveuses et des sécheuses pour laver et sécher des vêtements, des draps, des couvertures, des serviettes et d'autres articles;"
65320.01,faire fonctionner des machines pour nettoyer et sécher à l'air des vêtements en fourrure;
65320.01,"faire fonctionner des machines pour nettoyer à sec, teindre, teindre au pistolet et conditionner des vêtements en suède et en cuir et leur redonner leur souplesse;"
65320.01,"mélanger et ajouter des détergents, des colorants, des agents de blanchiment, des amidons et d'autres solutions et produits chimiques."
65320.02,examiner les vêtements et autres articles remis en état pour s'assurer qu'ils sont bien lavés ou nettoyés à sec;
65320.02,"prendre note des vêtements et d'autres articles abîmés, mal nettoyés ou mal blanchis;"
65320.02,utiliser un fer à vapeur à main pour faire des retouches aux vêtements et à d'autres articles;
65320.02,assembler et emballer les vêtements et les autres articles remis en état;
65320.02,assortir les factures aux étiquettes des vêtements ou d'autres articles.
65320.03,"faire fonctionner des machines de finissage, comme des presses à la vapeur, et utiliser des fers à repasser à la main pour finir le repassage de pantalons, de vestons, de chemises, de jupes et d'autres articles nettoyés à sec ou lessivés;"
65320.03,repasser à la main de la lingerie fine blanchie ou des articles en soie nettoyés à sec;
65320.03,faire fonctionner des fers à repasser et à lustrer pour finir des vêtements et d'autres articles en fourrure;
65320.03,plier et emballer les articles nettoyés à sec et lessivés;
65320.03,"faire fonctionner, s'il y a lieu, des machines à laver."
65329.01,"laver, traiter et sécher les cheveux des clients, et assister les coiffeurs selon leurs directives;"
65329.01,nettoyer les aires de travail.
65329.02,"prêter assistance aux personnes à l'entrée et à la sortie des salles de spectacle, d'immeubles résidentiels et d'établissements similaires;"
65329.02,"appeler des taxis et aider les clients à porter leurs paquets, s'il y a lieu."
65329.03,conduire des corbillards;
65329.03,assurer l'éclairage des salons funéraires et disposer les fleurs;
65329.03,escorter le cortège funèbre et agir comme porteur aux funérailles;
65329.03,nettoyer le salon funéraire et la chapelle.
65329.04,réapprovisionner les distributeurs automatiques;
65329.04,fournir de la monnaie;
65329.04,expliquer le fonctionnement des machines aux clients;
65329.04,nettoyer la laverie automatique et s'occuper de faire réparer les machines défectueuses;
65329.04,"laver, sécher et plier le linge des clients, s'il y a lieu;"
65329.04,"faire fonctionner, s'il y a lieu, les machines de nettoyage à sec pour les clients."
65329.05,percevoir le paiement pour le stationnement et émettre les billets;
65329.05,diriger les clients aux aires de stationnement ou stationner les véhicules.
65329.06,"recueillir les billets d'admission ou les laissez-passer des clients dans les salles de spectacles, et les diriger vers leur siège."
65329.07,accomplir des tâches spécifiques à l'établissement où ils travaillent.
70010,"planifier, organiser, diriger, contrôler et évaluer les projets de construction du début à la fin conformément au calendrier d'exécution des travaux, au cahier des charges et au budget prévu;"
70010,préparer et soumettre les prévisions budgétaires concernant le projet de construction;
70010,"planifier et préparer les calendriers d'exécution et les étapes à suivre, et vérifier les progrès en regard de ces données;"
70010,"préparer les contrats et négocier les révisions, les changements et les ajouts aux ententes contractuelles avec les architectes, les experts-conseils, les clients, les fournisseurs et les sous-traitants;"
70010,élaborer et mettre en oeuvre les programmes de contrôle de la qualité;
70010,"représenter l'entreprise sur des questions, telles que les services professionnels et la négociation des conventions collectives;"
70010,préparer des rapports sur l'avancement des travaux et fournir aux clients le programme de construction;
70010,diriger l'achat de tous les matériaux de construction et l'acquisition des terrains;
70010,embaucher le personnel et superviser le travail des sous-traitants et des employés subalternes.
70011,"planifier, organiser, diriger, contrôler et évaluer les activités d'une entreprise de construction ou de rénovation domiciliaire;"
70011,préparer des soumissions pour des projets de construction et de rénovation domiciliaire;
70011,"consulter les clients, les architectes et les ingénieurs au sujet des plans et du cahier des charges;"
70011,"choisir, embaucher et superviser les sous-traitants commerciaux pour accomplir du travail spécialisé, tel que la plomberie, le chauffage et les travaux d'électricité;"
70011,planifier et préparer les calendriers de travail et coordonner le travail des sous-traitants;
70011,"vérifier le travail des sous-traitants afin qu'il soit conforme aux normes de qualité, aux plans et au cahier des charges;"
70011,préparer et tenir un répertoire de fournisseurs et de sous-traitants commerciaux;
70011,élaborer et exécuter des stratégies publicitaires et de mise en marché afin de promouvoir les produits et services de l'entreprise;
70011,"faire, s'il y a lieu, des travaux de menuiserie ou autres travaux au cours de la construction ou de la rénovation d'une maison."
70012.01,"planifier, organiser, diriger, contrôler et évaluer les activités liées à l'exploitation d'immeubles de commerce, de transport et de loisirs et des biens réels connexes;"
70012.01,superviser la location de locaux des biens réels connexes et l'établissement de stratégies de commercialisation;
70012.01,"planifier, organiser et diriger les services administratifs tels que signalisation, nettoyage, entretien, stationnement, vérifications de sûreté, sécurité et enlèvement de la neige;"
70012.01,"planifier, organiser, diriger, contrôler et évaluer les activités liées aux projets de construction afin d'apporter des modifications aux immeubles de commerce, de transport et de loisir;"
70012.01,"superviser l'installation, l'entretien et la réparation de l'infrastructure immobilière incluant de la machinerie, de l'équipement et des systèmes électriques et mécaniques;"
70012.01,établir et gérer les budgets d'exploitation des installations;
70012.01,planifier ou surveiller l'établissement de rapports et de statistiques portant sur le domaine de responsabilité;
70012.01,"embaucher le personnel, assurer sa formation et sa supervision."
70012.02,"diriger les travaux d'entretien et de réparation de la machinerie, de l'équipement et des systèmes électriques et mécaniques;"
70012.02,élaborer et mettre en oeuvre les calendriers des travaux et les marches à suivre en ce qui a trait aux vérifications de sécurité et aux programmes d'entretien préventif;
70012.02,"coordonner les travaux de nettoyage, d'enlèvement de neige et d'aménagement paysager;"
70012.02,administrer les contrats d'approvisionnement en biens et services;
70012.02,planifier et gérer les budgets d'entretien des installations;
70012.02,"embaucher le personnel, assurer sa formation et sa supervision."
70020.01,"planifier, organiser, diriger, contrôler et évaluer les opérations d'une entreprise de transport;"
70020.01,"définir les politiques et les normes du service, y compris les procédures concernant la sécurité et la manutention de marchandises dangereuses et veiller au respect des règlements du transport;"
70020.01,"veiller à la répartition, l'entretien et le service des véhicules routiers, des navires ou des avions;"
70020.01,"contrôler le budget de l'entreprise ou du service, y compris les acquisitions;"
70020.01,"contrôler le rendement de l'entreprise ou du service, rédiger des rapports à l'intention de la haute direction et planifier les changements d'horaires et de politiques;"
70020.01,recruter le personnel et voir à sa formation.
70020.02,"planifier, organiser, diriger, contrôler et évaluer le fonctionnement ou le service responsable de coordonner, de planifier et de contrôler le mouvement des marchandises;"
70020.02,"organiser la documentation d’expédition et superviser le calendrier, l’expédition et le suivi des marchandises;"
70020.02,définir les tarifs des services de transport et les indicateurs de performance;
70020.02,élaborer les plans et les procédures qui s'appliquent au transport et à l'entreposage des marchandises;
70020.02,"négocier des services et des taux préférentiels avec les transporteurs, les opérateurs d'entrepôt et les représentants de compagnies d'assurance;"
70020.02,contrôler le budget du service;
70020.02,recruter le personnel et voir à sa formation.
70021,"planifier, organiser, diriger, contrôler et évaluer les activités et les opérations des installations postales et des compagnies de services de messageries, ou des services opérationnels de la Société canadienne des postes et des compagnies de services de messageries;"
70021,coordonner les tâches des surveillants et du personnel;
70021,gérer le mouvement exact et rapide du courrier et des colis dans les installations de tri;
70021,étudier l'efficacité des services postaux et de messageries et y apporter les changements nécessaires;
70021,"établir des prévisions budgétaires et les soumettre, et administrer les dépenses des installations postales et de messageries;"
70021,"faire passer des entrevues, embaucher le personnel et en assurer sa formation."
72010,"superviser, coordonner et planifier les activités des ouvriers qui façonnent, forment et joignent les pièces ou les produits de métal pour les transformer en pièces, en produits, en outils, en matrices ou en moules selon les dimensions prescrites, et ériger des produits et des structures de métal léger et lourd;"
72010,établir des méthodes de travail permettant de respecter les calendriers d'exécution et de coordonner le travail avec les autres sections;
72010,commander du matériel et des fournitures;
72010,résoudre les problèmes reliés au travail et recommander des mesures visant à augmenter la productivité;
72010,former ou veiller à la formation des travailleurs;
72010,"recommander des mesures de gestion du personnel, telles que l'embauche et les promotions;"
72010,assurer le respect des normes de sécurité au travail;
72010,rédiger des rapports de production et d'autres rapports;
72010,régler les machines et le matériel et écrire des programmes pour les outils à commande numérique par ordinateur (CNC);
72010,"gérer, s'il y a lieu, les opérations de leurs propres entreprises;"
72010,"superviser, coordonner et organiser, s'il y a lieu, le travail des apprentis, des opérateurs de machines, des aides-usineurs et des manoeuvres."
72011,"superviser, coordonner et planifier les activités des travailleurs chargés d'installer, de réparer et d'entretenir les câbles électriques, l'appareillage électrique et les mécanismes de contrôle, ainsi que les réseaux électriques et les systèmes de télécommunications et de câblodistribution;"
72011,établir des méthodes de travail permettant de respecter les calendriers d'exécution et de coordonner le travail avec les autres services ou les sous-traitants;
72011,commander du matériel et des fournitures;
72011,résoudre les problèmes reliés au travail et recommander des mesures visant à augmenter la productivité;
72011,former ou veiller à la formation des travailleurs;
72011,"recommander des mesures de gestion du personnel, telles que l'embauche et les promotions;"
72011,assurer le respect des normes de sécurité au travail;
72011,rédiger des rapports sur l'avancement des travaux;
72011,"gérer, s'il y a lieu, les opérations de leurs propres compagnies;"
72011,"superviser, coordonner et organiser, au besoin, le travail des apprentis, des aides et des manoeuvres."
72012,"superviser, coordonner et planifier les activités des ouvriers qui installent, réparent et entretiennent les systèmes de tuyauterie utilisés pour le transport de vapeur, de chaleur, d'huile et d'autres liquides et gaz dans des installations résidentielles, commerciales, industrielles et d'autres installations;"
72012,établir des méthodes de travail permettant de respecter les calendriers d'exécution et coordonner le travail avec les autres services;
72012,commander du matériel et des fournitures;
72012,résoudre les problèmes reliés au travail et recommander des mesures visant à augmenter la productivité;
72012,former ou veiller à la formation des travailleurs;
72012,"recommander des mesures de gestion du personnel, telles que l'embauche et les promotions;"
72012,assurer le respect des normes de sécurité au travail;
72012,rédiger des horaires et d'autres rapports;
72012,"gérer, s'il y a lieu, les opérations de leurs propres compagnies;"
72012,"superviser, coordonner et organiser, au besoin, le travail des apprentis, des aides-tuyauteurs et des manoeuvres."
72013,"superviser, coordonner et planifier les activités des charpentiers-menuisiers qui fabriquent, rénovent et entretiennent des structures en bois et d'autres matériaux de construction; ainsi que des charpentiers-menuisiers qui construisent et installent des boiseries à l'intérieur d'édifices résidentiels, commerciaux et industriels; et des ébénistes qui fabriquent et réparent des armoires, des meubles, des accessoires et des produits semblables en bois faits sur mesure;"
72013,établir des méthodes de travail permettant de respecter les calendriers d'exécution et coordonner les activités avec les autres services;
72013,commander du matériel et des fournitures;
72013,résoudre les problèmes reliés au travail et recommander des mesures visant à augmenter la productivité;
72013,former ou veiller à la formation des travailleurs;
72013,"recommander des mesures de gestion du personnel, telles que l'embauche et les promotions;"
72013,assurer le respect des normes de sécurité au travail;
72013,rédiger des horaires et d'autres rapports;
72013,"gérer, au besoin, les opérations de leurs propres compagnies;"
72013,"superviser, coordonner et organiser, au besoin, le travail des apprentis, des aides et des manoeuvres."
72014,"superviser, coordonner et planifier les activités des ouvriers de la construction spécialisés dans le briquetage, la pose de couvertures, le lissage du ciment, la pose de carreaux et de couches de plâtre, l'installation et la finition de cloisons sèches, la pose de la vitrerie et des matériaux isolants, la peinture et la décoration et des travailleurs à l'installation et à l'entretien de produits préfabriqués dans des locaux résidentiels et commerciaux ainsi que des travailleurs qui réparent une gamme variée de produits tels qu'instruments de musique, équipement de sport, distributeurs automatiques, bicyclettes et appareils photographiques;"
72014,établir des méthodes de travail permettant de respecter les calendriers d'exécution et coordonner les activités avec les autres sous-traitants;
72014,résoudre les problèmes reliés au travail et recommander des mesures afin d'améliorer la productivité et la qualité du produit;
72014,commander du matériel et des fournitures;
72014,"former des travailleurs quant à leurs tâches, aux normes de sécurité et aux politiques de la compagnie;"
72014,"recommander des mesures de gestion du personnel, telles que l'embauche et les promotions;"
72014,rédiger des rapports de production;
72014,"gérer, s'il y a lieu, sa propre compagnie;"
72014,"superviser, coordonner et organiser, au besoin, le travail des apprentis, des aides et des manoeuvres."
72020,"superviser, coordonner et planifier les activités des travailleurs chargés de réparer et d'entretenir des aéronefs, des locomotives et des wagons de chemin de fer, des machines et du matériel industriels, de la machinerie de construction et d'autre équipement lourd, des machines textiles et d'imprimerie, de la machinerie de chauffage et des fourneaux, des transformateurs et d'autre matériel électrique, des véhicules motorisés, des machines de climatisation et de réfrigération, des appareils électroménagers et d'autre machinerie, telle que des motocyclettes, des hors-bord et des motoneiges;"
72020,établir des méthodes de travail permettant de respecter les calendriers d'exécution et coordonner les activités avec les autres services;
72020,commander du matériel et des fournitures;
72020,résoudre les problèmes reliés au travail et recommander des mesures afin d'améliorer la productivité;
72020,former des travailleurs ou veiller à leur formation;
72020,"recommander des mesures de gestion du personnel, telles que l'embauche et les promotions;"
72020,assurer le respect des normes de sécurité au travail;
72020,rédiger des rapports de production et d'autres rapports;
72020,"gérer, s'il y a lieu, les opérations de leurs propres compagnies;"
72020,"superviser, coordonner et planifier, au besoin, les activités des apprentis, des aides et des manoeuvres."
72021,"superviser, coordonner et planifier les activités des grutiers et des conducteurs de machinerie de construction, de pavage, de forage, de l'entretien de la voie ferrée et d'autres conducteurs de machinerie lourde semblable;"
72021,établir des méthodes de travail permettant de respecter les calendriers d'exécution et coordonner les activités avec les autres contremaîtres ou directeurs de projet;
72021,commander du matériel et des fournitures;
72021,résoudre les problèmes reliés au travail et recommander des mesures afin d'améliorer la productivité;
72021,former ou veiller à la formation des travailleurs;
72021,"recommander des mesures de gestion du personnel, telles que l'embauche et les promotions;"
72021,rédiger des rapports de production et d'autres rapports;
72021,"gérer, s'il y a lieu, les opérations de sa propre entreprise;"
72021,"superviser, coordonner et planifier, au besoin, les activités des apprentis, des aides et des manoeuvres."
72022,"superviser, coordonner et planifier les activités des travailleurs chargés de la production de la photographie par la photogravure et le clichage, de la préparation des plaques d'imprimerie et de cylindres presseurs, du développement des films ainsi que de l'impression, de la reliure et de la finition des livres, des journaux, des formulaires d'affaires et autres produits imprimés;"
72022,établir des méthodes de travail permettant de respecter les échéances et coordonner les activités avec les autres sections;
72022,vérifier et approuver toutes les épreuves afin de s'assurer que la qualité du travail satisfait aux exigences du client;
72022,commander du matériel et des fournitures;
72022,"résoudre les problèmes de travail, donner des conseils techniques et recommander des mesures afin d'améliorer la productivité et la qualité des produits;"
72022,"former des travailleurs quant à leurs tâches, aux normes de sécurité et aux politiques de la compagnie;"
72022,"recommander des mesures de gestion du personnel, telles que l'embauche et les promotions;"
72022,rédiger des rapports de production et d'autres rapports;
72022,"régler, s'il y a lieu, les machines ou l'équipement."
72023,"superviser, coordonner et planifier les activités des travailleurs qui conduisent des trains, qui déplacent des locomotives dans les cours de triage et qui accomplissent d'autres tâches reliées aux opérations ferroviaires;"
72023,établir des méthodes de travail permettant de respecter les échéances et coordonner les activités avec les autres sections;
72023,résoudre les problèmes reliés au travail et recommander des mesures afin d'améliorer le rendement;
72023,commander du matériel et des fournitures;
72023,"former des travailleurs, quant à leurs tâches, aux normes de sécurité et aux politiques de la compagnie;"
72023,recommander des mesures de gestion du personnel telles que l'embauche et les promotions;
72023,rédiger des rapports d'activité.
72024,"superviser, coordonner et planifier les activités du personnel chargé de conduire des camions, des autobus, des autocars, des rames de métro, du matériel léger de transport sur rail, des tramways, des taxis et d'autres véhicules de transport;"
72024,établir des méthodes de travail permettant de respecter les échéances et coordonner les activités avec les autres services;
72024,résoudre les problèmes reliés au travail et recommander des mesures afin d'améliorer le rendement;
72024,commander du matériel et des fournitures;
72024,"former des travailleurs quant à leurs tâches, aux normes de sécurité et aux politiques de l'entreprise;"
72024,"recommander des mesures de gestion du personnel, telles que l'embauche et les promotions;"
72024,répartir les chauffeurs d'autobus et surveiller les parcours afin d'assurer le respect des horaires et de résoudre les problèmes opérationnels;
72024,opérer et surveiller les panneaux de commande de signalisation et d'aiguillage du système de métro;
72024,"rédiger des rapports, préparer des budgets et surveiller les dépenses."
72025,"coordonner, répartir et réviser le travail des commis aux postes, des facteurs et des messagers qui recueillent, trient et distribuent le courrier, les colis et autre matériel semblable;"
72025,"établir les horaires et les procédures de travail, et coordonner les activités avec les autres services ou divisions;"
72025,"résoudre les problèmes reliés au travail, et préparer et soumettre des rapports d'étapes et d'autres rapports;"
72025,"former les travailleurs quant à leurs tâches, aux normes de sécurité et aux politiques de l'entreprise;"
72025,commander des fournitures et du matériel;
72025,assurer le bon fonctionnement des systèmes informatiques et de l'équipement et voir à leur entretien et à leur réparation;
72025,"exercer, au besoin, les mêmes fonctions que les employés supervisés."
72100.01,"lire et interpréter des dessins techniques, des plans, des graphiques et des tableaux ou examiner des échantillons de pièces afin de déterminer les opérations d'usinage à effectuer et de déterminer la séquence optimale des opérations;"
72100.01,"calculer les dimensions et les tolérances, mesurer et agencer les éléments à usiner;"
72100.01,"régler, faire fonctionner et entretenir diverses machines-outils, de même que de l'outillage à commande numérique par ordinateur (CNC), pour exécuter des travaux d'usinage de précision, non répétitifs, notamment des travaux de sciage, de tournage, de fraisage, d'alésage, de rabotage, de perçage et de rectification;"
72100.01,ajuster et assembler les pièces métalliques usinées et les sous-assemblages au moyen d'outils manuels et mécaniques;
72100.01,"vérifier, à l'aide d'instruments de mesure de précision, si les dimensions des produits sont exactes et conformes aux spécifications;"
72100.01,"régler, au besoin, et programmer des machines-outils à l'intention des opérateurs de machines d'usinage."
72100.02,"vérifier les dimensions des pièces usinées et de l'outillage à l'aide de micromètres, de verniers, de calibres, de calibres de hauteur, de comparateurs optiques, de machines de mesure des coordonnées et autres appareils et matériel spécialisés de mesurage;"
72100.02,"entretenir, réparer et étalonner des instruments de mesure de précision, tels que des indicateurs à cadran, des calibres fixes, des calibres de hauteur et d'autres instruments de mesure;"
72100.02,"relever tout écart par rapport aux spécifications et aux tolérances, et en aviser le contremaître;"
72100.02,remplir et tenir des rapports d'inspection.
72101.01,"lire et interpréter les dessins et les spécifications techniques des divers outils, des matrices, des prototypes ou des modèles;"
72101.01,préparer des gabarits et des croquis et choisir les méthodes d'exécution;
72101.01,calculer des dimensions et des tolérances et régler des machines-outils;
72101.01,"mettre en place, fixer solidement et mesurer des blocs de métal ou des pièces moulées et y faire les traçages nécessaires à leur usinage;"
72101.01,"régler, opérer et entretenir diverses machines conventionnelles et des machines à commande numérique assistée par ordinateur qui coupent, tournent, fraisent, aplanissent, alèsent, percent et meulent le métal, ou le façonnent par d'autres procédés pour obtenir les dimensions et la finition voulues;"
72101.01,"s'assurer, à l'aide d'instruments de mesure précis, par exemple des verniers, des calibres, des micromètres, des machines de mesure de coordonnées et des appareils de mesure électroniques, que les pièces usinées satisfont aux exigences;"
72101.01,ajuster et monter ou démonter des pièces à l'aide d'outils à main;
72101.01,"contrôler des outils, des matrices, des gabarits et des montages terminés pour s'assurer qu'ils fonctionnent correctement;"
72101.01,"programmer, s'il y a lieu, des machines-outils à commande numérique assistée par ordinateur."
72101.02,"façonner à la machine, ajuster et monter des moules et d'autres pièces pour produire des modèles exacts, de la forme spécifiée, par exemple des gabarits de métal, des boîtes à carottes et des plaques-modèles;"
72101.02,"façonner à la machine, ajuster et monter les pièces des moules et des noyaux métalliques pour fabriquer les moules à injection en plastique ou servant à d'autres procédés de production;"
72101.02,"préparer, façonner et assembler des gabarits de métal, de bois, de plastique et faits d'autres matériaux en se basant sur les plans ou modèles;"
72101.02,"programmer, s'il y a lieu, des machines-outils à commande numérique assistée par ordinateur."
72102,"lire les dessins techniques et d'architecture, les schémas et les devis descriptifs des travaux à exécuter, et agencer, mesurer et marquer la tôle conformément aux dessins ou aux gabarits;"
72102,préparer des gabarits au moyen de logiciels de conception et de dessin assistés par ordinateur;
72102,"couper, cintrer, poinçonner, percer, profiler ou redresser la tôle à l'aide de machines légères à travailler les métaux, telles que cisailles, emboutisseuses, presses et poinçonneuses, et aussi du matériel à commande numérique;"
72102,couper la tôle en se servant d'équipement de coupe au laser ou au plasma assisté par ordinateur;
72102,installer et utiliser de l'équipement de mise en place et de levage;
72102,"ajuster et assembler des pièces de tôle au moyen de matériel à riveter, à souder et à braser et autre équipement, pour façonner des produits tels que conduits d'aération, bâches d'échappement, gouttières, ossatures de cloisons, conduits d'air et de chauffage, dispositifs de manutention de matériel, toitures et constructions métalliques;"
72102,installer des produits en tôle en suivant le devis descriptif et les codes du bâtiment en vigueur;
72102,"meuler et polir les joints, raccords et surfaces rugueuses;"
72102,inspecter la qualité des produits et des installations afin d'assurer leur conformité aux prescriptions.
72103,lire des dessins ou des spécifications techniques pour planifier le déroulement des opérations;
72103,"tracer sur de la tôle forte, de la tôle d'acier ou toute autre pièce de métal lourd, des lignes de cintrage et de découpage à l'aide de rapporteurs, de compas, de gabarits et d'autres instruments;"
72103,"régler et utiliser des machines à travailler le métal, notamment des cintreuses, des laminoirs, des cisailles, des chalumeaux découpeurs et des perceuses à colonne, pour découper, façonner et former des pièces;"
72103,"ajuster et souder les pièces métalliques pour former des chaudières, réservoirs, cuves, échangeurs de chaleur, tuyauteries et autres produits métalliques lourds;"
72103,"construire et installer des chaudières et d'autres produits métalliques lourds, conformément aux prescriptions données, à l'aide d'outils manuels et mécaniques;"
72103,réparer et entretenir des chaudières et d'autres produits métalliques lourds;
72103,"diriger des grutiers ou des conducteurs de palans et d'autres travailleurs au cours du façonnage, de l'assemblage, de l'installation ou de la réparation d'ouvrages métalliques;"
72103,contrôler des structures achevées en utilisant diverses méthodes de contrôle.
72104,"étudier les dessins et les plans techniques, déterminer les matériaux requis, planifier la séquence des tâches qui devront être exécutées pour couper le métal de la façon la plus efficace possible;"
72104,élaborer des modèles ou des gabarits qui serviront de guides d'assemblage;
72104,"tracer des points de référence et des motifs sur des pièces de métal, selon les devis descriptifs;"
72104,"installer, lever et déplacer les matériaux dans les entrepôts ou sur le chantier;"
72104,"assembler et ajuster des sections métalliques et des plaques pour constituer des unités ou des sous-unités complètes à l'aide de soudure par points, de boulons, de rivets ou autres méthodes;"
72104,"régler et utiliser diverses machines à haut rendement, notamment presses à emboutir, cisailles, chalumeaux à découper, meules à rectifier, perceuses et matériel à commande numérique assistée par ordinateur pour plier, couper, former, poinçonner, percer ou façonner des éléments de métal robuste;"
72104,installer les composants achevés dans le produit final.
72105,lire les plans et les spécifications techniques pour préparer le travail à exécuter;
72105,décharger et mettre en place les éléments en acier pour que chaque pièce puisse être soulevée en temps et lieu;
72105,monter tous types d'échafaudages et installer des équipements et gréements de levage;
72105,guider l'opérateur de grue pour la mise en place des éléments d'acier conformément aux plans;
72105,aligner et souder ou boulonner les éléments d'acier;
72105,"monter des éléments de charpente et des éléments architecturaux en béton précoulé dans la construction de bâtiments, de ponts, de tours et autres ouvrages;"
72105,assembler et monter des constructions métalliques préfabriquées;
72105,placer et fixer des tiges ou des treillis métalliques dans les coffrages à béton afin de renforcer les structures de béton;
72105,"poser des ouvrages de ferronnerie décoratifs ou autres tels que murs rideaux, escaliers, rampes et portes automatiques;"
72105,"examiner les structures et l'équipement pour y relever des traces de détérioration, des défauts ou des infractions aux devis descriptifs;"
72105,"démonter les structures et l'équipement, s'il y a lieu."
72106.01,lire et interpréter les plans ou les spécifications techniques de soudage;
72106.01,"utiliser des appareils manuels ou semi-automatiques, tels que des appareils de soudage à l'arc sous gaz avec électrode de tungstène (GTWA), de soudage à l'arc sous gaz avec fil solide (GMWA), de soudage à l'arc avec fil fourré (FCAW), de soudage à l'arc au plasma (PAW), de soudage à l'arc avec électrode enrobée (SMWA), de soudage par résistance, de soudage à l'arc submergé (SAW) et de soudage oxyacétylénique (OAW), pour souder des pièces de métal;"
72106.01,utiliser des appareils coupe-flamme manuels ou semi-automatiques;
72106.01,utiliser de l'équipement à souder et à braser;
72106.01,"utiliser des machines à former les métaux, telles que des presses à plier et des cisailles, de même que d'autres machines à redresser et à cintrer les métaux;"
72106.01,réparer les pièces usées de produits métalliques en y soudant des couches supplémentaires.
72106.02,"utiliser des machines à souder à commandes réglables, comme des machines à souder par résistance par points, bout à bout et de lignes de suture, ou des machines de soudage à l'arc ou au gaz afin de fabriquer ou de réparer des éléments en métal;"
72106.02,"utiliser des machines à souder et à braser à commandes réglables afin de lier des éléments de métal avec de la soudure ou de remplir les trous, les dentelures et les joints d'articles de métal;"
72106.02,"démarrer, arrêter, ajuster et surveiller le matériel de soudure robotique de chaîne de production;"
72106.02,participer à l'entretien et à la réparation des machines à souder et à braser;
72106.02,"régler, s'il y a lieu, les têtes de soudage et les machines-outils en fonction des spécifications techniques."
72200,"lire et interpréter des schémas, des plans de circuits et des devis descriptifs du code de l'électricité dans le but de déterminer le tracé du câblage dans divers bâtiments neufs ou existants;"
72200,faire passer le câble dans des conduits et à travers des parois et des planchers;
72200,installer des supports et des consoles sur lesquels de l'équipement électrique est monté;
72200,"installer, remplacer et réparer des dispositifs d'éclairage et du matériel de commande et de distribution électrique, tels qu'interrupteurs, relais et disjoncteurs;"
72200,"épisser, joindre et raccorder des câbles aux appareils et aux composants pour établir des circuits;"
72200,"procéder aux essais de continuité afin de s'assurer de la compatibilité et de la sécurité des circuits, après installation, remplacement ou réparation, à l'aide d'instruments appropriés;"
72200,"dépanner et isoler les défauts des systèmes électriques et électroniques, et enlever et remplacer les composants défectueux;"
72200,"raccorder l'alimentation électrique aux appareils de communication audio et audio-visuels, aux dispositifs de signalisation et aux appareils de chauffage et de climatisation;"
72200,exécuter des programmes d'entretien préventif et tenir des registres d'entretien.
72201,"lire et interpréter les schémas électriques, les plans et les devis descriptifs du code de l'électricité pour déterminer l'emplacement du matériel électrique industriel;"
72201,"installer, vérifier, remplacer et réparer des câbles électriques, prises de courant, boîtes de commutation, conduits, artères, montages de câbles à fibres optiques et coaxiaux, appareils d'éclairage et autres composants;"
72201,"procéder aux essais de matériel électrique et électronique et de composants pour vérifier la continuité, le courant, la tension et la résistance;"
72201,"entretenir, réparer, installer et procéder aux essais des appareils de coupure, transformateurs, compteurs de tableaux de distribution, régulateurs et réacteurs;"
72201,"entretenir, réparer, installer et procéder aux essais des moteurs électriques, générateurs, alternateurs, batteries d'accumulateurs industriels, et systèmes hydrauliques et pneumatiques de contrôle électrique;"
72201,"dépanner, entretenir et réparer les systèmes de contrôle industriels électriques et électroniques et autres dispositifs connexes;"
72201,exécuter des programmes d'entretien préventif et tenir des registres d'entretien;
72201,"installer, entretenir et calibrer, s'il y a lieu, des instruments industriels et dispositifs connexes."
72202,"installer et entretenir de l'équipement servant à la transmission d'électricité, comme des transformateurs, des générateurs, des régulateurs de tension, des commutateurs, des disjoncteurs, des condensateurs, des bobines d'induction et des systèmes de contrôle et d'acquisition des données (SCADA);"
72202,installer et entretenir l'équipement et l'appareillage électriques dans des centrales électriques ou des stations génératrices d'électricité;
72202,"contrôler et vérifier l'équipement et l'appareillage électriques afin d'en assurer le bon fonctionnement et de localiser les défauts électriques à l'aide d'instruments divers tels que des voltmètres, des ampèremètres et d'autres appareils d'essai;"
72202,réparer ou remplacer les équipements et les appareils électriques défectueux;
72202,remplir des rapports d'essais et d'entretien.
72203,"installer, entretenir, dépanner et réparer des réseaux de distribution et de transmission d'électricité, y compris des lignes et des câbles électriques aériens et souterrains, des isolateurs, des conducteurs, des parafoudres, des coupe-circuits, des transformateurs et d'autre matériel connexe;"
72203,"monter et entretenir des poteaux et des pylônes en acier, en bois ou en béton de même que des câbles de haubanage;"
72203,"épisser, souder et isoler des conducteurs et des câbles connexes, pour raccorder la distribution d'énergie et le réseau de transmission à l'aide d'outils à épisser et de matériel et d'outils électriques appropriés;"
72203,"vérifier et mettre à l'essai des lignes et des câbles électriques aériens et souterrains, de même que du matériel auxiliaire, à l'aide d'appareils de vérification électrique;"
72203,"grimper dans des échelles ou utiliser des nacelles à commandes hydrauliques pour effectuer des travaux en hauteur dans les poteaux et les pylônes, ou travailler dans des espaces restreints, comme des tranchées et des tunnels, pour installer des lignes et des câbles électriques de même que d'autre matériel auxiliaire;"
72203,installer et entretenir des réseaux d'éclairage des rues;
72203,communiquer avec d'autres travailleurs afin de coordonner la préparation et la réalisation des travaux.
72204,"installer, enlever, entretenir et réparer des lignes et des câbles aériens ou souterrains, les câbles de télévisions coaxiaux et à fibres optiques, ainsi que les autres lignes de transmission et de distribution des télécommunications, les câbles et  le matériel connexe;"
72204,"épisser et réparer des câbles téléphoniques et d'autres câbles de télécommunications de type et de dimensions variés, notamment des lignes simples, des câbles coaxiaux ainsi que des fibres optiques;"
72204,"réparer ou remplacer des câbles, du matériel d'alimentation en énergie, des amplificateurs et d'autres appareils de transmission et de distribution défectueux;"
72204,"inspecter, surveiller, mettre à l'essai et ajuster des lignes et des câbles de télécommunications et de distribution;"
72204,analyser des résultats d'essais et les consigner;
72204,"monter sur des poteaux, des échelles ou d'autres installations de soutien pour travailler en hauteur ou dans des espaces restreints, comme des tranchées, des tunnels et des espaces où il faut ramper;"
72204,communiquer avec d'autres travailleurs pour coordonner la préparation et la réalisation du travail à effectuer;
72204,aider à ériger et à enlever des poteaux et des pylônes de télécommunications ainsi que des installations de soutien connexes;
72204,"conduire, au besoin, des engins de creusage ou d'autre équipement lourd."
72205.01,"installer, aménager, enlever et entretenir l'équipement téléphonique, les câbles et les pièces de quincaillerie connexes;"
72205.01,vérifier les réseaux téléphoniques installés pour repérer les interruptions de transmission;
72205.01,"réparer ou remplacer les téléphones, les câbles et l'équipement connexe défectueux ou endommagés."
72205.02,"installer des systèmes, des circuits et de l'équipement de liaisons électromécaniques, analogiques et numériques dans les centraux téléphoniques et les centres de commutation;"
72205.02,"inspecter et mettre à l'essai les systèmes, les circuits et l'équipement de liaison;"
72205.02,"analyser les résultats des essais et régler, modifier ou réparer les systèmes de liaison, les réseaux  et l'équipement et les logiciels connexes."
72205.03,utiliser des systèmes d'essais informatisés pour procéder à des essais de service sur les lignes et l'équipement des abonnés;
72205.03,"établir la nature, la cause et l'endroit de la panne;"
72205.03,envoyer le personnel de réparation approprié sur les lieux;
72205.03,remplir les rapports d'essais et tenir à jour les dossiers d'essais et de services;
72205.03,"aider, au besoin, le personnel de réparation à vérifier les lignes, les circuits et les systèmes, à isoler et à relever les pannes et à vérifier les dossiers."
72205.04,"installer, enlever et entretenir du matériel de télécommunications divers et des systèmes connexes, tels que des appareils de transmission par télex et télécopie, des téléimprimeurs, des postes de radiomobiles, des téléphones cellulaires, des téléavertisseurs et d'autres appareils de télécommunications;"
72205.04,configurer les systèmes d'exploitation et installer les logiciels d'accès à Internet;
72205.04,inspecter et vérifier le fonctionnement de l'équipement de télécommunications;
72205.04,"diagnostiquer et repérer les défaillances du matériel et régler, remplacer ou réparer l'équipement de télécommunications."
72205.05,communiquer avec les abonnés et le personnel de l'entreprise afin de déterminer les travaux demandés;
72205.05,"raccorder, débrancher et déplacer les prises, les répartiteurs, les convertisseurs, les décodeurs, les terminaux ou les enregistreurs numériques et par satellite et installer d'autres modems câbles ou sans fil, des routeurs et des logiciels d’accès à Internet chez les abonnés;"
72205.05,"inspecter, mettre à l'essai et réparer le matériel porteur de signaux de câblodistribution et de satellite et le matériel connexe chez les abonnés."
72300,"lire des plans, des dessins et des spécifications techniques afin de déterminer la disposition de la tuyauterie, du réseau d'alimentation en eau et des réseaux d'égout et d'évacuation des eaux;"
72300,"installer, réparer et entretenir des accessoires et des installations de tuyauterie dans des résidences et des bâtiments commerciaux et industriels;"
72300,"déterminer et marquer l'emplacement des raccords des tuyaux, des trous pour le passage des tuyaux dans les murs et les planchers ainsi que les accessoires;"
72300,"pratiquer, dans les murs et les planchers, des ouvertures de diamètre convenant aux tuyaux et aux accessoires de tuyauterie;"
72300,"mesurer, couper, plier et tarauder les tuyaux à l'aide de machines ou d'outils manuels ou mécaniques;"
72300,"joindre les tuyaux avec des raccords, des colliers de serrage, des vis, des boulons ou du matériel de collage, de brasage ou de soudage;"
72300,vérifier les tuyaux à l'aide de manomètres pour déceler les fuites;
72300,"préparer, s'il y a lieu, des devis."
72301.01,"étudier les plans, avant-projets et les devis descriptifs pour établir le tracé du réseau;"
72301.01,"pratiquer les ouvertures dans les murs, les planchers et les plafonds à l'aide de machines ou d'outils manuels ou mécaniques;"
72301.01,choisir le type de tuyaux et le calibre appropriés;
72301.01,"mesurer, couper, tarauder et plier les tuyaux à l'aide d'outils manuels ou mécaniques;"
72301.01,"assembler des tronçons de tuyaux en réalisant des joints soudés, brasés, filetés ou collés;"
72301.01,"installer des supports, des soupapes, des conduits et des systèmes de contrôle;"
72301.01,vérifier l'étanchéité du réseau à l'aide de l'équipement approprié;
72301.01,nettoyer et entretenir les canalisations et les raccords ainsi que le système d'évacuation;
72301.01,remplacer les éléments usés et remettre le système en marche;
72301.01,"remplir, au besoin, les devis estimatifs pour les clients."
72301.02,"étudier les plans, les devis descriptifs et les codes des incendies pour établir le tracé du réseau;"
72301.02,"poser les colliers, supports et étriers nécessaires pour sécuriser les canalisations, les gicleurs et l'équipement de lutte contre les incendies, à l'aide d'outils manuels ou mécaniques;"
72301.02,"choisir, mesurer, couper, aléser et tarauder les tuyaux, installer les sorties des gicleurs, les assembler et les mettre en place au moyen des dispositifs de fixation;"
72301.02,assembler des tronçons de tuyau à l'aide de matériel de soudage et de brasage;
72301.02,"raccorder les canalisations aux réservoirs d'alimentation et aux conduites principales d'eau, aux pompes, aux compresseurs et aux appareils de régulation;"
72301.02,"installer des soupapes, des alarmes et l'équipement connexe;"
72301.02,vérifier l'étanchéité du réseau au moyen d'appareils pneumatiques ou hydrauliques;
72301.02,effectuer l'entretien et la réparation des systèmes de gicleurs;
72301.02,"remplir, au besoin, les devis estimatifs pour les clients."
72302,étudier les spécifications techniques pour déterminer l'emplacement des installations et le matériel requis;
72302,mesurer et marquer les points de repère pour l'installation des canalisations au gaz et l'équipement;
72302,installer et entretenir les compteurs et les régulateurs de gaz ainsi que les canalisations entre les compteurs et la source de gaz;
72302,"installer et entretenir des appareils de chauffage au gaz et leurs éléments, tels que brûleurs, valves et contrôles automatiques, et assurer le service après-vente;"
72302,vérifier et remplacer l'équipement ou les composants défectueux;
72302,"mettre à l'essai et ajuster les mécanismes de contrôle, vérifier les tuyaux et les raccordements pour déceler les fuites au moyen d'outils de détection des fuites;"
72302,répondre aux appels de fuites de gaz et aider à l'enquête sur l'origine des feux et explosions causés par des fuites de gaz;
72302,rédiger des rapports sur le travail exécuté et sur l'état des installations;
72302,"informer les clients sur les normes, les dispositifs de sécurité et l'entretien des installations des éléments et des systèmes de gaz;"
72302,convertir au gaz naturel les véhicules et les appareils;
72302,"réparer, au besoin, les appareils au gaz et l'équipement connexe."
72310,"étudier les plans, les dessins et les croquis pour déterminer les spécifications techniques et calculer les besoins en matériaux;"
72310,"préparer les tracés, à l'aide d'outils à mesurer, en tenant compte des prescriptions des codes du bâtiment;"
72310,"mesurer, découper, façonner et assembler les éléments en bois, en aggloméré, en acier léger ou d'autres matériaux;"
72310,"ériger des fondations, installer des poutres de plancher, poser le support de revêtement de sol, monter des éléments préassemblés de charpente et de toiture;"
72310,"ajuster et poser les éléments de menuiserie tels que des portes, des escaliers, des moulures et de la quincaillerie;"
72310,"entretenir, réparer et rénover des habitations et des constructions en bois dans des usines, des mines, des hôpitaux, des installations industrielles et d'autres établissements;"
72310,superviser le travail des apprentis et des autres travailleurs de la construction;
72310,"préparer, s'il y a lieu, des devis pour les clients."
72311,"étudier les plans, les spécifications ou les dessins des articles à fabriquer ou en préparer les spécifications;"
72311,tracer les contours des pièces ou en marquer les dimensions sur du bois;
72311,"actionner des machines à travailler le bois telles que des scies mécaniques, des varlopes, des mortaiseuses, des façonneuses et utiliser des outils manuels pour couper, façonner et former des pièces ou des éléments;"
72311,"raboter les joints, assembler les pièces et les assemblages partiels de façon à constituer un meuble en utilisant de la colle et des serre-joints, et renforcer les joints à l'aide de clous, de vis, ou d'autres attaches;"
72311,"sabler les surfaces en bois et appliquer aux articles finis un revêtement, une teinture ou un poli;"
72311,réparer ou remodeler des meubles ou des accessoires en bois et des articles connexes;
72311,"évaluer, s'il y a lieu, la quantité, le type et le coût des matériaux nécessaires."
72320,lire des schémas et des plans pour calculer les matériaux requis;
72320,"couper et tailler des briques et des blocs de béton conformément aux devis, en se servant d'outils manuels et électriques;"
72320,"préparer et poser des briques, des blocs de béton ou de pierre, des carreaux et d'autres matériaux analogues pour construire ou réparer des murs, des ouvrages de fondation et d'autres ouvrages en construction industrielle, commerciale ou résidentielle;"
72320,construire des cheminées et des foyers en maçonnerie dans les bâtiments à usage commercial ou résidentiel;
72320,construire des enveloppes de cheminées d'usines en briques radiales;
72320,garnir des cheminées d'usines de briques réfractaires;
72320,"faire ou refaire la garniture des fours, des foyers, des chaudières et d'autres ouvrages au moyen de briques réfractaires ou à l'épreuve des acides, de béton réfractaire, de matières plastiques réfractaires et d'autres matériaux;"
72320,"réaliser des parements de murs ou d'autres surfaces en briques, en pierres ou d'autres matériaux analogues;"
72320,construire et installer des ouvrages à partir d'éléments de maçonnerie préfabriqués;
72320,"construire des terrasses, des murets ou d'autres ouvrages décoratifs en briques ou d'autres matériaux analogues;"
72320,"remettre à neuf, nettoyer ou peindre, s'il y a lieu, des structures existantes."
72321,lire et interpréter des dessins et des spécifications techniques afin d'établir la quantité et la qualité des matériaux isolants nécessaires;
72321,"mesurer et couper des matériaux isolants aux longueurs requises, à l'aide d'outils manuels ou mécaniques;"
72321,"appliquer et fixer de l'isolant selon les méthodes suivantes : pulvérisation, soufflage, encollage, bridage, rubannage ou autre méthode d'application et d'installation;"
72321,placer de l'isolant autour des obstacles et entre des poutres et des entretoises;
72321,installer des pare-vapeur;
72321,appliquer du ciment hydrofuge sur des matériaux d'isolation au moment du surfaçage;
72321,"enlever, s'il y a lieu, de l'amiante ou de l'urée-formaldéhyde dans des bâtiments."
72400.01,"lire des plans, des diagrammes et des schémas pour déterminer la façon de procéder;"
72400.01,"installer, aligner, démonter et déplacer, en respectant les plans et à l'aide d'outils manuels et électriques, de la machinerie industrielle fixe ou du matériel mécanique comme des pompes, des ventilateurs, des réservoirs, des convoyeurs, des chaudières et des générateurs;"
72400.01,"faire fonctionner des appareils et du matériel de levage, comme des grues, des vérins et des tracteurs, pour mettre en place des machines et des pièces pendant l'installation, le montage et la réparation de la machinerie;"
72400.01,inspecter et examiner de la machinerie et du matériel pour en déceler les dérèglements et les défaillances;
72400.01,"installer, dépanner et entretenir les systèmes de transmission de courant, sous vide, hydrauliques et pneumatiques ainsi que les contrôleurs programmables;"
72400.01,ajuster la machinerie et réparer ou remplacer les pièces défectueuses;
72400.01,"se servir d'outils d'usinage, notamment des tours et des meules, pour fabriquer les pièces nécessaires à la remise en état, à l'entretien ou au montage des machines;"
72400.01,"nettoyer, lubrifier et effectuer d'autres travaux de l'entretien routinier de la machinerie;"
72400.01,ériger des fondations destinées à recevoir de la machinerie ou diriger d'autres travailleurs dans la construction de telles fondations;
72400.01,"assembler de la machinerie et du matériel, à l'aide d'outils manuels et électriques et de matériel de soudage, avant de les installer."
72400.02,appliquer les principes et procédures de réparation mécanique pour s’assurer que la machinerie fonctionne de façon adéquate;
72400.02,déceler les défectuosités ainsi que l'usure excessive de la machinerie et identifier les légères différences de dimensions et de formes dans les pièces;
72400.02,"réparer et remettre en état les systèmes électriques et mécaniques des machines de fabrication du textile et remplacer et aligner, au besoin, les pièces mobiles;"
72400.02,monter et régler la machinerie spécialisée et l'adapter aux nouveaux motifs et aux nouveaux produits;
72400.02,"analyser l'information reçue afin de faire l'entretien des machines de fabrication du textile, telles que le nettoyage et la lubrification des machines textiles, rechercher la cause des pannes, faire des essais et vérifier si les machines fonctionnent correctement;"
72400.02,discuter avec la direction et recommander les changements et les modifications qui s'imposent à la machinerie et évaluer le nouveau matériel.
72401,"vérifier le fonctionnement des bouteurs, des grues, des niveleuses et d'autres équipements lourds utilisés pour la construction, l'agriculture et l'exploitation forestière et minière, et inspecter diverses machines pour déceler les défauts et les défaillances;"
72401,"déterminer la nature des défauts et des défaillances, en se servant d'équipement de contrôle informatisé et d'autre outillage d'essai, en vue de préciser l'ampleur des réparations à effectuer;"
72401,"ajuster l'équipement et réparer ou remplacer les pièces, les installations ou les éléments défectueux, à l'aide d'outils manuels ou mécaniques;"
72401,mettre à l'essai l'équipement réparé pour s'assurer qu'il fonctionne bien et que les réparations soient conformes aux exigences du fabricant;
72401,"nettoyer, lubrifier et effectuer d'autres travaux de l'entretien routinier de l'équipement;"
72401,"assurer l'entretien des accessoires et des outils de travail comme des machines utilisées pour la récolte et pour creuser des sillons, des lames, des charrues, des treuils et des flèches latérales;"
72401,"réparer, s'il y a lieu, des camions lourds;"
72401,"fixer, s'il y a lieu, des composantes et régler des nouvelles machines agricoles."
72402,"lire et interpréter des bleus, des dessins ou d'autres spécifications;"
72402,mesurer et déterminer des points de repère en vue de l'installation;
72402,"assembler et installer à l'aide d'outils manuels ou électriques des éléments de réfrigération ou de climatisation, tels que des moteurs, des commandes, des jauges, des robinets, des pompes de circulation, des condenseurs, des humidificateurs, des évaporateurs et des compresseurs;"
72402,mesurer et couper des tuyaux et les raccorder en utilisant du matériel de soudage et de brasage;
72402,"installer et remettre en état des systèmes complets de chauffage, de ventilation, de traitement de l'air, de réfrigération et de climatisation, et chercher les causes des problèmes;"
72402,mettre des installations en marche et les soumettre à des essais d'étanchéité en utilisant des appareils d'essai;
72402,"recharger des installations avec du frigorigène, contrôler et tester les régulateurs, calibrer les systèmes et effectuer l'entretien de routine et le service;"
72402,"réparer et remplacer des pièces et des éléments d'installations complètes de réfrigération, de climatisation et de ventilation, incluant les installations de chauffage thermodynamique;"
72402,"installer, entretenir et réparer, s'il y a lieu, l'équipement dans les camions frigorifiques qui servent à transporter des aliments et des fournitures médicales;"
72402,"établir, s'il y a lieu, des estimations de coûts pour les clients."
72403,vérifier les pièces extérieures et intérieures des wagons de trains de passagers et de marchandises et des wagons de transport urbain afin de déceler les défauts et de déterminer le degré d'usure et les dommages;
72403,"réparer et installer des pièces de wagons, telles que des compresseurs, des soupapes d'admission, des coussinets de rail, des attelages, des cylindres pneumatiques et des conduites;"
72403,réparer et entretenir des contrôleurs électriques et électroniques pour des systèmes de propulsion et de freinage;
72403,"réparer les pièces en métal et en bois défectueuses ou abîmées, en se servant d'outils manuels ou électriques;"
72403,réparer et repeindre les éléments en bois;
72403,remplacer les fenêtres endommagées et réparer le rembourrage;
72403,mettre à l'essai et ajuster les pièces à l'aide d'indicateurs et autre équipement de vérification;
72403,effectuer l'entretien de routine et en rendre compte.
72404.01,"dépanner les problèmes des systèmes structurels, mécaniques ou hydrauliques des aéronefs, et ajuster et réparer ces systèmes conformément aux spécifications techniques, aux dessins techniques, aux manuels et aux procédures en vigueur;"
72404.01,"réparer et réviser les systèmes structurels, mécaniques ou hydrauliques d'aéronefs;"
72404.01,"installer ou modifier des moteurs d'aéronefs ou d'autres systèmes d'aéronefs, comme des systèmes mécaniques et hydrauliques, des systèmes de contrôle de vol, des circuits de carburant et des systèmes pneumatiques;"
72404.01,"démonter des cellules, des moteurs ou d'autres systèmes d'aéronefs pour les réparer, les remettre en état et les nettoyer, et les remonter;"
72404.01,effectuer l'entretien de routine et en rendre compte;
72404.01,commander des pièces et des fournitures et en tenir l'inventaire.
72404.02,vérifier les systèmes structurels et mécaniques des aéronefs et s'assurer que ces systèmes satisfont aux normes de performance et de sécurité de Transports Canada et de la compagnie;
72404.02,"vérifier le travail des mécaniciens d'aéronefs chargés des travaux d'entretien, de réparation, de révision ou de modification des aéronefs ou des systèmes mécaniques d'aéronefs afin d'assurer le respect des normes et des procédures établies;"
72404.02,"tenir des rapports détaillés concernant la réparation, le contrôle et la certification des aéronefs."
72405,"lire et interpréter des plans, des croquis et des schémas afin de déterminer les procédures de montage;"
72405,"ajuster et assembler des pièces métalliques préfabriquées pour construire de la machinerie et de l'équipement industriels lourds utilisés dans les domaines du bâtiment, de l'agriculture, de la fabrication ainsi que pour les véhicules de chemin de fer et les moteurs d'avion;"
72405,"déplacer et aligner des sous-ensembles et des composants à l'aide d'appareils de levage et de transport, y compris les ponts roulants;"
72405,"installer des gros composants tels des boîtes d'engrenages, des pompes, des moteurs ou des composants hydrauliques;"
72405,"vérifier les pièces, les sous-ensembles et les produits finis afin d'en contrôler la qualité."
72406,lire et interpréter des plans pour déterminer l'emplacement des composantes du système;
72406,"effectuer des travaux de préparation à la construction, y compris la mise en place de charpentes en acier, de filage et de tuyauterie;"
72406,"installer des ascenseurs, des escaliers roulants, des trottoirs roulants, des monte-plats et d'autre équipement conformément aux spécifications;"
72406,fixer les cadres des cabines aux contrepoids avec des câbles et assembler les cabines d'ascenseur;
72406,poser et câbler le matériel de commande électrique et électronique du système;
72406,"installer, vérifier et ajuster les dispositifs de sécurité;"
72406,vérifier le fonctionnement du matériel nouvellement installé;
72406,détecter les défectuosités des systèmes électriques ou mécaniques;
72406,démonter les éléments défectueux et réparer ou remplacer les pièces usées ou jugées peu sûres;
72406,"ajuster la robinetterie, les encliquetages, les joints d'étanchéité, les garnitures de frein et les autres composantes;"
72406,exécuter des tâches d'entretien préventif afin d'assurer la sécurité du public.
72410.01,vérifier les commandes et discuter avec les surveillants des travaux à exécuter;
72410.01,"observer le fonctionnement des moteurs en marche, essayer les véhicules sur la route et vérifier les éléments et les circuits des véhicules à l'aide d'appareils de diagnostic informatisés et autres appareils, pour repérer et isoler les défectuosités;"
72410.01,"régler, réparer ou remplacer, au moyen d'outils manuels ou d'autres équipements spéciaux, les pièces ou éléments défectueux de divers systèmes du véhicule, comme les circuits d'alimentation en carburant, les dispositifs de freinage, les mécanismes de direction et de suspension, les moteurs et les groupes propulseurs, les systèmes d'échappement et les dispositifs antipollution, les systèmes de climatisation et de régulation de la température de l'habitacle et les systèmes électriques et électroniques;"
72410.01,essayer les systèmes réparés et les régler selon les spécifications de bon fonctionnement du manufacturier;
72410.01,"effectuer des opérations d'entretien périodique telles que la vidange d'huile, la lubrification et la mise au point;"
72410.01,"discuter avec les clients des opérations effectuées, de l'état général des véhicules et des réparations qui devront être faites dans l'avenir."
72410.02,"vérifier et mettre à l'essai des systèmes mécaniques, comme des moteurs, des transmissions, des essieux et des systèmes de freinage, afin de localiser les défectuosités et les imperfections;"
72410.02,identifier les causes des défectuosités ou du mauvais fonctionnement et vérifier les diagnostics avec les surveillants afin de déterminer si les pièces sont réparables ou si elles doivent être remplacées;
72410.02,réparer ou remplacer les composantes ou les éléments défectueux à l'aide d'outils manuels ou mécaniques;
72410.02,mettre à l'essai et ajuster les éléments selon les spécifications pour en assurer le bon fonctionnement;
72410.02,remplir des rapports pour consigner les défectuosités et les travaux exécutés.
72410.03,"régler, réparer ou remplacer les pièces et les composantes des systèmes des camions de transport routier, y compris le châssis, le cadre, la cabine, la carrosserie, le moteur et le groupe propulseur, le système de carburant, les freins à air, la direction et les systèmes hydrauliques, électriques et électroniques;"
72410.03,"ajuster, réparer ou remplacer les pièces et les composantes des systèmes des camions lourds, y compris les systèmes structurels, électriques et les systèmes de freinage."
72411,inspecter le véhicule et estimer les coûts et les délais de réparation et de restauration;
72411,écrire des rapports sur les dommages et l’estimation des coûts;
72411,planifier et coordonner le processus de travail avec les techniciens;
72411,respecter les normes et standards de sécurité de l'industrie automobile;
72411,"fournir un service à la clientèle, par exemple en répondant à toutes les demandes des clients et en leur expliquant le processus de réparation complet;"
72411,assurer le suivi avec les compagnies d'assurance pour la correspondance relative aux réclamations;
72411,commander des pièces et du matériel;
72411,tenir à jour une documentation précise et obtenir les signatures des clients;
72411,vérifier les réparations finales au niveau de l'apparence et la qualité du travail.
72411,lire le rapport d'estimation des dommages et des coûts de réparation pour déterminer et planifier les réparations à effectuer;
72411,"réparer et remplacer des éléments d'avant-train et de caisse de véhicules automobiles, des portières, et des éléments de châssis et de dessous de caisse;"
72411,"débosseler des éléments de carrosserie, tels que des bosses, des pliures et autres défectuosités, à l'aide de tasseaux et de marteaux;"
72411,"utiliser des appareils de soudure ou du plastique de remplissage pour niveler des trous, des bosses et des joints;"
72411,"enlever les pare-chocs, les panneaux et les calandres endommagés à l'aide de clés et de chalumeaux coupeurs, et boulonner ou souder les pièces de rechange en place;"
72411,redresser des châssis à l'aide d'équipement de traction et d'ancrage de châssis et de dessous de caisse;
72411,"limer, meuler et poncer des surfaces réparées à l'aide d'outils manuels ou mécaniques;"
72411,masquer et fixer des surfaces d'automobiles au moyen de ruban adhésif en préparation de la peindre;
72411,mélanger la peinture et marier les couleurs;
72411,appliquer des peintures primaires et de finition au pinceau ou au pistolet;
72411,"réparer et remplacer des éléments en verre comme des pare-brise, des vitres et des toits ouvrants;"
72411,"réparer ou remplacer des éléments d'habitacle tels que des carcasses de sièges, des moquettes et de l'isolation de plancher;"
72411,inspecter les véhicules réparés et les essayer sur la route pour en vérifier la stabilité et la direction.
72420,lire et interpréter des dessins et des spécifications techniques afin de déterminer les travaux à exécuter;
72420,disposer les éléments du système de chauffage au brûleur à l'huile et les assembler en se servant d'outils manuels ou mécaniques;
72420,"installer les éléments du brûleur tels que les thermostats, les moteurs, les conduits et les dispositifs de sécurité, et les raccorder à l'alimentation en carburant, à la ventilation et au système électrique;"
72420,mettre les brûleurs en marche et régler leur fonctionnement;
72420,"localiser les défauts des brûleurs à l'huile, ainsi que ceux de leurs composantes et contrôleurs, et les réparer;"
72420,"installer, entretenir et réparer des systèmes de chauffage au charbon et au bois;"
72420,assurer un service d'entretien périodique d'appareils de chauffage à l'huile et à combustibles solides.
72421.01,"réparer les petits appareils électriques incluant les tondeuses à gazon, l'outillage de jardin et les outils mécaniques;"
72421.01,consulter le client ou se reporter au bon de travail pour déterminer la nature de la défectuosité de l'appareil;
72421.01,"observer le fonctionnement de l'appareil, procéder à des essais de tension, de résistance et autres tests, au moyen d'instruments d'essais électriques;"
72421.01,"se reporter aux schémas ou aux manuels relatifs aux produits et remplacer ou réparer les pièces, à l'aide d'outils manuels et de matériel de soudage;"
72421.01,établir des devis estimatifs et des rapports de travail indiquant les réparations effectuées.
72421.02,"réparer de gros appareils, électriques ou au gaz, domestiques ou commerciaux tels que de l'équipement de lavage de vaisselle, des cuisinières, de l'équipement de lessive et des réfrigérateurs au domicile ou dans le milieu de travail des clients, ou en atelier;"
72421.02,consulter le client ou se reporter au bon de travail pour établir la nature de la défectuosité;
72421.02,"rechercher la cause des pannes en vérifiant les dispositifs de commande, les condenseurs, les programmateurs, les ventilateurs et les autres éléments, au moyen d'instruments d'essais, tels que des instruments de mesure et des manomètres, pour mesurer la résistance, l'intensité, la tension, la pression, la température, les gaz de combustion et le débit;"
72421.02,se reporter aux schémas et aux manuels relatifs aux produits et démonter l'appareil à l'aide d'outils manuels;
72421.02,"se servir de l'équipement d'atelier et d'appareils spécialisés de diagnostic et de programmation pour réparer, régler et reprogrammer les appareils;"
72421.02,remplacer les éléments et les sous-éléments défectueux et remonter l'appareil à l'aide d'outils manuels et de matériel de soudage et de brasage;
72421.02,établir des devis estimatifs et des rapports de travail indiquant les réparations effectuées;
72421.02,"préparer, s'il y a lieu, les itinéraires d'entretien."
72422,"mettre à l'essai et observer des composantes et des systèmes électriques, électroniques et mécaniques à l'aide d'appareils d'essai et de mesure;"
72422,"localiser et réparer les pannes des moteurs électriques, des transformateurs, de l'appareillage de connexion, des générateurs et d'autre matériel électromécanique;"
72422,"remplacer ou remettre à neuf des arbres, des coussinets, des commutateurs et d'autres composants;"
72422,"enrouler, assembler et installer divers types de bobinages pour moteurs ou transformateurs électriques;"
72422,"effectuer l'équilibrage dynamique ou statique d'armatures ou de rotors par le soudage et le brasage des connexions électriques, et en alignant et ajustant les pièces;"
72422,"mettre à l'essai, réparer ou remplacer des câblages ou des composants défectueux dans l'appareillage de connexion électrique;"
72422,"mettre à l'essai des moteurs, des transformateurs, des appareillages de connexion ou d'autres dispositifs électriques réparés afin d'en assurer la performance appropriée;"
72422,"effectuer des travaux d'usinage pour remettre à neuf ou modifier des arbres, des commutateurs ou d'autres pièces;"
72422,faire de l'entretien et de la réparation sur place.
72423.01,vérifier et mettre à l'essai des moteurs et d'autres éléments mécaniques à l'aide d'appareils appropriés pour localiser et déterminer les défectuosités;
72423.01,"régler, réparer ou remplacer des pièces ou des éléments de systèmes mécaniques ou électriques, à l'aide d'outils manuels et d'autre équipement;"
72423.01,discuter avec les clients des travaux effectués et de l'état général de l'équipement;
72423.01,déterminer les coûts de réparation;
72423.01,"réparer, au besoin, et remettre à neuf des mécanismes de levage et d'autres systèmes mécaniques intégrés aux camions industriels et aux chariots élévateurs."
72423.02,prendre connaissance des bons de commandes et discuter avec les surveillants des travaux à exécuter;
72423.02,vérifier le fonctionnement de l'équipement réparé et le régler;
72423.02,assurer le service d'entretien périodique d'engins;
72423.02,"réparer ou remplacer les fils électriques, la plomberie, les tuyaux de gaz propane, les appareils ménagers, les fenêtres, les portes, les meubles et la charpente des véhicules récréatifs;"
72429,prendre connaissance des demandes de travail et discuter avec les surveillants des travaux à exécuter;
72429,vérifier et essayer des moteurs et d'autres éléments mécaniques à l'aide des appareils appropriés pour localiser et déterminer les défectuosités;
72429,"régler, réparer ou remplacer des pièces ou des éléments de systèmes mécaniques ou électriques, à l'aide d'outils manuels et d'autre équipement;"
72429,vérifier le fonctionnement de l'équipement réparé et le régler;
72429,effectuer le service d'entretien périodique de l'équipement;
72429,discuter avec les clients des travaux effectués et de l'état général des équipements;
72429,déterminer les coûts de réparation.
72500,"manoeuvrer des grues automotrices et des grues à tour afin de lever, de déplacer et de mettre en place de l'équipement et des matériaux;"
72500,effectuer les inspections préalables à l'exécution des travaux et calculer la capacité des grues et le poids en prévision de l'attelage et du levage;
72500,manoeuvrer des sonnettes de battage afin d'enfoncer dans le sol des pieux qui serviront d'appui aux bâtiments et aux autres structures;
72500,manoeuvrer des grues équipées du matériel nécessaire au dragage des voies navigables et autres endroits;
72500,manoeuvrer des grues à portique afin de charger et décharger les navires amarrés à quai;
72500,manoeuvrer des grues de relevage servant à déplacer des objets et des matériaux dans des dépôts;
72500,"manoeuvrer des ponts roulants ou des ponts-grues afin de lever, de déplacer et de mettre en place de la machinerie ou des matériaux;"
72500,manoeuvrer des grues de plates-formes de forage afin de décharger et de recharger les navires de ravitaillement;
72500,"manoeuvrer des grues montées sur bateaux ou chalands afin de lever, de déplacer et de mettre en place de l'équipement et des matériaux;"
72500,manoeuvrer des pelles à benne traînante pour exposer les filons de charbon et les dépôts de minerais dans les mines à ciel ouvert;
72500,"assembler, au besoin, des grues automotrices sur les lieux;"
72500,effectuer des travaux d'entretien routinier tels que le nettoyage et la lubrification des grues.
72501,examiner les demandes des clients et l'emplacement proposé des puits;
72501,"assurer le fonctionnement de l'équipement de forage de puits pour alimenter en eau des résidences, des commerces ou des installations industrielles ou à des fins d'évaluation environnementale et installer des paravents, des revêtements et d'autres accessoires de puits;"
72501,documenter les formations géologiques découvertes;
72501,nettoyer et désinfecter les puits en prévision de leur entrée en service;
72501,exécuter du travail d'entretien mécanique de routine sur les foreuses et l'équipement;
72501,"installer, tester, réparer et assurer l'entretien des pompes, des canalisations et de l'équipement et effectuer des essais de pompage afin d'évaluer la performance du puits;"
72501,"offrir, s'il y a lieu, d'autres services de forage, tels que la réparation ou le démontage de structures de puits d'eau, le forage de cages de cheminées et de poteaux pour le transport d'énergie."
72600.01,mener des inspections pré-vol des avions et vérifier la distribution des passagers et de la cargaison afin d'assurer le respect des spécifications quant au poids et au balancement;
72600.01,"coordonner les activités des vols avec le personnel de piste et de contrôle de la circulation aérienne, informer les membres de l'équipage quant aux procédures de vol et de vérification, et diriger les activités des membres de l'équipage en cours de vol;"
72600.01,"contacter les tours de contrôle pour l'autorisation de décollage, des instructions d'arrivée et d'autres informations;"
72600.01,"mener des vérifications en vol, surveiller le fonctionnement de l'appareillage et des systèmes de bord, maintenir le contact avec les agents de régulation des vols et les prévisionnistes en météorologie, et signaler et répondre à toutes urgences et dysfonctionnements en vol;"
72600.01,préparer des rapports d'évaluation de vol;
72600.01,enseigner aux pilotes à se servir de nouveaux équipements ou les préparer en vue des examens de renouvellement ou d'obtention d'une licence de classe supérieure;
72600.01,"piloter, s'il y a lieu, des avions neufs ou expérimentaux pour évaluer leurs caractéristiques de vol et leur sécurité;"
72600.01,"participer, s'il y a lieu, à des opérations de recherche et de sauvetage et de lutte contre les feux de forêt, à des levés aériens, à la pulvérisation des cultures et à d'autres services."
72600.02,"mener des vérifications pré-vol selon des listes de contrôle pré-vol, et vérifier la distribution des passagers et de la cargaison afin d'assurer le respect des spécifications quant au poids et au balancement;"
72600.02,"aider les pilotes à surveiller l'équipement, les fonctions et les systèmes des avions en vol;"
72600.02,"effectuer des réparations en vol, telles que remplacer des fusibles et régler des instruments, et suivre les procédures d'urgence pour compenser les défaillances ou les pannes d'équipement;"
72600.02,"mener des vérifications après-vol, consigner les dysfonctionnements et les mesures correctives prises en vol, et signaler au personnel de piste toutes réparations requises."
72600.03,"enseigner aux élèves pilotes les méthodes et les règles de vol et les cours théoriques tels que la navigation aérienne, les procédures de communication radio et les règlements de la circulation aérienne;"
72600.03,préparer les pilotes autorisés à des examens leur permettant d'obtenir une certification supplémentaire.
72601.01,"contrôler la circulation aérienne dans un espace aérien déterminé à l'aide d'un écran radar, de communication radio ou autre équipement de communication et de points de repère visuels;"
72601.01,"transmettre les instructions d'atterrissage et de décollage aux pilotes et diffuser aux avions en vol des renseignements météorologiques, de navigation et autres renseignements;"
72601.01,"maintenir la liaison radio et téléphonique avec les tours de contrôle voisines, les unités de contrôle des aérogares voisins et autres centres de contrôle, et coordonner le mouvement des vols dans les régions contiguës;"
72601.01,"alerter les services de secours de l'aéroport lorsqu'un avion est en difficulté, et signaler les avions disparus aux services de recherche et de sauvetage;"
72601.01,diriger le mouvement des avions et des véhicules terrestres sur les pistes et les aires de manoeuvre voisines.
72601.02,"analyser les conditions atmosphériques et évaluer la cargaison admissible et la capacité de ravitaillement en carburant des appareils, et autres facteurs pertinents pour déterminer les routes favorables;"
72601.02,"informer l'équipage des conditions météorologiques prévues, de l'état des installations de navigation et des aéroports le long de l'itinéraire prévu;"
72601.02,"signer, avec le commandant de bord, l'autorisation au décollage;"
72601.02,suivre le mouvement des appareils en vol et communiquer avec ceux-ci au besoin;
72601.02,retarder ou annuler les vols si les conditions sont incertaines;
72601.02,"préparer et tenir les plans de vol, les suivis de vol et autres rapports."
72601.03,"fournir les renseignements nécessaires sur les conditions atmosphériques actuelles et prévues, les fréquences radio, le relief, les aéroports d'escale et de destination et autres renseignements pertinents pour permettre aux pilotes de préparer leur plan de vol;"
72601.03,vérifier l'exactitude des plans de vol et les transmettre au poste de contrôle de la circulation aérienne;
72601.03,"répondre aux appels radio des avions prêts à décoller ou à atterrir et fournir des renseignements tels que les conditions météorologiques, la vitesse et la direction du vent, et la circulation aérienne locale;"
72601.03,"participer aux opérations de contrôle de la circulation aérienne en transmettant les demandes radio d'information et de rapports de position pour les autorisations de vols, les arrivées et les départs;"
72601.03,aviser les services d'urgence des aérogares lorsqu'un appareil est en difficulté et amorcer les communications de recherche lorsqu'un appareil est en retard;
72601.03,"observer, consigner et rendre compte des conditions atmosphériques dans les aéroports."
72602,commander et diriger des navires ou d'autres bateaux autopropulsés tels que des dragues ou des plates-formes de forage pour le transport des passagers et de marchandise;
72602,commander et diriger des bateaux de la Garde côtière afin de fournir des services de brise-glace de recherches et de sauvetages et de contrôler les bateaux naviguant dans les eaux canadiennes;
72602,"monter à bord de bateaux amarrés ou depuis un bateau-pilote pour informer le capitaine du cap à emprunter pour entrer et sortir en toute sécurité du port, de la voie maritime ou d'un autre cours d'eau sous la juridiction de l'administration de pilotage;"
72602,planifier et exécuter le passage du navire en sécurité en se servant d'aides à la navigation;
72602,"déterminer la position géographique du navire au moyen d'instruments de navigation, de cartes et de graphiques;"
72602,"guider le navire dans des rivières, des canaux et d'autres passages étroits et dangereux;"
72602,maintenir en bon état le matériel et les instruments de navigation du navire;
72602,diriger et surveiller le chargement et le déchargement de la cargaison;
72602,surveiller et coordonner les activités des matelots de pont;
72602,"mettre à jour le journal de bord et y consigner les activités de l'équipage, les conditions météorologiques et de la mer."
72603,"faire fonctionner les moteurs principaux, des machines et de tout l'équipement auxiliaire à bord des navires tel que les chaudières, le gouvernail, les appareils auxiliaires de pont, les moteurs, les pompes, les générateurs et les condensateurs;"
72603,"assurer le quart à la chambre des machines, et contrôler et noter le rendement des moteurs, des machines et de l'ensemble de l'équipement auxiliaire;"
72603,"inspecter les moteurs, les machines et l'ensemble des appareils auxiliaires et exécuter les travaux d'entretien routiniers et les réparations d'urgence;"
72603,surveiller et coordonner les activités du personnel affecté à la salle des machines;
72603,tenir des registres et rédiger des rapports sur la performance et les pannes des moteurs.
72604.01,opérer et surveiller le pupitre de commande centralisée de la circulation afin de coordonner et de suivre la circulation ferroviaire;
72604.01,"consigner les mouvements des trains sur un graphique, calculer et enregistrer les heures d'arrivée et de départ des trains, et les renseignements sur la circulation ferroviaire;"
72604.01,"émettre les directives pour contrôler la circulation des trains de passagers et de marchandises, et l'équipement d'entretien mobile de la voie ferrée;"
72604.01,"recevoir, consigner et transmettre les directives de marche à l'équipage, directement ou par radiotéléphone;"
72604.01,"superviser et former, s'il y a lieu, d'autres contrôleurs de la circulation ferroviaire."
72604.02,"régler et contrôler les mouvements des bateaux à l'aide de radars ou de moniteurs en circuit fermé, de systèmes de communication mobiles et d'autre équipement de communication;"
72604.02,"déterminer la position, le parcours, la vitesse et l'heure d'arrivée prévue des navires et surveiller leur progression dans la zone de circulation;"
72604.02,"transmettre les autorisations de procéder aux navires et les renseigner sur le volume de circulation et les conditions météorologiques, et communiquer des renseignements au prochain centre de contrôle maritime;"
72604.02,"signaler aux autorités compétentes les situations d'urgence, les accidents, les appels de détresse et les dangers;"
72604.02,garder le contact radiophonique et téléphonique avec les centres de contrôle maritime adjacents et avec les navires de la zone qui relève de leur compétence;
72604.02,"tenir un registre sur le mouvement des navires, leurs dimensions et leur type."
72999.01,fabriquent des fusils et réparent et modifient des armes à feu selon des plans ou les précisions du client.
72999.02,"réparent, installent et ajustent des serrures, font des clés et changent la combinaison des serrures."
72999.03,"installent, réparent et entretiennent les coffres-forts et les chambres fortes dans les banques et autres établissements."
72999.04,"réparent, règlent et affûtent les scies à ruban, scies à chaîne et scies circulaires et autres types de lames de scies selon les spécifications."
72999.05,"choisissent les matrices de forge selon le bon de travail et les spécifications; placent, alignent et boulonnent les matrices à l'étau et à l'enclume des presses mécaniques et des marteaux."
72999.06,"exécutent diverses activités sous-marines qui se rattachent à la construction, à l'inspection, à la recherche, au sauvetage, à la réparation et à la photographie."
73100,"vérifier des coffrages, des couches de fondation granulaire et des éléments d'armature, et diriger la pose du béton sur des surfaces à revêtir en tenant compte de la pente prévue;"
73100,éliminer des creux et des bosses afin d'épandre uniformément le béton fraîchement coulé;
73100,utiliser des rouleaux compresseurs automatiques pour tasser et aplanir des couches de béton;
73100,"niveler la surface du béton, selon les spécifications de pente et de profondeur, à l'aide de règles à araser ou de taloches;"
73100,utiliser des outils manuels ou mécaniques pour travailler le béton et lui donner le fini voulu;
73100,"installer des boulons d'ancrage, des plaques d'acier, des seuils de porte et d'autres accessoires dans le béton fraîchement coulé;"
73100,appliquer des produits de durcissement et de scellement pour protéger les surfaces en béton;
73100,"imperméabiliser, hydrofuger et restaurer des surfaces en béton;"
73100,"réparer, refaire ou remplacer la surface de sections usées ou endommagées des planchers, des murs, des chaussées et d'autres ouvrages en béton."
73101,"préparer, mesurer et délimiter les surfaces à revêtir;"
73101,"construire des sous-couches et installer des boulons de scellement, des broches et des supports;"
73101,"mélanger, appliquer et étendre du mortier, du ciment, du mastic, de la colle ou d'autres matières adhésives en se servant de truelles;"
73101,"mettre des carreaux en place et, par pression, les asseoir solidement dans le lit de matière adhésive;"
73101,"aligner et remettre des carreaux d'aplomb à l'aide de niveaux, d'équerres et de règles à araser;"
73101,découper et ajuster les carreaux autour des obstacles ou ouvertures en se servant d'outils de coupe mécaniques ou manuels;
73101,bourrer de coulis les joints entre les carreaux et enlever le surplus de coulis;
73101,poser des bordures de carreaux;
73101,installer et disposer des carreaux de mosaïque de façon à créer des motifs décoratifs sur des murs et des planchers;
73101,"mélanger le composé d'argile, l'appliquer et le polir;"
73101,"couper, polir et installer le marbre et le granit;"
73101,remplacer les carreaux brisés ou endommagés;
73101,"préparer, s'il y a lieu, des devis et des commandes."
73102.01,nettoyer et préparer les surfaces à plâtrer;
73102.01,mélanger dans un bac les ingrédients pour obtenir un plâtre ayant la consistance désirée;
73102.01,"appliquer des couches de plâtre lisses et uniformes, à l'aide de truelles, de taloches, de brosses ou de pistolets;"
73102.01,"appliquer, à la truelle ou au pistolet, des couches de crépi sur les murs extérieurs d'un bâtiment de manière à réaliser des surfaces résistantes aux intempéries;"
73102.01,"finir des angles et des coins et créer, au besoin, des motifs décoratifs dans la couche de finition;"
73102.01,traiter des surfaces fraîchement enduites de plâtre;
73102.01,"mouler et installer des panneaux, des corniches et des moulures ornementales en plâtre;"
73102.01,"vaporiser, à l'aide de pistolets, des matériaux insonorisants ou un fini texturé sur des murs et des plafonds."
73102.02,"mesurer, découper et ajuster des panneaux de gypse pour les installer sur des murs et des plafonds;"
73102.02,poser et assujettir des panneaux aux poteaux ou aux solives en bois ou en métal;
73102.02,couper et installer des baguettes d'angle en métal pour protéger les coins extérieurs;
73102.02,"remplir des joints, des têtes de clous, des trous et des fentes avec des produits de remplissage pour joints, à l'aide de truelles ou de couteaux à lame large;"
73102.02,poser des rubans sur des joints à l'aide de machines à jointoyer et enduire les rubans de produit de remplissage;
73102.02,enlever le surplus de remplissage et laisser sécher;
73102.02,appliquer plusieurs couches de remplissage et poncer les joints longitudinaux et transversaux;
73102.02,fabriquer et installer des ossatures en métal et des panneaux de façon à former des plafonds suspendus et poser des panneaux pour former des plafonds insonorisants et des plafonds à caissons.
73102.03,préparer la configuration des murs et des plafonds;
73102.03,"installer de l'ossature métallique et des bandes de fourrure pour des murs et des plafonds en panneaux de gypse ou d'enduits, à l'aide d'outils manuels et mécaniques;"
73102.03,"assujettir des lattes en métal ou en gypse aux poteaux ou aux fourrures au moyen de clous, de vis, d'agrafes ou d'attaches en fil métallique;"
73102.03,pratiquer des ouvertures dans les lattes afin de passer de la tuyauterie de chauffage et de ventilation ainsi que des conduits et des prises électriques;
73102.03,poser des baguettes d'angle et des treillis métalliques autour des poutres qui doivent être enduites de plâtre;
73102.03,"installer, s'il y a lieu, des carreaux acoustiques, des supports de plafond suspendu et des crampons métalliques pour la composition des panneaux muraux ou des lattes."
73110.01,"installer, réparer ou remplacer des systèmes de toits multicouches à l'aide de matériaux tels que des feutres saturés d'asphalte, du bitume chaud et du gravier;"
73110.01,"installer, réparer ou remplacer des systèmes de toits unicouches à l'aide de revêtements hydrofuges en plastique modifié, en élastomères ou en matériaux bitumineux;"
73110.01,"poser, réparer ou remplacer des bardeaux, des bardeaux de fente et d'autres tuiles de revêtement sur des couvertures de bâtiments à toits en pente;"
73110.01,poser des chéneaux en tôle;
73110.01,appliquer des enduits hydrofuges sur du béton et d'autres surfaces en maçonnerie au-dessous ou au-dessus du niveau du sol;
73110.01,installer et réparer des toits en métal à l'aide d'outils manuels et mécaniques;
73110.01,dresser des échafaudages afin d'assurer la sécurité sur les toits;
73110.01,"estimer, au besoin, le coût des matériaux nécessaires et fournir des devis."
73110.02,"poser ou remplacer des bardeaux d'asphalte, de bois et de fente et des tuiles en produits terreux ou en terre cuite sur des couvertures de bâtiments à toits en pente;"
73110.02,dresser des échafaudages afin d'assurer la sécurité sur les toits.
73111,"lire et interpréter des plans et des spécifications techniques afin de déterminer le type et l'épaisseur des vitres et des cadres, la méthode d'installation et les matériaux requis;"
73111,"mesurer le verre, le marquer et le couper à l'aide d'un coupe-verre manuel ou assisté par ordinateur;"
73111,"teinter le verre et créer des motifs en gravant le verre, en le traitant avec un jet de sable sous pression ou en le peignant;"
73111,"monter, ériger et démonter des échafaudages et du matériel de réglage et de levage;"
73111,"poser des carreaux dans des cadres et les fixer à l'aide d'agrafes, de pointes de vitrier ou de moulures;"
73111,"assembler et poser aux murs, aux plafonds ou aux façades des bâtiments, des éléments de verre préfabriqués, des miroirs ou des produits en verre;"
73111,fabriquer des cadres métalliques pour l'installation des vitres;
73111,"installer, ajuster, fabriquer et fixer des métaux d'architecture ou des produits de remplacement connexes dans des immeubles commerciaux et résidentiels;"
73111,fixer dans des cadres des miroirs et des panneaux de verre opaques ou transparents prétaillés qui formeront les murs extérieurs des bâtiments;
73111,remplacer les vitres des meubles et des autres accessoires;
73111,"fabriquer et poser des lanterneaux, des vitrines et des aquariums ainsi que des vitraux et des vitrages spéciaux dans des églises, des musées, des centres sportifs et d'autres établissements;"
73111,"réparer et assurer l'entretien de fenêtres de maisons, de portes en aluminium dans les commerces et d'autres structures servant à retenir le verre, et remplacer les vitres et les matériaux d'étanchéité endommagés;"
73111,"fournir, au besoin, des devis aux clients."
73112,lire des devis pour déterminer la quantité de matériaux requis;
73112,"préparer et nettoyer des surfaces, par des méthodes telles que le raclage, le sablage, le sablage par jet de sable ou d'eau et le nettoyage à la vapeur, enlever le vieux papier peint et la peinture écaillée, réparer les fissures et les trous dans des murs, lisser les surfaces avec du papier sablé et appliquer des produits de scellement;"
73112,mélanger et allonger la peinture afin d'obtenir les couleurs et les textures désirées;
73112,"appliquer de la peinture ou d'autres matériaux, comme de la teinture, des laques, de l'émail, de l'huile ou un vernis, de la fibre de verre, ou un revêtement métallique ou ignifuge, à l'aide de pinceaux, de rouleaux ou de pistolets;"
73112,"mesurer, couper et poser du papier peint ou du tissu sur des murs;"
73112,assembler et ériger des échafaudages fixes ou des échafaudages volants;
73112,"conseiller les clients, s'il y a lieu, sur l'agencement des couleurs ou le choix de revêtements muraux;"
73112,"fournir, s'il y a lieu, aux clients des estimations de coûts."
73113,"inspecter, mesurer et marquer les surfaces à couvrir;"
73113,"mesurer, couper et ajuster des sous-couches et des thibaudes;"
73113,"mesurer, couper et installer des moquettes en les cousant à la main ou à la machine, en utilisant des fers à jointer, du ruban ou tout autre matériau de scellement;"
73113,étendre des tapis avec des coups de genou ou des tendeurs à levier et fixer les tapis au plancher avec des agrafeuses ou d'autres dispositifs de fixation;
73113,"mesurer, couper et installer des revêtements souples à l'aide d'adhésifs, de rouleaux et d'autres outils manuels;"
73113,"installer des revêtements en bois dur, notamment des parquets en lames, des parquets en bloc ou en planches, à l'aide de colle, d'agrafes, de clous ou d'autres méthodes;"
73113,inspecter et réparer des revêtements endommagés;
73113,"estimer, s'il y a lieu, les coûts des matériaux et de la main-d'oeuvre."
73200,lire des dessins ou des spécifications techniques en vue de déterminer les plans de disposition et d'installation;
73200,mesurer et marquer des repères pour l'installation des produits;
73200,"installer, réparer et faire l'entretien de produits intérieurs préfabriqués, tels que des portes, des fenêtres, des armoires de cuisine, des comptoirs de salle de bains, des chauffe-eau et des appareils ménagers, à l'aide d'outils manuels et mécaniques;"
73200,"installer, réparer et faire l'entretien de produits extérieurs préfabriqués, tels que des parements, des volets, des auvents, des clôtures, des terrasses, des fosses septiques, des systèmes d'irrigation, des enseignes et des structures de jeu, à l'aide d'outils manuels et mécaniques."
73201,"régler les systèmes de chauffage, de refroidissement, de ventilation et de plomberie ainsi que le système électrique, et y faire des réparations mineures, et contacter les gens de métier quand des réparations importantes doivent être faites;"
73201,"exécuter d'autres travaux d'entretien courants, tels que la peinture et la réparation de panneaux muraux secs;"
73201,maintenir l’inventaire des fournitures et de l’équipement et faire des achats mineurs au besoin;
73201,répondre aux requêtes des résidents pour des réparations mineures;
73201,procéder à des inspections régulières des immeubles pour identifier les défaillances dans les systèmes mécaniques;
73201,"fournir une assistance générale aux professionnels qualifiés tels que les mécaniciens, électriciens, charpentiers et plombiers;"
73201,coordonner la préparation des logements en vue de l'accueil des nouveaux clients;
73201,veiller à ce que des mesures de sécurité et de sureté soient en vigueur dans l’établissement;
73201,"afficher, s'il y a lieu, la disponibilité des locaux, faire visiter les appartements et les bureaux à des locataires éventuels et percevoir les loyers;"
73201,"traiter, s’il y a lieu, les demandes de location, y compris les vérifications des antécédents et du crédit;"
73201,"déplacer, s'il y a lieu, des meubles et de l'équipement lourds ainsi que des fournitures;"
73201,"superviser, au besoin, d'autres travailleurs."
73202,"inspecter l'intérieur et l'extérieur des immeubles, à des intervalles réguliers ou à la demande du propriétaire de l'immeuble, afin de déceler des signes d'infestation;"
73202,déterminer le genre de traitement requis et remettre aux clients une évaluation des coûts;
73202,"préparer et vaporiser un mélange chimique aux endroits infestés en utilisant un vaporisateur mécanique ou électrique afin de tuer les insectes, les rongeurs et les autres vermines;"
73202,fumiger des maisons;
73202,installer des traquenards afin de capturer et d'enlever des animaux tels que mouffettes ou ratons laveurs;
73202,"installer des barrières de contrôle d'animaux tels que des bandes d'aiguilles, des filets et autres appareils pour garder les animaux hors des propriétés;"
73202,"nettoyer les endroits où se tient la vermine en utilisant des râteaux, des pelles, des balais ou des balais laveurs;"
73202,donner des conseils aux clients sur la façon de prévenir les infestations.
73209,vérifier des produits pour déterminer les réparations requises;
73209,"réparer ou remplacer les pièces ou composants défectueux ou usés, à l'aide d'outils manuels, électriques ou spécialement conçus;"
73209,vérifier et ajuster les produits réparés pour s'assurer de leur bon fonctionnement;
73209,effectuer de l'entretien routinier;
73209,"étalonner, au besoin, des produits à l'aide d'outils manuels."
73300.01,"conduire, principalement, des camions gros porteurs, des véhicules articulés allongés et des camions porteurs, de poids supérieur à 4 500 kg, afin de transporter des marchandises sur de longues distances;"
73300.01,planifier la logistique des voyages et obtenir la documentation requise pour transporter des biens;
73300.01,"inspecter les systèmes, les équipements et les accessoires des camions tels que les pneus, les phares et clignotants, les freins et les compartiments frigorifiques avant, pendant et après le voyage;"
73300.01,"veiller à ce que la cargaison soit arrimée et assujettie correctement selon les règles de sécurité, et suivre les procédures de sécurité lors du transport de marchandise dangereuse;"
73300.01,obtenir des licences spéciales et d'autres documents exigés pour transporter de la cargaison sur des routes internationales;
73300.01,"noter l'information sur les cargaisons, les heures de service, les distances parcourues et la consommation d'essence;"
73300.01,administrer des connaissements et tenir des carnets de route électroniquement ou manuellement;
73300.01,"communiquer avec des répartiteurs, d'autres camionneurs et des clients au moyen d'appareils de communication et d'ordinateurs de bord;"
73300.01,"effectuer, au besoin, des réparations d'urgence au bord de la route;"
73300.01,"faire partie d'une équipe de deux camionneurs ou d'un convoi, s'il y a lieu;"
73300.01,"transporter, au besoin, des substances ou des marchandises dangereuses."
73300.02,"conduire, principalement, des camions porteurs pour transporter des marchandises et des biens essentiellement dans des villes et entre des villes, sur des distances courtes;"
73300.02,"inspecter les camions avant, pendant et après le voyage et surveiller tous les aspects des véhicules, comme l'état de l'équipement, ainsi que le chargement et le déchargement de la cargaison;"
73300.02,"conduire, au besoin, des camions à usage déterminé, comme des remorqueuses, des camions basculeurs, des camions hydrovac et des bétonnières."
73301.01,conduire des autobus ou des tramways pour transporter des passagers vers des destinations locales selon un itinéraire établi;
73301.01,conduire des autocars pour transporter des passagers et des marchandises sur des parcours interurbains ou sur de longues distances;
73301.01,conduire des autobus d'excursion pour transporter des passagers à des destinations locales ou éloignées;
73301.01,conduire des autobus accessibles en fauteuil roulant et aider les passagers à monter;
73301.01,"donner des renseignements aux passagers concernant les horaires, les prix et les arrêts;"
73301.01,"encaisser le prix du passage, fournir et valider des correspondances, contrôler les laissez-passer et enregistrer les recettes;"
73301.01,inspecter le véhicule avant et après le voyage;
73301.01,"communiquer avec les passagers, les répartiteurs ou les autres conducteurs à l'aide d'une radio bidirectionnelle;"
73301.01,"signaler les accidents, les retards ou les problèmes mécaniques;"
73301.01,"fournir, au besoin, des renseignements sur les points d'intérêt durant les visites touristiques;"
73301.01,"charger et décharger, au besoin, les bagages des passagers et les envois par messageries."
73301.02,"conduire des autobus scolaires pour transporter des enfants à l'école, à la maison ou en excursions;"
73301.02,assurer la sécurité des enfants lorsqu'ils montent à bord de l'autobus et en descendent et lorsqu'ils traversent la rue lors de l'arrêt de l'autobus;
73301.02,contrôler les activités des élèves pendant le voyage afin de prévenir les distractions ou les comportements qui pourraient nuire à la sécurité;
73301.02,"transporter, s'il y a lieu, des passagers d'âge adulte en dehors des heures de classe et lors de voyages nolisés."
73301.03,conduire le métro ou un véhicule de transport sur rails en qualité de membre d'une équipe de deux personnes;
73301.03,observer les signaux aux passages à niveau et aux points d'arrivée et de départ;
73301.03,actionner les commandes pour ouvrir et fermer les portes du véhicule de transport;
73301.03,"signaler les retards, les défectuosités et les accidents au centre de communication;"
73301.03,"assurer la sécurité et le bien-être des passagers en cas d'urgence, et diriger les passagers lors de l'application des procédures d'évacuation d'urgence."
73310.01,actionner les commandes des locomotives pour assurer le transport des passagers et des marchandises par chemin de fer;
73310.01,"utiliser des systèmes de communication pour communiquer avec les membres de l'équipage et les employés de la régulation du trafic, afin d'assurer la conduite sûre de la locomotive et le respect de l'horaire;"
73310.01,examiner les locomotives qui leur sont assignées et vérifier les commandes et l'équipement.
73310.02,conduire des locomotives pour atteler et dételer des wagons en vue de leur chargement ou de leur déchargement;
73310.02,exécuter l'aiguillage conformément aux instructions reçues par écrit ou par radiotéléphone;
73310.02,"examiner les locomotives, faire le plein de carburant ou exécuter des réparations de routine sur les locomotives."
73311.01,"superviser et coordonner les activités des membres de l'équipage des trains de passagers et de marchandises à l'exception des mécaniciens de locomotive, afin d'assurer l'exécution des opérations conformément à la feuille de route et au code des règlements d'exploitation et le respect des horaires;"
73311.01,"recevoir la feuille de route et en expliquer le contenu aux serre-freins, au mécanicien de locomotive et aux autres membres de l'équipage;"
73311.01,"communiquer avec les membres de l'équipage par radiotéléphone, par signaux ou autres moyens afin de recevoir et de transmettre les instructions;"
73311.01,"prendre les billets et en percevoir le prix auprès des passagers, annoncer le nom des gares et répondre aux demandes de renseignements des passagers;"
73311.01,rédiger des rapports à la fin du trajet.
73311.02,"vérifier l'équipement et les systèmes du train tels que les appareils de climatisation et de chauffage, les freins et les tuyaux de frein avant le départ du train;"
73311.02,"communiquer avec les membres de l'équipage par radiotéléphone, par signaux ou autres moyens pour faciliter le déplacement ou la manoeuvre du train;"
73311.02,"recevoir les directives des répartiteurs, surveiller les signaux, l'état des voies ferrées et l'ouverture et la fermeture des aiguillages;"
73311.02,"actionner et relâcher les freins à main, relier les tuyaux d'air pour atteler et dételer les wagons de passagers et de marchandises, effectuer, au besoin, des réparations mineures aux attelages, aux tuyaux d'air et aux boîtes des coussinets;"
73311.02,aider à prendre les billets et à en percevoir le prix et aider les passagers à monter et à descendre du train.
73400,"manoeuvrer des machines lourdes telles que des pelles rétrocaveuses, des bulldozers, des chargeurs et des niveleuses pour creuser, déplacer, charger et niveler de la terre, de la roche, du gravier et d'autres matériaux au cours de travaux de construction ou de travaux connexes;"
73400,"manoeuvrer des bulldozers ou autres engins lourds afin de débroussailler et d'essoucher avant l'exploitation forestière, et pour la construction des chemins aux sites forestiers et aux mines à ciel ouvert;"
73400,"manoeuvrer des engins équipés de boutons de sonnette afin d'enfoncer des piliers de support de bâtiments, ponts ou autres structures;"
73400,manoeuvrer des dragues pour creuser le lit des cours d'eau et extraire des matériaux de remblayage;
73400,"manoeuvrer diverses machines lourdes pour étendre, étaler ou comprimer le béton, l'asphalte ou d'autres matériaux de revêtement au cours de la construction de routes ou d'autoroutes;"
73400,"manoeuvrer des pelles excavatrices électriques pour enlever la roche, le minerai ou d'autre matériel d'une mine à ciel ouvert, d'une mine exploitée par excavateur, d'une carrière ou d'une fouille de construction;"
73400,"manoeuvrer du matériel lourd pour déplacer, charger et décharger la cargaison;"
73400,"effectuer les vérifications préalables à l'utilisation des machines, les nettoyer, les lubrifier et en remplir les réservoirs."
73401,"lire les bons de commande afin de déterminer les spécifications du travail, telles que le temps de production, les séquences de couleur et la quantité requise, et en informer le personnel de l'imprimerie;"
73401,installer les plaques et les cylindres et faire les ajustements nécessaires;
73401,"remplir les encriers, prendre des mesures, effectuer les ajustements et déterminer les réglages nécessaires pour obtenir la couleur et la viscosité désirées;"
73401,"préparer la presse et vérifier les échantillons pour évaluer le couvrage de l'encre, l'alignement et le repérage;"
73401,vérifier les tirages réguliers à partir d'un pupitre de commande par ordinateur afin d'assurer la conformité aux normes de qualité et faire des ajustements au besoin;
73401,enlever et nettoyer les plaques et les cylindres après le tirage;
73401,diriger le personnel de l'imprimerie et veiller au respect des règles de sécurité.
73402.01,"déplacer et faire fonctionner des foreuses rotatives, pneumatiques ou autres, montées sur camion ou chenillées, afin de forer de grands trous de dynamitage aux profondeurs prescrites, aux endroits indiqués par des piquets, dans les carrières ou les mines à ciel ouvert;"
73402.01,conduire des foreuses ou perforatrices servant à forer les trous de dynamitage dans le roc sur les chantiers de construction routière ou d'autres chantiers;
73402.01,conduire des foreuses chenillées ou montées sur camion et équipées d'une tarière de sondage ou d'autres accessoires afin de forer des puits de fondation de bâtiment ou de pieux;
73402.01,"déterminer, au besoin, l'emplacement des trous à forer et disposer les piquets de repérage, charger des explosifs dans des trous de mine et faire exploser des charges afin de dégager le charbon, le minerai ou le roc."
73402.02,"lire des instructions ou des schémas, déterminer l'emplacement des trous de mines, ainsi que leur profondeur et diamètre, et effectuer des essais terrain afin de déterminer le type et la quantité d'explosifs requis;"
73402.02,"raccorder les charges avec les détonateurs choisis, les amorces, les fils du détonateur et d'autre matériel, ou indiquer la façon de procéder aux autres travailleurs;"
73402.02,charger les explosifs à la main dans les trous de mine ou diriger la manoeuvre des camions d'explosifs en vrac afin de charger les trous;
73402.02,"joindre des fils électriques, des fils des détonateurs ou des amorces en série et les joindre aux dispositifs de dynamitage, appuyer sur les poignées ou les boutons pour faire exploser les charges;"
73402.02,"assurer la manutention, l'entreposage et le transport des explosifs et des accessoires, conformément aux règlements, et voir à ce que les mesures de sécurité soient observées;"
73402.02,"conduire, au besoin, des foreuses et des perforatrices rotatives ou pneumatiques, des marteaux perforateurs fond-de-trou ou d'autres machines afin de forer des trous de mine, ou diriger le forage des trous de mines."
74100.01,trier le courrier selon sa destination;
74100.01,"enliasser, étiquetter, emballer et acheminer le courrier selon les procédures établies;"
74100.01,opérer des véhicules et de l’équipement de manutention afin de trier le courrier et de charger les camions de la poste;
74100.01,consulter les annuaires afin d'acheminer correctement le courrier à réexpédier.
74100.02,"recevoir, traiter et distribuer manuellement ou électroniquement le courrier reçu et le courrier sortant, les télécopies, les messages et les colis acheminés par messager;"
74100.02,tenir à jour des répertoires d'adresses et préparer des listes d'envoi personnalisées;
74100.02,"imprimer et photocopier des documents, introduir les documents dans les enveloppes et les adresser;"
74100.02,"peser le courrier sortant, calculer les droits d'affranchissement et affranchir le courrier avant de le trier selon le code postal;"
74100.02,"assurer, s'il y a lieu, l'exploitation et l'entretien de l'équipement des services d'impression et d'expédition."
74101,trier le courrier selon les adresses et le placer dans les sacs à courrier;
74101,"distribuer le courrier, les petits colis et les autres imprimés selon des itinéraires établis;"
74101,"livrer des télégrammes, des envois spéciaux ou du courrier exprès;"
74101,percevoir le paiement pour les envois contre remboursement;
74101,tenir un registre de la livraison du courrier recommandé;
74101,aviser de l'endroit où l'on peut prendre le courrier non livré;
74101,retourner le courrier non livré à la succursale postale.
74102,"ramasser, à pied, à bicyclette ou en véhicule, des messages, des lettres, des colis, des billets d'avion, des documents juridiques, des paquets, des chèques, des obligations, des valeurs et d'autres articles et les livrer, en main propre, aux services internes d'un établissement ou d'un établissement à l'autre dans les délais prescrits;"
74102,percevoir le paiement des articles livrés;
74102,tenir un registre des articles reçus et livrés en se servant de dispositifs de saisie de données sur les livraisons.
74200.01,"actionner, de la tour de contrôle, les commandes de signaux de trafic et les aiguillages qui contrôlent la circulation dans les gares de triage;"
74200.01,"contrôler les dispositifs de retardement d'allumage, les plaques tournantes et les aiguillages afin d'aligner les locomotives avec les wagons à atteler, à dételer ou à entretenir;"
74200.01,"manoeuvrer les wagons selon les instructions reçues déterminant l'endroit, la disposition et le nombre de wagons;"
74200.01,lubrifier les pièces mobiles des wagons et des locomotives.
74200.02,"conduire la machinerie d'entretien telle que les machines à couper les traverses, les glisseuses de traverses, les ancreuses, les souleveuses de rail, les enfonçoirs de tire-fond, les arracheuses de tire-fond, les scies à rails et les grues à traverses pour installer, entretenir, aligner et réparer les rails de la voie ferrée et pour enlever la neige des voies;"
74200.02,nettoyer les machines et faire des réparations mineures;
74200.02,patrouiller les différentes sections de la voie ferrée afin d'identifier et de signaler les parties de voie endommagées ou brisées;
74200.02,"accomplir, au besoin, toute autre tâche d'entretien des voies."
74201.01,"aider les officiers mécaniciens à effectuer le travail d'entretien de routine et à réparer le moteur, les machines et les appareils auxiliaires du bateau;"
74201.01,"vérifier les indicateurs de l'équipement, des machines et des moteurs, consigner les données et signaler les anomalies à l'officier mécanicien de quart;"
74201.01,"lubrifier les pièces mobiles des moteurs, des machines et des appareils auxiliaires;"
74201.01,assurer le fonctionnement et l'entretien des robinets et des pompes de vidange des liquides;
74201.01,entretenir les pièces des machines et assurer la propreté de la salle des machines.
74201.02,prendre le quart à leur tour et gouverner le bateau ou le navire autopropulsé conformément aux instructions de l'officier de pont;
74201.02,"assurer le fonctionnement, l'entretien et la réparation de l'équipement de pont tel que les treuils, les grues, les mâts de charge et les aussières;"
74201.02,"nettoyer la surface du pont, en piquer la rouille et les écailles et les repeindre;"
74201.02,"manoeuvrer les filins d'accostage et épisser et réparer les cordages, les câbles métalliques et les autres filins;"
74201.02,"charger, décharger et sécurisé la cargaison des navires."
74202,"conduire et faire fonctionner le matériel de piste tel que des remorqueuses, des camions-commissariat, de l'équipement de dégivrage et des véhicules de vidange des toilettes;"
74202,placer la passerelle et ouvrir ou fermer les portes de la soute à marchandises;
74202,guider ou amener l'avion à la porte d'embarquement pour faire monter et descendre les passagers et charger et décharger la marchandise;
74202,trier et charger le fret et les bagages en suivant les instructions de l'agent de vérification du chargement afin d'équilibrer la charge;
74202,"décharger, trier et acheminer le fret et les bagages;"
74202,transporter le fret entre l'avion et l'entrepôt;
74202,nettoyer et préparer l'intérieur de l'appareil pour les passagers et laver l'extérieur de l'appareil.
74203,"faire le vidange d'huile et lubrifier les trains de roulement et les pièces mobiles de voitures, de camions ou d'équipement lourd;"
74203,"graisser les flèches, les poulies, les godets et d'autres composantes de l'équipement lourd;"
74203,"remplacer les filtres à l'huile, à air et à essence des véhicules automobiles, des camions et de l'équipement lourd;"
74203,"poser des pièces de rechange, telles que des silencieux, des tuyaux d'échappement, des amortisseurs ou des radiateurs, sur des véhicules automobiles, des camions et de l'équipement lourd;"
74203,réparer des pneus et équilibrer des roues;
74203,"ajouter ou remplacer le fluide hydraulique et l'huile de la boîte de vitesses des véhicules automobiles, des camions et de l'équipement lourd;"
74203,"aider les mécaniciens et remplir d'autres fonctions, conformément aux instructions reçues;"
74203,"conduire des voitures ou des camions-atelier pour se rendre à un chantier de construction, à une exploitation forestière ou à tout autre établissement industriel, afin d'y offrir des services d'entretien."
74204.01,"vérifier, nettoyer et huiler l'équipement des réseaux de distribution d'eau tel que le matériel de pompage et de chloration et les compresseurs;"
74204.01,"régler et réparer le matériel des réseaux de distribution d'eau, sous la surveillance de personnes de métier compétentes;"
74204.01,"chercher et localiser les fuites d'eau, réparer les canalisations, les vannes ou les tuyaux de sortie;"
74204.01,installer des compteurs d'eau à l'aide d'outils manuels et mécaniques.
74204.02,vérifier et huiler les robinets de gazoducs;
74204.02,examiner les canalisations régulièrement afin de déceler et de localiser les fuites de gaz à l'aide d'instruments de détection de gaz;
74204.02,examiner les rapports de fuites de gaz afin de les localiser et d'en déterminer l'amplitude;
74204.02,déterrer les canalisations et réparer les fuites;
74204.02,"tenir un registre des réparations effectuées, de leur localisation et de l'état des canalisations;"
74204.02,fournir des renseignements sur le réseau souterrain des canalisations et observer les travaux d'excavation afin d'assurer la protection des canalisations.
74205,conduire des camions à ordures afin d'enlever les ordures et d'autres déchets et jeter le chargement aux endroits désignés;
74205,"conduire du matériel de nettoyage de rues tel que des balayeuses ou autres véhicules munis de brosses rotatives afin d'enlever le sable, les déchets et les ordures;"
74205,"conduire des chasse-neige ou des camions munis d'une pale de chasse-neige afin d'enlever la neige des rues, des routes, des stationnements et des endroits similaires;"
74205,conduire de l'équipement d'entretien d'égout tel que des nettoyeurs d'égout à jet afin d'entretenir et de réparer les systèmes d'égout;
74205,"conduire des camions munis de dispositifs pour étendre le sable, le sel ou les pierres abrasives sur les routes;"
74205,utiliser des scies à chaîne et d'autre équipement de coupe d'éclaircie pour abattre des arbres et débroussailler la végétation poussant près des lignes électriques;
74205,"vérifier, lubrifier, remplir d'essence et nettoyer l'équipement et informer le superviseur de toute défectuosité."
75100,"conduire des chariots de manutention, des tracteurs ou d'autre équipement mobile afin de charger ou de décharger les navires d'objets, tels que des conteneurs, des caisses, des automobiles, des machines portées sur palettes, et les approcher des grues et des palans;"
75100,opérer des treuils ou d'autres appareils de levage pour charger et décharger des navires et d'autres bateaux;
75100,opérer des grues mécaniques servant à charger des navires de matières telles que le charbon et le minerai;
75100,"opérer de l'équipement servant à charger des marchandises en vrac, telles que des céréales, dans la cale des navires;"
75100,raccorder des tuyaux et faire fonctionner l'équipement nécessaire au transvasement des liquides dans les citernes des bateaux;
75100,"exécuter d'autres tâches telles que brêler ou fixer la cargaison à bord des navires, ouvrir et fermer les écoutilles, nettoyer la cale des navires et installer les marchandises."
75101.01,"charger, décharger et déplacer des produits et des matériaux, à la main ou à l'aide d'accessoires de manutention;"
75101.01,"remplir d'autres fonctions liées à la manutention, telles que compter, peser, trier, emballer et déballer divers produits et matériaux."
75101.01,"exécuter d'autres tâches, s'il y a lieu, telles qu'ouvrir des conteneurs et des caisses, remplir des commandes dans un entrepôt, participer à la prise d'inventaire et peser et vérifier divers articles."
75101.02,charger des appareils ménagers et des meubles dans un camion de déménagement et les décharger;
75101.02,"charger et décharger, à l'aide de treuils et d'autres appareils de levage, des camions et des wagons, sur des quais d'entrepôts et dans des établissements industriels;"
75101.02,"conduire des camions, des tracteurs, des chargeuses et d'autre matériel industriel pour assurer le déplacement d'articles à partir de véhicules de transport et de quais ou vers ceux-ci, et pour entreposer et retirer le matériel des entrepôts;"
75101.02,"raccorder des tuyaux souples ou rigides à du matériel servant à remplir et à vider des wagons-citernes, des camions-citernes ou des réservoirs de produits chimiques ou pétroliers ou d'autres fluides et faire fonctionner ce matériel;"
75101.02,"se servir de matériel de manutention de vrac pour charger ou vider des matières telles que charbon, minerai et céréales, dans des wagons, des camions ou d'autres véhicules;"
75101.02,"faire fonctionner des transporteurs, des convoyeurs et divers appareils afin de transférer des céréales ou d'autres produits des véhicules de transport aux élévateurs, aux contenants et aux aires d'entreposage;"
75110,charger et décharger des matériaux de construction et les placer dans les aires de travail;
75110,"monter et démonter des coffrages de béton, des échafaudages, des rampes d'accès, des passerelles, des étayages et des barrières sur les chantiers de construction;"
75110,"mélanger, verser et étendre des matériaux, notamment du béton et de l'asphalte;"
75110,"aider les travailleurs qualifiés, tels que les charpentiers, les briqueteurs, les cimentiers-finisseurs, les couvreurs et les vitriers, dans l'exécution de leurs travaux respectifs;"
75110,aider les conducteurs de matériel lourd à assujettir des fixations spéciales sur les machines ou aider en guidant les conducteurs lors du déplacement des machines ou autres travaux;
75110,aider à aligner des tuyaux ou faire un travail connexe pendant la construction d'oléoducs ou de gazoducs;
75110,aider au forage et au minage de roches sur les chantiers de construction;
75110,"aider les mineurs à monter et à conduire diverses machines de forage et autre machinerie de mines à ciel ouvert, et aider à l'excavation;"
75110,niveler le sol selon la pente spécifiée à l'aide de râteaux et de pelles;
75110,"aider aux travaux de démolition de bâtiments à l'aide de barres-leviers ou autres outils, et trier, nettoyer et empiler les matériaux récupérés;"
75110,"enlever les moellons et autres débris sur les chantiers de construction à l'aide de râteaux, de pelles, de brouettes et autre équipement;"
75110,"manoeuvrer des marteaux, des vibrateurs et des pilons pneumatiques selon les directives;"
75110,"alimenter les machines ou manoeuvrer le matériel utilisé sur les chantiers de construction, notamment les mélangeurs, les compresseurs et les pompes, ou en surveiller le fonctionnement;"
75110,"nettoyer les déversements de produits chimiques et d'autres contaminants, et enlever l'amiante et d'autres matériaux dangereux;"
75110,huiler et graisser des treuils et du matériel similaire;
75110,diriger la circulation sur le chantier de construction ou à proximité de ce dernier;
75110,"exécuter d'autres tâches sur les chantiers de construction, selon les directives."
75119,"déplacer des outils, de l'équipement et d'autre matériel des aires de travail;"
75119,aider à épisser les câbles aériens et souterrains de communication et de transmission d'électricité;
75119,"aider à réparer, à entretenir et à installer de la machinerie et du matériel industriels;"
75119,"aider à réparer, à entretenir et à installer du matériel de réfrigération, de chauffage et de climatisation;"
75119,"aider à réparer, à entretenir et à installer des ascenseurs;"
75119,aider à réparer et à entretenir de la machinerie fixe génératrice et distributrice d'électricité;
75119,"aider à effectuer des réparations mécaniques, électriques et à la carrosserie d'aéronefs, de wagons de chemins de fer, d'automobiles, de camions, d'autobus, d'équipement lourd et de motocyclettes;"
75119,"aider à réparer des appareils électroménagers, des petits moteurs et de l'équipement similaire;"
75119,"mélanger des engrais, des herbicides et des pesticides et charger les mélanges dans les avions pour la pulvérisation aérienne;"
75119,"aider à effectuer des tâches d'arpentage telles que tenir et déplacer les piquets et les mires, dégager les lignes d'arpentage de broussailles et de débris et transporter les outils d'arpentage aux lieux de travail;"
75119,"accomplir, au besoin, toute autre tâche élémentaire et de manoeuvre."
75200.01,prendre des passagers et les conduire à destination en taxi ou en limousine;
75200.01,"aider les passagers à transporter leurs bagages, à monter dans le véhicule et à débarquer du véhicule, et aider les passagers ayant des besoins spéciaux;"
75200.01,encaisser le prix de la course indiqué au taximètre ou le prix convenu;
75200.01,tenir les informations sur les voyages et enregistrer les opérations au comptant et à crédit;
75200.01,rester en contact avec le répartiteur;
75200.01,"nettoyer le véhicule et faire des réparations mineures, ou faire entretenir le véhicule dans un garage;"
75200.01,"fournir, au besoin, des services de ramassage et de livraison sur demande."
75200.02,"passer prendre l'employeur ou aller à sa rencontre sur demande, sur rendez-vous ou selon un horaire;"
75200.02,conduire l'employeur à destination en automobile ou en limousine;
75200.02,"faire diverses courses personnelles et courses d'affaires pour l'employeur, par exemple prendre ou déposer le courrier, les colis et les documents d'affaires;"
75200.02,"nettoyer le véhicule et faire des réparations mineures, ou faire entretenir le véhicule dans un garage."
75201,"conduire des automobiles, fourgonnettes et camions légers afin de ramasser et de livrer divers produits, tels que repas-minute, journaux, revues, pâtisseries et produits laitiers ainsi que des marchandises, comme des vêtements nettoyés à sec;"
75201,"livrer journaux, prospectus et autres articles semblables à des résidences ou à des entreprises;"
75201,inspecter le véhicule avant et après le voyage;
75201,planifier les horaires de livraison et les voies normales;
75201,"charger et décharger la cargaison, les biens ou les marchandises;"
75201,"fournir du service à la clientèle en vendant des produits, en livrant les produits suivant un itinéraire établi, et en payant ou se faisant payer pour les produits;"
75201,"noter l'information concernant les cueillettes et les livraisons, le kilométrage du véhicule et le coût de l'essence, et signaler tout incident ou problème rencontré;"
75201,"effectuer, s'il y a lieu, le dépouillement et le tri des marchandises et de la cargaison en vue de la livraison;"
75201,"assembler; installer ou monter, s'il y a lieu, les biens ou les marchandises livrées;"
75201,"communiquer, au besoin, avec le répartiteur central au moyen d'équipement de communication sans fil."
75210.01,utiliser des systèmes de communication ou des porte-voix pour contrôler le mouvement des navires dans les environs des écluses;
75210.01,actionner des commandes pour ouvrir ou fermer les portes d'écluses;
75210.01,"actionner des commandes pour lever, abaisser ou faire pivoter le pont;"
75210.01,observer le passage des navires dans les écluses.
75210.02,indiquer aux passagers qu'ils peuvent embarquer et débarquer et diriger le chargement des véhicules;
75210.02,conduire le bac à câble à travers les voies navigables étroites;
75210.02,"exécuter des travaux d'entretien routiniers et des réparations au moteur, aux câbles et aux treuils."
75210.03,"actionner des commandes pour ajuster le niveau de l'appontement, placer ou enlever la passerelle de débarquement, ouvrir ou fermer les portes et les barrières et sécuriser ou enlever les dispositifs d'accostage;"
75210.03,indiquer aux passagers qu'ils peuvent embarquer et débarquer et diriger le chargement des véhicules;
75210.03,"percevoir, au besoin, les billets ou le prix du passage auprès des passagers."
75210.04,"gouverner des bateaux à moteur, des vedettes, des petits bacs et traversiers et d'autres bateaux semblables pour assurer le transport de passagers et de marchandises;"
75210.04,"entretenir les bateaux et l'équipement à bord tels que les moteurs, les treuils, les mâts de charge, les extincteurs et le matériel de sauvetage;"
75210.04,"exécuter, s'il y a lieu, d'autres tâches telles que vérifier les déversements d'huile ou d'autres polluants dans les ports et leurs environs, surveiller les plages et mesurer la profondeur de l'eau."
75211.01,"transporter les outils et le matériel sur un wagonnet à bras ou une draisine, et aider les travailleurs d'entretien de la voie ferrée à installer, à entretenir et à réparer les rails de la voie ferrée;"
75211.01,couper l'herbe et les broussailles le long de la voie ferrée à l'aide d'une faux et d'une débroussailleuse;
75211.01,vérifier les wagons de marchandises pour déterminer s'ils sont endommagés et s'ils sont propres.
75211.02,aider les chauffeurs de camions et de voitures de livraison à charger et à décharger les véhicules;
75211.02,exécuter des tâches de manoeuvres dans des entrepôts.
75212,"nettoyer et entretenir les trottoirs, les rues, les routes et les terrains publics des municipalités et d'autres lieux, comme membres d'une équipe de travail;"
75212,"balayer les détritus et enlever la neige encombrant les rues, les trottoirs, les terrains d'immeubles, et d'autres lieux, et charger la neige et les détritus dans des chariots ou des camions;"
75212,"charger du ciment et d'autres matériaux à la pelle dans une bétonnière, étendre du béton et de l'asphalte à l'aide de pelles, de râteaux et de lisseurs, et exécuter d'autres tâches pour aider à l'entretien et à la réfection des routes;"
75212,répandre du sable ou du sel sur les trottoirs pour faire fondre la neige et la glace;
75212,creuser des fossés et des tranchées à la pelle ou à l'aide d'autres outils manuels;
75212,utiliser des marteaux pneumatiques et des tamponnoirs pour briser les surfaces pavées;
75212,charger et décharger le matériel et l'équipement des camions;
75212,recueillir l'argent des parcomètres situés le long d'un parcours préétabli;
75212,ramasser et charger les déchets sur les camions;
75212,aider les conducteurs d'équipement à vérifier les attaches de l'équipement ou des camions;
75212,aider à l'entretien courant et à la réparation du matériel;
75212,"aider des ouvriers qualifiés tels les menuisiers, les plombiers et les mécaniciens;"
75212,"conduire, s'il y a lieu, des véhicules destinés au nettoyage des trottoirs."
80010,"surveiller et analyser les activités dans l'exploitation des forêts, des chantiers d'abattage d'arbres, des mines, des carrières, du pétrole et du gaz, ou dans la prestation des services aux industries forestières, minières, gazières et pétrolières ou dans la pêche commerciale;"
80010,recommander à la haute direction les changements opérationnels qui s'imposent pour que les prévisions de production et les procédures soient respectées;
80010,rédiger des rapports de production à l'intention de la haute direction;
80010,"s'entretenir avec d'autres directeurs pour décider des prévisions de production, pour planifier les sites d'extraction et élaborer une ligne de conduite pour l'extraction de matières premières;"
80010,"évaluer l'efficacité des sites de production afin de déterminer si le personnel, le matériel et les techniques utilisés sont suffisants, apporter des changements aux horaires de travail et modifier le matériel au besoin;"
80010,assurer le respect des règles de sécurité;
80010,embaucher du personnel et assurer sa formation;
80010,"diriger, s'il y a lieu, des travaux connexes comme la construction de voies d'accès et de logements temporaires."
80020,"diriger l'ensemble des activités d'une ferme, d'un ranch ou d'un verger;"
80020,déterminer le genre et la quantité de cultures à cultiver ainsi que les espèces d'animaux à élever;
80020,"organiser et coordonner l'ensemencement, la culture et la récolte des produits; élever du bétail, de la volaille et d'autres animaux;"
80020,engager et gérer le personnel agricole;
80020,établir un programme de commercialisation;
80020,établir et tenir des registres de production et des registres financiers;
80020,"acheter des machines agricoles, des animaux, des semences, du fourrage et divers approvisionnements;"
80020,maintenir en bon état les machines et le matériel agricole et les bâtiments;
80020,effectuer des travaux agricoles;
80020,"Collecter et utiliser, s’il y a lieu, des données et des outils et de l’équipement de technologie numérique pour améliorer la pérennité de la ferme."
80021,"planifier, organiser, diriger et contrôler les activités de pépinières et de serres;"
80021,"établir les conditions environnementales requises pour cultiver des arbres, des arbustes, des fleurs et des plantes et préparer les calendriers de plantation et de soin en conséquence;"
80021,déterminer le genre et la quantité de produits à cultiver;
80021,"surveiller le personnel qui s'occupe de planter, de transplanter, de fertiliser et de vaporiser les produits;"
80021,"identifier et contrôler les insectes, les maladies et les mauvaises herbes;"
80021,élaborer des plans de marketing;
80021,"renseigner les clients sur les techniques de jardinage et l'entretien des arbres, des arbustes, des fleurs, des plantes et des pelouses;"
80021,"commander du matériel et des produits tels que des engrais, du matériel d'entretien de pelouses et de jardins et d'autres accessoires de pépinière et de serre;"
80021,"embaucher et gérer le personnel, voir à sa formation et établir les horaires de travail;"
80021,"tenir les registres de l'inventaire, des finances et du personnel."
80022,"gérer l'ensemble des activités d'alevinières, d'établissements piscicoles ou d'autres établissements aquacoles;"
80022,"déterminer les besoins des espèces à élever, choisir des lieux propices à leur élevage et en surveiller la préparation;"
80022,coordonner la sélection et le maintien des stocks géniteurs;
80022,déterminer les besoins nutritifs et élaborer les régimes alimentaires;
80022,surveiller l'environnement et maintenir des conditions optimales;
80022,diriger et surveiller l'inspection des stocks pour déceler les maladies ou les parasites et utiliser des substances médicinales prescrites pour contrôler et prévenir l'infection;
80022,conduire et entretenir le matériel d'élevage et de récolte;
80022,recueillir et enregistrer des données de croissance et de production;
80022,gérer et former le personnel de soutien des établissements aquacoles et des alevinières et superviser les techniciens et les technologues;
80022,"mettre à jour les registres financiers et établir des stratégies commerciales, des méthodes d'évaluation des stocks et de contrôle de la qualité;"
80022,"plonger en scaphandre, s'il y a lieu, pour inspecter les activités de mariculture;"
80022,"concevoir et construire, s'il y a lieu, des enclos, des stations flottantes et des cordons collecteurs ou des barrières pour la mariculture."
82010,superviser et coordonner les activités des travailleurs engagés dans des opérations forestières souvent réparties sur divers chantiers et sur une superficie de plusieurs kilomètres;
82010,"surveiller les activités de sylviculture telles que scarifier, planter et contrôler la végétation;"
82010,"planifier les horaires des équipes de travail, l'équipement et les moyens de transport nécessaires sur plusieurs chantiers;"
82010,résoudre les problèmes reliés au travail et recommander des mesures afin d'améliorer les méthodes de travail;
82010,"renseigner les travailleurs sur la sécurité, reconnaître les conditions de travail dangereuses et modifier les procédures de travail;"
82010,voir à ce que les règlements gouvernementaux soient observés;
82010,"communiquer avec le personnel technique, professionnel et cadre, concernant l'exploitation forestière et les plans d'aménagement forestier, les procédures et les horaires;"
82010,rédiger des rapports de production et d'autres rapports;
82010,embaucher et former de nouveaux travailleurs.
82020,"superviser, coordonner et planifier les activités des travailleurs qui extraient du charbon, des minéraux et des minerais, qui utilisent des convoyeurs et qui exécutent d'autres tâches à l'appui des travailleurs des mines souterraines, de même que les conducteurs d'équipement lourd, les foreurs, les dynamiteurs et les autres travailleurs des mines et des carrières à ciel ouvert;"
82020,"établir des méthodes de travail permettant de respecter les calendriers d'exécution et consulter la direction, le personnel technique, les autres services et les entrepreneurs afin de résoudre les problèmes et de coordonner les travaux;"
82020,veiller à la sécurité des opérations dans les mines et les carrières;
82020,résoudre les problèmes reliés au travail et recommander des mesures afin d'améliorer la productivité;
82020,commander du matériel et des fournitures;
82020,"former des travailleurs quant à leurs tâches, aux normes de sécurité et aux politiques de la compagnie;"
82020,"recommander des mesures de gestion du personnel, telles que l'embauche et les promotions;"
82020,rédiger des rapports de production et d'autres rapports.
82021,"superviser, coordonner et planifier le travail des ouvriers spécialisés dans le forage de puits de pétrole et de gaz, la conduite de montages d'entretien ou l'entretien et la réparation de puits de pétrole et de gaz;"
82021,établir des méthodes de travail permettant de respecter les calendriers d'exécution et coordonner le travail avec les autres services;
82021,commander et acquérir du matériel et des fournitures;
82021,s'assurer que les mesures de contrôle appropriées sont en place pour protéger la santé et la sécurité des travailleurs;
82021,résoudre les problèmes reliés au travail et recommander des mesures afin d'améliorer la productivité et la sécurité;
82021,"former des travailleurs quant à leurs tâches, aux normes de sécurité et aux politiques de la compagnie;"
82021,"recommander des mesures de gestion du personnel, telles que l'embauche et les promotions;"
82021,"examiner, vérifier et approuver les documents administratifs et remplir la documentation appropriée;"
82021,rédiger des rapports de production et d'autres rapports;
82021,"installer, s'il y a lieu, des machines et du matériel."
82030.01,Les entrepreneurs de services agricoles
82030.01,"fournir des services agricoles reliés à l'élevage du bétail tels que l'insémination artificielle, l'arrosage ou la tonte du bétail ou la désinfection des cages, des granges ou des poulaillers;"
82030.01,"fournir des services reliés aux récoltes tels que le labourage, l'irrigation, la culture des sols, la pulvérisation ou la récolte des produits;"
82030.01,participer au développement et à la mise en oeuvre de procédures de sécurité sur la ferme et de biosécurité;
82030.01,embaucher et assurer la formation du personnel;
82030.01,négocier les conditions des services à fournir;
82030.01,tenir des registres financiers et d'exploitation;
82030.01,"fournir, s'il y a lieu, des services ou opérer la machinerie et l'équipement;"
82030.01,"opérer et réparer, s’il y a lieu, la technologie numérique et les outils et l’équipement de communication, tels que les systèmes de traite robotisés et les systèmes de localisation GPS."
82030.02,Les surveillants d'exploitations agricoles
82030.02,"coordonner, assigner et superviser le travail des ouvriers  spécialisés dans l'élevage, des opérateurs de machinerie agricole, des manoeuvres en soins du bétail et des manoeuvres à la récolte;"
82030.02,"superviser et surveiller des programmes d'élevage et d'autres programmes liés au bétail, et veiller à leur mise en oeuvre;"
82030.02,"superviser, surveiller et faire respecter les procédures visant à maintenir la santé et le bien-être du bétail et la santé des cultures;"
82030.02,"superviser et surveiller des opérations de culture et d'autres programmes liés à la récolte, et veiller à leur mise en oeuvre;"
82030.02,"superviser l'entretien des infrastructures, de l'équipement et des fournitures;"
82030.02,élaborer des calendriers de travail et établir les méthodes;
82030.02,"assurer le respect des procédures de sécurité sur la ferme, de salubrité et de sécurité alimentaire et de biosécurité;"
82030.02,tenir des registres de la production et du contrôle de la qualité;
82030.02,"exécuter, s'il y a lieu, des tâches agricoles générales;"
82030.02,"opérer et réparer, s’il y a lieu, la technologie numérique et les outils et l’équipement de communication, tels que les systèmes de traite robotisés et les systèmes de localisation GPS."
82031,"superviser et coordonner les activités des ouvriers qui entretiennent des pelouses, des jardins, des terrains d'athlétisme, des terrains de golf, des cimetières, des parcs, des aménagements paysagers intérieurs et d'autres endroits aménagés;"
82031,soumissionner des contrats d'aménagement paysager et de travaux d'entretien de terrains;
82031,prévoir et estimer les besoins en matériaux et en main-d'oeuvre pour les contrats individuels;
82031,"organiser la plantation et l'entretien d'arbres, de jardins, de pelouses, d'arbustes et de haies et la construction et l'installation de clôtures, de terrasses, d'allées et de murs de soutènement;"
82031,établir les horaires de travail et les procédures et coordonner les activités avec les autres équipes de travail;
82031,résoudre les problèmes reliés au travail ainsi que rédiger et soumettre des rapports sur l'avancement des travaux et d'autres rapports;
82031,commander du matériel et des fournitures;
82031,tenir à jour les dossiers financiers et du personnel;
82031,embaucher le personnel et former les ouvriers quant à leurs tâches et aux politiques de l'entreprise;
82031,"gérer, s'il y a lieu, les opérations de leurs propres établissements;"
82031,"fournir, s'il y a lieu, des services de déneigement durant les mois d'hiver;"
82031,"accomplir, au besoin, les mêmes tâches que les ouvriers supervisés."
83100,installer et utiliser des foreuses pour exécuter une série déterminée de trous de mines;
83100,"utiliser des foreuses à diamant ou d'autres foreuses spécialisées, telles que des foreuses de montage, pour évaluer les formations géologiques ou pour construire des passages souterrains;"
83100,"installer et utiliser des machines de mine pour abattre le charbon, le roc ou le minerai du front de taille;"
83100,"placer les charges explosives, régler les amorces et détoner les explosifs pour réaliser les schémas de tir et la fragmentation du roc désirés dans les mines souterraines;"
83100,"conduire une benne minière, une chargeuse-déchargeuse, ou une chargeuse mécanique, afin de charger le minerai et de le transporter des galeries horizontales, des galeries chassantes et des passages verticaux jusqu'aux cheminées de minerais;"
83100,"exécuter les tâches nécessaires pour assurer la sécurité et permettre l'avancement des opérations d'extraction, notamment détacher les blocs instables des parois et du plafond, creuser des trous et installer des tirants d'ancrage, rallonger et mettre en place des canalisations d'air et d'eau, conduire des appareils de chargement du minerai, inspecter les puits de mine, faire fonctionner les treuils qui transportent les travailleurs, l'équipement et les matériaux dans les puits de mine, et construire des étançons et des boisages au besoin;"
83100,effectuer l'entretien régulier du matériel d'extraction.
83101.01,Les foreurs et les fournisseurs de services d'entretien des puits de pétrole et de gaz
83101.01,"diriger les travaux des équipes de montage de derrick, de forage, de parachèvement ou d'entretien des puits d'exploration et des puits producteurs;"
83101.01,actionner les commandes des foreuses et des engins de forage et de levage;
83101.01,"former des équipes de forage ou de montage, ou veiller à leur formation;"
83101.01,tenir des registres des opérations de forage et des travaux d'entretien;
83101.01,s'assurer que les consignes de sécurité soient observées.
83101.02,Les travailleurs en diagraphie et en mise à l'essai des puits et travailleurs assimilés
83101.02,conduire des camions d'entretien ou de forage au chantier;
83101.02,"assembler et fixer le matériel, les outils et les appareils d'enregistrement à la masse-tige et au câble de forage, afin d'effectuer les travaux et les essais requis;"
83101.02,"actionner les câbles de forage ou les appareils de contrôle pour abaisser, positionner et récupérer le matériel et les instruments, ou diriger l'utilisation de ces câbles et appareils;"
83101.02,"faire fonctionner des appareils d'enregistrement et des ordinateurs à partir d'unités mobiles d'essai et de diagraphie, afin de recueillir des données;"
83101.02,"procéder, au besoin, à une interprétation limitée des données."
83110,Les opérateurs de câbles forestiers
83110,Conduisent des engins pour transporter les arbres des chantiers d'abattage d'arbres à l'aire de déchargement ou de chargement dans les régions montagneuses de l'ouest du pays.
83110,Les conducteurs d'abatteuses-tronçonneuses-porteuses
83110,"évaluent le site et le terrain, et conduisent des engins lourds pour un grand nombre de travaux de chantier, tels que l'abattage d'arbres, le débroussaillage, le tronçonnage, l'empilage et le transport aux zones d'exploitation forestière."
83110,Les conducteurs d'ébrancheuses-tronçonneuses et de chargeuses d'arbres
83110,"conduisent divers engins servant au débroussaillage, au tronçonnage, à l'écorçage, au triage et au chargement des grumes ou des arbres sur le chantier."
83120,commander des bâtiments de pêche pour pêcher du poisson et d'autres animaux marins;
83120,"déterminer les lieux de pêche, fixer le cap et faire le point au moyen de compas, de cartes, d'abaques et autres instruments;"
83120,gouverner des navires et utiliser des instruments de navigation et des aides de pêche électroniques tels que des échosondeurs et des lectures de carte;
83120,diriger la pêche et surveiller les activités de l'équipage;
83120,"enregistrer les progrès de pêche, les activités de l'équipage, les conditions météorologiques et de la mer au journal de bord;"
83120,sélectionner et former l'équipage du navire.
83121,exploiter un bâtiment de pêche en vue de capturer du poisson et autres faunes marines;
83121,"choisir les lieux de pêche, fixer le cap et faire le point au moyen de compas et de cartes ou d'aides de pêche électroniques;"
83121,gouverner le navire et utiliser des instruments de navigation;
83121,"utiliser des engins de pêche, diriger la pêche et superviser les activités des membres de l'équipage;"
83121,"entretenir le moteur, les agrès de pêche et l'équipement de bord;"
83121,"tenir un registre des activités de pêche, des conditions météorologiques et de l'état de la mer;"
83121,évaluer les coûts d'exploitation et préparer un budget pour chaque saison de pêche;
83121,établir un plan de commercialisation du poisson et tenir des registres de toutes les transactions financières;
83121,"transporter, s'il y a lieu, le poisson aux usines de traitement ou le livrer aux acheteurs."
84100,faire fonctionner et entretenir les cheminées à minerai ou les convoyeurs pour régulariser l'acheminement du minerai et du charbon dans une mine souterraine;
84100,"utiliser différents engins de construction tels que des bouteurs, des niveleuses ou des rétrocaveuses pour construire et entretenir des passages et des galeries de roulage souterrains;"
84100,"construire et réparer des soutènements et des charpentes en bois ou en métal, comme des cloisons, des plates-formes, des portes et des glissières, à l'aide d'outils de construction et d'extraction;"
84100,mettre en place et rallonger les réseaux de ventilation et d'eau et les installations minières connexes;
84100,aider les mineurs à monter et à faire fonctionner diverses machines de forage et d'autres machines pour exploitation minière;
84100,"fournir et maintenir la distribution d'approvisionnement en sable, en roche ou d'autres matériaux;"
84100,"faire fonctionner de l'équipement de roulage sur piste électrique ou diesel tels que des trains de minerai, pour transporter le personnel et les matériaux, afin d'acheminer le minerai à partir des cheminées au concasseur primaire ou au skip;"
84100,"faire l'entretien des aires d'entreposage ainsi que des matériaux et de l'outillage, tels que les explosifs, les fleurets, les extincteurs, les lampes et les batteries d'accumulateurs;"
84100,effectuer l'entretien routinier de l'équipement.
84101.01,"utiliser de l'équipement, de l'information et des cartes spécialisées pour déterminer et documenter l'emplacement de pipelines et d'autres services d'utilité publique sous-terrains, en préparation pour des projets de prospection séismique et pour des projets de forage;"
84101.01,"aligner et manipuler des sections de la tige de forage à partir de l'une des plates-formes du derrick, pendant l'enlèvement ou le remplacement d'une série de tiges de forage, d'un trépan ou d'une masse-tige;"
84101.01,"faire fonctionner et entretenir les systèmes de boue de forage et les pompes en cours de forage, et procéder au mélange de boue, d'agents chimiques et d'additifs;"
84101.01,noter les débits et les volumes de boue et prélever des échantillons;
84101.01,faire fonctionner et entretenir les moteurs diesels des appareils de forage fournissant l'énergie motrice ainsi que les organes de transmission et les autres organes mécaniques;
84101.01,"participer au montage, au démontage et au transport des derricks et des montages d'entretien;"
84101.01,superviser les ouvriers de plate-forme et les manoeuvres.
84101.02,conduire jusqu'au chantier les camions destinés à l'entretien des puits;
84101.02,assembler le matériel de pompage et raccorder les pompes et les tuyaux à la tête de puits;
84101.02,"faire fonctionner les systèmes hydrauliques pour pomper les agents chimiques, les gaz, les sables, les ciments ou d'autres matériaux à l'intérieur des puits;"
84101.02,"lire les instruments pour vérifier la pression, la densité, le débit et la concentration et régler les débits en conséquence;"
84101.02,"mélanger, au besoin, des agents chimiques et des ciments."
84110,"utiliser des scies à chaîne pour abattre, ébrancher et tronçonner des arbres sur les chantiers et aux postes de déchargement;"
84110,"conduire des débardeurs à pinces ou des treuils pour déplacer ou débusquer les arbres abattus hors du chantier jusqu'aux aires de déchargement, aux fins de traitement ou d'expédition;"
84110,"évaluer les lieux, le terrain et les conditions météorologiques avant d'abattre et de débusquer des arbres;"
84110,"travailler, au besoin, comme membre d'équipe qui alterne entre faire fonctionner des scies à chaîne et des engins de débardage;"
84110,"faire l'entretien, au besoin, des débardeurs, des scies à chaîne et des autres équipements et effectuer des réparations mineures."
84111,"étudier l'emplacement, choisir des jeunes arbres et les planter dans des zones de reforestation en se servant des outils à main appropriés;"
84111,utiliser une scie à chaîne pour élaguer et espacer les arbres dans les zones de reforestation;
84111,utiliser une scie à chaîne pour éclaircir les jeunes peuplements d'arbres;
84111,"contrôler la pousse des mauvaises herbes et du sous-bois dans les peuplements de reboisement, à l'aide de produits chimiques et d'outils à main;"
84111,compléter des rapports sur les incendies de forêt et entretenir le matériel de lutte contre les incendies;
84111,"creuser des tranchées, couper des arbres et pomper de l'eau aux endroits qui brûlent pour combattre les feux de forêt, sous la direction de l'agent de suppression des incendies de forêt ou du technicien en foresterie;"
84111,"utiliser des engins de débardage, des bouteurs ou d'autres engins à force motrice, et en faire l'entretien, afin de tirer une gamme variée d'équipement de scarification et de préparation de terrain sur les endroits à reboiser;"
84111,"effectuer d'autres tâches dans le domaine de la sylviculture, telles que recueillir des cônes, émonder des arbres, participer aux études sur la plantation et marquer les arbres qui exigeront une intervention future."
84120.01,effectuer ou assister aux activités d’élevage des animaux de ferme;
84120.01,mettre en œuvre des pâturages ou des programmes d’accouplement en parquets;
84120.01,élaborer et mettre en oeuvre des programmes alimentaires;
84120.01,assurer le respect des procédures de sécurité et de biosécurité;
84120.01,déceler et traiter certaines maladies et les problèmes de santé du bétail;
84120.01,tenir des registres de performance du bétail;
84120.01,sélectionner le bétail à vendre;
84120.01,"installer et contrôler les conduites d'eau et les dispositifs d'aération et de régulation de la température dans des granges, des enclos et des poulaillers;"
84120.01,dresser les chevaux;
84120.01,tenir l’inventaire et commander des fournitures au besoin;
84120.01,"être responsable, au besoin, de la collecte de sperme et de l’insémination des femelles donneuses;"
84120.01,"superviser, s’il y a lieu, les ouvriers agricoles."
84120.02,"faire fonctionner l'équipement et les machines agricoles pour labourer le sol, planter, cultiver et récolter les cultures, et charger et décharger les cultures ou les conteneurs de matériaux;"
84120.02,effectuer la maintenance des équipements et des machines;
84120.02,surveiller les opérations des machines et des équipements pour détecter les dysfonctionnements;
84120.02,assurer le respect des procédures de sécurité;
84120.02,"effectuer, s’il y a lieu, des réparations mineures aux machines et équipements agricoles."
84121,"préparer des filets, des lignes et d'autres agrès de pêche et utiliser de l'équipement de pêche pour capturer des poissons et d'autres animaux marins;"
84121,"trier, remettre à l'eau les espèces protégées, vider et empiler le poisson dans la glace et l'entreposer dans la cale;"
84121,"raccommoder des filets, remplacer des lignes et entretenir des agrès de pêche et d'autre équipement de pont;"
84121,laver les ponts et les cales à poisson;
84121,s'occuper des ancres et des amarres durant l'accostage et l'appareillage;
84121,"diriger, s'il y a lieu, les vaisseaux pour les aller et retour aux lieux de pêche;"
84121,"préparer et faire cuire, s'il y a lieu, des repas pour les membres de l'équipage."
85100,"nourrir et soigner le bétail, la volaille et d'autres animaux;"
85100,traire les animaux tels que les vaches et les chèvres manuellement ou avec une machine;
85100,"trier, marquer et gérer les animaux;"
85100,"entretenir ou aider à l’entretien des installations et des infrastructures agricoles, y compris le nettoyage des étables, des granges des cours et des enclos;"
85100,aider aux activités de reproduction;
85100,"surveiller, au besoin, la santé des animaux et leur fournir des soins;"
85100,"préparer, au besoin, les animaux pour leur transport;"
85100,"opérer et entretenir, au besoin, des machines et du matériel agricole."
85101,préparer et irriguer le sol;
85101,"planter, fertiliser, réduire et récolter les cultures;"
85101,récolter les cultures en rangée et les fruits des vergers;
85101,"trier, peser et empaqueter des fruits et des légumes à la ferme;"
85101,"charger, décharger et transporter des caisses, des provisions et des produits agricoles destinés au transport;"
85101,"nettoyer des grilles, des plateaux et des bennes de récolte et faire le nettoyage général des endroits réservés à la culture, à la production et à l'emballage;"
85101,"aider à l'entretien général de la ferme, du matériel et des outils;"
85101,"préparer, au besoin, les planches de jardin pour la plantation;"
85101,"rédiger, s'il y a lieu, des rapports d'étape quotidiens relatifs à l'inventaire des récoltes effectuées."
85102,aider les techniciens en aquaculture dans l'exploitation d'alevinières ou d'autres établissements aquacoles;
85102,"nourrir les stocks aquacoles, vacciner les stocks, appliquer des techniques d'élimination sélective et de marquage ou de bande, et signaler toute irrégularité dans les stocks;"
85102,"opérer, entretenir et nettoyer les pompes, les filtres, les bassins et autre matériel aquacole, et nettoyer et entretenir les enceintes du parc aquacole;"
85102,"tenir un registre quotidien des mouvements d'eau et des échantillons de poissons, de crustacés, de coquillages ou de plantes marines;"
85102,classer et peser les stocks piscicoles;
85102,préparer les stocks aquacoles en vue de leur vente sur le marché;
85102,"ramasser des algues ou de la mousse d'Irlande sur des plages, dans des rochers ou en eau peu profonde et les déposer dans des paniers, des chariots ou d'autres récipients;"
85102,répandre des algues pour les faire sécher et en retirer les corps étrangers;
85102,transporter les algues à l'usine de conditionnement;
85102,"creuser pour recueillir des myes des bancs à l'aide d'une pelle, d'une fourche, ou d'autres instruments, ou ramasser d'autres coquillages;"
85102,"nettoyer, trier et transporter les coquillages aux points de vente;"
85102,"conduire des bateaux, s'il y a lieu, dans les activités d'aquaculture."
85103,"préparer le sol, planter des bulbes, des graines et des boutures, greffer et faire bourgeonner des plantes et transplanter des semis de fleurs, d'arbres et d'arbustes et des boutures racinées;"
85103,"surveiller les plantes afin d'assurer leur saine croissance et de déceler les problèmes potentiels de mauvaises herbes, d'insectes, de maladie ou d'engrais pour les cultures sous serre;"
85103,"vaporiser les arbres, les arbustes, les fleurs et les plantes pour les protéger contre les maladies et les insectes;"
85103,"positionner et régler les systèmes d'irrigation à l'extérieur et dans les serres, pour arroser les plantes et les champs;"
85103,"déterrer, couper et transplanter des arbres, des arbustes, des fleurs et des plantes, et les préparer pour la vente;"
85103,"renseigner les clients sur les techniques de jardinage, l'utilisation des outils et les différents produits de jardin et le soin des arbres, des arbustes, des fleurs, des plantes et des pelouses;"
85103,"conduire, s'il y a lieu, des tracteurs et d'autres machines et équipements pour fertiliser, cultiver, moissonner et vaporiser les champs et les plantes;"
85103,tenir l'inventaire et commander des fournitures au besoin;
85103,nettoyer les espaces de travail.
85104,mettre des appâts dans des pièges et les placer le long de sentiers;
85104,"conduire des petites embarcations ou des motoneiges ou se déplacer à pied, en raquettes ou en skis pour inspecter les parcours du piégeage ou pour se rendre à des zones de chasse;"
85104,"retracer les animaux en observant et en reconnaissant les pistes, les sentiers, les déjections d'animaux ou la végétation endommagée;"
85104,retirer les animaux capturés et replacer les pièges;
85104,"abattre et écorcher les animaux capturés pour en garder la peau, et traiter et emballer les peaux pour les mettre sur le marché ou pour les transporter aux ventes aux enchères publiques;"
85104,abattre des animaux sauvages au moyen d'armes à feu ou d'autres armes;
85104,piéger des animaux vivants pour les vendre ou les déplacer;
85104,s'occuper de l'entretien et des réparations du matériel de piégeage ou de chasse;
85104,entretenir les sentiers et l'accès aux parcours de piégeage ou de chasse;
85104,piéger des animaux désignés pour une prime ou pour des programmes de contrôle;
85104,"dresser, au besoin, les chiens pour la chasse;"
85104,"contrôler, au besoin, la population animale dans les régions de piégeage ou de chasse pour assurer la viabilité de la ressource."
85110,participer avec d'autres travailleurs miniers à l'entretien ou à la construction d'installations souterraines;
85110,"nettoyer des chambres et des voies souterraines, des aires de travail et du matériel minier et de convoyage à l'aide d'outils manuels;"
85110,"charger, déplacer, trier et empiler des matériaux et des fournitures;"
85110,dégager les amoncellements de minerais ou de charbon en se servant d'outils manuels ou mécaniques;
85110,peut couper des carottes et préparer des boîtes d'échantillons afin d'appuyer l'exploration minière;
85110,assister les autres travailleurs dans la prospection de gisements miniers et exécuter diverses tâches générales reliées aux levées géophysiques.
85111,"manipuler des sections de tiges de forage ou de masses-tiges aux niveaux des plateformes lors du forage et durant l'enlèvement et le remplacement des garnitures de forage, des masses-tiges et des trépans;"
85111,assurer l'entretien de l'équipement de forage sur les plateformes;
85111,"manipuler, trier et déplacer des outils, du tubage, du ciment et d'autres matériaux;"
85111,nettoyer les surfaces de travail des plateformes;
85111,"aider à mettre en place, à démonter et à transporter des plateformes, de l'équipement de forage et des montages d'entretien;"
85111,"conduire des camions pour transporter, au besoin, de l'équipement de service et des matériaux."
85120,aider d'autres travailleurs aux chantiers;
85120,fixer des élingues ou des câbles aux arbres abattus pour les débusquer;
85120,planter des arbres au moyen d'outils à main;
85120,vaporiser des herbicides au sol en utilisant de l'équipement manuel de vaporisation;
85120,"débroussailler, à l'aide de scies à chaîne, afin d'aménager des pistes;"
85120,dégager et nettoyer les aires de chargement sur le chantier.
85121,"étendre de la terre arable, poser des plaques de gazon, planter des fleurs, du gazon, des arbustes et des arbres, et exécuter d'autres tâches afin de collaborer à la construction d'un aménagement paysager et des structures connexes;"
85121,"tondre le gazon, râteler, aérer, déchaumer, fertiliser et arroser les pelouses, désherber les jardins, tailler les arbustes et les arbres et exécuter d'autres tâches d'entretien sous la surveillance du superviseur;"
85121,entretenir les pelouses et le gazon aux abords des routes
85121,"utiliser et entretenir des tondeuses, des tracteurs, des scies à chaîne, des cisailles électriques, des couteaux à pelouses, des scies à émonder, des déneigeuses et d'autres outils pour l'entretien des terrains;"
85121,"pulvériser et répandre, sous surveillance, des produits sur les arbres, les arbustes, les pelouses et les jardins pour les protéger contre les insectes et les maladies;"
85121,exécuter d'autres tâches manuelles pour nettoyer et entretenir l'environnement paysager.
90010,"planifier, organiser, diriger, contrôler et évaluer les activités d'usines de fabrication ou les services de l'exploitation ou de la production à l'intérieur d'usines de fabrication;"
90010,"élaborer et mettre en oeuvre des programmes visant à assurer l'utilisation efficace des matériaux, de la main-d'oeuvre et de l'équipement afin d'atteindre les objectifs de production fixés;"
90010,préparer et gérer les budgets des usines ou des services de production;
90010,préparer des calendriers de production et tenir l'inventaire des matières premières et des produits finis;
90010,"prévoir et apporter des changements aux machines et à l'équipement, au système de production et aux méthodes de travail;"
90010,diriger un système de contrôle de la qualité et mettre en place des méthodes de rapports sur la production;
90010,préparer des calendriers d'entretien de l'équipement et recommander le remplacement des machines;
90010,embaucher et superviser les employés et leur donner de la formation liée à l'utilisation du nouvel équipement ou aux techniques de production ou surveiller leur formation.
90011.01,"gèrent les procédés de filtration et d'épuration des eaux et les opérations de pompage, planifient et surveillent l'entretien de l'équipement de l'usine, et rédigent des rapports sur l'approvisionnement en eau et la qualité de l'eau."
90011.02,"gèrent les opérations des systèmes de distribution d'électricité y compris les centrales électriques, les postes de transmission et les réseaux de distribution d'électricité, et planifient et dirigent, s'il y a lieu, les activités de distribution d'une entreprise d'électricité municipale."
90011.03,"gèrent la livraison de gaz aux consommateurs, vérifient les stocks et contrôlent l'enregistrement des livraisons et des retraits;"
90011.03,planifient et dirigent la distribution de mazout de chauffage aux détaillants et aux entrepôts régionaux.
90011.04,"gèrent des systèmes d'une usine de traitement des eaux usées, planifient et dirigent l'entretien du matériel de l'usine, et rédigent des rapports sur la qualité de l'eau."
90011.05,"gèrent des systèmes de collecte et d'élimination des déchets solides ou liquides, assurent la formation des conducteurs à la manutention des déchets, et assurent l'exploitation sécuritaire des installations d'élimination des déchets."
92010,"superviser, coordonner et planifier les activités des travailleurs qui accomplissent les tâches suivantes : faire fonctionner des machines à une ou plusieurs fonctions ou de l'équipement de traitement des minerais et des métaux; actionner des machines à mouler et à noyauter ou fabriquer, à la main, des moules et des noyaux; faire fonctionner des machines de contrôle du traitement, de formage et de finissage du verre; manoeuvrer des machines de formage et de finissage des produits en béton, en argile et en pierre; et faire fonctionner des machines et de l'équipement de contrôle du traitement du ciment;"
92010,établir des méthodes permettant de respecter les échéances et coordonner les activités avec les autres sections;
92010,commander du matériel et des fournitures;
92010,résoudre les problèmes reliés au travail et recommander des mesures afin d'améliorer la productivité et la qualité des produits;
92010,"former des travailleurs quant à leurs tâches, aux normes de sécurité et aux politiques de la compagnie;"
92010,"recommander des mesures de gestion du personnel, telles que l'embauche et les promotions;"
92010,rédiger des rapports de production et d'autres rapports;
92010,"régler, au besoin, des machines et de l'équipement."
92011,"superviser, coordonner et planifier les activités des travailleurs qui font fonctionner les raffineries de pétrole, les usines de produits chimiques, l'équipement et les usines de traitement de l'eau et des déchets, les pipelines, les centrales thermiques et électriques et leurs systèmes;"
92011,"mener des enquêtes et identifier, corriger et documenter les problèmes environnementaux et de sécurité;"
92011,établir des méthodes permettant de respecter les échéances et coordonner les activités avec les autres services;
92011,résoudre les problèmes reliés au travail et recommander des mesures afin d'améliorer la productivité et la qualité des produits;
92011,donner de l'information sur les plans d'entretien afin d'assurer le respect des objectifs d'entretien et de production;
92011,commander du matériel et des fournitures;
92011,"former des travailleurs quant à leurs tâches, aux normes de sécurité et aux politiques de la compagnie;"
92011,"recommander des mesures de gestion du personnel, telles que l'embauche et les promotions;"
92011,rédiger des rapports de production et d'autres rapports et préparer et gérer le budget d'une section relevant de leur responsabilité;
92011,"préparer des échéanciers, superviser et coordonner, s'il y a lieu, les activités du personnel de métier, des manoeuvres et des autres ouvriers."
92012,"superviser, coordonner et planifier les activités des ouvriers chargés de la transformation, de l'emballage, de l'échantillonnage et du triage des aliments et des boissons;"
92012,établir des méthodes permettant de respecter les calendriers d'exécution et coordonner les activités avec les autres sections;
92012,résoudre les problèmes reliés au travail et recommander des mesures afin d'améliorer la productivité et la qualité des produits;
92012,commander du matériel et des fournitures;
92012,"former des travailleurs quant à leurs tâches, aux normes de sécurité et aux politiques de la compagnie;"
92012,"recommander des mesures de gestion du personnel, telles que l'embauche et les promotions;"
92012,rédiger des rapports de production et d'autres rapports.
92013,"superviser, coordonner et planifier les activités des ouvriers qui font fonctionner des machines de transformation et qui transforment le caoutchouc et le plastique, fabriquent, assemblent, finissent et vérifient des pièces et articles faits à partir de ces matériaux;"
92013,établir des méthodes permettant de respecter les échéances et coordonner les activités avec les autres sections;
92013,résoudre les problèmes reliés au travail et recommander des mesures afin d'améliorer la productivité et la qualité des produits;
92013,commander du matériel et des fournitures;
92013,"former des travailleurs quant à leurs tâches, aux normes de sécurité et aux politiques de la compagnie;"
92013,"recommander des mesures de gestion du personnel, telles que l'embauche et les promotions;"
92013,rédiger des rapports de production et d'autres rapports;
92013,"régler, au besoin, des machines et de l'équipement."
92014,"superviser, coordonner et planifier les activités des ouvriers qui font fonctionner les machines à fabriquer les pâtes et papiers, à façonner les produits en papier, à scier et à raboter le bois, à fabriquer les contreplaqués et les panneaux de particules et d'autres machines de transformation des produits en bois et en papier;"
92014,assurer le fonctionnement efficace des systèmes et de l'équipement et veiller à l'exécution de l'entretien et des réparations;
92014,établir des méthodes de travail permettant de respecter les calendriers d'exécution et coordonner les activités avec les autres sections;
92014,résoudre les problèmes reliés au travail et recommander des mesures afin d'améliorer la productivité et la qualité des produits;
92014,commander du matériel et des fournitures;
92014,"former des travailleurs quant à leurs tâches, aux normes de sécurité et aux politiques de la compagnie;"
92014,"recommander des mesures de gestion du personnel, telles que l'embauche et les promotions, et gérer l'application des conventions collectives;"
92014,rédiger des rapports de production et d'autres rapports;
92014,surveiller les conditions de sécurité;
92014,"régler, au besoin, des machines et de l'équipement."
92015,"superviser, coordonner et planifier les activités des ouvriers à la production qui font fonctionner les machines de transformation des fibres naturelles, synthétiques et hybrides, des filés et des fils; blanchir, teindre, et finir des produits textiles; font fonctionner des machines industrielles pour couper, mailler et produire des vêtements en tissus, en fourrure et en cuir ou d'autres produits; et inspecter les produits textiles;"
92015,établir des méthodes permettant de respecter les échéances et coordonner les activités avec les autres sections;
92015,résoudre les problèmes reliés au travail et recommander des mesures afin d'améliorer la productivité et la qualité des produits;
92015,commander du matériel et des fournitures;
92015,"former des travailleurs quant à leurs tâches, aux normes de sécurité et aux politiques de la compagnie;"
92015,"recommander des mesures de gestion du personnel, telles que l'embauche et les promotions;"
92015,rédiger des rapports de production et d'autres rapports;
92015,"régler, au besoin, des machines et de l'équipement."
92020,"superviser, coordonner et planifier les activités des travailleurs des services de production des usines de fabrication de véhicules automobiles, notamment les ateliers de carrosserie, de châssis, de peinture, de pose de garnitures et de ferrures et d'assemblage final;"
92020,établir des méthodes de travail permettant de respecter les échéances et coordonner les activités avec les autres sections;
92020,résoudre les problèmes reliés au travail et recommander des mesures afin d'améliorer la productivité et la qualité du produit;
92020,"former des travailleurs quant à leurs tâches, aux normes de sécurité et aux politiques de la compagnie;"
92020,commander du matériel et des fournitures;
92020,"recommander des mesures de gestion du personnel, telles que l'embauche et les promotions;"
92020,rédiger des rapports de production et d'autres rapports.
92021,"superviser, coordonner et planifier les tâches des travailleurs du montage, de la fabrication, de la vérification et de la mise à l'essai des ensembles, des sous-ensembles, des pièces et des composants électroniques et électromécaniques, ou les activités des travailleurs qui montent, fabriquent et vérifient divers types d'appareils et de matériel électriques, tels que les électroménagers, les accumulateurs, les moteurs électriques, les transformateurs et les génératrices ainsi que le matériel de commutation et de commande électrique;"
92021,établir des méthodes de travail permettant de respecter les échéances et coordonner les activités avec les autres sections;
92021,résoudre les problèmes reliés au travail et recommander des mesures afin d'améliorer la productivité;
92021,commander du matériel et des fournitures;
92021,"former des travailleurs quant à leurs tâches, aux normes de sécurité et aux politiques de la compagnie et recommander des mesures de gestion du personnel, telles que l'embauche et les promotions;"
92021,assurer le respect des normes de sécurité au travail;
92021,rédiger des rapports de production et d'autres rapports;
92021,"régler, s'il y a lieu, des machines et de l'équipement;"
92021,"superviser, attribuer et coordonner les activités des manoeuvres et des travailleurs assimilés."
92022,"superviser, coordonner et planifier les activités des ouvriers qui assemblent des meubles et des accessoires en matériaux divers, qui font fonctionner des machines à façonner le bois et qui finissent les meubles selon les couleurs et les finis spécifiés;"
92022,établir des méthodes de travail permettant de respecter les échéances et coordonner les activités avec les autres sections;
92022,résoudre les problèmes reliés au travail et recommander des mesures afin d'améliorer la productivité et la qualité des produits;
92022,commander du matériel et des fournitures;
92022,"former des travailleurs quant à leurs tâches, aux normes de sécurité et aux politiques de la compagnie;"
92022,"recommander des mesures de gestion du personnel, telles que l'embauche et les promotions;"
92022,rédiger des rapports de production et d'autres rapports.
92023,"superviser, coordonner et planifier les activités des travailleurs qui assemblent et inspectent des produits tels qu'aéronefs, autobus, camions lourds, transmissions, moteurs d'automobiles et équipement de chauffage et de réfrigération;"
92023,établir des méthodes de travail permettant de respecter les échéances et de coordonner les activités avec les autres sections;
92023,résoudre les problèmes reliés au travail et recommander des mesures pour améliorer la productivité et la qualité des produits;
92023,commander du matériel et des fournitures;
92023,"former des travailleurs quant à leurs tâches, aux normes de sécurité et aux politiques de la compagnie;"
92023,"recommander des mesures de gestion du personnel, telles que l'embauche et les promotions;"
92023,rédiger des rapports de production et d'autres rapports;
92023,"régler, au besoin, des machines et de l'équipement."
92024,"superviser, coordonner et planifier les activités des travailleurs qui montent, fabriquent et inspectent des produits tels que des bijoux, des horloges, des montres, des bicyclettes, des articles de menuiserie, des articles de sport et des jouets;"
92024,établir des méthodes pour respecter les échéances et coordonner les activités avec les autres sections;
92024,résoudre les problèmes reliés au travail et recommander des mesures pour améliorer la productivité et la qualité des produits;
92024,commander du matériel et des fournitures;
92024,"former des travailleurs quant à leurs tâches, aux normes de sécurité et aux politiques de la compagnie;"
92024,"recommander des mesures de gestion du personnel, telles que l'embauche et les promotions;"
92024,rédiger des rapports de production et d'autres rapports;
92024,"régler, au besoin, des machines et de l'équipement."
92100.01,Les mécaniciens de centrales
92100.01,"faire fonctionner des systèmes de commande automatisés ou informatisés et des machines fixes et des équipements auxiliaires, telles que des réacteurs, des chaudières, des turbines, des générateurs, des pompes, des compresseurs, des dispositifs de contrôle de la pollution et d'autres machines, pour générer de l'électricité et pour éclairer, chauffer, ventiler et réfrigérer des bâtiments, des installations industriels et d'autres sites de travail;"
92100.01,"démarrer et arrêter l'équipement de centrale, contrôler les fonctionnalités de commutateurs de commande, régler les niveaux d'eau et communiquer avec les opérateurs de systèmes afin de régler et de coordonner la transmission d'énergie, la fréquence et la tension du courant électrique;"
92100.01,"surveiller et inspecter l'équipement de l'usine, les postes d'ordinateur, les commutateurs, la robinetterie, les indicateurs, les alarmes, les compteurs et autres instruments afin de mesurer la température, la pression, le débit de carburant pour déceler les fuites et autres défaillances d'équipement et de veiller à ce que l'équipement fonctionne au meilleur rendement possible;"
92100.01,analyser et enregistrer les relevés des instruments et les défaillances d'équipement;
92100.01,"rechercher la cause des problèmes, prendre des mesures correctives et faire des réparations mineures pour éviter les pannes de l'équipement ou des systèmes;"
92100.01,répondre à des situations d’urgence si nécessaire;
92100.01,"nettoyer et lubrifier les générateurs, les turbines, les pompes et les compresseurs et effectuer d'autres travaux d'entretien régulier en utilisant des lubrifiants appropriés et des outils manuels et électriques et des outils de précision;"
92100.01,"tenir à jour des registres quotidien des activités opérationnelles, des activités de sécurité et d'entretien et rédiger des rapports concernant le fonctionnement et la non-conformité de l'établissement;"
92100.01,"participer, s'il y a lieu, à l'élaboration de procédures d'exploitation, d'entretien et de sécurité."
92100.02,Les opérateurs de réseaux électriques
92100.02,faire fonctionner et surveiller des tableaux de contrôle automatisés et de l'équipement auxiliaire dans des centres de commande électrique afin de contrôler la distribution et de régler le débit d'électricité dans le réseau de transmission;
92100.02,"coordonner, programmer et diriger la transmission d'électricité et la tension du courant électrique des centrales et des sous-stations, afin de répondre aux demandes de distribution durant les opérations quotidiennes, les pannes, les réparations, et l'importation et l'exportation d'électricité;"
92100.02,"surveiller les instruments, les compteurs et les alarmes des centrales et en effectuer des inspections visuelles pour s'assurer que l'intensité et la tension du courant tombent à l'intérieur des limites, ainsi que pour détecter les défaillances d'équipement, les perturbations et les pannes;"
92100.02,"émettre des permis de travail et d'essai au personnel d'entretien mécanique et électrique, aider le personnel technique et d'entretien à trouver et isoler les problèmes de systèmes, et aider lors des examens de routine des systèmes;"
92100.02,"remplir et tenir à jour les dossiers, les registres et les rapports de la centrale."
92101.01,Les opérateurs d'installations du traitement de l'eau
92101.01,faire fonctionner et surveiller des systèmes de contrôle informatisés et l'équipement connexe dans les usines de traitement et de filtration de l'eau afin de régler le traitement et la distribution de l'eau;
92101.01,surveiller et inspecter l'équipement et les systèmes de l'usine afin de détecter les pannes et de s'assurer que les systèmes fonctionnent normalement;
92101.01,"faire la lecture des débitmètres, des indicateurs de niveau et autres appareils d'enregistrement afin de mesurer le débit en eau et les niveaux de consommation, la concentration bactérienne ainsi que la concentration en chlore et en fluorure;"
92101.01,"prélever des échantillons d'eau et faire des dosages chimiques et des numérations bactériennes, analyser les résultats des essais et les relevés des lectures d'instruments et apporter les ajustements nécessaires à l'équipement et aux systèmes de l'usine au besoin;"
92101.01,fournir des instructions verbales ou écrites pour les changements de commandes de processus aux réseaux d'adduction et de distribution afin d'assurer que l'eau produite est conforme aux exigences de qualité normalisée;
92101.01,effectuer des vérifications de sécurité dans l'usine de traitement et sur les terrains;
92101.01,répondre aux demandes du public concernant la qualité de l'eau et les urgences;
92101.01,"remplir et tenir à jour le journal des activités de l'usine, des rapports et des statistiques;"
92101.01,"effectuer des travaux d'entretien mineur ou aider les gens de métier qualifiés à installer ou à réparer les machines de l'usine, s'il y a lieu;"
92101.01,"mesurer, mélanger et transporter des produits chimiques pour entretenir les apports, s'il y a lieu."
92101.02,Les opérateurs d'installations du traitement des déchets liquides
92101.02,"faire fonctionner et surveiller des systèmes de contrôle informatisés et l'équipement connexe dans des usines de traitement des eaux usées, de traitement des eaux d'égout et de traitement des résidus liquides afin de régler l'écoulement de l'eau d'égout dans les bassins de décantation, d'aération et de digestion afin de traiter et d'éliminer des effluents et des déchets;"
92101.02,"patrouiller l'usine pour vérifier les pompes, les moteurs, les filtres, les chlorateurs et les autres pièces d'équipement des usines, faire régulièrement la lecture des indicateurs de niveau, des appareils de mesure et autres instruments d'enregistrement, afin de détecter les défaillances de l'équipement et de s'assurer que ce dernier et les systèmes de l'usine fonctionnent dans les limites prévues;"
92101.02,tester et ajuster les taux d'alimentation en produits chimiques afin d'assurer que les processus de désinfection soient conformes aux normes de qualité;
92101.02,"prélever des échantillons d'eaux usées et des eaux d'égout, faire les tests et analyser les résultats; apporter les ajustements nécessaires à l'équipement et aux systèmes de l'usine au besoin;"
92101.02,effectuer des vérifications de sécurité dans l'usine de traitement et sur les terrains;
92101.02,remplir et tenir à jour le journal des activités de l'usine et des rapports;
92101.02,effectuer de l'entretien préventif aux équipements d'usine afin d'assurer que l'installation fonctionne conformément aux normes requises;
92101.02,"aider, s'il y a lieu, les gens de métier qualifiés avec l'installation et la réparation des machines d'usine."
93100,"coordonner et contrôler l'exécution d'une étape particulière du traitement des métaux et des minerais et de la production du ciment par des tableaux de commande, des terminaux informatiques et d'autres systèmes de contrôle, habituellement à partir d'une salle de contrôle centrale;"
93100,"faire fonctionner des machines de contrôle central des procédés à plusieurs fonctions qui moulent, séparent, filtrent, fondent, grillent, traitent, raffinent ou bien transforment les minerais;"
93100,"surveiller les données informatisées, les écrans de circuits et la robinetterie afin de vérifier le déroulement du procédé et de faire les ajustements nécessaires;"
93100,"coordonner et superviser le personnel de production tel que les opérateurs de machines et opérateurs de procédés industriels, les préposés, les assistants et les aides;"
93100,démarrer et arrêter le système de production en cas d'urgence ou en application de l'horaire établi;
93100,assurer ou prévoir la formation du personnel de production;
93100,tenir à jour des registres de la production et d'autres données et rédiger des rapports de production ainsi que d'autres rapports.
93101,actionner des panneaux de commande électroniques ou informatisés à partir d'une salle de commande centrale de façon à surveiller et à optimiser le déroulement des processus physiques et chimiques de plusieurs installations de traitement;
93101,contrôler le démarrage et l'arrêt des processus ainsi que le dépannage;
93101,surveiller l'équipement utilisé dans les procédés externes;
93101,"ajuster les appareils, les robinets, les pompes et l'équipement de commandes et de traitement;"
93101,autoriser ou endosser des autorisations de travaux d'entretien;
93101,"arrêter, isoler et préparer l'entretien des installations de traitement ou l'équipement de production;"
93101,"prélever des échantillons, réaliser des essais, enregistrer des données, donner suite à des contrôles statistiques du processus pour les opérations de traitement et rédiger des rapports de production;"
93101,"établir des procédures d'exploitation pour un fonctionnement normal, de démarrage ou d'arrêt de l'unité;"
93101,"participer à des vérifications et à des programmes de sécurité et répondre à des appels d'urgence, s'il y a lieu;"
93101,veiller au respect des règlements sur la sécurité et l'environnement;
93101,"passer de l'une à l'autre des opérations par rotation des postes de travail, au besoin;"
93101,"travailler, s'il y a lieu, en équipe où les responsabilités de surveillance sont partagées et participer à la formation d'autres travailleurs;"
93101,"être formé, s'il y a lieu, dans un métier spécialisé et exercer ce métier par rotation des postes de travail."
93102,"faire fonctionner, coordonner et surveiller les équipements de procédé de la réduction en pâte des pâtes et papiers, de la fabrication du papier et du couchage, à partir du poste central de commande ou des panneaux de commande sur des machines et des panneaux de contrôle dans les cabines d'équipement en vue de contrôler les opérations de transformation et la machinerie lors de la fabrication de produits de pâtes et papiers;"
93102,"contrôler la transformation du bois, des résidus de pâte, du papier recyclable, des substances cellulosiques, de la pulpe et du carton, et surveiller le traitement chimique et physique des procédés de transformation à l'aide d'un système de contrôle distribué et d'ordinateurs de régulation des procédés;"
93102,"surveiller les indicateurs, les jauges, les écrans vidéo et d'autres instruments pour détecter les pannes d'équipement, et veiller à ce que le matériel de contrôle de la réduction en pâte des pâtes et papiers, de la fabrication du papier et du couchage fonctionne selon les spécifications;"
93102,"analyser des relevés de lecture et des échantillons de production et faire les ajustements nécessaires, ou demander aux autres opérateurs d'usines de pâtes, de la production de papier et du couchage de faire les ajustements à la production de pâte, à la fabrication du papier et du processus de couchage et de l'équipement, au besoin;"
93102,remplir et tenir à jour des rapports de production.
93200.01,Les monteurs d'aéronefs
93200.01,consulter et interpréter des schémas d'assemblage d'aéronefs;
93200.01,"monter et ajuster des pièces préfabriquées pour réaliser des éléments d'aéronefs soit au banc, soit directement sur la cellule d'un aéronef;"
93200.01,"monter, ajuster et installer des pièces ou des éléments préfabriqués tels que des revêtements, des commandes de pilotage, des montages, des systèmes hydrauliques et d'autres systèmes mécaniques sur des aéronefs."
93200.02,Les contrôleurs de montage d'aéronefs
93200.02,"vérifier, à l'aide d'instruments de mesure et de vérification, les montages d'aéronefs par rapport aux spécifications techniques;"
93200.02,"vérifier le parallélisme, la symétrie, les cotes dimensionnelles, l'ajustement des montages ainsi que la qualité du travail;"
93200.02,rédiger des comptes rendus détaillés des inspections.
94100,"monter, préparer et ajuster les machines de traitement des métaux, des minerais et du ciment afin d'exécuter une étape de l'opération globale du traitement des métaux et des minerais;"
94100,"faire fonctionner des machines à fonction unique afin de broyer, séparer, filtrer, mélanger, purifier, mouler, affiner ou traiter les minerais;"
94100,"surveiller la robinetterie, les compteurs, les données informatisées, les écrans de circuits et les produits afin d'assurer la bonne marche des opérations et de vérifier les conditions de traitement;"
94100,"effectuer, au besoin, des ajustements aux appareils;"
94100,tenir des registres d'information sur la production et remplir des rapports;
94100,"aider, s'il y a lieu, à l'entretien et à la réparation des machines."
94101.01,"fabriquent et réparent des moules en sable en se servant de modèles, de châssis et de sable à moules ainsi que des outils manuels en suivant des méthodes de moulage à l'établi, de moulage au sol ou en fosse;"
94101.01,utilisent des fours pour sécher les moules;
94101.01,"fabriquent des noyaux utilisés à l'intérieur des moules pour former des trous ou des cavités dans les produits coulés en se servant de boîtes à noyaux, de sable, de marteaux et de fils de fer ou d'autres matériaux de renfort;"
94101.01,"enduisent les noyaux de substances protectrices, et les cuisent dans des fours;"
94101.01,"préparent, règlent et utilisent diverses machines à fabriquer des moules en sable et en céramique et des noyaux à moules;"
94101.01,"versent, s'il y a lieu, le métal en fusion dans des moules pour produire des moulages."
94101.02,préparent et utilisent différentes machines à couler le métal afin de produire des moulages de produits en métal ferreux ou non ferreux; et coulent manuellement le métal en fusion dans des moules pour produire des moulages.
94101.03,Les opérateurs de fours de fonderie
94101.03,utilisent des fours afin de fondre les métaux pour le moulage et le coulage.
94102.01,Les opérateurs de matériel de régulation des procédés de fabrication de verre
94102.01,"faire fonctionner des machines multifonctionnelles de commande des procédés à l'aide de tableaux de commande, de terminaux d'ordinateurs ou d'autres moyens semblables, pour mélanger et fondre les matières premières, pour chauffer, recuire, tremper et former le verre flotté ou les produits en verre, ou pour les enduire d'argent ou d'autres métaux ou matières;"
94102.01,"vérifier les jauges, les imprimés d'ordinateur et les écrans de visualisation pour s'assurer que les procédés se déroulent selon les spécifications, et apporter les corrections voulues;"
94102.01,tenir les registres de production et d'autres données pertinentes;
94102.01,"utiliser, au besoin, du matériel de commande de procédé pour couper le verre ou fabriquer des fenêtres;"
94102.01,"nettoyer, s'il y a lieu, les machines de traitement et en faire l'entretien;"
94102.01,"s'assurer, s'il y a lieu, qu'un niveau suffisant d'huile, de savon, de talc ou d'autres matériaux est utilisé au cours de la production mécanique du verre."
94102.02,Les opérateurs de machines à former le verre
94102.02,préparer et régler des machines automatiques à alimenter et à former le verre;
94102.02,"manoeuvrer et entretenir des machines qui pressent ou qui soufflent le verre fondu dans des moules pour former ou façonner des récipients, tels que des bouteilles, des bocaux et des verres à boire;"
94102.02,actionner des arches électriques qui chauffent les feuilles de verre et les moulent pour qu'elles épousent la forme et le contour des supports métalliques;
94102.02,asperger ou badigeonner les moules d'une solution huileuse pour empêcher l'adhérence du verre;
94102.02,"examiner des échantillons des produits, les peser et les mesurer à l'aide de calibres de pesées et par inspection visuelle pour en vérifier le degré de conformité aux spécifications."
94102.03,Les opérateurs de machines à finir le verre
94102.03,préparer et régler des machines à finir le verre et les produits en verre;
94102.03,"manoeuvrer et entretenir des machines servant à doucir, à percer, à biseauter, à décorer, à savonner ou à polir le verre ou les produits de verre;"
94102.03,examiner visuellement les produits pour en contrôler la qualité;
94102.03,"consigner des données de fabrication telles que les quantités, les dimensions et les types de produits fabriqués."
94102.04,Les coupeurs de verre
94102.04,"placer les feuilles de verre sur des gabarits, mesurer et marquer le verre, ou placer un patron sur ou sous le verre pour le découper;"
94102.04,examiner les feuilles de verre et marquer les parties défectueuses pour en obtenir la meilleure coupe;
94102.04,découper le verre le long des lignes ou autour des patrons à l'aide d'outils manuels;
94102.04,polir les pourtours en utilisant des ponceuses à courroie ou des roues à polir;
94102.04,"monter, commander et régler des ordinateurs ou des robots servant à couper le verre;"
94102.04,surveiller les procédés aux fins de contrôle de la qualité.
94103.01,"préparer, régler et faire fonctionner des machines à fonction unique servant à mélanger, à perforer, à meuler ou à couper du béton selon les spécifications de fabrication de produits en béton;"
94103.01,"vérifier la qualité des produits, réparer les défauts et effectuer des réglages et l'entretien mineur des machines, au besoin;"
94103.01,"déplacer des produits au moyen de chariots élévateurs à fourches, de grues ou de basculeurs hydrauliques;"
94103.01,"tenir des registres de fabrication, notant les quantités, les dimensions et le type de produits;"
94103.01,"construire, à la main ou à l'aide d'outils manuels, des modèles et des moules en argile servant au montage de produits en béton;"
94103.01,construire et réparer des coffrages en bois servant au moulage de produits en béton;
94103.01,positionner des treillis et des barres d'armature dans des moules et faire couler le béton dans ceux-ci à partir de bennes de coulée;
94103.01,"mettre en marche des plaques vibrantes pour tasser le béton, ou pilonner celui-ci à l'aide d'un vibrateur électrique;"
94103.01,"retirer les moulages à l'aide d'une grue ou d'un chariot élévateur à fourche, et procéder à la finition des surfaces à l'aide d'une règle à araser ou d'une truelle;"
94103.01,"couper des sections de tuyaux en béton à l'aide d'une scie ou d'un ciseau, et cimenter celles-ci pour former des raccords de formes variées."
94103.02,"régler et faire fonctionner des machines automatiques servant à mélanger des matériaux, à extruder le mélange d'argile gâchée et à couper l'argile extrudée en morceaux pour faire des produits comme des briques, des tuyaux de drainage et des isolants en porcelaine;"
94103.02,actionner des presses mécaniques à chaud ou hydrauliques pour former des articles en poterie ou en porcelaine;
94103.02,"préparer et mélanger des engobes et en remplir les moules pour former des articles en poterie ou en porcelaine, tels que des cruches, des tasses, des éviers et des cuvettes;"
94103.02,faire fonctionner des fours céramiques afin de cuire les produits en argile à la dureté désirée.
94103.03,faire fonctionner des scies à lame ou à fil pour couper des blocs de pierre aux dimensions voulues;
94103.03,"manoeuvrer des machines servant à meuler et à polir les surfaces des blocs de pierre, des dalles ou autres produits en pierre selon des formes et des profils précis et pour les rendre lisses;"
94103.03,manoeuvrer des sableuses servant à graver des inscriptions et des motifs décoratifs dans des monuments en pierre;
94103.03,finir des produits en pierre avec de la peinture au pistolet et en y fixant des plaques ou des socles en béton;
94103.03,faire fonctionner des fours à dresser la pierre pour aviver et dresser les meules servant à réduire les billes de bois en pâte à papier;
94103.03,manoeuvrer des machines à percer des trous dans des blocs ou des dalles de pierre conformément aux spécifications.
94104,"inspecter, à diverses étapes du traitement des produits, des métaux, des minerais, du ciment, du verre, de l'argile ou du béton afin d'assurer leur conformité aux normes;"
94104,"classer et étiqueter les matières premières ou les produits finis selon leurs dimensions, leur épaisseur, leur composition ou selon d'autres normes de classification;"
94104,prélever un échantillon du produit pendant ou après le processus de traitement pour exécuter des analyses courantes ou des analyses subséquentes en laboratoire;
94104,"vérifier les produits pour en déterminer la résistance, la densité, la durabilité et la conformité aux normes;"
94104,signaler au surveillant ou l'opérateur au poste central et aux opérateurs de machines aux procédés industriels les problèmes ou les défauts dans les produits;
94104,remplir des rapports de vérification et d'essais.
94105.01,lire des devis ou se conformer aux instructions verbales;
94105.01,"préparer, régler et faire fonctionner une ou plusieurs machines ou de l'équipement de façonnage de métaux légers ou lourds, notamment des cisailles, des presses mécaniques, des laminoirs, des scies perceuses, des leviers, des fendoirs, des presses à découper, de l'équipement à commande numérique par ordinateur (CNC) et des outils manuels pour plier, couper, laminer, poinçonner, percer, souder ou façonner, de quelque autre manière, des métaux pour fabriquer des pièces ou des produits;"
94105.01,"faire fonctionner des machines ou de l'équipement pour souder, boulonner, visser ou river ensemble des pièces de métal;"
94105.01,"vérifier des produits, pour s'assurer de leur conformité quant à leur forme, leurs dimensions ou autres normes;"
94105.01,"rechercher la cause des problèmes, prendre des mesures correctives et effectuer des réparations mineures;"
94105.01,"choisir, s'il y a lieu, le matériel et le transporter manuellement ou à l'aide d'une grue ou d'un treuil sur les lieux de travail;"
94105.01,"documenter, s'il y a lieu, le travail complété;"
94105.01,"construire et ériger, au besoin, des plateformes ou des échafaudages selon les travaux lourds à effectuer;"
94105.01,"nettoyer et lubrifier la machinerie et remplacer les pièces défectueuses, au besoin."
94105.02,faire fonctionner les fours chauffés au gaz ou au mazout pour amener le métal à la bonne température de forgeage;
94105.02,"placer les pièces dans le four à l'aide de tenailles à main ou de ponts roulants et les enlever du four lorsque la couleur du métal indique qu'il a atteint la température voulue, ou charger et décharger le four à l'aide de transporteurs automatiques;"
94105.02,"placer les pièces, chauffées ou non, sur la matrice de la presse ou d'une autre machine à forger;"
94105.02,"faire fonctionner des presses ou d'autres machines à forger à chaud ou à froid, pour aplatir, redresser, tordre, façonner, étirer, refouler, diviser, découper, poinçonner, percer, cintrer, estamper ou accomplir d'autres opérations pour façonner ou former le métal;"
94105.02,"placer et ajuster, au besoin, les matrices sur l'enclume des machines à forger à l'aide de ponts roulants ou d'autres appareils de levage et d'outils manuels."
94106,étudier les bons de travail et interpréter les dessins afin de déterminer les opérations d'usinage à exécuter;
94106,"régler et faire fonctionner les machines d'usinage afin d'effectuer des opérations d'usinage à répétition, telles que le tournage, le fraisage, le perçage, l'alésage, le rabotage, le rodage, le brochage, la rectification ou autres opérations d'usinage;"
94106,"vérifier les dimensions des pièces usinées à l'aide de micromètres, de compas et d'autres instruments de mesure de précision;"
94106,préparer la solution de gravure à l'eau forte et y plonger les pièces ou le métal afin d'enlever les morceaux superflus;
94106,effectuer l'entretien routinier des machines et de l'équipement;
94106,"saisir, s'il y a lieu, les codes correspondant à la vitesse, au débit et aux coordonnées de coupe dans les machines d'usinage à commande numérique par ordinateur (CNC)."
94107,"faire fonctionner ou assurer le fonctionnement de machines automatiques ou à fonctions multiples, y compris les métiers à tisser les fils métalliques, afin de fabriquer des pièces et des produits métalliques tels des grillages, des clôtures, des articles en fer-blanc, des paniers, des supports, des crochets, des tubes et des articles semblables;"
94107,ajuster et monter des éléments à l'aide d'outils manuels ou mécaniques;
94107,"nettoyer, polir ou limer des produits afin de les finir;"
94107,vérifier la qualité des produits et effectuer d'autres vérifications;
94107,"nettoyer et lubrifier la machinerie, au besoin."
94110,"surveiller des appareils de mesure, des indicateurs et des instruments électroniques reliés à un ou plusieurs dispositifs de traitement ou de formulations comme des malaxeurs, des fours, des mélangeurs, des séchoirs et des machines à fabriquer des comprimés, des capsules et des granules, ou des enrobeuses;"
94110,"mesurer, peser et charger des ingrédients dans des machines selon des cartes de formulation;"
94110,démarrer ou arrêter de l'équipement et en assurer le dépannage et le nettoyage;
94110,ajuster les machines et l'équipement de traitement;
94110,contrôler les réactions et les transferts de produits conformément aux règles de sécurité en vigueur;
94110,prélever des échantillons et procéder à des essais chimiques et physiques de routine sur les produits;
94110,tenir des relevés des données de production;
94110,"faire fonctionner, s'il y a lieu, des appareils de traitement à partir de pupitres de commande centrale ou de panneaux de commande situés à proximité des installations de production."
94111.01,"peser les résines, les colorants et autres produits chimiques selon les formules appropriées;"
94111.01,verser les substances pesées dans le malaxeur et l'actionner jusqu'à l'obtention d'un mélange de plastique et d'autres produits chimiques ayant une consistance ou une viscosité déterminée;
94111.01,"surveiller les opérations, contrôler l'approvisionnement en matériaux et ajouter des produits chimiques et des colorants aux mélanges;"
94111.01,"actionner des commandes afin de régler la température, la vitesse et d'autres conditions durant le traitement;"
94111.01,transvider les mélanges dans des contenants ou des convoyeurs pour un traitement ultérieur;
94111.01,entretenir les machines et faire des réparations mineures au besoin;
94111.01,tenir l'inventaire des matériaux et nettoyer l'aire de travail.
94111.02,régler et faire fonctionner les calandres qui transforment des masses en plastique ayant une consistance de pâte en feuilles ou en pellicules continues et d'une épaisseur déterminée;
94111.02,"rechercher la cause des pannes, faire des réparations mineures à l'équipement, en faire l'entretien, et ajuster les rouleaux des calandres pour modifier la chaîne de fabrication;"
94111.02,vérifier la qualité des produits;
94111.02,tenir l'inventaire des matériaux et nettoyer l'aire de travail.
94111.03,régler et faire fonctionner des machines qui servent à extruder les composés de plastique par le bec ou la filière;
94111.03,remplacer les filières des machines à extruder conformément aux besoins de la chaîne de fabrication;
94111.03,"rechercher la cause des pannes, faire des réparations mineures à l'équipement et en faire l'entretien;"
94111.03,vérifier la qualité des produits;
94111.03,tenir l'inventaire des matériaux et nettoyer l'aire de travail.
94111.04,régler et faire fonctionner une ou plusieurs machines servant à mouler les produits en plastique conformément aux prescriptions;
94111.04,remplacer les moules et ajuster l'équipement conformément aux besoins de la chaîne de fabrication;
94111.04,"rechercher la cause des pannes, faire des réparations mineures à l'équipement et en faire l'entretien;"
94111.04,vérifier la qualité des produits et ajuster les commandes des machines au besoin;
94111.04,"mélanger, conformément aux indications de la carte de formulation, les lots d'ingrédients servant au moulage par injection;"
94111.04,tenir l'inventaire des matériaux et nettoyer l'aire de travail.
94112.01,"régler, utiliser et surveiller les machines utilisées pour le malaxage, le calandrage, l'extrusion, le moulage ou la vulcanisation d'articles ou de produits en caoutchouc;"
94112.01,"charger le caoutchouc, les pigments, les matières de bourrage, les huiles et les produits chimiques dans les machines;"
94112.01,vérifier et surveiller les conditions de traitement et la qualité des produits;
94112.01,ajuster des machines selon le réglage nécessaire;
94112.01,former ou aider à la formation de nouveaux employés.
94112.02,disposer et préparer des pièces de caoutchouc en vue de leur assemblage;
94112.02,"utiliser des machines, de l'équipement ou des outils manuels pour tailler, modeler, raccorder, ajuster et coller des matières en caoutchouc en vue de former des pièces ou des produits finis;"
94112.02,"utiliser des machines ou du matériel de finissage pour ébarber, meuler ou parer les produits en caoutchouc dans leur forme finale;"
94112.02,former ou aider à la formation de nouveaux employés.
94112.03,"vérifier, visuellement ou à l'aide d'instruments, des produits finis en caoutchouc afin de déceler tout défaut et d'assurer leur conformité au devis ou aux normes de qualité;"
94112.03,apposer des sceaux ou des étiquettes aux produits approuvés et repérer et renvoyer les produits défectueux afin qu'ils soient réparés ou recyclés;
94112.03,remplir des fiches de vérification des produits;
94112.03,"apporter des ajustements et effectuer des réparations mineures aux produits, s'il y a lieu."
94120,faire fonctionner des chargeuses et des grues de pont fixes pour alimenter les scieries en billes;
94120,"examiner des billes et des pièces de bois brutes pour déterminer leurs dimensions, leur état, leur qualité, de même que d'autres caractéristiques, afin de décider des coupes les plus productives, ou de se servir d'équipement automatisé pour passer des billes dans des lecteurs au laser pour déterminer les plans de coupe les plus efficaces et rentables;"
94120,"faire fonctionner et contrôler l'équipement automatisé de scierie à partir de salles de commande ou de consoles pour débiter des billes en pièces de bois brutes et pour scier, fendre, tailler et raboter ce premier débit en pièces de différentes dimensions, et scier ou fendre des bardeaux et des bardeaux de fente;"
94120,mettre en marche des convoyeurs pour déplacer les billes et le bois d'oeuvre d'une scie à l'autre;
94120,"régler l'équipement de sciage et remplacer des lames ou des rubans de scies à l'aide de clés, de calibres et d'autres outils manuels;"
94120,"se servir de machines pour trier et empiler le bois selon la longueur et l'épaisseur, pour transporter les tas de bois jusqu'aux entrepôts ou aux chambres de séchage et pour faire passer le bois dans des planeurs;"
94120,"surveiller le déplacement du bois d'oeuvre, et surveiller les affichages à l'ordinateur pour s'assurer que le bois soit taillé selon les prescriptions, et imprimer des rapports de production;"
94120,nettoyer et lubrifier l'équipement de scierie.
94121,"faire fonctionner et surveiller les machines et équipements des papeteries et des processus de fabrication et de finition du papier, tels que les équipements de tamisage, les équipements de blanchiment, les digesteurs, les cuves de mélange et les laveurs pour effectuer une ou plusieurs étapes de traitement de la cellulose, ainsi que les équipements tels que les séchoirs, les laminoirs, les coupeuses, les coucheuses, les laminoirs, les calandres et les houloirs pour effectuer une ou plusieurs étapes du processus de fabrication et de finition du papier;"
94121,"surveiller des indicateurs, des appareils de mesure, des jauges de niveau et d'autres instruments de mesure pour détecter toute anomalie dans le fonctionnement du matériel et des machines, et s'assurer que les étapes du processus sont exécutées selon les spécifications;"
94121,"communiquer avec les opérateurs de contrôle de la mise en pâte et les opérateurs au contrôle de la fabrication du papier et du revêtement pour coordonner, au besoin, les réglages, le démarrage ou l'arrêt du matériel et des machines;"
94121,"recueillir des échantillons de fabrication et effectuer des essais de titrage, des lectures de pH, des tests de densité et d'autres essais courants sur la pulpe et les mélanges;"
94121,"inspecter visuellement le papier pour y déceler des plis, des trous, des traces de décoloration, des stries et d'autres défauts et prendre les mesures de rectification nécessaires;"
94121,remplir et tenir à jour des rapports de production.
94122,"manoeuvrer des machines qui coupent, plient, collent ou agrafent du papier et du carton pour fabriquer des boîtes, des cartonnages ondulés et d'autres articles;"
94122,actionner des machines qui collent du papier sur du carton et le coupent aux longueurs désirées;
94122,manoeuvrer des machines qui pressent du papier pour façonner des gobelets et d'autres récipients;
94122,"actionner des machines qui coupent, collent et plient du papier pour fabriquer des enveloppes et des sacs en papier;"
94122,"manoeuvrer d'autres machines à façonner le papier pour fabriquer des produits tels que des tubes en papier, des cartes, des essuie-tout ou des couches;"
94122,nettoyer et lubrifier des machines et assurer leur entretien courant;
94122,régler des machines.
94123.01,"examiner visuellement le bois d'oeuvre pour en assurer l'absence de noeuds, de trous, de fissures ou autres défauts et le trier en vue du séchage, de l'ébranchage ou d'une nouvelle transformation;"
94123.01,"mesurer le bois d'oeuvre à l'aide de compas d'épaisseur, de calibres et de rubans à mesurer pour s'assurer qu'il a l'épaisseur, la longueur et la largeur désirées;"
94123.01,"classer et trier le bois d'oeuvre selon les normes de l'industrie et le marquer pour indiquer sa qualité, son essence, sa teneur en humidité et autres caractéristiques;"
94123.01,tenir les comptes du bois d'oeuvre;
94123.01,remplir et tenir à jour des rapports.
94123.02,"vérifier des panneaux de contreplaqué, des feuilles de placages, des panneaux, des bardeaux et d'autres produits de bois analogues pour en assurer l'absence de noeuds, de trous, de fissures ou d'autres défauts et pour s'assurer qu'ils soient droits;"
94123.02,indiquer les défauts et faire un tri en vue d'une réparation ou d'une autre transformation;
94123.02,mesurer les produits de bois à l'aide d'appareils de mesure normalisés et assurer leur conformité aux spécifications;
94123.02,classer et étiqueter des produits de bois selon les normes de qualité;
94123.02,remplir et tenir à jour des rapports d'inspection et de classement.
94124,"régler, programmer et faire fonctionner une ou plusieurs machines à travailler le bois à commande numérique par ordinateur (CNC) ou manuelles, telles que des scies, des moulinières, des tours, des raboteuses, des rainureuses, des déligneuses, des machines à presser, des machines à façonner, des perceuses et des ponceuses, afin de fabriquer ou réparer des pièces de bois pour meubles, accessoires et autres produits en bois;"
94124,faire fonctionner des colleuses afin de coller des pièces de bois ou appliquer par pressage des placages en bois sur des surfaces en bois;
94124,"faire fonctionner des machines à bois spéciales, préréglées, afin de fabriquer des articles en bois tels que des cintres, des manches de vadrouilles, des épingles à linge et autres articles;"
94124,lire et interpréter des devis ou se conformer aux instructions verbales;
94124,"nettoyer et lubrifier l'équipement, au besoin, et remplacer les pièces si nécessaire."
94129,"assurer le fonctionnement et la surveillance de divers appareils et machines de transformation du bois pour enlever l'écorce, les noeuds et les impuretés des billes, transformer des billes, des blocs de bois et des déchets de scierie en copeaux de bois, empiler et attacher du bois d'oeuvre, cribler des copeaux de bois et fabriquer des panneaux de particules, d'aggloméré, de bois dur et d'isolation;"
94129,"assurer le fonctionnement et la surveillance des convoyeurs, des tours, des ponceuses et 'autres appareils pour dérouler et trancher des billes et des sections de billes en bois de placage, et coller, presser, massicoter, poncer et jointer les feuilles de placages;"
94129,"assurer le fonctionnement et la surveillance des séchoirs, des cuves de traitement et autres appareils pour sécher le bois et ses produits, pour traiter les produits de bois à l'aide d'agents chimiques et pour les imprégner d'agents de conservation;"
94129,"observer le matériel, les voyants des panneaux de commande, les écrans de contrôle et d'autres instruments pour déceler les défectuosités et s'assurer que la transformation s'effectue selon les prescriptions;"
94129,assembler des panneaux de contreplaqués et réparer le contreplaqué et les placages à l'aide de machines ou à la main;
94129,"démarrer, arrêter, installer et ajuster les appareils et les machines de transformation, au besoin, et participer à leur entretien;"
94129,remplir et tenir à jour des rapports de production.
94130.01,"faire fonctionner et alimenter les machines qui servent à laver, à malaxer, à mélanger, à ramasser, à carder, à napper, à peigner ou à étirer les fibres, les fils de laine, les cuirs ou les peaux;"
94130.01,"faire fonctionner les ourdissoirs, les broches, les bobinoirs ou les renvideurs;"
94130.01,"faire fonctionner diverses machines qui servant à nettoyer, blanchir, à teindre, à apprêter ou à finir les tissus, les fils, les filés, les cuirs, les peaux ou d'autres produits textiles;"
94130.01,mélanger les teintures ou les produits chimiques selon les formules prescrites;
94130.01,faire fonctionner les machines qui impriment des motifs sur les produits textiles;
94130.01,"surveiller les aires de travail, examiner les produits finis afin de déceler les défauts et d'assurer la conformité aux normes de qualité;"
94130.01,étudier les causes de pannes des machines et aviser le surveillant ou le mécanicien en cas de défaillance de l'équipement;
94130.01,"régler des machines et aider à l'entretien des machines et des réparations mineures, au besoin."
94130.02,monter les machines afin qu'elles fonctionnent adéquatement;
94130.02,"opérer diverses machines afin de blanchir, de teindre, d'apprêter et de finir les tissus, d'autres produits textiles, les cuirs ou les peaux;"
94130.02,"faire fonctionner des machines qui impriment des motifs sur les produits textiles, les cuirs et les peaux;"
94130.02,examiner les produits finis afin de déceler les défauts et d’assurer la conformité aux normes de qualité;
94130.02,mélanger les teintures ou les produits chimiques selon les formules prescrites;
94130.02,signaler toute défectuosité de la machinerie aux superviseurs et aux mécaniciens.
94131,monter des métiers à tisser et d'autres machines de traitement des produits textiles;
94131,étudier des patrons et préparer des métiers à tisser pour obtenir les motifs désirés;
94131,"faire fonctionner des métiers à tisser pour fabriquer, avec des filés et des fils, des tissus ou d'autres produits textiles;"
94131,"faire fonctionner des machines servant à faire de la corde, des ficelles ou des filets;"
94131,"faire fonctionner des barillets de machines à tricoter pour fabriquer des tricots, des articles de bonneterie, des vêtements ou d'autres produits;"
94131,"faire fonctionner des machines servant à fabriquer des tapis tuftés, des tapis feutres aiguilletés et d'autres machines servant à fabriquer des produits textiles;"
94131,"faire fonctionner de grosses machines automatiques à aiguilles multiples afin de broder du matériel ou de coudre des rouleaux d'étoffe de plusieurs couches pour fabriquer des produits au mètre, des édredons ou des housses de matelas;"
94131,surveiller les machines et vérifier les tissus ou les produits pour veiller à ce qu'ils ne présentent aucun défaut et à ce que l'équipement fonctionne correctement;
94131,examiner les machines en panne;
94131,"réparer les défectuosités mécaniques mineures, telles que les aiguilles cassées ou défectueuses;"
94131,aviser les surveillants ou les mécaniciens du mauvais fonctionnement des machines.
94132,assembler des pièces de vêtements en associant des patrons et des lots de teinture;
94132,"utiliser des surjeteuses à une, deux ou plusieurs aiguilles, des piqueuses à plateau, des élastiqueuses ou d'autres machines à coudre pour assembler des sections de vêtements ou d'autres articles pour en faire des produits finis, selon un système de production à la pièce ou en série;"
94132,"joindre, à l'aide de machines à coudre la fourrure, des bandes de fourrure en une peau ayant les dimensions et la forme voulues, et réunir les peaux pour former des parties ou l'esquisse de vêtements;"
94132,"assembler, à l'aide de machines à coudre, des sections et des pièces en cuir pour fabriquer des vêtements, des sacs à main, des chaussures et d'autres articles en cuir;"
94132,"coudre ensemble des lisières de matériel, à l'aide de machines à surfiler et à surjeter;"
94132,"exécuter diverses opérations dans la fabrication de vêtements et d'autres articles, à l'aide de machines à faufiler, à fixer les poches, à faire les boutonnières, à coudre par soudure à thermofusion, à ourler ou d'autres machines;"
94132,"examiner des vêtements et d'autres articles et les réparer à l'aide de machines à coudre, de machines à surjeter et d'autres machines, au cours du processus de confection;"
94132,remplir des rapports de production;
94132,"effectuer, s'il y a lieu, des travaux d'entretien et des réparations mineures sur les machines à coudre."
94133,"examiner des vêtements et des produits textiles, de tissus, de fourrure et de cuir naturels, synthétiques et hybrides afin d'en vérifier la conformité aux normes établies;"
94133,"vérifier et trier les peaux d'animaux, les fourrures et le cuir selon leur grandeur, leur état et leur poids;"
94133,vérifier la taille ou la coupe en plaçant le vêtement sur une forme ou en le mesurant;
94133,"noter les défauts, réparer les défauts mineurs, couper le tissu excédentaire à l'aide de ciseaux et enlever les charpies à l'aide de brosses ou de rouleaux, et détacher les vêtements avec des produits de nettoyage;"
94133,"trier, assortir et étiqueter les produits finis selon la grandeur, le style et la qualité;"
94133,tenir des registres d'information sur les produits vérifiés;
94133,"emballer les produits, s'il y a lieu."
94140.01,"faire fonctionner des machines multifonctionnelles de procédés industriels par le biais de tableaux de commande, de terminaux informatiques ou d'autres pour broyer, extraire, mélanger, cuire ou transformer de quelque autre manière des produits d'alimentation, et pour ensacher, mettre en boîte ou empaqueter, selon des procédés divers, des produits d'alimentation;"
94140.01,"faire fonctionner des machines multifonctionnelles de procédés industriels pour broyer, extraire, mélanger, distiller, faire fermenter ou transformer de quelque autre manière les boissons alcoolisées ou non alcoolisées, et embouteiller, mettre en conserve ou empaqueter, selon des procédés divers, les boissons;"
94140.01,"surveiller les indicateurs, les relevés d'ordinateur et les écrans de contrôle pour vérifier les conditions de transformation prescrites et faire des réglages pour modifier des variables comme les temps de cuisson, l'apport d'ingrédients, les débits et les températures;"
94140.01,tenir des registres de production et d'autres données.
94140.02,installer et régler des machines de transformation et d'empaquetage des aliments ou des boissons;
94140.02,"actionner des machines à fonction unique pour meuler, extraire, mélanger, sécher, mêler, congeler, cuire ou transformer de quelque autre manière des aliments ou des boissons;"
94140.02,"manoeuvrer des machines à fonction unique pour emboîter, mettre en conserve ou empaqueter de quelque autre manière des aliments ou des boissons;"
94140.02,"vérifier des produits pour assurer leur conformité aux normes de la compagnie, et débloquer, au besoin, les machines;"
94140.02,"tenir des registres d'information sur la production, tels que la quantité, le poids, la taille, la date et les différents types de produits emballés;"
94140.02,"effectuer des réglages correctifs aux machines, et nettoyer les machines et les aires de travail immédiates."
94141.01,abattre les animaux à l'aide d'appareils d'étourdissement et de couteaux;
94141.01,"dépouiller, nettoyer et dégraisser les carcasses;"
94141.01,enlever des carcasses les viscères et les autres parties non comestibles;
94141.01,débiter les carcasses en plus petits morceaux afin d'en faciliter la manutention;
94141.01,"abattre, s'il y a lieu, des bovins, des veaux et des moutons, selon les prescriptions des rites religieux."
94141.02,"dépecer des carcasses, des demi-carcasses ou des quartiers de boeuf, d'agneau, de porc ou de veau en vue d'une coupe, d'une transformation ou d'un emballage ultérieurs;"
94141.02,désosser la viande;
94141.02,"couper la viande et la volaille en coupes particulières destinées à des institutions, à des entreprises commerciales ou à d'autres usages dans le commerce de gros;"
94141.02,"enlever la peau, l'excès de gras, les meurtrissures ou les autres parties endommagées des carcasses ou des morceaux de viande."
94141.03,abattre la volaille et enlever les parties non comestibles;
94141.03,"plumer, flamber et laver la volaille en vue des opérations ultérieures de transformation ou d'emballage."
94142.01,"régler et manoeuvrer des machines pour nettoyer, couper, faire cuire, fumer, saler, déshydrater ou traiter de toute autre manière les produits du poisson et de fruits de mer;"
94142.01,"régler et manoeuvrer des machines pour mettre en boîte, en sac, en caisse ou emballer de toute autre manière les produits du poisson et de fruits de mer;"
94142.01,vérifier les produits et l'emballage pour déceler les irrégularités et assurer le respect des normes de l'entreprise et faire les ajustements nécessaires aux machines;
94142.01,"consigner des renseignements sur la production, par exemple : la quantité, le poids, la date et la nature des produits emballés."
94142.02,Les nettoyeurs-coupeurs de poisson et de fruits de mer
94142.02,"couper, nettoyer et parer le poisson et les fruits de mer avant la mise en vente ou le conditionnement;"
94142.02,"écailler le poisson, le couper, séparer les filets et enlever les viscères à l'aide d'un couteau;"
94142.02,"examiner les filets pour déterminer le nombre possible et la taille des morceaux, découper ces morceaux selon les spécifications et les placer dans des récipients pour la pesée;"
94142.02,décortiquer des homards et d'autres crustacés et en retirer la chair pour la mise en conserve ou un autre traitement.
94143,échantillonner des produits à diverses étapes de la transformation;
94143,"examiner les matières premières ou les produits finis par la vue, le toucher, le goûter et l'odorat ou peser les produits pour assurer la conformité aux normes de l'entreprise;"
94143,"effectuer des tests courants reliés aux spécifications des produits, telles que la couleur, la teneur en alcool, la carbonatation, la teneur en eau, la température, la teneur en gras et l'emballage;"
94143,trier ou classer les matières premières ou les produits finis;
94143,assurer à ce que les pratiques sanitaires soient conformes aux politiques et aux règlements;
94143,aviser les surveillants de toute lacune concernant les matières premières ou les produits finis.
94150,"lire les commandes afin d'établir les spécifications du travail à exécuter, telles que la couleur de l'encre et les quantités demandées;"
94150,"régler les machines à imprimer et faire les ajustements qui s'imposent, soit remplir les réservoirs d'encre ou de peinture et charger les machines de papier;"
94150,introduire des codes et des clés pour programmer des données à la console d'impression des machines à imprimer informatisées;
94150,faire fonctionner les machines à imprimer et les vérifier pendant le tirage et faire des ajustements au besoin;
94150,nettoyer les machines et remplacer les pièces usées.
94151.01,installer et règler les numériseurs de séparation de noir et blanc ou de couleurs en vue de convertir les reproductions graphiques et les photographies en pellicules pour les assembler et les exposer sur des plaques ou des cylindres d'impression;
94151.01,"se servir de séparateurs automatisés ou d'appareils numériques pour faire, à partir de la copie couleur ou de diapositives, des séparations et des corrections de couleurs servant à la préparation de pellicules, de fichiers numériques, de plaques ou de cylindres d'impression;"
94151.01,"assembler et positionner manuellement ou à l'aide de matériel automatisé, des bouts de pellicules renfermant tous les éléments d'une tâche d'impression pour produire des montages ou des négatifs superposés afin de préparer des plaques ou des cylindres d'impression."
94151.02,"examiner le texte, le dessin ou le motif pour déterminer comment il sera imprimé ou gravé sur la pièce;"
94151.02,"préparer la surface de la pièce pour l’impression ou la gravure en nettoyant, polissant, traitant et appliquant des méthodes supplémentaires;"
94151.02,"imprimer ou graver le texte, le dessin ou le motif sure la pièce à l’aide d’outils manuels ou mécaniques ou de procédés de photogravure ou au laser."
94151.03,"faire fonctionner divers systèmes de traitement des images commandés par ordinateurs pour séparer les couleurs, retoucher et corriger les négatifs couleur aux fins d'impression, ainsi que planifient la mise en page et modifient la forme, les dimensions et la position des illustrations et du texte à l'aide de dispositifs électroniques;"
94151.03,"préparer et lancer le développement des plaques d'impression pour le procédé offset et sont responsables de l'entretien des appareils de type flasheuse de plaque (CTP, Computer to plate);"
94151.03,"utiliser des châssis pneumatiques, des machines de traitement des clichés ou des machines de reports pour produire des plaques offset pour divers types de presses;"
94151.03,"préparer des épreuves sur film, laser ou dylux à l'aide de matériel informatisé aux fins de contrôle de la qualité et de révision par le client."
94152,"régler et faire fonctionner appareils et machines spécialisés qui servent à couper, à plier, à assembler et à relier ou finir les brochures, les revues, les livres, les imprimés administratifs et autres matières imprimées;"
94152,"régler et faire fonctionner appareils et machines spécialisés qui servent à matricer, à gaufrer, à imprimer, à pelliculer, à dorer et à réaliser d'autres opérations de finition sur le matériel imprimé;"
94152,effectuez des phases de pré-production de reliure et de finition afin de vérifier la production et à veiller à ce que les spécifications des produits soient remplies;
94152,faire fonctionner l'équipement automatique et semi-automatique et les machines afin de relier ou de finir les documents imprimés selon les spécifications;
94152,"emballer, peser et piler les produits reliés et finis sur la palette pour expédition;"
94152,"réparer et relier, s'il y a lieu, les livres endommagés ou usés."
94153,"faire fonctionner des appareils permettant de développer des négatifs et des diapositives et de transférer des images, en couleur ou en noir et blanc;"
94153,utiliser des agrandisseurs pour faire des photographies et des agrandissements à partir de négatifs;
94153,faire fonctionner de l'équipement permettant de développer des films cinématographiques;
94153,"s'occuper de l'équipement automatique dans des établissements où sont développés des négatifs de films en couleur, des photographies et des diapositives;"
94153,faire fonctionner de l'équipement permettant de transférer des films sur bandes vidéo;
94153,retoucher des négatifs photographiques ou des épreuves originales pour en éliminer les défauts;
94153,coller des films et les monter sur bobine;
94153,mesurer et mélanger les produits chimiques nécessaires au développement;
94153,vérifier des rouleaux d'épreuves photographiques pour assurer leur conformité aux exigences ou des rouleaux de pellicules cinématographiques pour déceler les défauts dans le développement et l'impression.
94200.01,"consulter des diagrammes électriques, des plans et d'autres diagrammes techniques;"
94200.01,"boulonner, visser, serrer, souder, braser ou fixer, les uns aux autres, les pièces et les éléments constitutifs des véhicules automobiles, à l'aide d'outils ou d'équipement manuels ou mécaniques;"
94200.01,"utiliser et entretenir le matériel d'assemblage automatisé, comme les robots et le matériel automatisé fixe;"
94200.01,"raccorder des câbles, des tubes et des fils pour compléter l'assemblage et l'installation;"
94200.01,"positionner et installer des pièces, des sous-ensembles et des accessoires, tels que des moteurs, des transmissions, des panneaux de porte et des tableaux de bord, à l'aide d'équipement et d'outils manuels ou mécaniques, ou d'autres outils, notamment des treuils;"
94200.01,"poser et ajuster des portières, des capots et des couvercles de coffres."
94200.02,"vérifier les couches de peinture d'apprêt et de finition, les produits de scellement et de mastiquage, et indiquer, consigner et signaler les défauts à corriger;"
94200.02,"faire l'essai des ensembles, du matériel et des câbles électriques afin d'assurer leur bon fonctionnement, à l'aide d'indicateurs, d'analyseurs et de lampes stroboscopiques;"
94200.02,"examiner les pièces automobiles et les véhicules automobiles complètement assemblés pour les défauts, et s'assurer que les défauts ont été corrigés;"
94200.02,"conduire et vérifier les véhicules sur des bancs d'essai dynamométrique afin de constater le bon fonctionnement des transmissions, des essieux, des moteurs et des freins."
94201.01,"souder et monter manuellement divers composants électroniques, tels que des conducteurs de résistance, des diodes, des transistors, des condensateurs, des circuits intégrés, des commutateurs, des fils et d'autres pièces électroniques, à des points précis sur des plaquettes de circuit imprimé;"
94201.01,monter des microcircuits qui demandent de la dextérité en utilisant des microscopes et en appliquant des normes de propreté;
94201.01,"installer, monter, fixer, aligner et ajuster des composants, du câblage et des étriers aux ensembles et sous-ensembles à l'aide d'outils manuels et de petits outils mécaniques;"
94201.01,"faire fonctionner des machines automatiques et semi-automatiques pour placer, souder et nettoyer certains composants montés sur des plaquettes de circuit imprimé;"
94201.01,"faire fonctionner et surveiller des machines de traitement, telles que des machines automatiques et semi-automatiques servant à fabriquer des composants électroniques, à souder, à nettoyer, à sceller et à marquer les composants, et effectuer d'autres tâches, conformément aux instructions;"
94201.01,régler les machines de traitement et appliquer les règles de propreté requises;
94201.01,"remplacer les pièces défectueuses ou réparer et remettre à neuf, s'il y a lieu, les dispositifs plus anciens."
94201.02,"inspecter des composants et des ensembles électroniques pour vérifier le choix et l'emplacement des composants, la qualité du câblage et des soudures, l'insertion des broches, l'emplacement ou le diamètre des trous plaqués, la continuité dans les circuits et l'espacement linéaire sur les plaquettes de circuit imprimé ainsi que le respect d'autres exigences particulières au cours des étapes d'assemblage et de fabrication des produits;"
94201.02,"vérifier le montage final pour contrôler le fini, l'étiquetage et les méthodes d'emballage;"
94201.02,vérifier les dimensions des produits et effectuer des essais électriques du type « oui-non »;
94201.02,"repérer et marquer les ensembles acceptables et ceux qui sont défectueux, et retourner les ensembles défectueux aux services de production pour réparation;"
94201.02,"recueillir, enregistrer et résumer les résultats des inspections;"
94201.02,rechercher la cause des problèmes et fournir de l'information sur le bon fonctionnement.
94201.02,"utiliser du matériel et des outils divers pour faire des essais simples afin de vérifier les propriétés électriques et la continuité des circuits de composants, parties et systèmes électroniques;"
94201.02,"monter et utiliser des appareils d'essai pour localiser les défectuosités au niveau des circuits et du câblage, les courts-circuits et les pièces défectueuses;"
94201.02,"comparer les résultats des essais aux spécifications et mettre de côté les pièces ou les produits qui doivent être réparés ou les remplacer, compte tenu des indications fournies par les instruments d'essai;"
94201.02,rédiger des rapports sur les résultats des essais;
94201.02,"procéder, s'il y a lieu, à des essais de durée de vie (rodage) sur des composants, ensembles et sous-ensembles."
94202.01,"assembler des pièces préfabriquées sur des chaînes de montage ou à l'établi, au moyen de pistolets à vis et d'autres outils manuels et mécaniques;"
94202.01,"assembler de petits et de gros appareils ménagers électriques tels que des cafetières, des fours grille-pain, des aspirateurs, des réfrigérateurs, des lave-vaisselle et des tondeuses à gazon;"
94202.01,"monter des petits transformateurs, des petits moteurs électriques et des transmissions pour les appareils et autres accessoires électriques;"
94202.01,"monter des disjoncteurs, des interrupteurs et autre matériel de contrôle électrique et placer et fixer des éléments tels que des ressorts, des boutons ou d'autres pièces dans les gaines;"
94202.01,enrouler les ressorts hélicoïdaux et l'armature des petits moteurs électriques et des transformateurs;
94202.01,exécuter des réparations mineures aux produits rejetés de la chaîne de montage;
94202.01,"régler les chaînes de montage en les dotant de matériel et de fournitures nécessaires à la production, et régler et ajuster les outils de production."
94202.02,"vérifier les produits au cours des différentes étapes de la production pour en déceler les défauts apparents et les raccords électriques et mécaniques défectueux, ou faire fonctionner du matériel automatique ou d'autre matériel de vérification afin d'assurer la qualité des produits;"
94202.02,identifier et marquer les articles acceptables et retourner ceux qui sont défectueux à la production pour réparation;
94202.02,"recueillir, enregistrer et résumer les résultats de la vérification."
94203.01,"monter et ajuster des pièces de métal et d'autres pièces préfabriquées selon les tolérances indiquées dans les plans, afin de monter des transformateurs ou des moteurs électriques à grande puissance;"
94203.01,"monter des stators ou des induits pour des moteurs électriques à grande puissance; compresser des lamelles d'acier pour monter les noyaux de transformateur; monter les bobines dans le noyau en utilisant des ponts roulants et faire les connexions électriques au moyen d'appareils à sertir, à braser et à souder;"
94203.01,"assembler et ajuster l'équipement auxiliaire du moteur électrique ou du transformateur comme les douilles, les commutateurs de prise, les boîtes de raccordement et l'équipement de chauffage, de protection et de refroidissement;"
94203.01,"installer et régler la machinerie et l'équipement de production destinés à la fabrication d'équipement électrique à grande puissance, tels que les bobineuses;"
94203.01,"faire, s'il y a lieu, des essais de base sur des moteurs électriques."
94203.02,"interpréter des dessins industriels, des schémas d'installations électriques et des plans;"
94203.02,"ajuster des démarreurs, des contacteurs, des condensateurs, des disjoncteurs, des régulateurs de tension, des plaquettes de circuits imprimés ou d'autres dispositifs de commande électrique dans les installations de distribution et les panneaux de commande, pour produire du matériel de commande automatisé, des panneaux de distribution électrique ou d'autre matériel de contrôle électrique industriel;"
94203.02,faire l'installation électrique des panneaux de distribution et des panneaux de commande;
94203.02,monter les boîtiers des panneaux de distribution et des panneaux de commande et installer les barres omnibus utilisées pour transporter le courant de haute intensité;
94203.02,"utiliser, s'il y a lieu, des machines de fabrication de produits métalliques pour fabriquer ou modifier les barres omnibus."
94203.03,surveiller la production et régler les problèmes de production;
94203.03,"vérifier les moteurs électriques, les transformateurs ou le matériel de contrôle, lorsque montés, pour déterminer leur conformité aux normes de qualité;"
94203.03,"recueillir, enregistrer et résumer les résultats des inspections."
94204.01,"monter, ajuster et installer des pièces préfabriquées afin de former des sous-ensembles ou des produits finis à l'aide d'outils manuels ou mécaniques;"
94204.01,"placer, aligner et ajuster des pièces afin qu'elles soient bien ajustées et montées, et joindre des câbles, des tubes et des fils;"
94204.01,fixer des pièces à l'aide de matériel de boulonnage ou de rivetage ou en utilisant d'autres méthodes de fixation et d'assemblage;
94204.01,"conduire ou surveiller de l'équipement de montage automatique, tel que de l'équipement robotique et d'automation fixe;"
94204.01,opérer de petites grues afin de déplacer et de mettre en place des pièces.
94204.02,vérifier des sous-ensembles et des produits finis pour s'assurer de leur conformité aux normes de qualité;
94204.02,vérifier l'alignement des ensembles mécaniques et des sous-ensembles pour s'assurer de leur bon fonctionnement;
94204.02,vérifier et mettre à l'essai les composantes électriques et le filage afin d'assurer un raccordement exact;
94204.02,faire des ajustements mineurs et des réparations.
94205.01,"utiliser des machines qui montent, contrôlent et emballent des piles sèches;"
94205.01,placer des accumulateurs au plomb sur les chaînes de montage et y insérer le contenu;
94205.01,utiliser des machines telles que des machines à empâter et à empiler pour fabriquer des plaques pour les accumulateurs au plomb;
94205.01,"charger les machines de tubes de verre, d'ampoules et d'autres pièces utilisées pour produire des ampoules et des tubes fluorescents, à incandescence et autres types d'ampoules et de tubes, et retirer et emballer le produit fini;"
94205.01,"utiliser ou alimenter des machines et du matériel pour produire des dispositifs de câblage électrique, tels que des fusibles, des fiches, des culots, des douilles, des prises et des interrupteurs;"
94205.01,"utiliser des machines servant à appliquer des revêtements protecteurs à des articles tels que des congélateurs, des petits moteurs électriques ou des transformateurs;"
94205.01,effectuer des réparations mineures aux articles rejetés de la chaîne de production;
94205.01,installer et régler des machines et du matériel de production pour l'exécution des opérations.
94205.02,"vérifier les articles en cours de production et les produits finis pour déceler les défauts mécaniques ou apparents, ou utiliser du matériel automatisé ou d'autre matériel de vérification pour maintenir la qualité des articles;"
94205.02,identifier et marquer les articles acceptables et retourner à la réparation ceux qui sont défectueux;
94205.02,"recueillir, enregistrer et résumer les résultats des vérifications."
94210.01,"préparer, poncer et ajuster des pièces de meubles et d'accessoires en bois au moyen d'outils manuels ou mécaniques;"
94210.01,monter les pièces de meubles ou d'accessoires en bois ou en métal pour former des sous-ensembles et terminer les articles au moyen d'outils manuels ou mécaniques;
94210.01,"monter une combinaison de pièces en bois, en métal, en plastique, en rotin ou d'autres matériaux pour former des sous-ensembles ou terminer des meubles;"
94210.01,renforcer les meubles et les accessoires assemblés à l'aide de chevilles ou d'autres supports;
94210.01,installer des garnitures métalliques comme des charnières ou des moraillons sur les meubles ou les accessoires.
94210.02,monter et faire fonctionner des machines à finir les meubles ou les finir à la main;
94210.02,"teindre ou vernir le bois selon les teintes spécifiées à l'aide de teinture, de peinture ou d'autres matériaux en se servant d'un pinceau ou d'un pistolet;"
94210.02,"appliquer les colorants, les rehauts, les glacis ou les nuanceurs afin d'obtenir le vernis désiré;"
94210.02,appliquer la laque et les autres apprêts;
94210.02,décorer ou marquer les surfaces en bois pour leur donner une apparence antique ou d'autres effets à l'aide d'outils manuels ou mécaniques;
94210.02,nettoyer et polir les meubles;
94210.02,"poncer les meubles en métal pour les préparer à la finition, puis les enduire de peinture ou d'autres matériaux à l'aide d'un pistolet."
94210.03,"enlever le vernis des surfaces de bois à l'aide de laine d'acier, de papier d'émeri et de solvants;"
94210.03,égaliser les rainures à l'aide de bouche-pores et poncer le bois;
94210.03,harmoniser les colorants pour obtenir le fini d'origine et appliquer le vernis approprié au bois décapé;
94210.03,polir et cirer les surfaces vernies;
94210.03,"poncer ou meuler les surfaces métalliques pour les préparer et les peindre en se servant d'un procédé électrostatique, d'un pistolet ou autre matériel d'application de peinture;"
94210.03,effectuer des réparations mineures aux meubles;
94210.03,"effectuer, au besoin, les tâches du vernisseur de meubles."
94210.04,vérifier les sous-ensembles et les produits finis afin d'assurer la conformité aux normes de qualité;
94210.04,signaler les parties ou les produits finis défectueux afin qu'ils soient réparés;
94210.04,faire des mises au point et des réparations mineures;
94210.04,noter des renseignements sur les produits vérifiés.
94211.01,lire les commandes et les schémas de production;
94211.01,"tailler et poncer des joints, des moulures et d'autres pièces en bois qui doivent être assemblées, en se servant d'outils manuels et mécaniques;"
94211.01,"assembler différents produits en bois, tels que des châssis de fenêtre, des portes, des boîtes, des palettes, des échelles et des barils, à l'aide de colle, de crampons, de boulons, de vis ou d'autres attaches;"
94211.01,"assembler des panneaux de portes, des fermes de charpente, des éléments modulaires et autres pièces destinées à des lignes de montage de maisons préfabriquées, à l'aide de gabarits d'assemblage et de ponts roulants, ainsi que d'outils manuels et mécaniques;"
94211.01,"renforcer les produits assemblés, à l'aide de chevilles ou d'autres pièces de soutien, et installer des garnitures métalliques comme des charnières et des boutons de porte;"
94211.01,"participer, s'il y a lieu, à l'entretien des machines."
94211.02,vérifier les produits en bois pour s'assurer de leur conformité aux normes de qualité;
94211.02,signaler les parties ou produits finis défectueux afin qu'ils soient réparés;
94211.02,faire des mises au point et des réparations mineures;
94211.02,noter des renseignements sur les produits vérifiés.
94212.01,"utiliser des machines, de l'équipement ou des outils manuels pour couper, profiler, découper et ajuster des éléments en plastique afin de former des pièces et des assemblages;"
94212.01,assembler des matériaux composites sur des modèles pour former des pièces et des assemblages au moyen de matériaux de liaison;
94212.01,utiliser des pistolets à enduire pour appliquer des mélanges de résine à des moules en métal ou en bois afin de former des produits en plastique;
94212.01,charger et utiliser des autoclaves pour assurer le mûrissement et la liaison des pièces et des assemblages partiels en plastique;
94212.01,"utiliser de l'équipement de finition afin de détourer, de meuler ou de polir les produits et leur donner une forme finale."
94212.02,"inspecter des pièces en plastique manufacturées afin de déceler leurs défauts et de vérifier leur conformité aux spécifications et aux normes de qualité, soit visuellement soit à l'aide d'instruments;"
94212.02,"apposer des sceaux ou des étiquettes sur les composants approuvés, ou noter et retourner à la réparation ou au recyclage les produits défectueux;"
94212.02,préparer des rapports sur les produits vérifiés;
94212.02,apporter des modifications aux produits et effectuer des réparations mineures;
94212.02,former ou assister à la formation de nouveaux employés.
94213.01,choisir la peinture appropriée ou le bon mélange de peinture à l'aide de mélangeurs à peinture automatiques selon des formules préétablies;
94213.01,"faire fonctionner le matériel pour nettoyer, laver, décaper, sabler, enlever la rouille, remplir les creux ou préparer les objets à peindre ou à recouvrir de laque ou d'autres revêtements protecteurs ou décoratifs;"
94213.01,"faire fonctionner des appareils automatiques de peinturage au pistolet, par trempage ou ruissellement, ou par d'autres procédés mécaniques de peinturage ou d'application de revêtement;"
94213.01,faire fonctionner des pistolets à main pour peinturer des objets fixés ou des objets défilant sur un convoyeur afin d'appliquer des revêtements protecteurs ou décoratifs;
94213.01,peinturer des petits objets et faire des retouches au pinceau;
94213.01,"nettoyer et entretenir le matériel de peinturage et d'enduit, de ventilation, à air comprimé et de protection personnelle;"
94213.01,"préparer et appliquer, s'il y a lieu, des pochoirs, des décalcomanies créées par ordinateur et d'autres objets décoratifs sur des produits finis."
94213.02,préparer et mélanger des solutions métallisantes selon des formules ou des spécifications;
94213.02,"faire fonctionner l'équipement pour nettoyer, dégraisser, dérocher et graver les surfaces métalliques et non métalliques afin de donner aux pièces à travailler les caractéristiques de surface désirées;"
94213.02,"surveiller la machine de placage de métal automatique qui fait passer les objets par diverses solutions de nettoyage, de rinçage et de placage;"
94213.02,faire fonctionner et contrôler l'équipement de placage servant à enduire le métal et d'autres objets;
94213.02,faire fonctionner l'équipement de placage par trempage à chaud servant à galvaniser le métal et d'autres objets;
94213.02,faire fonctionner l'équipement de vaporisation afin de fortifier les pièces usées ou endommagées ou de faire adhérer des couches protectrices ou décoratives sur des objets métalliques;
94213.02,"vérifier l'épaisseur du placage à l'aide de micromètres, de compas d'épaisseur ou d'autres instruments;"
94213.02,"faire fonctionner, s'il y a lieu, de l'équipement pour polir les surfaces métalliques des produits;"
94213.02,"faire fonctionner, s'il y a lieu, des fours qui servent à durcir les enduits métalliques."
94219.01,"faire fonctionner des machines, utiliser des outils à main ou des outils mécaniques pour couper, former et ajuster les matériaux pour former des pièces et pour confectionner des composantes ou des produits;"
94219.01,"insérer les matériaux dans les trémies des dispositifs d'alimentation, ou aligner manuellement, introduire ou placer de quelque autre façon les matériaux dans les machines;"
94219.01,"visser, attacher, coller, souder ou assembler, de quelque autre façon, des pièces et éléments pour donner un produit fini;"
94219.01,"sabler, tailler, polir ou nettoyer les produits pour leur donner leur forme définitive, à l'aide d'outils manuels;"
94219.01,"nettoyer les postes de travail, enlever les résidus, la poussière, les rognures ou autres sous-produits à l'intérieur et autour des machines;"
94219.01,"procéder, au besoin, au changement régulier des moules et des buses ou d'autres pièces."
94219.01,"calfater, à l'aide d'un pistolet de calfatage, les joints du pont et de la coque, et posent des apparaux, des gouvernails, des sièges, des bâtis de moteurs et d'autres accessoires à l'aide d'outils manuels, s’il y a lieu;"
94219.01,"réparer des bateaux, s'il y a lieu."
94219.02,inspecter les produits de fabrication pour assurer leur conformité aux spécifications et/ou aux normes de qualité et déceler les défauts visuellement ou à l'aide d'échantillons-modèles et d'instruments;
94219.02,apposer des sceaux ou des étiquettes aux articles approuvés et réacheminer les produits défectueux vers les services de réparation ou de recyclage;
94219.02,remplir des rapports et noter des renseignements sur l'inspection des produits.
94219.02,"faire des mises au point et des réparations mineures, s'il y a lieu."
95100,"transporter des matières premières, des produits finis, des produits recyclables et de la ferraille à travers l'usine, manuellement ou à l'aide d'un chariot de levage ou autre équipement motorisé;"
95100,"charger des transporteurs, des concasseurs et d'autre équipement, ouvrir des valves et des pompes, enlever les scories des fours, trier, empiler, empaqueter et estamper des matériaux et accomplir d'autres tâches afin d'aider les opérateurs de machines et les opérateurs de procédés industriels dans le traitement des minerais et des métaux;"
95100,nettoyer les aires de travail et l'équipement;
95100,"participer, au besoin, à des travaux mineurs de réparation et d'entretien."
95101,lire et interpréter les commandes;
95101,"manoeuvrer des appareils de nettoyage de métaux comme des appareils de grenaillage, des ébarbeuses et des sableuses à jet pour enlever les cordons de soudure excédentaires, la rouille, le tartre ou d'autres matières sur des éléments métalliques, des produits moulés et d'autres produits métalliques;"
95101,polir les produits métalliques afin d'obtenir un poli miroir;
95101,tremper des produits métalliques dans des solutions de nettoyage;
95101,"aider les monteurs de charpentes en acier, les tôliers, les opérateurs de machines à travailler les métaux ou d'autres travailleurs assimilés;"
95101,"transporter, manuellement ou à l'aide d'appareils de levage ou d'autres appareils, les matières premières et les produits finis;"
95101,"trier les feuilles et les éléments de métal, la ferraille et d'autres matériaux;"
95101,nettoyer les aires de travail et l'équipement;
95101,charger et décharger les véhicules à l'aide de chariots manuels ou de plateaux roulants;
95101,"meuler, découper, ou enlever au burin, s'il y a lieu, le métal excédentaire sur les produits métallurgiques, avec des outils manuels."
95102,alimenter et vider l'équipement et les machines de production;
95102,"nettoyer les machines et l'équipement de traitement des produits chimiques, ainsi que les aires de production;"
95102,"déplacer, classer et empiler les matériaux et les produits, à la main ou à l'aide de machines;"
95102,"aider d'autres travailleurs à faire fonctionner, à réparer et à entretenir le matériel de traitement de produits chimiques, de distribution de gaz, de filtration d'eau et de traitement des déchets;"
95102,"effectuer d'autres tâches générales de construction simple, de peinture et autres tâches manuelles."
95103,"placer les billes sur la courroie d'entraînement et dans la trémie du défibreur et les aligner manuellement à l'aide de pieds-de-biche, de picois ou de tout autre outil ou instrument;"
95103,"charger les copeaux, la pulpe, le soufre et autres produits de traitement dans les convoyeurs ou les réservoirs de transformation, enlever le papier recyclable et la pulpe des machines de fabrication de pulpe et de papier, et transporter le papier recyclable et la pulpe jusqu'aux machines et matériel de traitement à l'aide d'un élévateur à fourche ou autre équipement mécanique;"
95103,"trier, empiler et transporter, manuellement ou à l'aide d'appareils mécaniques, aux différentes étapes de transformation du bois, le bois d'oeuvre, les feuilles de placage, les panneaux et les produits en bois semblables;"
95103,"ramasser, à l'aide d'un chariot élévateur ou autres appareils mécaniques, les restes et les copeaux de bois en vue d'une transformation ultérieure;"
95103,"approvisionner les convoyeurs, les scies, les séchoirs et autres appareils servant à la fabrication de bois d'oeuvre, de bardeaux, de placage, de contreplaqué et de produits en bois semblables;"
95103,"nettoyer, à l'aide de pelles, de tuyaux d'arrosage et autres outils, les machines et les appareils de transformation du bois et les aires de travail;"
95103,"aider d'autres travailleurs en transformation du bois à manoeuvrer, à entretenir et à réparer différents appareils et machines, et à exécuter d'autres travaux de transformation du bois."
95104,aider les opérateurs de machines ou les assembleurs à exécuter leurs tâches;
95104,aider à l'installation et au démontage des machines et de l'équipement;
95104,nettoyer et lubrifier les machines et l'équipement;
95104,transporter les matériaux et les outils d'une aire de travail à une autre à l'aide de chariots manuels ou autres moyens;
95104,préparer les matières premières pour le mélange;
95104,surveiller les machines afin de déceler les blocages et les produits défectueux.
95105.01,charger et décharger les machines;
95105.01,nettoyer les machines et les aires de travail;
95105.01,"déplacer des chariots, des camions ou des contenants de fibres d'un poste de travail à un autre;"
95105.01,"aider, au besoin, les opérateurs de machines et les autres travailleurs du textile."
95105.02,"disposer des patrons sur des épaisseurs de tissu et les découper à l'aide de couteaux électriques ou manuels, de coupoirs ou d'outils de coupe à commande numérique par ordinateur (CNC);"
95105.02,ajuster les techniques de coupe selon le type de tissu et le style du vêtement;
95105.02,"couper, s'il y a lieu, des échantillons de tissu."
95105.03,"couper des peaux en bandes diagonales, de longueur et de forme déterminées, au moyen de couteaux de fourreur ou de coupoirs;"
95105.03,numéroter les peaux pour indiquer leur place sur les patrons;
95105.03,"choisir et assortir, si nécessaire, des peaux et préparer, s'il y a lieu, des échantillons de fourrure."
95105.04,"choisir le cuir et les formes de découpe pour les articles en cuir et des pièces de chaussures, selon les spécifications;"
95105.04,"disposer le cuir sur les plateaux des machines de façon à découper le nombre maximum de pièces, compte tenu du grain et des défauts du cuir, et en minimisant l'étirement;"
95105.04,se servir de presses à découpage ou à poinçonner pour étirer le cuir;
95105.04,"faire fonctionner les machines à dépouiller et couper le cuir ou couper des cuirs à la main, pour la confection des articles en cuir;"
95105.04,"couper, s'il y a lieu, des échantillons de cuir."
95106,"transporter, manuellement ou à l'aide d'équipement mécanique, des matières premières, des produits finis et des matériaux d'emballage dans les usines et les entrepôts;"
95106,mesurer et charger des ingrédients dans les trémies des mélangeurs et des broyeurs ou des camions-citernes;
95106,"alimenter et décharger des machines de transformation des aliments, des boissons et des produits connexes;"
95106,placer des boîtes aplaties dans des machines de formage de contenants;
95106,"enlever les contenants remplis des tapis roulants et charger manuellement les marchandises dans des sacs, des boîtes ou d'autres contenants;"
95106,nettoyer les aires de travail et l'équipement;
95106,vérifier les produits et les emballages pour y déceler tout défaut élémentaire dans la qualité;
95106,aider les opérateurs de machines et de contrôle des procédés dans l'exercice de leurs fonctions.
95107,"décharger le poisson et les crustacés des bateaux de pêche et les transporter, au moyen d'un chariot à bras ou d'un chariot à fourche, à l'aire de travail de l'usine de conditionnement de poisson;"
95107,plonger les filets de poisson frais dans une saumure afin de les conditionner pour l'emballage ou la congélation;
95107,"peser le poisson ou les crustacés, enregistrer leur poids et les placer dans la glace concassée;"
95107,"trier les poissons selon l'espèce, le poids et la destination;"
95107,nettoyer les aires de travail et le matériel;
95107,"transporter les fournitures et le matériel d'emballage dans l'usine et l'entrepôt, à la main ou à l'aide de matériel mécanisé;"
95107,mesurer et verser des ingrédients dans les trémies des malaxeurs et des broyeuses.
95109,"transporter, manuellement ou à l'aide d'équipement mécanique, les matières premières, les produits finis et l'équipement dans l'usine;"
95109,vérifier et peser le matériel et les produits;
95109,"trier, empaqueter, mettre en caisse et emballer le matériel et les produits;"
95109,"aider les opérateurs de machines, les monteurs et les autres travailleurs;"
95109,nettoyer les aires de travail et le matériel;
95109,effectuer d'autres tâches de manoeuvres et activités élémentaires.
