OaSIS profile code,Workplace/employer name,Profile name
00010.00,Band councils,Legislators
00010.00,Executive councils,Legislators
00010.00,Federal government,Legislators
00010.00,Local governments,Legislators
00010.00,Provincial government,Legislators
00010.00,School boards,Legislators
00010.00,Territorial governments,Legislators
00011.00,Agencies,Senior government managers and officials
00011.00,Boards,Senior government managers and officials
00011.00,Commissions,Senior government managers and officials
00011.00,Federal government departments,Senior government managers and officials
00011.00,Municipal governments,Senior government managers and officials
00011.00,Provincial government,Senior government managers and officials
00011.00,Regional governments,Senior government managers and officials
00011.00,Territorial governments,Senior government managers and officials
00012.00,Business service industries,"Senior managers - financial, communications and other business services"
00012.00,"Establishments throughout the telecommunications, finance, insurance, real estate, data processing, hosting and related services industries","Senior managers - financial, communications and other business services"
00012.00,Self-employed,"Senior managers - financial, communications and other business services"
00013.00,Membership organizations,"Senior managers - health, education, social and community services and membership organizations"
00013.00,"Organizations that deliver health, education, social or community services","Senior managers - health, education, social and community services and membership organizations"
00013.00,Self-employed,"Senior managers - health, education, social and community services and membership organizations"
00014.00,Accommodation and food services,"Senior managers - trade, broadcasting and other services"
00014.00,Establishments in broadcasting and related media services,"Senior managers - trade, broadcasting and other services"
00014.00,Other services companies,"Senior managers - trade, broadcasting and other services"
00014.00,Retail trade,"Senior managers - trade, broadcasting and other services"
00014.00,Self-employed,"Senior managers - trade, broadcasting and other services"
00014.00,Wholesale trade,"Senior managers - trade, broadcasting and other services"
00015.00,Construction,"Senior managers - construction, transportation, production and utilities"
00015.00,"Forestry, logging, fishing and agriculture","Senior managers - construction, transportation, production and utilities"
00015.00,Manufacturing companies,"Senior managers - construction, transportation, production and utilities"
00015.00,"Mining, oil and gas extraction","Senior managers - construction, transportation, production and utilities"
00015.00,Printing,"Senior managers - construction, transportation, production and utilities"
00015.00,Public utility services,"Senior managers - construction, transportation, production and utilities"
00015.00,Self-employed,"Senior managers - construction, transportation, production and utilities"
00015.00,Transportation and warehousing,"Senior managers - construction, transportation, production and utilities"
10010.00,Financial and accounting departments in companies throughout the private sector,Financial managers
10010.00,Financial and accounting units throughout the public sector,Financial managers
10011.00,Establishements throughout the private and public sector,Human resources managers
10012.00,Establishements throughout the private and public sector,Purchasing managers
10019.00,Establishements throughout the private and public sector,Other administrative services managers
10020.01,Insurance companies,Insurance managers
10020.02,Real estate firms,Real estate service managers
10020.03,Mortgage brokers,Mortgage broker managers
10020.04,Investment dealers,Securities manager
10020.04,Security and commodity exchanges,Securities manager
10020.04,Stockbrokers,Securities manager
10021.01,Banks,Banking and other investment managers
10021.01,Consumer loan companies,Banking and other investment managers
10021.01,Credit card companies,Banking and other investment managers
10021.01,Credit unions,Banking and other investment managers
10021.01,Mortgage investment companies,Banking and other investment managers
10021.01,Mutual fund investment firms,Banking and other investment managers
10021.01,Other financial establishments concerned with extending loans and financing and investments,Banking and other investment managers
10021.01,Trust companies,Banking and other investment managers
10021.02,Car dealerships,Credit managers
10021.02,Commercial or industrial organizations,Credit managers
10021.02,Department stores,Credit managers
10021.02,Insurance companies,Credit managers
10021.02,Utilities companies,Credit managers
10022.01,"Advertising, marketing and public relations firms",Advertising managers
10022.01,Commercial and industrial establishments,Advertising managers
10022.01,Consulting businesses,Advertising managers
10022.01,Government departments,Advertising managers
10022.02,"Advertising, marketing and public relations firms",Marketing managers
10022.02,Commercial and industrial establishments,Marketing managers
10022.02,Consulting businesses,Marketing managers
10022.02,Government departments,Marketing managers
10022.03,"Advertising, marketing and public relations firms",Public relation managers
10022.03,Commercial and industrial establishments,Public relation managers
10022.03,Consulting firms,Public relation managers
10022.03,Government departments,Public relation managers
10022.04,"Advertising, marketing and public relations firms",E-business managers
10022.04,Commercial and industrial establishments,E-business managers
10022.04,Consulting businesses,E-business managers
10022.04,Government departments,E-business managers
10029.00,Contact centre services,Other business services managers
10029.00,Management consulting firms,Other business services managers
10029.00,Market research,Other business services managers
10029.00,Payroll services,Other business services managers
10029.00,Security services,Other business services managers
10030.00,"Wired, wireless, satellite and other telecommunication carriers",Telecommunication carriers managers
11100.01,Private sector accounting and auditing firms/departments,Financial auditors
11100.01,Public sector accounting and auditing departments/units,Financial auditors
11100.01,Self-employed,Financial auditors
11100.02,Private sector accounting and auditing firms/departments,Accountants
11100.02,Public sector accounting and auditing departments/units,Accountants
11100.02,Self-employed,Accountants
11101.01,Banks,Financial analysts
11101.01,Brokerage houses,Financial analysts
11101.01,Establishements throughout the private and public sector,Financial analysts
11101.01,Insurance companies,Financial analysts
11101.01,Investment companies,Financial analysts
11101.01,Manufacturing firms,Financial analysts
11101.01,Trust companies,Financial analysts
11101.01,Underwriting firms,Financial analysts
11101.01,Utility companies,Financial analysts
11101.02,Brokerage houses,Investment analysts
11101.02,Fund management companies,Investment analysts
11102.00,Banks,Financial advisors
11102.00,Governments,Financial advisors
11102.00,Investment firms,Financial advisors
11102.00,Self-employed,Financial advisors
11102.00,Trust companies,Financial advisors
11103.01,Financial securities industry,Securities agents and investment dealers
11103.01,Investment companies,Securities agents and investment dealers
11103.01,Stock and commodity exchanges,Securities agents and investment dealers
11103.01,Stock brokerage firms,Securities agents and investment dealers
11103.02,Financial securities industry,Brokers
11103.02,Investment companies,Brokers
11103.02,Stock and commodity exchanges,Brokers
11103.02,Stock brokerage firms,Brokers
11109.01,Banks,Financial examiners and inspectors
11109.01,Governments,Financial examiners and inspectors
11109.01,Investment firms,Financial examiners and inspectors
11109.01,Self-employed,Financial examiners and inspectors
11109.01,Trust companies,Financial examiners and inspectors
11109.02,Banks,Financial investigators
11109.02,Governments,Financial investigators
11109.02,Investment firms,Financial investigators
11109.02,Self-employed,Financial investigators
11109.02,Trust companies,Financial investigators
11109.03,Banks,Financial Underwriters
11109.03,Governments,Financial Underwriters
11109.03,Investment firms,Financial Underwriters
11109.03,Self-employed,Financial Underwriters
11109.03,Trust companies,Financial Underwriters
11109.04,Banks,Trust officers
11109.04,Governments,Trust officers
11109.04,Investment firms,Trust officers
11109.04,Self-employment,Trust officers
11109.04,Trust companies,Trust officers
11109.05,Banks,Mortgage brokers
11109.05,Governments,Mortgage brokers
11109.05,Investment firms,Mortgage brokers
11109.05,Self-employed,Mortgage brokers
11109.05,Trust companies,Mortgage brokers
11200.00,Establishements throughout the private and public sector,Human resources professionals
11200.00,Self-employed,Human resources professionals
11201.00,Establishements throughout the private and public sector,Professional occupations in business management consulting
11201.00,Management consulting firms,Professional occupations in business management consulting
11201.00,Self-employed,Professional occupations in business management consulting
11202.00,Advertising agencies,"Professional occupations in marketing, advertising and public relations"
11202.00,Associations,"Professional occupations in marketing, advertising and public relations"
11202.00,Consulting firms,"Professional occupations in marketing, advertising and public relations"
11202.00,Corporations,"Professional occupations in marketing, advertising and public relations"
11202.00,Cultural organizations,"Professional occupations in marketing, advertising and public relations"
11202.00,Galleries,"Professional occupations in marketing, advertising and public relations"
11202.00,Governments,"Professional occupations in marketing, advertising and public relations"
11202.00,Museums,"Professional occupations in marketing, advertising and public relations"
11202.00,Public interest groups,"Professional occupations in marketing, advertising and public relations"
11202.00,Self-employed,"Professional occupations in marketing, advertising and public relations"
11202.00,Social agencies,"Professional occupations in marketing, advertising and public relations"
12010.00,Establishements throughout the private and public sector,"Supervisors, general office and administrative support workers"
12011.00,Banks,"Supervisors, finance and insurance office workers"
12011.00,Establishements throughout the private and public sector,"Supervisors, finance and insurance office workers"
12011.00,Insurance companies,"Supervisors, finance and insurance office workers"
12011.00,Other financial institutions,"Supervisors, finance and insurance office workers"
12012.00,Establishements throughout the private and public sector,"Supervisors, library, correspondence and related information workers"
12013.00,Establishements throughout the private and public sector,"Supervisors, supply chain, tracking and scheduling coordination occupations"
12100.00,Associations,Executive assistants
12100.00,Corporations,Executive assistants
12100.00,Governments,Executive assistants
12101.00,Establishements throughout the private and public sector,Human resources and recruitment officers
12102.00,Establishements throughout the private and public sector,Procurement and purchasing agents and officers
12103.00,Conference and event planning companies,Conference and event planners
12103.00,Conference centres,Conference and event planners
12103.00,Convention centres,Conference and event planners
12103.00,Governments,Conference and event planners
12103.00,Professional associations,Conference and event planners
12103.00,Self-employed,Conference and event planners
12103.00,Tourism associations,Conference and event planners
12103.00,Trade associations,Conference and event planners
12104.01,Government agencies,Excise tax revenue officers
12104.02,Government agencies,Government benefits services officers
12110.01,Courts of law,Court reporters
12110.01,Federal legislative assemblies and committees,Court reporters
12110.01,Provincial legislative assemblies and committees,Court reporters
12110.01,Self-employed,Court reporters
12110.02,Doctors' offices,Medical transcriptionists
12110.02,Hospitals,Medical transcriptionists
12110.02,Medical clinics,Medical transcriptionists
12110.02,Self-employed,Medical transcriptionists
12111.00,Clinics,Health information management occupations
12111.00,Health record consulting firms,Health information management occupations
12111.00,Hospitals,Health information management occupations
12111.00,Other health care establishments,Health information management occupations
12111.00,Workplace health and safety boards,Health information management occupations
12112.00,Establishements throughout the private and public sector,Records management technicians
12113.00,Establishements throughout the private and public sector,Statistical officers and related research support occupations
12200.00,Establishements throughout the private and public sector,Accounting technicians and bookkeepers
12200.00,Self-employed,Accounting technicians and bookkeepers
12201.01,Claims departments of insurance companies,Insurance adjusters
12201.01,Independent adjusting companies,Insurance adjusters
12201.02,Branches of insurance companies,Insurance claims examiners
12201.02,Head offices of insurance companies,Insurance claims examiners
12202.00,Branches of insurance companies,Insurance underwriters
12202.00,Head offices of insurance companies,Insurance underwriters
12203.01,Government agencies,Assessors
12203.01,Other private companies,Assessors
12203.01,Real estate firms,Assessors
12203.01,Self-employed,Assessors
12203.02,Government agencies,Business valuators
12203.02,Other private companies,Business valuators
12203.02,Real estate firms,Business valuators
12203.02,Self-employed,Business valuators
12203.03,Government agencies,Appraisers
12203.03,Other private companies,Appraisers
12203.03,Real estate firms,Appraisers
12203.03,Self-employed,Appraisers
13100.00,Establishements throughout the private and public sector,Administrative officers
13101.00,Governments,Property administrators
13101.00,Property development companies,Property administrators
13101.00,Property services management companies,Property administrators
13101.00,Real estate services management companies,Property administrators
13101.00,Strata services management companies,Property administrators
13102.00,Establishements throughout the private and public sector,Payroll administrators
13102.00,Payroll administrative companies,Payroll administrators
13110.00,Establishements throughout the private and public sector,Administrative assistants
13111.00,All levels of government,Legal administrative assistants
13111.00,Federal courts,Legal administrative assistants
13111.00,Land title offices,Legal administrative assistants
13111.00,Law office,Legal administrative assistants
13111.00,Legal departments of large firms,Legal administrative assistants
13111.00,Municipal courts,Legal administrative assistants
13111.00,Provincial or territorial courts,Legal administrative assistants
13111.00,Real estate firms,Legal administrative assistants
13112.00,Doctors' offices,Medical administrative assistants
13112.00,Hospitals,Medical administrative assistants
13112.00,Medical clinics,Medical administrative assistants
13112.00,Other medical settings,Medical administrative assistants
13200.01,Brokerage establishments,Custom brokers
13200.01,Customs brokerages,Custom brokers
13200.01,Self-employed,Custom brokers
13200.02,Self-employed,Ship brokers
13200.02,Ship or other brokerage establishments,Ship brokers
13201.01,Manufacturing and construction companies,Production logistics coordinators
13201.01,Other industrial establishments,Production logistics coordinators
13201.02,Manufacturing and construction companies,Transportation logistics coordinators
13201.02,Other industrial establishments,Transportation logistics coordinators
14100.01,Establishements throughout the private and public sector,General office support workers
14100.02,Establishements throughout the private and public sector,File clerks
14101.01,Hospitals,Receptionists
14101.01,Medical and dental offices,Receptionists
14101.01,Offices throughout the private and public sectors,Receptionists
14101.02,Hospitals,Hospital admitting clerks
14101.03,Hospitals,Switchboard and answering service operators
14101.03,Medical and dental offices,Switchboard and answering service operators
14101.03,Offices throughout the private and public sectors,Switchboard and answering service operators
14101.04,Telephone companies,Telephone operators
14102.00,Personnel departments throughout the private and public sectors,Personnel clerks
14103.00,Federal courts,Court clerks and related court services occupations
14103.00,Municipal courts,Court clerks and related court services occupations
14103.00,Provincial or territorial courts,Court clerks and related court services occupations
14110.01,Contact centres,Survey interviewers
14110.01,Government departments and agencies,Survey interviewers
14110.01,Market research and polling firms,Survey interviewers
14110.01,Other establishments,Survey interviewers
14110.01,Utility companies,Survey interviewers
14110.02,Contact centres,Statistical clerks
14110.02,Government departments and agencies,Statistical clerks
14110.02,Market research and polling firms,Statistical clerks
14110.02,Other establishments,Statistical clerks
14110.02,Utility companies,Statistical clerks
14111.00,Establishements throughout the private and public sector,Data entry clerks
14112.01,Commercial printing companies,Desktop publishing operators
14112.01,Firms that specialize in typesetting,Desktop publishing operators
14112.01,In-house printing departments of private and public sector establishments,Desktop publishing operators
14112.01,Publishing and printing companies,Desktop publishing operators
14112.02,Commercial printing companies,Typesetting input and output operators
14112.02,Firms that specialize in typesetting,Typesetting input and output operators
14112.02,In-house printing departments of private and public sector establishments,Typesetting input and output operators
14112.02,Publishing and printing companies,Typesetting input and output operators
14200.00,Establishements throughout the private and public sector,Accounting and related clerks
14201.01,Banks,Bank clerks
14201.01,Credit companies,Bank clerks
14201.02,Financial establishments throughout the private and public sectors,Insurance clerks
14201.02,Private and public insurance establishments,Insurance clerks
14201.03,Credit companies,Other financial clerks
14201.03,Financial establishments throughout the private and public sectors,Other financial clerks
14201.03,Investment firms,Other financial clerks
14202.00,Banks,Collection clerks
14202.00,Collection agencies,Collection clerks
14202.00,Credit unions,Collection clerks
14202.00,Department stores,Collection clerks
14202.00,Financial and licensing departments within governments,Collection clerks
14202.00,Loan companies,Collection clerks
14202.00,Utility companies,Collection clerks
14300.00,Establishments with library services throughout the public and private sectors,Library assistants and clerks
14300.00,Libraries,Library assistants and clerks
14301.01,Establishements throughout the private and public sector,Classified advertising clerks
14301.01,Newspapers,Classified advertising clerks
14301.01,Periodicals,Classified advertising clerks
14301.01,Publishing firms,Classified advertising clerks
14301.02,Establishements throughout the private and public sector,Correspondence clerks
14301.02,Newspapers,Correspondence clerks
14301.02,Periodicals,Correspondence clerks
14301.02,Publishing firms,Correspondence clerks
14301.03,Establishements throughout the private and public sector,Proofreaders and editorial assistants
14301.03,Newspapers,Proofreaders and editorial assistants
14301.03,Periodicals,Proofreaders and editorial assistants
14301.03,Publishing firms,Proofreaders and editorial assistants
14301.04,Establishements throughout the private and public sector,Readers and press clippers
14301.04,Newspapers,Readers and press clippers
14301.04,Periodicals,Readers and press clippers
14301.04,Publishing firms,Readers and press clippers
14301.05,Establishements throughout the private and public sector,Regulatory clerks
14301.05,Newspapers,Regulatory clerks
14301.05,Periodicals,Regulatory clerks
14301.05,Publishing firms,Regulatory clerks
14400.00,Commercial and industrial establishments,Shippers and receivers
14400.00,Manufacturing firms,Shippers and receivers
14400.00,Public sector,Shippers and receivers
14400.00,Retail sales establishments,Shippers and receivers
14400.00,Wholesale companies,Shippers and receivers
14401.00,Construction companies,Storekeepers and partspersons
14401.00,Establishements throughout the private and public sector,Storekeepers and partspersons
14401.00,Forestry companies,Storekeepers and partspersons
14401.00,Hospitals,Storekeepers and partspersons
14401.00,Manufacturing companies,Storekeepers and partspersons
14401.00,Mining companies,Storekeepers and partspersons
14401.00,Repair shops,Storekeepers and partspersons
14401.00,Retail establishments,Storekeepers and partspersons
14401.00,Warehouses,Storekeepers and partspersons
14401.00,Wholesale establishments,Storekeepers and partspersons
14402.00,Construction companies,Production logistics workers
14402.00,Industrial establishments,Production logistics workers
14402.00,Manufacturing companies,Production logistics workers
14402.00,Printing companies,Production logistics workers
14402.00,Publishing companies,Production logistics workers
14403.01,Government agencies,Purchasing control workers
14403.01,Manufacturing companies,Purchasing control workers
14403.01,Retail sales establishments,Purchasing control workers
14403.01,Wholesale companies,Purchasing control workers
14403.02,Government agencies,Inventory control workers
14403.02,Manufacturing companies,Inventory control workers
14403.02,Retail establishments,Inventory control workers
14403.02,Wholesale companies,Inventory control workers
14404.00,Commercial and industrial establishments,Dispatchers
14404.00,Emergency service agencies,Dispatchers
14404.00,"Police, fire and health departments",Dispatchers
14404.00,"Taxi, delivery and courier services",Dispatchers
14404.00,Trucking companies,Dispatchers
14404.00,Utility companies,Dispatchers
14405.00,Airlines,Transportation route and crew schedulers
14405.00,Municipal transit systems,Transportation route and crew schedulers
14405.00,Railways,Transportation route and crew schedulers
14405.00,Transportation establishments in both the private and public sectors,Transportation route and crew schedulers
14405.00,"Truck, delivery and courier services",Transportation route and crew schedulers
20010.00,Consulting engineering companies,Engineering managers
20010.00,Private sector and government establishments,Engineering managers
20010.00,Scientific research companies,Engineering managers
20011.01,Architectural firms,Architecture and urban planning managers
20011.01,Private sector and government establishments,Architecture and urban planning managers
20011.01,Scientific research companies,Architecture and urban planning managers
20011.02,Architectural firms,Science Managers
20011.02,Private sector and government establishments,Science Managers
20011.02,Scientific research companies,Science Managers
20012.00,Establishements throughout the private and public sector,Computer and information systems managers
21100.01,"Electronic, electrical and aerospace manufacturing companies",Physicists
21100.01,Hospitals,Physicists
21100.01,Power utilities,Physicists
21100.01,"Processing, manufacturing, and research and consulting firms",Physicists
21100.01,Telecommunications companies,Physicists
21100.01,University and government research laboratories,Physicists
21100.02,Governments,Astronomers
21100.02,Universities,Astronomers
21101.00,Chemical industries,Chemists
21101.00,Development laboratories,Chemists
21101.00,Educational establishments,Chemists
21101.00,Government establishments,Chemists
21101.00,Health care establishments,Chemists
21101.00,Manufacturing companies,Chemists
21101.00,Metal industries,Chemists
21101.00,Mineral industries,Chemists
21101.00,Petrochemical companies,Chemists
21101.00,Pulp and paper companies,Chemists
21101.00,Quality control laboratories,Chemists
21101.00,Research laboratories,Chemists
21101.00,Utility companies,Chemists
21102.01,"Consulting engineering, geology and geophysics firms",Geoscientists
21102.01,Education institutions,Geoscientists
21102.01,Governments,Geoscientists
21102.01,Mining and petroleum companies,Geoscientists
21102.01,Self-employed,Geoscientists
21102.02,Education institutions,Oceanographers
21102.02,Governments,Oceanographers
21102.02,Seafarming areas exploration companies,Oceanographers
21102.02,Seafloor deposits exploration companies,Oceanographers
21102.02,Self-employed,Oceanographers
21103.00,All levels of government,Meteorologists and climatologists
21103.00,Media and private consulting companies,Meteorologists and climatologists
21103.00,Natural resources and utility companies,Meteorologists and climatologists
21103.00,Self-employed,Meteorologists and climatologists
21109.01,Education institutions,Metallurgists
21109.01,Government institutions,Metallurgists
21109.01,Industrial establishments,Metallurgists
21109.02,Education institutions,Materials scientists
21109.02,Governments,Materials scientists
21109.02,Industrial establishments,Materials scientists
21109.03,Education institutions,Soil scientists
21109.03,Governments,Soil scientists
21109.03,Industrial establishments,Soil scientists
21109.04,Education institutions,Astronauts
21109.04,Governments,Astronauts
21110.01,Chemical companies,Biologists
21110.01,Environmental consulting firms,Biologists
21110.01,Governments,Biologists
21110.01,Health and educational institutions,Biologists
21110.01,Pharmaceutical and biotechnical companies,Biologists
21110.01,Resource and utility companies,Biologists
21110.02,Chemical companies,Microbiologists and cell and molecular biologists
21110.02,Environmental consulting firms,Microbiologists and cell and molecular biologists
21110.02,Governments,Microbiologists and cell and molecular biologists
21110.02,Health and educational institutions,Microbiologists and cell and molecular biologists
21110.02,Pharmaceutical and biotechnical companies,Microbiologists and cell and molecular biologists
21110.02,Resource and utilities companies,Microbiologists and cell and molecular biologists
21111.00,Consulting businesses,Forestry professionals
21111.00,Education institutions,Forestry professionals
21111.00,Federal government,Forestry professionals
21111.00,Forest industry,Forestry professionals
21111.00,Forestry-related industries,Forestry professionals
21111.00,Provincial government,Forestry professionals
21111.00,Self-employed,Forestry professionals
21112.00,"Businesses, institutions and governments that assist the farming community","Agricultural representatives, consultants and specialists"
21112.00,Self-employed,"Agricultural representatives, consultants and specialists"
21120.00,Establishements throughout the private and public sector,Public and environmental health and safety professionals
21200.00,Architectural firms,Architects
21200.00,Governments,Architects
21200.00,Private corporations,Architects
21200.00,Self-employed,Architects
21201.00,Architectural and engineering firms,Landscape architects
21201.00,Government environmental and development agencies,Landscape architects
21201.00,Landscape consulting firms,Landscape architects
21201.00,Self-employed,Landscape architects
21202.00,All levels of government,Urban and land use planners
21202.00,Engineering and other consulting companies,Urban and land use planners
21202.00,Land developers,Urban and land use planners
21202.00,Private consultants,Urban and land use planners
21203.00,All levels of government,Land surveyors
21203.00,Engineering and construction firms,Land surveyors
21203.00,Natural resource firms,Land surveyors
21203.00,Private sector land surveying establishments,Land surveyors
21203.00,Real estate development firms,Land surveyors
21203.00,Self-employed,Land surveyors
21210.01,Banks and trust companies,Mathematicians
21210.01,Governments,Mathematicians
21210.01,Insurance companies,Mathematicians
21210.01,Pension benefit consulting firms,Mathematicians
21210.01,Professional associations,Mathematicians
21210.01,Science and engineering consulting firms,Mathematicians
21210.01,Universities,Mathematicians
21210.02,Banks and trust companies,Statisticians
21210.02,Governments,Statisticians
21210.02,Insurance companies,Statisticians
21210.02,Pension benefit consulting firms,Statisticians
21210.02,Professional associations,Statisticians
21210.02,Science and engineering consulting firms,Statisticians
21210.02,Universities,Statisticians
21210.03,Banks and trust companies,Actuaries
21210.03,Governments,Actuaries
21210.03,Insurance companies,Actuaries
21210.03,Pension benefit consulting firms,Actuaries
21210.03,Professional associations,Actuaries
21210.03,Science and engineering consulting firms,Actuaries
21210.03,Self-employed,Actuaries
21210.03,Universities,Actuaries
21211.00,Banks,Data scientists
21211.00,Consulting businesses,Data scientists
21211.00,Information technology departments in the private and public sectors,Data scientists
21211.00,Universities,Data scientists
21220.00,Information technology consulting firms,Cybersecurity specialists
21220.00,Information technology departments in the private and public sectors,Cybersecurity specialists
21220.00,Self-employed,Cybersecurity specialists
21221.00,Information technology consulting firms,Business system specialists
21221.00,Information technology departments in the private and public sectors,Business system specialists
21222.00,Information technology consulting firms,Information systems specialists
21222.00,Information technology departments in the private and public sectors,Information systems specialists
21222.00,Self-employed,Information systems specialists
21223.01,Information technology consulting firms,Database analysts
21223.01,Information technology departments in the private and public sectors,Database analysts
21223.02,Information technology consulting firms,Data administrators
21223.02,Information technology departments in the private and public sectors,Data administrators
21230.00,Computer software development firms,Computer systems developers and programmers
21230.00,Information technology consulting firms,Computer systems developers and programmers
21230.00,Information technology departments in the private and public sectors,Computer systems developers and programmers
21230.00,Self-employed,Computer systems developers and programmers
21231.00,Information technology consulting firms,Software engineers and designers
21231.00,Information technology departments in the private and public sectors,Software engineers and designers
21231.00,Information technology research and development firms,Software engineers and designers
21231.00,Self-employed,Software engineers and designers
21232.00,"Computer software, computer and video game development firms",Software developers and programmers
21232.00,Information technology consulting firms,Software developers and programmers
21232.00,Information technology departments in the private and public sectors,Software developers and programmers
21232.00,Self-employed,Software developers and programmers
21233.00,Advertising agencies,Web designers
21233.00,Computer software firms,Web designers
21233.00,Information technology consulting firms,Web designers
21233.00,Information technology departments in the private and public sectors,Web designers
21233.00,Self-employed,Web designers
21234.00,Advertising agencies,Web developers and programmers
21234.00,Computer software firms,Web developers and programmers
21234.00,Information technology consulting firms,Web developers and programmers
21234.00,Information technology departments in the private and public sectors,Web developers and programmers
21234.00,Self-employed,Web developers and programmers
21300.00,All levels of government,Civil engineers
21300.00,Construction firms,Civil engineers
21300.00,Consulting engineering firms,Civil engineers
21300.00,Industries,Civil engineers
21300.00,Self-employed,Civil engineers
21301.00,All levels of government,Mechanical engineers
21301.00,Construction firms,Mechanical engineers
21301.00,Consulting engineering companies,Mechanical engineers
21301.00,Industries,Mechanical engineers
21301.00,Self-employed,Mechanical engineers
21310.00,Consulting businesses,Electrical and electronics engineers
21310.00,Electrical power utilities,Electrical and electronics engineers
21310.00,Governments,Electrical and electronics engineers
21310.00,Manufacturers of electrical and electronic equipment,Electrical and electronics engineers
21310.00,Manufacturing industries,Electrical and electronics engineers
21310.00,Processing industries,Electrical and electronics engineers
21310.00,Telecommunications companies,Electrical and electronics engineers
21310.00,Transportation industries,Electrical and electronics engineers
21311.01,Computer and telecommunication hardware manufacturers,Computer and telecommunications hardware engineers
21311.01,"Engineering, manufacturing and telecommunications firms",Computer and telecommunications hardware engineers
21311.01,"Governmental, educational and research institutions",Computer and telecommunications hardware engineers
21311.01,Information technology consulting firms,Computer and telecommunications hardware engineers
21311.01,Information technology departments in the private and public sectors,Computer and telecommunications hardware engineers
21311.02,Computer and telecommunication hardware manufacturers,Network system and data communication engineers
21311.02,"Engineering, manufacturing and telecommunications firms",Network system and data communication engineers
21311.02,"Governmental, educational and research institutions",Network system and data communication engineers
21311.02,Information technology consulting firms,Network system and data communication engineers
21311.02,Information technology departments in the private and public sectors,Network system and data communication engineers
21320.00,Consulting businesses,Chemical engineers
21320.00,Education institutions,Chemical engineers
21320.00,Governments,Chemical engineers
21320.00,Manufacturing industries,Chemical engineers
21320.00,Processing industries,Chemical engineers
21320.00,Research institutions,Chemical engineers
21321.00,Consulting businesses,Industrial and manufacturing engineers
21321.00,Financial institutions,Industrial and manufacturing engineers
21321.00,Government institutions,Industrial and manufacturing engineers
21321.00,Health care and other institutions,Industrial and manufacturing engineers
21321.00,Manufacturing firms,Industrial and manufacturing engineers
21321.00,Processing companies,Industrial and manufacturing engineers
21321.00,Self-employed,Industrial and manufacturing engineers
21322.00,Consulting engineering companies,Metallurgical and materials engineers
21322.00,Education institutions,Metallurgical and materials engineers
21322.00,Governments,Metallurgical and materials engineers
21322.00,Manufacturing firms,Metallurgical and materials engineers
21322.00,Metal processing companies,Metallurgical and materials engineers
21322.00,Mining companies,Metallurgical and materials engineers
21322.00,Research institutions,Metallurgical and materials engineers
21330.00,Consulting engineering companies,Mining engineers
21330.00,Education institutions,Mining engineers
21330.00,Governments,Mining engineers
21330.00,Manufacturing,Mining engineers
21330.00,Mining companies,Mining engineers
21330.00,Research institutions,Mining engineers
21331.00,Consulting engineering companies,Geological engineers
21331.00,Education institutions,Geological engineers
21331.00,Electrical utilities,Geological engineers
21331.00,Governments,Geological engineers
21331.00,Mining companies,Geological engineers
21331.00,Petroleum companies,Geological engineers
21331.00,Research institutions,Geological engineers
21332.00,Consulting companies,Petroleum engineers
21332.00,Education institutions,Petroleum engineers
21332.00,Governments,Petroleum engineers
21332.00,Petroleum producing companies,Petroleum engineers
21332.00,Research institutions,Petroleum engineers
21332.00,Well logging or testing companies,Petroleum engineers
21390.00,Air transport carriers,Aerospace engineers
21390.00,Aircraft and spacecraft manufacturers,Aerospace engineers
21390.00,Education institutions,Aerospace engineers
21390.00,Governments,Aerospace engineers
21390.00,Research institutions,Aerospace engineers
21399.01,Consulting engineering firms,Agricultural and bio-resource engineers
21399.01,Education institutions,Agricultural and bio-resource engineers
21399.01,Governments,Agricultural and bio-resource engineers
21399.01,Industries,Agricultural and bio-resource engineers
21399.01,Research facilities,Agricultural and bio-resource engineers
21399.02,Consulting engineering firms,Biomedical engineers
21399.02,Education institutions,Biomedical engineers
21399.02,Governments,Biomedical engineers
21399.02,Industries,Biomedical engineers
21399.02,Medical institutions,Biomedical engineers
21399.02,Research facilities,Biomedical engineers
21399.03,Consulting engineering firms,Engineering physicists and engineering scientists
21399.03,Educational institutions,Engineering physicists and engineering scientists
21399.03,Governments,Engineering physicists and engineering scientists
21399.03,Industry,Engineering physicists and engineering scientists
21399.03,Research facilities,Engineering physicists and engineering scientists
21399.04,Consulting engineering firms,Marine and naval engineers
21399.04,Education institutions,Marine and naval engineers
21399.04,Governments,Marine and naval engineers
21399.04,Industry,Marine and naval engineers
21399.04,Research facilities,Marine and naval engineers
21399.05,Consulting engineering firms,Textile engineers
21399.05,Education institutions,Textile engineers
21399.05,Governments,Textile engineers
21399.05,Industry,Textile engineers
21399.05,Research facilities,Textile engineers
22100.01,"Chemical, petrochemical and pharmaceutical companies",Chemical technologists
22100.01,Consulting engineering companies,Chemical technologists
22100.01,Manufacturing industries,Chemical technologists
22100.01,Processing industries,Chemical technologists
22100.01,Quality control laboratories,Chemical technologists
22100.01,Research and development laboratories,Chemical technologists
22100.01,"Utilities, health, education and government establishments",Chemical technologists
22100.02,"Chemical, petrochemical and pharmaceutical companies",Chemical technicians
22100.02,Consulting engineering firms,Chemical technicians
22100.02,Manufacturing industries,Chemical technicians
22100.02,Processing industries,Chemical technicians
22100.02,Quality control laboratories,Chemical technicians
22100.02,Research and development laboratories,Chemical technicians
22100.02,"Utilities, health, education and government establishments",Chemical technicians
22101.01,Consulting geology and engineering firms,Geological and mineral technologists
22101.01,Education institutions,Geological and mineral technologists
22101.01,Governments,Geological and mineral technologists
22101.01,"Manufacturing, construction and utilities companies",Geological and mineral technologists
22101.01,Petroleum and mining companies,Geological and mineral technologists
22101.02,Consulting geology and engineering firms,Geological and mineral technicians
22101.02,Education institutions,Geological and mineral technicians
22101.02,Governments,Geological and mineral technicians
22101.02,"Manufacturing, construction and utilities companies",Geological and mineral technicians
22101.02,Petroleum and mining companies,Geological and mineral technicians
22110.01,Biotechnology companies,Biological technologists
22110.01,Chemical and pharmaceutical companies,Biological technologists
22110.01,Education institutions,Biological technologists
22110.01,Environmental consulting firms,Biological technologists
22110.01,Governments,Biological technologists
22110.01,Health institutions,Biological technologists
22110.01,Manufacturers of food products,Biological technologists
22110.01,Research institutions,Biological technologists
22110.01,Resource and utilities companies,Biological technologists
22110.02,Biotechnology companies,Biological technicians
22110.02,Chemical and pharmaceutical companies,Biological technicians
22110.02,Education institutions,Biological technicians
22110.02,Environmental consulting firms,Biological technicians
22110.02,Governments,Biological technicians
22110.02,Health institutions,Biological technicians
22110.02,Manufacturers of food products,Biological technicians
22110.02,Research institutions,Biological technicians
22110.02,Resource and utilities companies,Biological technicians
22111.01,Government departments and agencies,Fish and fish products inspectors
22111.01,Private sector food processing companies,Fish and fish products inspectors
22111.02,Government departments and agencies,Fruit and vegetables inspectors
22111.02,Private sector food processing companies,Fruit and vegetables inspectors
22111.03,Government departments and agencies,Grain inspectors
22111.03,Private sector food processing companies,Grain inspectors
22111.04,Government departments and agencies,Meat inspectors
22111.04,Private sector food processing companies,Meat inspectors
22111.05,Government departments and agencies,Plant protection inspectors
22111.05,Private sector food processing companies,Plant protection inspectors
22112.00,Consulting firms,Forestry technologists and technicians
22112.00,Federal government,Forestry technologists and technicians
22112.00,Forest industry,Forestry technologists and technicians
22112.00,Provincial government,Forestry technologists and technicians
22112.00,Self-employed,Forestry technologists and technicians
22113.00,Federal government departments,Conservation and fishery officers
22113.00,Provincial government departments,Conservation and fishery officers
22114.01,Golf courses,Arborists and tree service technicians
22114.01,Landscape designers and contractors,Arborists and tree service technicians
22114.01,Lawn service and tree care establishments,Arborists and tree service technicians
22114.01,"Municipal, provincial and national parks",Arborists and tree service technicians
22114.01,Nurseries and greenhouses,Arborists and tree service technicians
22114.01,Self-employed,Arborists and tree service technicians
22114.02,Golf courses,Golf course superintendents
22114.02,Self-employed,Golf course superintendents
22114.03,Landscape designers and contractors,Horticulturists
22114.03,Lawn service and tree care establishments,Horticulturists
22114.03,"Municipal, provincial and national parks",Horticulturists
22114.03,Nurseries and greenhouses,Horticulturists
22114.03,Self-employed,Horticulturists
22114.04,Landscape designers and contractors,Landscape designers and landscape architectural technicians and technologists
22114.04,Lawn service and tree care establishments,Landscape designers and landscape architectural technicians and technologists
22114.04,"Municipal, provincial and national parks",Landscape designers and landscape architectural technicians and technologists
22114.04,Nurseries and greenhouses,Landscape designers and landscape architectural technicians and technologists
22114.04,Self-employed,Landscape designers and landscape architectural technicians and technologists
22114.05,Golf courses,Landscape gardeners
22114.05,Landscape designers and contractors,Landscape gardeners
22114.05,Lawn service and tree care establishments,Landscape gardeners
22114.05,"Municipal, provincial and national parks",Landscape gardeners
22114.05,Nurseries and greenhouses,Landscape gardeners
22114.05,Self-employed,Landscape gardeners
22114.06,Golf courses,Landscapers
22114.06,Landscape designers and contractors,Landscapers
22114.06,Lawn service and tree care establishments,Landscapers
22114.06,"Municipal, provincial and national parks",Landscapers
22114.06,Nurseries and greenhouses,Landscapers
22114.06,Self-employed,Landscapers
22114.07,Golf courses,Lawn care specialists
22114.07,Landscape designers and contractors,Lawn care specialists
22114.07,Lawn service and tree care establishments,Lawn care specialists
22114.07,"Municipal, provincial and national parks",Lawn care specialists
22114.07,Nurseries and greenhouses,Lawn care specialists
22114.07,Self-employed,Lawn care specialists
22210.00,Architectural firms,Architectural technologists and technicians
22210.00,Construction firms,Architectural technologists and technicians
22210.00,Governments,Architectural technologists and technicians
22211.00,Manufacturing industries,Industrial designers
22211.00,Private design firms,Industrial designers
22211.00,Self-employed,Industrial designers
22212.01,All levels of government,Drafting technologists
22212.01,Construction companies,Drafting technologists
22212.01,Consulting companies,Drafting technologists
22212.01,Other establishments throughout the private and public sectors,Drafting technologists
22212.01,"Utility, resource and manufacturing companies",Drafting technologists
22212.02,All levels of government,Drafting technicians
22212.02,Construction companies,Drafting technicians
22212.02,Consulting companies,Drafting technicians
22212.02,Other establishments,Drafting technicians
22212.02,"Utility, resource and manufacturing companies",Drafting technicians
22213.01,All levels of government,Land survey technologists
22213.01,Architectural and engineering firms,Land survey technologists
22213.01,Private sector land surveying establishments,Land survey technologists
22213.02,All levels of government,Land survey technicians
22213.02,Architectural and engineering firms,Land survey technicians
22213.02,Private sector land surveying establishments,Land survey technicians
22214.01,All levels of government,Cartographic technologists and technicians
22214.01,Architectural firms,Cartographic technologists and technicians
22214.01,Computer software firms,Cartographic technologists and technicians
22214.01,Engineering firms,Cartographic technologists and technicians
22214.01,Forestry and other natural resources companies,Cartographic technologists and technicians
22214.01,Mapping firms,Cartographic technologists and technicians
22214.01,Scientific and other consulting firms and establishments,Cartographic technologists and technicians
22214.01,Utilities companies,Cartographic technologists and technicians
22214.02,All levels of government,Photogrammetric technologists and technicians
22214.02,Architectural firms,Photogrammetric technologists and technicians
22214.02,Computer software firms,Photogrammetric technologists and technicians
22214.02,Engineering firms,Photogrammetric technologists and technicians
22214.02,Forestry and other natural resources companies,Photogrammetric technologists and technicians
22214.02,Mapping firms,Photogrammetric technologists and technicians
22214.02,Scientific and other consulting firms and establishments,Photogrammetric technologists and technicians
22214.02,Utility companies,Photogrammetric technologists and technicians
22214.03,All levels of government,Aerial survey and remote sensing technologists and technicians
22214.03,Architectural firms,Aerial survey and remote sensing technologists and technicians
22214.03,Computer software firms,Aerial survey and remote sensing technologists and technicians
22214.03,Engineering firms,Aerial survey and remote sensing technologists and technicians
22214.03,Forestry and other natural resources companies,Aerial survey and remote sensing technologists and technicians
22214.03,Mapping firms,Aerial survey and remote sensing technologists and technicians
22214.03,Scientific and other consulting firms and establishments,Aerial survey and remote sensing technologists and technicians
22214.03,Utility companies,Aerial survey and remote sensing technologists and technicians
22214.04,All levels of government,Geographic information system (GIS) technologists and technicians
22214.04,Architectural firms,Geographic information system (GIS) technologists and technicians
22214.04,Computer software firms,Geographic information system (GIS) technologists and technicians
22214.04,Engineering firms,Geographic information system (GIS) technologists and technicians
22214.04,Forestry and other natural resources companies,Geographic information system (GIS) technologists and technicians
22214.04,Mapping firms,Geographic information system (GIS) technologists and technicians
22214.04,Scientific and other consulting firms and establishments,Geographic information system (GIS) technologists and technicians
22214.04,Utility companies,Geographic information system (GIS) technologists and technicians
22214.05,All levels of government,Meteorological technologists and technicians
22214.05,Consulting firms,Meteorological technologists and technicians
22214.05,Media companies,Meteorological technologists and technicians
22214.05,Natural resources companies,Meteorological technologists and technicians
22214.05,Utilities and transportation companies,Meteorological technologists and technicians
22220.01,Information technology departments in the private and public sectors,Computer and network operators
22220.02,Information technology departments in the private and public sectors,Web technicians
22221.00,Call centres,User support technicians
22221.00,Computer hardware manufacturers and retailers,User support technicians
22221.00,Independent technical support companies,User support technicians
22221.00,Information technology departments in the private and public sectors,User support technicians
22221.00,Self-employed,User support technicians
22221.00,Software development companies,User support technicians
22222.00,Information technology departments in the private and public sectors,Information systems testing technicians
22230.00,Private industrial inspection establishments,Non-destructive testers and inspectors
22230.00,"Quality control, maintenance and safety departments of manufacturing, processing, transportation, energy and other companies",Non-destructive testers and inspectors
22231.01,Government agencies,Motor Vehicle defects investigators
22231.01,Private sector companies,Motor Vehicle defects investigators
22231.02,Government agencies,Railway accident investigation officers
22231.02,Private sector companies,Railway accident investigation officers
22231.03,Government agencies,Airworthiness inspectors
22231.03,Private sector companies,Airworthiness inspectors
22231.04,Government agencies,"Inspectors, weights and measures"
22231.04,Private sector companies,"Inspectors, weights and measures"
22231.05,Government agencies,Oil and gas drilling rig inspectors
22231.05,Private sector companies,Oil and gas drilling rig inspectors
22232.00,Establishements throughout the private and public sector,Occupational health and safety specialists
22233.00,Architectural consulting firms,Construction inspectors
22233.00,Civil engineering consulting firms,Construction inspectors
22233.00,Construction firms,Construction inspectors
22233.00,Federal governments,Construction inspectors
22233.00,Municipal governments,Construction inspectors
22233.00,Provincial government,Construction inspectors
22233.00,Self-employed,Construction inspectors
22300.01,Construction firms,Civil engineering technologists
22300.01,Consulting engineering companies,Civil engineering technologists
22300.01,Government departments,Civil engineering technologists
22300.01,Industrial establishments,Civil engineering technologists
22300.01,Public works departments,Civil engineering technologists
22300.01,Transportation departments,Civil engineering technologists
22300.02,Construction firms,Civil engineering technicians
22300.02,Consulting engineering companies,Civil engineering technicians
22300.02,Government departments,Civil engineering technicians
22300.02,Industrial establishments,Civil engineering technicians
22300.02,Public works departments,Civil engineering technicians
22300.02,Transportation departments,Civil engineering technicians
22301.01,Consulting engineering companies,Mechanical engineering technologists
22301.01,Government departments,Mechanical engineering technologists
22301.01,Institutions,Mechanical engineering technologists
22301.01,Manufacturing and processing companies,Mechanical engineering technologists
22301.02,Consulting engineering companies,Mechanical engineering technicians
22301.02,Government departments,Mechanical engineering technicians
22301.02,Institutions,Mechanical engineering technicians
22301.02,Manufacturing and processing companies,Mechanical engineering technicians
22302.01,Government departments,Industrial engineering and manufacturing technologists
22302.01,Insurance companies,Industrial engineering and manufacturing technologists
22302.01,Manufacturing and processing companies,Industrial engineering and manufacturing technologists
22302.02,Government departments,Industrial engineering and manufacturing technicians
22302.02,Insurance companies,Industrial engineering and manufacturing technicians
22302.02,Manufacturing companies and in other industries,Industrial engineering and manufacturing technicians
22303.00,Commercial construction companies,Construction estimators
22303.00,Industrial construction companies,Construction estimators
22303.00,"Major electrical, mechanical and trade contractors",Construction estimators
22303.00,Residential construction companies,Construction estimators
22303.00,Self-employed,Construction estimators
22310.01,Communications companies,Electrical and electronics engineering technologists
22310.01,Consulting companies,Electrical and electronics engineering technologists
22310.01,Electrical utilities,Electrical and electronics engineering technologists
22310.01,Governments,Electrical and electronics engineering technologists
22310.01,Manufacturers of electrical and electronic equipment,Electrical and electronics engineering technologists
22310.01,"Manufacturing, processing and transportation industries",Electrical and electronics engineering technologists
22310.02,Communications companies,Electrical and electronics engineering technicians
22310.02,Consulting companies,Electrical and electronics engineering technicians
22310.02,Electrical utilities,Electrical and electronics engineering technicians
22310.02,Governments,Electrical and electronics engineering technicians
22310.02,Manufacturers of electrical and electronic equipment,Electrical and electronics engineering technicians
22310.02,"Manufacturing, processing and transportation industries",Electrical and electronics engineering technicians
22311.00,Electronic service and retail establishments,Electronic service technicians (household and business equipment)
22311.00,Service departments of electronic manufacturing companies,Electronic service technicians (household and business equipment)
22311.00,Wholesale distributors,Electronic service technicians (household and business equipment)
22312.00,Hydro power generating utilities,Industrial instrument technicians and mechanics
22312.00,Industrial instrument companies,Industrial instrument technicians and mechanics
22312.00,Industrial instrument servicing establishments,Industrial instrument technicians and mechanics
22312.00,Manufacturing companies,Industrial instrument technicians and mechanics
22312.00,Mining companies,Industrial instrument technicians and mechanics
22312.00,Natural gas companies,Industrial instrument technicians and mechanics
22312.00,Nuclear power generating utilities,Industrial instrument technicians and mechanics
22312.00,Petrochemical companies,Industrial instrument technicians and mechanics
22312.00,Pulp and paper processing companies,Industrial instrument technicians and mechanics
22313.01,Aircraft maintenance companies,Aircraft instrument mechanics and technicians
22313.01,Aircraft manufacturers,Aircraft instrument mechanics and technicians
22313.01,Aircraft repair and overhaul establishments,Aircraft instrument mechanics and technicians
22313.01,Airlines,Aircraft instrument mechanics and technicians
22313.01,Other aircraft operators,Aircraft instrument mechanics and technicians
22313.02,Aircraft maintenance companies,Aircraft electrical mechanics and technicians
22313.02,Aircraft manufacturers,Aircraft electrical mechanics and technicians
22313.02,Aircraft repair and overhaul establishments,Aircraft electrical mechanics and technicians
22313.02,Airlines,Aircraft electrical mechanics and technicians
22313.02,Other aircraft operators,Aircraft electrical mechanics and technicians
22313.03,Aircraft maintenance companies,Avionics mechanics and technicians
22313.03,Aircraft manufacturers,Avionics mechanics and technicians
22313.03,Aircraft repair and overhaul establishments,Avionics mechanics and technicians
22313.03,Airlines,Avionics mechanics and technicians
22313.03,Other aircraft operators,Avionics mechanics and technicians
22313.04,Aircraft maintenance companies,Avionics inspectors
22313.04,Aircraft manufacturers,Avionics inspectors
22313.04,Aircraft repair and overhaul establishments,Avionics inspectors
22313.04,Airlines,Avionics inspectors
22313.04,Other aircraft operators,Avionics inspectors
30010.00,Hospitals,Managers in health care
30010.00,Medical clinics,Managers in health care
30010.00,Nursing homes,Managers in health care
30010.00,Other health care establishments,Managers in health care
31100.01,Hospitals,Anesthesiologists
31100.01,Private practice,Anesthesiologists
31100.02,Hospitals,"Internists, general"
31100.02,Private practice,"Internists, general"
31100.03,Hospitals,"Pediatricians, general"
31100.03,Private practices,"Pediatricians, general"
31100.04,Hospitals,Psychiatrists
31100.04,Private practice,Psychiatrists
31100.05,Hospitals,Allergists and immunologists
31100.05,Radio stations,Allergists and immunologists
31100.06,Hospitals,Hospitalists
31100.06,Private practice,Hospitalists
31100.07,Hospitals,Neurologists
31100.07,Private practice,Neurologists
31100.08,Hospitals,Nuclear medicine physicians
31100.08,Private practice,Nuclear medicine physicians
31100.09,Hospitals,Dermatologists
31100.09,Private practice,Dermatologists
31100.10,Hospitals,Physical medicine and rehabilitation physicians
31100.10,Private practice,Physical medicine and rehabilitation physicians
31100.11,Hospitals,Preventive medicine physicians
31100.11,Private practice,Preventive medicine physicians
31100.12,Hospitals,Radiologists
31100.12,Private practice,Radiologists
31100.13,Hospitals,Other specialists in clinical medicine
31100.13,Private practice,Other specialists in clinical medicine
31100.14,Hospitals,"Specialists in laboratory medicine, including pathologists"
31100.14,Private practice,"Specialists in laboratory medicine, including pathologists"
31101.01,Hospitals,General surgery
31101.02,Hospitals,Obstetricians and gynecologists
31101.03,Hospitals,Ophthalmologists
31101.04,Hospitals,Urologists
31101.05,Hospitals,Other specialists in surgery
31102.00,Clinics,General practitioners and family physicians
31102.00,Hospitals,General practitioners and family physicians
31102.00,Private practice,General practitioners and family physicians
31103.00,Animal clinics,Veterinarians
31103.00,Farms,Veterinarians
31103.00,Governments,Veterinarians
31103.00,Industry,Veterinarians
31103.00,Laboratories,Veterinarians
31103.00,Private practice,Veterinarians
31110.01,Clinics,"Dentists, General"
31110.01,Hospitals,"Dentists, General"
31110.01,Private practice,"Dentists, General"
31110.01,Public health facilities,"Dentists, General"
31110.01,Universities,"Dentists, General"
31110.02,Hospitals,Oral and Maxillofacial Surgeons
31110.02,Private practice,Oral and Maxillofacial Surgeons
31110.02,Public health facilities,Oral and Maxillofacial Surgeons
31110.02,Universities,Oral and Maxillofacial Surgeons
31110.03,Hospitals,Orthodontists
31110.03,Private practice,Orthodontists
31110.03,Public health facilities,Orthodontists
31110.03,Universities,Orthodontists
31110.04,Hospitals,Prosthodontists
31110.04,Private practice,Prosthodontists
31110.04,Public health facilities,Prosthodontists
31110.04,Universities,Prosthodontists
31111.00,Clinics,Optometrists
31111.00,Community and public health centres,Optometrists
31111.00,Private practice,Optometrists
31112.01,Community and public health centres,Audiologists
31112.01,Day clinics,Audiologists
31112.01,Education institutions,Audiologists
31112.01,Extended care facilities,Audiologists
31112.01,Hospitals,Audiologists
31112.01,Private practice,Audiologists
31112.01,Rehabilitation centres,Audiologists
31112.02,Community and public health centres,Speech language pathologists
31112.02,Day clinics,Speech language pathologists
31112.02,Education institutions,Speech language pathologists
31112.02,Extended care facilities,Speech language pathologists
31112.02,Hospitals,Speech language pathologists
31112.02,Private practice,Speech language pathologists
31112.02,Rehabilitation centres,Speech language pathologists
31120.01,Health centre pharmacies,Community pharmacists and hospital pharmacists
31120.01,Retail centre pharmacies,Community pharmacists and hospital pharmacists
31120.01,Self-employed,Community pharmacists and hospital pharmacists
31120.02,Government departments and agencies,Industrial pharmacists
31120.02,Pharmaceutical manufacturers,Industrial pharmacists
31121.00,Community and public health centres,Dietitians and nutritionists
31121.00,Education institutions,Dietitians and nutritionists
31121.00,Extended care facilities,Dietitians and nutritionists
31121.00,Food and beverage industry,Dietitians and nutritionists
31121.00,Governments,Dietitians and nutritionists
31121.00,Home health-care agencies,Dietitians and nutritionists
31121.00,Hospitals,Dietitians and nutritionists
31121.00,Self-employed,Dietitians and nutritionists
31121.00,Sports organizations,Dietitians and nutritionists
31200.00,Businesses,Psychologists
31200.00,Clinics,Psychologists
31200.00,Community service organizations,Psychologists
31200.00,Correctional facilities,Psychologists
31200.00,Government agencies,Psychologists
31200.00,Hospitals,Psychologists
31200.00,Mental health facilities,Psychologists
31200.00,Private practice,Psychologists
31200.00,Private research agencies,Psychologists
31200.00,Rehabilitation centres,Psychologists
31200.00,Schools,Psychologists
31200.00,Universities,Psychologists
31201.00,Clinics,Chiropractors
31201.00,Private practice,Chiropractors
31202.00,Clinics,Physiotherapists
31202.00,Extended care facilities,Physiotherapists
31202.00,Hospitals,Physiotherapists
31202.00,Industries,Physiotherapists
31202.00,Private practice,Physiotherapists
31202.00,Rehabilitation centres,Physiotherapists
31202.00,Sports organizations,Physiotherapists
31203.00,Health care facilities,Occupational therapists
31203.00,Private and social services agencies,Occupational therapists
31203.00,Schools,Occupational therapists
31203.00,Self-employed,Occupational therapists
31204.01,Clinics,Recreational therapists
31204.01,Education institutions,Recreational therapists
31204.01,Extended care facilities,Recreational therapists
31204.01,Hospitals,Recreational therapists
31204.01,Industry,Recreational therapists
31204.01,Nursing homes,Recreational therapists
31204.01,Private practice,Recreational therapists
31204.01,Recreational facilities,Recreational therapists
31204.01,Rehabilitation centres,Recreational therapists
31204.01,Sports organizations,Recreational therapists
31204.02,Clinics,Kinesiologists and exercise therapists
31204.02,Education institutions,Kinesiologists and exercise therapists
31204.02,Extended care facilities,Kinesiologists and exercise therapists
31204.02,Hospitals,Kinesiologists and exercise therapists
31204.02,Industry,Kinesiologists and exercise therapists
31204.02,Nursing homes,Kinesiologists and exercise therapists
31204.02,Private practices,Kinesiologists and exercise therapists
31204.02,Recreational centres,Kinesiologists and exercise therapists
31204.02,Rehabilitation centres,Kinesiologists and exercise therapists
31204.02,Sports organizations,Kinesiologists and exercise therapists
31209.01,Clinics,Doctors of Podiatric Medicine
31209.01,Hospitals,Doctors of Podiatric Medicine
31209.01,Private practice,Doctors of Podiatric Medicine
31209.02,Clinics,Chiropodists and diploma or first-degree trained podiatrists
31209.02,Community health centres,Chiropodists and diploma or first-degree trained podiatrists
31209.02,Hospitals,Chiropodists and diploma or first-degree trained podiatrists
31209.02,Private practice,Chiropodists and diploma or first-degree trained podiatrists
31209.03,Clinics,Doctors of naturopathics medicine
31209.03,Hospitals,Doctors of naturopathics medicine
31209.03,Radio stations,Doctors of naturopathics medicine
31209.04,Clinics,Doctors of osteopathic medicine
31209.04,Hospitals,Doctors of osteopathic medicine
31209.04,Private practice,Doctors of osteopathic medicine
31300.00,Clinics,Nursing coordinators and supervisors
31300.00,Hospitals,Nursing coordinators and supervisors
31300.00,Nursing agencies,Nursing coordinators and supervisors
31300.00,Nursing homes,Nursing coordinators and supervisors
31301.01,Clinics,General duty registered nurses
31301.01,Community agencies,General duty registered nurses
31301.01,Companies,General duty registered nurses
31301.01,Doctors' offices,General duty registered nurses
31301.01,Extended care facilities,General duty registered nurses
31301.01,Hospitals,General duty registered nurses
31301.01,Nursing homes,General duty registered nurses
31301.01,Private homes,General duty registered nurses
31301.01,Public and private organizations,General duty registered nurses
31301.01,Rehabilitation centres,General duty registered nurses
31301.01,Self-employed,General duty registered nurses
31301.02,Clinics,Occupational health nurses
31301.02,Community agencies,Occupational health nurses
31301.02,Companies,Occupational health nurses
31301.02,Doctors' offices,Occupational health nurses
31301.02,Extended care facilities,Occupational health nurses
31301.02,Hospitals,Occupational health nurses
31301.02,Nursing homes,Occupational health nurses
31301.02,Public and private organizations,Occupational health nurses
31301.02,Rehabilitation centres,Occupational health nurses
31301.02,Self-employed,Occupational health nurses
31301.03,Clinics,Community Health Nurses
31301.03,Community agencies,Community Health Nurses
31301.03,Companies,Community Health Nurses
31301.03,Doctors' offices,Community Health Nurses
31301.03,Extended care facilities,Community Health Nurses
31301.03,Hospitals,Community Health Nurses
31301.03,Nursing homes,Community Health Nurses
31301.03,Private homes,Community Health Nurses
31301.03,Public and private organizations,Community Health Nurses
31301.03,Rehabilitation centres,Community Health Nurses
31301.03,Self-employed,Community Health Nurses
31301.04,Clinics,Registered psychiatric nurses
31301.04,Community agencies,Registered psychiatric nurses
31301.04,Companies,Registered psychiatric nurses
31301.04,Doctors' offices,Registered psychiatric nurses
31301.04,Extended care facilities,Registered psychiatric nurses
31301.04,Hospitals,Registered psychiatric nurses
31301.04,Nursing homes,Registered psychiatric nurses
31301.04,Private homes,Registered psychiatric nurses
31301.04,Public and private organizations,Registered psychiatric nurses
31301.04,Rehabilitation centres,Registered psychiatric nurses
31301.04,Self-employed,Registered psychiatric nurses
31301.05,Clinics,Nursing researchers and consultants
31301.05,Community agencies,Nursing researchers and consultants
31301.05,Companies,Nursing researchers and consultants
31301.05,Doctors' offices,Nursing researchers and consultants
31301.05,Extended care facilities,Nursing researchers and consultants
31301.05,Hospitals,Nursing researchers and consultants
31301.05,Nursing homes,Nursing researchers and consultants
31301.05,Private homes,Nursing researchers and consultants
31301.05,Public and private organizations,Nursing researchers and consultants
31301.05,Rehabilitation centres,Nursing researchers and consultants
31301.05,Self-employed,Nursing researchers and consultants
31301.06,Clinics,Clinical nurses
31301.06,Community agencies,Clinical nurses
31301.06,Companies,Clinical nurses
31301.06,Doctors' offices,Clinical nurses
31301.06,Extended care facilities,Clinical nurses
31301.06,Hospitals,Clinical nurses
31301.06,Nursing homes,Clinical nurses
31301.06,Private homes,Clinical nurses
31301.06,Public and private organizations,Clinical nurses
31301.06,Rehabilitation centres,Clinical nurses
31301.06,Self-employed,Clinical nurses
31302.00,Clinics,Nurse practitioners
31302.00,Community health centres,Nurse practitioners
31302.00,Hospitals,Nurse practitioners
31302.00,Rehabilitation centres,Nurse practitioners
31303.01,Clinics,Physician Assistants
31303.01,Hospitals,Physician Assistants
31303.01,"Private practice, including group or team practices",Physician Assistants
31303.02,Birthing centres,Midwives
31303.02,Clinics,Midwives
31303.02,Hospitals,Midwives
31303.02,Private practice,Midwives
31303.03,Clinics,Genetic counsellors
31303.03,Hospitals,Genetic counsellors
31303.03,Private practice,Genetic counsellors
31303.03,Research institutions,Genetic counsellors
31303.04,Clinics,Orthoptists
31303.04,Hospitals,Orthoptists
31303.04,Private practice,Orthoptists
31303.05,Hospitals,Pathologist assistants
31303.05,Universities,Pathologist assistants
32100.00,Optical dispensing departments of retail establishments,Opticians
32100.00,Optical retail outlets,Opticians
32100.00,Self-employed,Opticians
32101.01,Clinics,Licensed practical nurses
32101.01,Community health centres,Licensed practical nurses
32101.01,Companies,Licensed practical nurses
32101.01,Doctors' offices,Licensed practical nurses
32101.01,Extended care facilities,Licensed practical nurses
32101.01,Hospitals,Licensed practical nurses
32101.01,Nursing homes,Licensed practical nurses
32101.01,Private homes,Licensed practical nurses
32101.01,Rehabilitation centres,Licensed practical nurses
32101.02,Hospitals,Operating room technicians
32102.00,Fire departments,Paramedical occupations
32102.00,Government departments and agencies,Paramedical occupations
32102.00,Hospitals,Paramedical occupations
32102.00,Manufacturing firms,Paramedical occupations
32102.00,Mining companies,Paramedical occupations
32102.00,Private ambulance services,Paramedical occupations
32102.00,Private sector companies,Paramedical occupations
32103.01,Extended care facilities,Respiratory therapists
32103.01,Hospitals,Respiratory therapists
32103.01,Public health centres,Respiratory therapists
32103.01,Respiratory home care companies,Respiratory therapists
32103.02,Hospitals,Clinical perfusionists
32103.03,Hospitals,Cardiopulmonary  technologists
32104.00,Animal hospitals,Animal health technologists and veterinary technicians
32104.00,Animal research laboratories,Animal health technologists and veterinary technicians
32104.00,Animal shelters,Animal health technologists and veterinary technicians
32104.00,Governments,Animal health technologists and veterinary technicians
32104.00,Humane societies,Animal health technologists and veterinary technicians
32104.00,Pharmaceutical companies,Animal health technologists and veterinary technicians
32104.00,Veterinary clinics,Animal health technologists and veterinary technicians
32104.00,Zoos,Animal health technologists and veterinary technicians
32109.01,Clinics,Hearing instrument practitioners
32109.01,Education institutions,Hearing instrument practitioners
32109.01,Extended care facilities,Hearing instrument practitioners
32109.01,Hospitals,Hearing instrument practitioners
32109.01,Private practices of audiologists,Hearing instrument practitioners
32109.01,Rehabilitation centres,Hearing instrument practitioners
32109.02,Clinics,Communicative disorders assistants and speech-language pathology assistants
32109.02,Educational institutions,Communicative disorders assistants and speech-language pathology assistants
32109.02,Extended care facilities,Communicative disorders assistants and speech-language pathology assistants
32109.02,Hospitals,Communicative disorders assistants and speech-language pathology assistants
32109.02,Private practices of speech-language pathologists,Communicative disorders assistants and speech-language pathology assistants
32109.02,Rehabilitation centres,Communicative disorders assistants and speech-language pathology assistants
32109.03,Clinics,Ophthalmic technologists and technicians
32109.03,Educational institutions,Ophthalmic technologists and technicians
32109.03,Hospitals,Ophthalmic technologists and technicians
32109.03,Private practices of speech-language pathologists,Ophthalmic technologists and technicians
32109.04,Clinics,Physical Rehabilitation therapists
32109.04,Community health centres,Physical Rehabilitation therapists
32109.04,Educational institutions,Physical Rehabilitation therapists
32109.04,Extended care facilities,Physical Rehabilitation therapists
32109.04,Hospitals,Physical Rehabilitation therapists
32109.04,Private practices,Physical Rehabilitation therapists
32109.04,Rehabilitation centres,Physical Rehabilitation therapists
32109.05,Clinics,Physiotherapy assistants and occupational therapy assistants
32109.05,Educational institutions,Physiotherapy assistants and occupational therapy assistants
32109.05,Extended care facilities,Physiotherapy assistants and occupational therapy assistants
32109.05,Hospitals,Physiotherapy assistants and occupational therapy assistants
32109.05,Private practices of physiotherapists,Physiotherapy assistants and occupational therapy assistants
32109.05,Rehabilitation centres,Physiotherapy assistants and occupational therapy assistants
32110.00,Private practices,Denturists
32111.01,Clinics,Dental hygienists
32111.01,Dentists' offices,Dental hygienists
32111.01,Educational institutions,Dental hygienists
32111.01,Government agencies,Dental hygienists
32111.01,Hospitals,Dental hygienists
32111.01,Private industry,Dental hygienists
32111.02,Federal government dental service establishment,Dental therapists
32111.02,Provincial or territorial government dental service establishment,Dental therapists
32112.00,Dental laboratories,Dental technologists and technicians
32120.00,Blood banks,Medical laboratory technologists
32120.00,Community clinics,Medical laboratory technologists
32120.00,Hospitals,Medical laboratory technologists
32120.00,Medical laboratories,Medical laboratory technologists
32120.00,Post-secondary educational institutions,Medical laboratory technologists
32120.00,Private clinics,Medical laboratory technologists
32120.00,Research institutions,Medical laboratory technologists
32121.01,Cancer treatment centres,Radiological technologists
32121.01,Clinics,Radiological technologists
32121.01,Colleges and universities,Radiological technologists
32121.01,Hospitals,Radiological technologists
32121.01,Radiological laboratories,Radiological technologists
32121.02,Cancer treatment centres,Nuclear medicine technologists
32121.02,Clinics,Nuclear medicine technologists
32121.02,Colleges and universities,Nuclear medicine technologists
32121.02,Hospitals,Nuclear medicine technologists
32121.02,Radiological laboratories,Nuclear medicine technologists
32121.03,Cancer treatment centres,Radiation therapists
32121.03,Clinics,Radiation therapists
32121.03,Colleges and universities,Radiation therapists
32121.03,Hospitals,Radiation therapists
32121.03,Radiological laboratories,Radiation therapists
32121.04,Cancer treatment centres,Magnetic Resonance Technologist
32121.04,Clinics,Magnetic Resonance Technologist
32121.04,Colleges and universities,Magnetic Resonance Technologist
32121.04,Hospitals,Magnetic Resonance Technologist
32121.04,Radiological laboratories,Magnetic Resonance Technologist
32122.00,Clinics,Medical sonographers
32122.00,Hospitals,Medical sonographers
32123.01,Clinics,Cardiology technologists
32123.01,Hospitals,Cardiology technologists
32123.01,Medical laboratories,Cardiology technologists
32123.02,Clinics,Electrophysiological technologists
32123.02,Hospitals,Electrophysiological technologists
32123.02,Medical laboratories,Electrophysiological technologists
32124.00,Hospital pharmacies,Pharmacy technicians
32124.00,Long-term care facilities,Pharmacy technicians
32124.00,Pharmaceutical manufacturers,Pharmacy technicians
32124.00,Retail pharmacies,Pharmacy technicians
32129.01,Cafeterias,Dietary technicians
32129.01,Extended care facilities,Dietary technicians
32129.01,Fast-food outlets,Dietary technicians
32129.01,Hospitals,Dietary technicians
32129.01,Nursing homes,Dietary technicians
32129.01,Schools,Dietary technicians
32129.02,Custom ocular prosthetic laboratories,Ocularists
32129.02,Self-employment,Ocularists
32129.03,Clinics,Prosthetists and orthotists
32129.03,Hospitals,Prosthetists and orthotists
32129.03,Prosthetic device manufacturing companies,Prosthetists and orthotists
32129.03,Prosthetics and orthotics laboratories,Prosthetists and orthotists
32129.03,Self-employment,Prosthetists and orthotists
32129.04,Clinics,Prosthetic and orthotic technicians
32129.04,Hospitals,Prosthetic and orthotic technicians
32129.04,Prosthetic device manufacturing companies,Prosthetic and orthotic technicians
32129.04,Prosthetics and orthotics laboratories,Prosthetic and orthotic technicians
32129.04,Self-employment,Prosthetic and orthotic technicians
32200.01,Clinics,Traditional Chinese medicine practitioners
32200.01,Private practices,Traditional Chinese medicine practitioners
32200.02,Clinics,Acupuncturists
32200.02,Private practices,Acupuncturists
32201.00,Clinics,Massage therapists
32201.00,Educational institutions,Massage therapists
32201.00,Extended care facilities,Massage therapists
32201.00,Hospitals,Massage therapists
32201.00,Private practices,Massage therapists
32201.00,Rehabilitation centres,Massage therapists
32209.01,Clinics,Herbalists
32209.01,Private practices,Herbalists
32209.02,Clinics,Osteopathic manual practitioners
32209.02,Health clubs,Osteopathic manual practitioners
32209.02,Private practices,Osteopathic manual practitioners
32209.02,Spas,Osteopathic manual practitioners
32209.03,Clinics,Homeopaths
32209.03,Private practices,Homeopaths
32209.04,Clinics,Reflexologists
32209.04,Health clubs,Reflexologists
32209.04,Private practices,Reflexologists
32209.04,Spas,Reflexologists
32209.05,Clinics,Holistic nutritionists
32209.05,Health clubs,Holistic nutritionists
32209.05,Private practices,Holistic nutritionists
32209.05,Spas,Holistic nutritionists
32209.06,Clinics,Naturotherapists
32209.06,Health clubs,Naturotherapists
32209.06,Private practices,Naturotherapists
32209.06,Spas,Naturotherapists
33100.01,Clinics,Dental assistants
33100.01,Community health centres,Dental assistants
33100.01,Dentists' offices,Dental assistants
33100.01,Education institutions,Dental assistants
33100.02,Dental laboratories,Dental Laboratory Assistants
33101.00,Clinics,Medical laboratory assistants and related technical occupations
33101.00,Government research laboratories,Medical laboratory assistants and related technical occupations
33101.00,Hospitals,Medical laboratory assistants and related technical occupations
33101.00,Medical laboratories,Medical laboratory assistants and related technical occupations
33101.00,Post-secondary educational institutions,Medical laboratory assistants and related technical occupations
33101.00,Research facilities,Medical laboratory assistants and related technical occupations
33102.00,Assisted care facilities for the elderly,"Nurse aides, orderlies and patient service associates"
33102.00,Health care establishments,"Nurse aides, orderlies and patient service associates"
33102.00,Hospitals,"Nurse aides, orderlies and patient service associates"
33102.00,Nursing homes,"Nurse aides, orderlies and patient service associates"
33103.00,Hospitals,Pharmacy technical assistants and pharmacy assistants
33103.00,Medical clinics,Pharmacy technical assistants and pharmacy assistants
33103.00,Pharmacies,Pharmacy technical assistants and pharmacy assistants
33109.01,Clinics,Audiometric technicians
33109.01,Education institutions,Audiometric technicians
33109.01,Extended care facilities,Audiometric technicians
33109.01,Hospitals,Audiometric technicians
33109.01,Private practices of audiologists,Audiometric technicians
33109.01,Rehabilitation centres,Audiometric technicians
33109.02,Hospitals,Orthopedic technologists
33109.02,Medical clinics,Orthopedic technologists
33109.03,Clinics,Rehabilitation aides
33109.03,Hospitals,Rehabilitation aides
33109.03,Offices of health care professionals,Rehabilitation aides
33109.04,Optical retail stores and laboratories,Ophthalmic assistants
33109.04,Optometrists' offices,Ophthalmic assistants
33109.05,Optical retail stores and laboratories,Optical/ophthalmic laboratory technicians and assistants
33109.05,Optometrists' offices,Optical/ophthalmic laboratory technicians and assistants
33109.06,Hospitals,Sterile processing technicians
33109.06,Medical clinics,Sterile processing technicians
33109.07,Blood donor clinics,Blood donor clinic assistants
33109.07,Hospitals,Blood donor clinic assistants
33109.07,Medical clinics,Blood donor clinic assistants
33109.08,Hospitals,Morgue attendants
33109.08,Medical pathology laboratories,Morgue attendants
33109.08,Morgues,Morgue attendants
40010.00,All levels of government,Government managers - health and social policy development and program administration
40011.00,All levels of government,"Government managers - economic analysis, policy development and program administration"
40012.00,All levels of government,Government managers - education policy development and program administration
40019.00,All levels of government,Other managers in public administration
40020.01,Colleges,Faculty administrators
40020.01,Universities,Faculty administrators
40020.02,Colleges,Registrars
40020.02,Universities,Registrars
40020.03,Private vocational schools,Administrator of vocational training schools
40021.01,Private and public schools,School principals
40021.02,School boards,Administrators of elementary and secondary education
40030.00,Community agencies,"Managers in social, community and correctional services"
40030.00,Correctional institutions,"Managers in social, community and correctional services"
40030.00,Counselling departments,"Managers in social, community and correctional services"
40030.00,Labour organizations,"Managers in social, community and correctional services"
40030.00,Non-governmental organizations,"Managers in social, community and correctional services"
40030.00,Political parties,"Managers in social, community and correctional services"
40030.00,Professional associations,"Managers in social, community and correctional services"
40030.00,Social service agencies,"Managers in social, community and correctional services"
40040.00,All levels of government,Commissioned police officers and related occupations in public protection services
40041.00,Federal government,Fire chiefs and senior firefighting officers
40041.00,Industrial establishments with firefighting services,Fire chiefs and senior firefighting officers
40041.00,Municipal governments,Fire chiefs and senior firefighting officers
40042.00,Armed forces,Commissioned officers of the Canadian Armed Forces
41100.00,Federal government,Judges
41100.00,Provincial government,Judges
41101.00,Business establishments,Lawyers and Quebec notaries
41101.00,Federal government,Lawyers and Quebec notaries
41101.00,Law firms,Lawyers and Quebec notaries
41101.00,Municipal governments,Lawyers and Quebec notaries
41101.00,Notary offices,Lawyers and Quebec notaries
41101.00,Prosecutor's offices,Lawyers and Quebec notaries
41101.00,Provincial government,Lawyers and Quebec notaries
41101.00,Self-employed,Lawyers and Quebec notaries
41200.00,Colleges and universities,University professors and lecturers
41201.01,CEGEPs,Post-secondary teaching assistants
41201.01,Colleges,Post-secondary teaching assistants
41201.01,Universities,Post-secondary teaching assistants
41201.02,CEGEPs,Post-secondary research assistants
41201.02,Colleges,Post-secondary research assistants
41201.02,Universities,Post-secondary research assistants
41210.00,Agricultural colleges,College and other vocational instructors
41210.00,CEGEPs,College and other vocational instructors
41210.00,Community agencies,College and other vocational instructors
41210.00,Community colleges,College and other vocational instructors
41210.00,Companies,College and other vocational instructors
41210.00,Language schools,College and other vocational instructors
41210.00,Private training establishments,College and other vocational instructors
41210.00,Technical institutes,College and other vocational instructors
41210.00,Vocational schools,College and other vocational instructors
41220.00,Private secondary schools,Secondary school teachers
41220.00,Public secondary schools,Secondary school teachers
41221.00,Private elementary schools,Elementary school and kindergarten teachers
41221.00,Public elementary schools,Elementary school and kindergarten teachers
41300.00,Aboriginal band councils,Social workers
41300.00,Child welfare organizations,Social workers
41300.00,Community agencies,Social workers
41300.00,Correctional facilities,Social workers
41300.00,Employee assistance programs,Social workers
41300.00,Hospitals,Social workers
41300.00,Private practice,Social workers
41300.00,School boards,Social workers
41300.00,Social service agencies,Social workers
41301.00,Counselling centres,Therapists in counselling and related specialized therapies
41301.00,Family therapy centres,Therapists in counselling and related specialized therapies
41301.00,Government agencies,Therapists in counselling and related specialized therapies
41301.00,Group homes,Therapists in counselling and related specialized therapies
41301.00,Health care and rehabilitation clinics,Therapists in counselling and related specialized therapies
41301.00,Hospitals,Therapists in counselling and related specialized therapies
41301.00,Radio stations,Therapists in counselling and related specialized therapies
41301.00,Social service agencies,Therapists in counselling and related specialized therapies
41302.00,Churches,Religious leaders
41302.00,"Institutions such as schools, hospitals and prisons",Religious leaders
41302.00,Places of worship,Religious leaders
41302.00,Synagogues,Religious leaders
41302.00,Temples,Religious leaders
41310.01,Federal government,Police investigators
41310.01,Municipal governments,Police investigators
41310.01,Provincial governments,Police investigators
41310.02,Federal government,Coroners and medical examiners
41310.02,Municipal governments,Coroners and medical examiners
41310.02,Provincial governments,Coroners and medical examiners
41311.00,Community and correctional facilities,Probation and parole officers
41311.00,Federal government departments,Probation and parole officers
41311.00,Provincial government departments,Probation and parole officers
41320.00,Post-secondary educational institutions,Educational counsellors
41320.00,School boards,Educational counsellors
41321.00,Consulting firms,Career development practitioners and career counsellors (except education)
41321.00,Correctional facilities,Career development practitioners and career counsellors (except education)
41321.00,Employment service organizations,Career development practitioners and career counsellors (except education)
41321.00,Federal and provincial governments,Career development practitioners and career counsellors (except education)
41321.00,Human resource departments of establishments,Career development practitioners and career counsellors (except education)
41400.01,Computer manufacturers,Ergonomists
41400.01,Consulting firms,Ergonomists
41400.01,Education institutions,Ergonomists
41400.01,Environmental and conservation organizations,Ergonomists
41400.01,Federal government,Ergonomists
41400.01,Municipal governments,Ergonomists
41400.01,Office furniture manufacturers,Ergonomists
41400.01,Provincial governments,Ergonomists
41400.01,Research organizations,Ergonomists
41400.01,Self-employment,Ergonomists
41400.02,Computer manufacturers,Occupational or industrial hygienists
41400.02,Consulting firms,Occupational or industrial hygienists
41400.02,Education institutions,Occupational or industrial hygienists
41400.02,Environmental and conservation organizations,Occupational or industrial hygienists
41400.02,Federal government,Occupational or industrial hygienists
41400.02,Municipal governments,Occupational or industrial hygienists
41400.02,Office furniture manufacturers,Occupational or industrial hygienists
41400.02,Provincial governments,Occupational or industrial hygienists
41400.02,Research organizations,Occupational or industrial hygienists
41400.02,Self-employment,Occupational or industrial hygienists
41400.03,Consulting firms,Patent agents
41400.03,Federal government,Patent agents
41400.03,Municipal governments,Patent agents
41400.03,Provincial governments,Patent agents
41400.03,Research organizations,Patent agents
41400.03,Self-employment,Patent agents
41400.04,Computer manufacturers,Science policy and program officers
41400.04,Consulting firms,Science policy and program officers
41400.04,Education institutions,Science policy and program officers
41400.04,Environmental and conservation organizations,Science policy and program officers
41400.04,Federal government,Science policy and program officers
41400.04,Municipal governments,Science policy and program officers
41400.04,Provincial governments,Science policy and program officers
41400.04,Research organizations,Science policy and program officers
41400.04,Self-employment,Science policy and program officers
41400.05,Computer manufacturers,Technology transfer officers
41400.05,Consulting firms,Technology transfer officers
41400.05,Education institutions,Technology transfer officers
41400.05,Environmental and conservation organizations,Technology transfer officers
41400.05,Federal government,Technology transfer officers
41400.05,Municipal governments,Technology transfer officers
41400.05,Provincial governments,Technology transfer officers
41400.05,Research organizations,Technology transfer officers
41400.05,Self-employment,Technology transfer officers
41401.00,Associations,Economists and economic policy researchers and analysts
41401.00,Banks,Economists and economic policy researchers and analysts
41401.00,Government departments and agencies,Economists and economic policy researchers and analysts
41401.00,Investment firms,Economists and economic policy researchers and analysts
41401.00,Research organizations,Economists and economic policy researchers and analysts
41401.00,Unions,Economists and economic policy researchers and analysts
41402.00,Business associations,Business development officers and market researchers and analysts
41402.00,Government departments,Business development officers and market researchers and analysts
41402.00,International organizations,Business development officers and market researchers and analysts
41402.00,Marketing firms,Business development officers and market researchers and analysts
41402.00,Self-employment,Business development officers and market researchers and analysts
41403.01,Consulting firms,Social policy researchers
41403.01,Educational institutions,Social policy researchers
41403.01,Government departments and agencies,Social policy researchers
41403.01,Industry,Social policy researchers
41403.01,International organizations,Social policy researchers
41403.01,Non-governmental organizations,Social policy researchers
41403.01,Professional associations,Social policy researchers
41403.01,Research institutes,Social policy researchers
41403.01,Self-employment,Social policy researchers
41403.02,Consulting firms,Home economists
41403.02,Education institutions,Home economists
41403.02,Government departments and agencies,Home economists
41403.02,Hospitals,Home economists
41403.02,Industry,Home economists
41403.02,International organizations,Home economists
41403.02,Non-governmental organizations,Home economists
41403.02,Professional associations,Home economists
41403.02,Research institutes,Home economists
41403.02,Self-employment,Home economists
41403.03,Consulting firms,Housing policy analysts
41403.03,Education institutions,Housing policy analysts
41403.03,Government departments and agencies,Housing policy analysts
41403.03,Industry,Housing policy analysts
41403.03,International organizations,Housing policy analysts
41403.03,Non-governmental organizations,Housing policy analysts
41403.03,Professional associations,Housing policy analysts
41403.03,Research institutes,Housing policy analysts
41403.03,Self-employment,Housing policy analysts
41403.04,Consulting firms,Immigration and citizenship consultants
41403.04,Government departments and agencies,Immigration and citizenship consultants
41403.04,International organizations,Immigration and citizenship consultants
41403.04,Non-governmental organizations,Immigration and citizenship consultants
41403.04,Professional associations,Immigration and citizenship consultants
41403.04,Self-employment,Immigration and citizenship consultants
41403.05,Consulting firms,International aid and development project officers
41403.05,Education institutions,International aid and development project officers
41403.05,Government departments and agencies,International aid and development project officers
41403.05,Industry,International aid and development project officers
41403.05,International organizations,International aid and development project officers
41403.05,Non-governmental organizations,International aid and development project officers
41403.05,Professional associations,International aid and development project officers
41403.05,Research institutes,International aid and development project officers
41403.05,Self-employment,International aid and development project officers
41403.06,Consulting firms,Social survey researchers
41403.06,Educational institutions,Social survey researchers
41403.06,Government departments and agencies,Social survey researchers
41403.06,Hospitals,Social survey researchers
41403.06,Industry,Social survey researchers
41403.06,International organizations,Social survey researchers
41403.06,Non-governmental organizations,Social survey researchers
41403.06,Professional associations,Social survey researchers
41403.06,Research institutes,Social survey researchers
41403.06,Self-employment,Social survey researchers
41403.07,Consulting firms,Social service planners
41403.07,Education institutions,Social service planners
41403.07,Government departments and agencies,Social service planners
41403.07,Hospitals,Social service planners
41403.07,Industry,Social service planners
41403.07,International organizations,Social service planners
41403.07,Non-governmental organizations,Social service planners
41403.07,Professional associations,Social service planners
41403.07,Research institutes,Social service planners
41403.07,Self-employment,Social service planners
41404.00,Community agencies,"Health policy researchers, consultants and program officers"
41404.00,Consulting establishments,"Health policy researchers, consultants and program officers"
41404.00,Educational institutions,"Health policy researchers, consultants and program officers"
41404.00,Government departments and agencies,"Health policy researchers, consultants and program officers"
41404.00,Hospitals,"Health policy researchers, consultants and program officers"
41404.00,International organizations,"Health policy researchers, consultants and program officers"
41404.00,Non-governmental organizations,"Health policy researchers, consultants and program officers"
41404.00,Professional associations,"Health policy researchers, consultants and program officers"
41404.00,Research institutes,"Health policy researchers, consultants and program officers"
41404.00,Universities,"Health policy researchers, consultants and program officers"
41405.00,Educational organizations,"Education policy researchers, consultants and program officers"
41405.00,Government departments,"Education policy researchers, consultants and program officers"
41405.00,Non-governmental organizations,"Education policy researchers, consultants and program officers"
41405.00,Other organizations throughout the public and private sectors,"Education policy researchers, consultants and program officers"
41405.00,Professional associations,"Education policy researchers, consultants and program officers"
41405.00,Research institutes,"Education policy researchers, consultants and program officers"
41405.00,School boards,"Education policy researchers, consultants and program officers"
41405.00,Self-employment,"Education policy researchers, consultants and program officers"
41406.01,Community centres,"Recreation, sports and fitness consultants"
41406.01,Federal government,"Recreation, sports and fitness consultants"
41406.01,Municipal governments,"Recreation, sports and fitness consultants"
41406.01,Provincial governments,"Recreation, sports and fitness consultants"
41406.01,"Recreation, sports, fitness and health care facilities","Recreation, sports and fitness consultants"
41406.01,Retirement homes,"Recreation, sports and fitness consultants"
41406.01,Self-employment,"Recreation, sports and fitness consultants"
41406.01,Sports and fitness consulting firms,"Recreation, sports and fitness consultants"
41406.02,Community centres,"Recreation, sports and fitness policy analysts"
41406.02,Federal government,"Recreation, sports and fitness policy analysts"
41406.02,Municipal governments,"Recreation, sports and fitness policy analysts"
41406.02,Provincial governments,"Recreation, sports and fitness policy analysts"
41406.02,"Recreation, sports, fitness and health care facilities","Recreation, sports and fitness policy analysts"
41406.02,Retirement homes,"Recreation, sports and fitness policy analysts"
41406.02,Self-employment,"Recreation, sports and fitness policy analysts"
41406.02,Sports and fitness consulting firms,"Recreation, sports and fitness policy analysts"
41406.03,Community centres,"Recreation, sports and fitness program supervisors"
41406.03,Federal government,"Recreation, sports and fitness program supervisors"
41406.03,Municipal governments,"Recreation, sports and fitness program supervisors"
41406.03,Provincial governments,"Recreation, sports and fitness program supervisors"
41406.03,"Recreation, sports, fitness and health care facilities","Recreation, sports and fitness program supervisors"
41406.03,Retirement homes,"Recreation, sports and fitness program supervisors"
41406.03,Self-employment,"Recreation, sports and fitness program supervisors"
41406.03,Sports and fitness consulting firms,"Recreation, sports and fitness program supervisors"
41407.00,Primary government institutions,Program officers unique to government
41409.01,Establishments throughout the private and public sectors,Anthropologists
41409.01,Universities,Anthropologists
41409.02,Establishments throughout the private and public sectors,Archaeologists
41409.02,Universities,Archaeologists
41409.03,Establishments throughout the private and public sectors,Geographers
41409.03,Universities,Geographers
41409.04,Establishments throughout the private and public sectors,Historians
41409.04,Universities,Historians
41409.05,Establishments throughout the private and public sectors,Linguists
41409.05,Universities,Linguists
41409.06,Establishments throughout the private and public sectors,Political scientists
41409.06,Universities,Political scientists
41409.07,Establishments throughout the private and public sectors,Psychometricians
41409.07,Universities,Psychometricians
41409.08,Establishments throughout the private and public sectors,Sociologists
41409.08,Universities,Sociologists
41409.09,Establishments throughout the private and public sectors,Other social science professionals
41409.09,Universities,Other social science professionals
42100.00,"Municipal, provincial, regional and federal governments",Police officers (except commissioned)
42101.00,Internal firefighting services of large industrial establishments,Firefighters
42101.00,"Municipal, provincial, regional and federal governments",Firefighters
42102.00,The Canadian Army,Specialized members of the Canadian Armed Forces
42102.00,The Royal Canadian Airforce,Specialized members of the Canadian Armed Forces
42102.00,The Royal Canadian Navy,Specialized members of the Canadian Armed Forces
42200.01,Law firms,Paralegals
42200.01,Legal departments throughout the private and public sectors,Paralegals
42200.01,Record search companies,Paralegals
42200.02,Self-employment,Independent paralegals
42200.03,Governments,Notaries public
42200.03,Public and private sectors,Notaries public
42200.03,Self-employment,Notaries public
42200.04,Law firms,Trademark agents
42200.04,Legal departments throughout the private and public sectors,Trademark agents
42200.04,Self-employment,Trademark agents
42200.04,Trademark development and searching firms,Trademark agents
42200.05,Federal courts,Justice of the peace
42200.05,Provincial courts,Justice of the peace
42200.05,Territorial courts,Justice of the peace
42201.00,Community organizations and establishments,Social and community service workers
42201.00,Correctional facilities,Social and community service workers
42201.00,Government agencies,Social and community service workers
42201.00,Group homes,Social and community service workers
42201.00,Mental health agencies,Social and community service workers
42201.00,School boards,Social and community service workers
42201.00,Shelters,Social and community service workers
42201.00,Social service agencies,Social and community service workers
42201.00,Substance abuse centres,Social and community service workers
42202.01,Centres for exceptional children,Early childhood educators
42202.01,Child-care centres,Early childhood educators
42202.01,Day-care centres,Early childhood educators
42202.01,Kindergartens,Early childhood educators
42202.02,Centres for exceptional children,Early childhood educator assistants
42202.02,Child-care centres,Early childhood educator assistants
42202.02,Day-care centres,Early childhood educator assistants
42202.02,Kindergartens,Early childhood educator assistants
42203.00,Elementary and secondary school systems,Instructors of persons with disabilities
42203.00,Rehabilitation centres,Instructors of persons with disabilities
42203.00,Specialized educational institutions,Instructors of persons with disabilities
42204.00,Churches,Religion workers
42204.00,Corporate enterprises,Religion workers
42204.00,Industrial facilities,Religion workers
42204.00,"Institutions such as schools, hospitals and prisons",Religion workers
42204.00,Places of worship,Religion workers
42204.00,Private practice,Religion workers
42204.00,Synagogues,Religion workers
42204.00,Temples,Religion workers
43100.00,Private and public elementary schools,Elementary and secondary school teacher assistants
43100.00,Private and public secondary schools,Elementary and secondary school teacher assistants
43100.00,Special schools,Elementary and secondary school teacher assistants
43100.00,Treatment centres,Elementary and secondary school teacher assistants
43109.01,Commercial establishments,Driving instructors
43109.01,Driving schools,Driving instructors
43109.01,Provincial governments,Driving instructors
43109.01,Self-employment,Driving instructors
43109.01,Territorial governments,Driving instructors
43109.02,Provincial governments,Driver's license examiners
43109.03,Commercial establishments,Sewing instructors
43109.03,Fabric retailers,Sewing instructors
43109.03,Self-employment,Sewing instructors
43109.04,Commercial establishments,Modelling instructors
43109.04,Self-employment,Modelling instructors
43200.00,Provincial or territorial courts,Sheriffs and bailiffs
43200.00,Self-employment,Sheriffs and bailiffs
43201.00,Federal government,Correctional service officers
43201.00,Municipal governments,Correctional service officers
43201.00,Provincial governments,Correctional service officers
43202.01,Municipal and provincial government agencies,Animal control officer
43202.01,Municipal governments,Animal control officer
43202.01,Provincial governments,Animal control officer
43202.02,Municipal and provincial government agencies,By-law enforcement officers
43202.02,Municipal governments,By-law enforcement officers
43202.02,Provincial governments,By-law enforcement officers
43202.03,Municipal and provincial government agencies,Commercial transport inspectors
43202.03,Municipal governments,Commercial transport inspectors
43202.03,Provincial governments,Commercial transport inspectors
43202.04,Municipal and provincial government agencies,Garbage collection inspectors
43202.04,Municipal governments,Garbage collection inspectors
43202.04,Provincial governments,Garbage collection inspectors
43202.05,Municipal and provincial government agencies,Liquor licence inspectors
43202.05,Municipal governments,Liquor licence inspectors
43202.05,Provincial governments,Liquor licence inspectors
43202.06,Municipal and provincial government agencies,Parking control officers
43202.06,Municipal governments,Parking control officers
43202.06,Provincial governments,Parking control officers
43202.07,Municipal and provincial government agencies,Taxi inspectors
43202.07,Municipal governments,Taxi inspectors
43202.07,Provincial governments,Taxi inspectors
43202.08,Municipal and provincial government agencies,Zoning inspectors
43202.08,Municipal governments,Zoning inspectors
43202.08,Provincial governments,Zoning inspectors
43203.01,Government agencies,Border services and customs officers
43203.02,Government agencies,Immigration officers
43204.00,Armed forces,Operations Members of the Canadian Armed Forces
44100.01,Child-care agencies,Home child care providers
44100.01,Private households,Home child care providers
44100.01,Self-employment,Home child care providers
44100.02,Child-care agencies,Foster parents
44100.02,Private households,Foster parents
44100.02,Self-employment,Foster parents
44101.00,Home-care agencies,"Home support workers, caregivers and related occupations"
44101.00,Private households,"Home support workers, caregivers and related occupations"
44101.00,Self-employment,"Home support workers, caregivers and related occupations"
44200.00,The Canadian Army,Primary combat members of the Canadian Armed Forces
44200.00,The Royal Canadian Airforce,Primary combat members of the Canadian Armed Forces
44200.00,The Royal Canadian Navy,Primary combat members of the Canadian Armed Forces
45100.01,Public and private elementary and secondary schools,Student monitors
45100.02,Municipalities,Crossing guards
45100.02,Public and private security agencies,Crossing guards
45100.02,Schools,Crossing guards
50010.00,Archives,"Library, archive, museum and art gallery managers"
50010.00,Libraries,"Library, archive, museum and art gallery managers"
50010.00,Museums,"Library, archive, museum and art gallery managers"
50010.00,Non-retail art galleries,"Library, archive, museum and art gallery managers"
50011.00,"Film, theatre, record and video production companies","Managers - publishing, motion pictures, broadcasting and performing arts"
50011.00,"Newspaper, periodical and book publishing firms","Managers - publishing, motion pictures, broadcasting and performing arts"
50011.00,Radio stations,"Managers - publishing, motion pictures, broadcasting and performing arts"
50011.00,Television studios,"Managers - publishing, motion pictures, broadcasting and performing arts"
50012.00,Community and private recreational and fitness organizations,"Recreation, sports and fitness program and service directors"
50012.00,Municipalities,"Recreation, sports and fitness program and service directors"
50012.00,Professional athletic team organizations,"Recreation, sports and fitness program and service directors"
50012.00,Sport governing agencies,"Recreation, sports and fitness program and service directors"
51100.00,Establishments with library services throughout the public and private sectors,Librarians
51100.00,Libraries,Librarians
51101.01,Art galleries,Conservators
51101.01,Museums,Conservators
51101.01,Self-employed,Conservators
51101.01,Universities,Conservators
51101.02,Art galleries,Curators
51101.02,Museums,Curators
51101.02,Universities,Curators
51102.00,Archives,Archivists
51102.00,Private sector companies,Archivists
51102.00,Public and para-public sectors,Archivists
51110.00,Journals,Editors
51110.00,Magazines,Editors
51110.00,Newspapers,Editors
51110.00,Publishing departments of companies,Editors
51110.00,Publishing departments within government,Editors
51110.00,Publishing firms,Editors
51110.00,Radio stations,Editors
51110.00,Self-employment/free-lance,Editors
51110.00,Television stations and networks,Editors
51111.01,Advertising agencies,"Novelists, playwrights, script writers, poets and other creative writers"
51111.01,Governments,"Novelists, playwrights, script writers, poets and other creative writers"
51111.01,Large corporations,"Novelists, playwrights, script writers, poets and other creative writers"
51111.01,Multimedia companies,"Novelists, playwrights, script writers, poets and other creative writers"
51111.01,New-media companies,"Novelists, playwrights, script writers, poets and other creative writers"
51111.01,Private consulting firms,"Novelists, playwrights, script writers, poets and other creative writers"
51111.01,Publishing firms,"Novelists, playwrights, script writers, poets and other creative writers"
51111.01,Self-employed,"Novelists, playwrights, script writers, poets and other creative writers"
51111.02,Advertising agencies,Content writers (non-technical)
51111.02,Governments,Content writers (non-technical)
51111.02,Large corporations,Content writers (non-technical)
51111.02,Multimedia companies,Content writers (non-technical)
51111.02,Private consulting firms,Content writers (non-technical)
51111.02,Publishing firms,Content writers (non-technical)
51111.02,Self-employed,Content writers (non-technical)
51111.03,Advertising agencies,Copywriters
51111.03,Governments,Copywriters
51111.03,Large corporations,Copywriters
51111.03,Multimedia companies,Copywriters
51111.03,New-media companies,Copywriters
51111.03,Private consulting firms,Copywriters
51111.03,Publishing firms,Copywriters
51111.03,Self-employed,Copywriters
51112.00,Advertising agencies,Technical writers
51112.00,Governments,Technical writers
51112.00,Large corporations,Technical writers
51112.00,Multimedia companies,Technical writers
51112.00,New-media companies,Technical writers
51112.00,Publishing firms,Technical writers
51112.00,Self-employed,Technical writers
51113.00,Magazines,Journalists
51113.00,Newspapers,Journalists
51113.00,Recreational and sports facilities,Journalists
51113.00,Self-employment/free-lance,Journalists
51113.00,Television stations and networks,Journalists
51114.01,Governments,Translators and translator-revisers
51114.01,In-house translation services,Translators and translator-revisers
51114.01,International organizations,Translators and translator-revisers
51114.01,Large private corporations,Translators and translator-revisers
51114.01,Media companies,Translators and translator-revisers
51114.01,Private translation agencies,Translators and translator-revisers
51114.01,Self-employment,Translators and translator-revisers
51114.02,Governments,Terminologists
51114.02,In-house translation services,Terminologists
51114.02,International organizations,Terminologists
51114.02,Large private corporations,Terminologists
51114.02,Media companies,Terminologists
51114.02,Private interpretation agencies,Terminologists
51114.02,Private translation agencies,Terminologists
51114.02,Self-employment,Terminologists
51114.03,Governments,Interpreters
51114.03,International organizations,Interpreters
51114.03,Large private corporations,Interpreters
51114.03,Media companies,Interpreters
51114.03,Private interpretation agencies,Interpreters
51114.03,Self-employment,Interpreters
51114.04,Courts,Sign language Interpreters
51114.04,Government services,Sign language Interpreters
51114.04,Interpretation services,Sign language Interpreters
51114.04,Schools,Sign language Interpreters
51114.04,Self-employment,Sign language Interpreters
51114.04,Social service agencies,Sign language Interpreters
51114.04,Television stations,Sign language Interpreters
51120.01,Advertising companies,"Film, radio, television and video game producers"
51120.01,Broadcast departments,"Film, radio, television and video game producers"
51120.01,Film production companies,"Film, radio, television and video game producers"
51120.01,Radio stations,"Film, radio, television and video game producers"
51120.01,Self-employed,"Film, radio, television and video game producers"
51120.01,Sound recording studios,"Film, radio, television and video game producers"
51120.01,Television stations,"Film, radio, television and video game producers"
51120.01,Video game companies,"Film, radio, television and video game producers"
51120.02,Advertising companies,Directors
51120.02,Broadcast departments,Directors
51120.02,Film production companies,Directors
51120.02,Radio stations,Directors
51120.02,Self-employed,Directors
51120.02,Television stations,Directors
51120.02,Theatre companies,Directors
51120.03,Dance companies,Choreographers
51120.03,Film production companies,Choreographers
51120.03,Self-employed,Choreographers
51120.03,Theatre companies,Choreographers
51120.04,Advertising companies,Art directors
51120.04,Broadcast departments,Art directors
51120.04,Film production companies,Art directors
51120.04,Self-employed,Art directors
51120.04,Television stations,Art directors
51120.04,Theatre companies,Art directors
51120.05,Advertising companies,Film editors
51120.05,Broadcast departments,Film editors
51120.05,Record production companies,Film editors
51120.05,Self-employed,Film editors
51120.05,Sound recording studios,Film editors
51120.06,Record production companies,Record producers
51120.06,Self-employed,Record producers
51120.06,Sound recording studios,Record producers
51120.07,Advertising companies,Directors of photography
51120.07,Broadcast departments,Directors of photography
51120.07,Self-employed,Directors of photography
51120.07,Television stations,Directors of photography
51121.01,Chamber orchestras,Conductors
51121.01,Choirs,Conductors
51121.01,Music Bands,Conductors
51121.01,Opera companies,Conductors
51121.01,"Orchestras for ballet, opera or theatre performances",Conductors
51121.01,Self-employed,Conductors
51121.01,Sound recording companies,Conductors
51121.01,Symphony orchestras,Conductors
51121.02,Chamber orchestras,Composers
51121.02,Choirs,Composers
51121.02,Music Bands,Composers
51121.02,Opera companies,Composers
51121.02,"Orchestras for ballet, opera or theatre performances",Composers
51121.02,Self-employed,Composers
51121.02,Sound recording companies,Composers
51121.02,Symphony orchestras,Composers
51121.03,Chamber orchestras,Arrangers
51121.03,Choirs,Arrangers
51121.03,Music Bands,Arrangers
51121.03,Opera companies,Arrangers
51121.03,"Orchestras for ballet, opera or theatre performances",Arrangers
51121.03,Self-employed,Arrangers
51121.03,Sound recording companies,Arrangers
51121.03,Symphony orchestras,Arrangers
51122.01,Choirs,Musicians
51122.01,Concert halls,Musicians
51122.01,Film studios,Musicians
51122.01,Lounges,Musicians
51122.01,Opera companies,Musicians
51122.01,Orchestras,Musicians
51122.01,Popular bands,Musicians
51122.01,Recording studios,Musicians
51122.01,Television studios,Musicians
51122.01,Theatres,Musicians
51122.02,Choirs,Singers
51122.02,Concert halls,Singers
51122.02,Film studios,Singers
51122.02,Lounges,Singers
51122.02,Opera companies,Singers
51122.02,Popular bands,Singers
51122.02,Recording studios,Singers
51122.02,Television studios,Singers
51122.02,Theatres,Singers
51122.03,Academies,Teachers of music or voice
51122.03,Conservatories,Teachers of music or voice
51122.03,Private homes,Teachers of music or voice
51122.03,Self-employment,Teachers of music or voice
52100.01,Establishments with library services throughout the public and private sectors,Library Technicians
52100.01,Libraries,Library Technicians
52100.02,Public Archives,Public archive technicians
52110.00,In-house communications facilities,Film and video camera operators
52110.00,Motion picture and video production companies,Film and video camera operators
52110.00,Self-employed,Film and video camera operators
52110.00,Television stations and networks,Film and video camera operators
52110.00,Video production companies,Film and video camera operators
52111.00,Advertising agencies,Graphic arts technicians
52111.00,Marketing and communications departments and firms,Graphic arts technicians
52111.00,Multimedia production companies,Graphic arts technicians
52111.00,Printing establishments,Graphic arts technicians
52111.00,Publishing firms,Graphic arts technicians
52111.00,Self-employed,Graphic arts technicians
52111.00,Television and film production companies,Graphic arts technicians
52112.00,Broadcast equipment companies,Broadcast technicians
52112.00,Internet-based communication providers,Broadcast technicians
52112.00,Radio and television broadcasting networks and stations,Broadcast technicians
52113.00,Clubs,Audio and video recording technicians
52113.00,Editing companies,Audio and video recording technicians
52113.00,Educational establishments,Audio and video recording technicians
52113.00,"Film, video and concert production companies",Audio and video recording technicians
52113.00,Hotels,Audio and video recording technicians
52113.00,Multimedia companies,Audio and video recording technicians
52113.00,Music Bands,Audio and video recording technicians
52113.00,Radio and television broadcasting networks and stations,Audio and video recording technicians
52113.00,Sound recording firms,Audio and video recording technicians
52113.00,Theatre and dance companies,Audio and video recording technicians
52114.00,Radio and television advertising firms,Announcers and other broadcasters
52114.00,Radio and television broadcasting networks and stations,Announcers and other broadcasters
52119.01,Concert promoters,Floor managers
52119.01,Motion picture and video production companies,Floor managers
52119.01,Recording studios,Floor managers
52119.01,Television stations and networks,Floor managers
52119.01,"Theatre, stage and dance companies",Floor managers
52119.02,Concert promoters,Key grips
52119.02,Motion picture and video production companies,Key grips
52119.02,Recording studios,Key grips
52119.02,Television and radio stations and networks,Key grips
52119.02,"Theatre, stage and dance companies",Key grips
52119.03,Concert promoters,Gaffers and lighting technicians
52119.03,Motion picture and video production companies,Gaffers and lighting technicians
52119.03,Recording studios,Gaffers and lighting technicians
52119.03,Television and radio stations and networks,Gaffers and lighting technicians
52119.03,"Theatre, stage and dance companies",Gaffers and lighting technicians
52119.04,Concert promoters,Stunt co-ordinators and special effects technicians
52119.04,Motion picture and video production companies,Stunt co-ordinators and special effects technicians
52119.04,Recording studios,Stunt co-ordinators and special effects technicians
52119.04,Television and radio stations and networks,Stunt co-ordinators and special effects technicians
52119.04,"Theatre, stage and dance companies",Stunt co-ordinators and special effects technicians
52119.05,Concert promoters,Make-up artists
52119.05,Motion picture and video production companies,Make-up artists
52119.05,Recording studios,Make-up artists
52119.05,Television and radio stations and networks,Make-up artists
52119.05,"Theatre, stage and dance companies",Make-up artists
52119.06,Concert promoters,Costumiers
52119.06,Motion picture and video production companies,Costumiers
52119.06,Television stations and networks,Costumiers
52119.06,"Theatre, stage and dance companies",Costumiers
52119.07,Concert promoters,Settings shop foremen and property masters
52119.07,Motion picture and video production companies,Settings shop foremen and property masters
52119.07,Television stations and networks,Settings shop foremen and property masters
52119.07,"Theatre, stage and dance companies",Settings shop foremen and property masters
52120.01,Advertising firms,Graphic designers
52120.01,Establishments with advertising or communications departments,Graphic designers
52120.01,Graphic design firms,Graphic designers
52120.01,Multimedia production companies,Graphic designers
52120.01,Self-employed,Graphic designers
52120.02,Self-employed,Illustrators
52121.00,Airlines,Interior designers and interior decorators
52121.00,Architectural firms,Interior designers and interior decorators
52121.00,Construction companies,Interior designers and interior decorators
52121.00,Hospitals,Interior designers and interior decorators
52121.00,Hotel and restaurant chains,Interior designers and interior decorators
52121.00,Interior design firms,Interior designers and interior decorators
52121.00,Retail establishments,Interior designers and interior decorators
52121.00,Self-employment,Interior designers and interior decorators
53100.01,Galleries,Conservation and restoration technicians
53100.01,Museums,Conservation and restoration technicians
53100.02,Art galleries,Preparators and picture framers
53100.02,Museums,Preparators and picture framers
53100.03,Aquariums,Museum interpreters
53100.03,Art galleries,Museum interpreters
53100.03,Botanical gardens,Museum interpreters
53100.03,Cultural centres,Museum interpreters
53100.03,Historic and heritage sites,Museum interpreters
53100.03,Interpretive centres,Museum interpreters
53100.03,Museums,Museum interpreters
53100.03,Nature sanctuaries,Museum interpreters
53100.03,Parks,Museum interpreters
53100.03,Zoos,Museum interpreters
53100.04,Art galleries,"Curatorial assistants, museum extension officers, museology technicians and museum registrars and cataloguers"
53100.04,Museums,"Curatorial assistants, museum extension officers, museology technicians and museum registrars and cataloguers"
53100.05,Art galleries,Taxidermists
53100.05,Museums,Taxidermists
53100.05,Retail settings,Taxidermists
53100.05,Self-employed,Taxidermists
53110.00,Governments,Photographers
53110.00,Magazines,Photographers
53110.00,Museums,Photographers
53110.00,Newspapers,Photographers
53110.00,Photographic studios,Photographers
53110.00,Self-employed,Photographers
53111.01,Motion picture and video production companies,Camera crane operators
53111.01,Recording studios,Camera crane operators
53111.01,Television stations and networks,Camera crane operators
53111.01,Theatre and stage companies,Camera crane operators
53111.02,Motion picture and video production companies,Motion picture projectionists
53111.02,Recording studios,Motion picture projectionists
53111.02,Television stations and networks,Motion picture projectionists
53111.02,Theatre and stage companies,Motion picture projectionists
53111.03,Motion picture and video production companies,Props persons and set builders
53111.03,Recording studios,Props persons and set builders
53111.03,Television stations and networks,Props persons and set builders
53111.03,Theatre and stage companies,Props persons and set builders
53111.04,Motion picture and video production companies,Scripts assistants
53111.04,Recording studios,Scripts assistants
53111.04,Television and radio stations and networks,Scripts assistants
53111.04,Theatre and stage companies,Scripts assistants
53111.05,Motion picture and video production companies,Grips and riggers
53111.05,Television stations and networks,Grips and riggers
53111.05,Theatre and stage companies,Grips and riggers
53111.06,Motion picture and video production companies,Dressers
53111.06,Television stations and networks,Dressers
53111.06,Theatre and stage companies,Dressers
53111.07,Motion picture and video production companies,Production assistants
53111.07,Recording studios,Production assistants
53111.07,Television and radio stations and networks,Production assistants
53111.07,Theatre and stage companies,Production assistants
53120.01,Ballet and dance companies,Dancers
53120.01,Nightclubs and similar establishments,Dancers
53120.01,Television and film production companies,Dancers
53120.02,Dance academies,Dance teachers
53120.02,Dance schools,Dance teachers
53121.01,Motion picture production companies,Actors and comedians
53121.01,Television production companies,Actors and comedians
53121.01,Theatre production companies,Actors and comedians
53121.01,Video production companies,Actors and comedians
53121.02,Colleges,Acting teachers
53121.02,Private acting schools,Acting teachers
53121.02,Universities,Acting teachers
53121.03,Circuses,Circus and other performers
53121.03,Self-employment,Circus and other performers
53122.01,Self-employment,Painters
53122.02,Self-employment,Sculptors
53122.03,Art schools,Art instructors and teachers
53122.03,Colleges,Art instructors and teachers
53122.03,Self-employment,Art instructors and teachers
53122.03,Universities,Art instructors and teachers
53123.01,Broadcasting companies,Theatre designers
53123.01,Festivals,Theatre designers
53123.01,Performing arts companies,Theatre designers
53123.02,Clothing and textile companies,Fashion designers
53123.02,Self-employment,Fashion designers
53123.03,Manufacturing establishments,Exhibit designers
53123.03,Museums,Exhibit designers
53123.03,Retail establishments,Exhibit designers
53123.03,Self-employment,Exhibit designers
53124.01,Self-employment,Carvers
53124.02,Self-employment,Glass blowers
53124.03,Self-employment,Metal art workers
53124.04,Self-employment,Potters
53124.05,Self-employment,Stained glass artists
53124.06,Self-employment,Instrument makers
53124.07,Self-employment,Weavers
53124.08,Artisan guilds,Craft instructors
53124.08,Colleges,Craft instructors
53124.08,Private studios,Craft instructors
53124.08,Recreational organizations,Craft instructors
53124.08,Self-employment,Craft instructors
53124.09,Florist departments of retail establishments,Artistic floral arrangers
53124.09,Florist shops,Artistic floral arrangers
53124.09,Self-employment,Artistic floral arrangers
53125.00,"Leather, fur and textile products manufacturers","Patternmakers - textile, leather and fur products"
53125.00,Pattern manufacturers,"Patternmakers - textile, leather and fur products"
53125.00,Self-employment,"Patternmakers - textile, leather and fur products"
53200.00,Professional athletic team organizations,Athletes
53200.00,Self-employment,Athletes
53201.01,National and provincial sports organizations,Coaches
53201.01,Professional and amateur sports teams,Coaches
53201.01,Self-employment,Coaches
53201.01,Sports clubs and universities,Coaches
53201.02,Professional sports organizations,Sports scouts
53202.00,"National, provincial and local sporting commissions, organizations and leagues",Sports officials and referees
54100.01,Community centres,Program leaders and instructors in recreation and sport
54100.01,Correctional institutions,Program leaders and instructors in recreation and sport
54100.01,Government departments,Program leaders and instructors in recreation and sport
54100.01,Health care facilities,Program leaders and instructors in recreation and sport
54100.01,Outdoor centres,Program leaders and instructors in recreation and sport
54100.01,Private businesses,Program leaders and instructors in recreation and sport
54100.01,Recreational facilities,Program leaders and instructors in recreation and sport
54100.01,Resorts,Program leaders and instructors in recreation and sport
54100.01,Retirement homes,Program leaders and instructors in recreation and sport
54100.01,Sports and fitness clubs,Program leaders and instructors in recreation and sport
54100.01,Tourism associations,Program leaders and instructors in recreation and sport
54100.02,Community centres,Fitness appraisers
54100.02,Federal government,Fitness appraisers
54100.02,Health and sports organizations,Fitness appraisers
54100.02,Municipal governments,Fitness appraisers
54100.02,Provincial governments,Fitness appraisers
54100.02,Recreational institutions,Fitness appraisers
54100.02,Self-employment,Fitness appraisers
54100.02,Sports and fitness consulting firms,Fitness appraisers
55109.01,Self-employment,Buskers
55109.01,"Street, park and mall locations",Buskers
55109.02,Advertising companies,Magicians and illusionists
55109.02,Circuses,Magicians and illusionists
55109.02,Production companies,Magicians and illusionists
55109.02,Self-employment,Magicians and illusionists
55109.02,Theatres,Magicians and illusionists
55109.03,Advertising companies,Fashion Models
55109.03,Modelling agencies,Fashion Models
55109.03,Production companies,Fashion Models
55109.04,Advertising companies,Influencers
55109.04,Production companies,Influencers
55109.04,Self-employment,Influencers
60010.00,Commercial and industrial establishments,Corporate sales managers
60010.00,Retail and wholesale establishments,Corporate sales managers
60020.00,Retail sales establishments,Retail and wholesale trade managers
60020.00,Self-employed owners/operators,Retail and wholesale trade managers
60020.00,Wholesale establishments,Retail and wholesale trade managers
60030.00,Food and beverage service establishments,Restaurant and food service managers
60030.00,Self-employed owners/operators,Restaurant and food service managers
60031.00,Hotels,Accommodation service managers
60031.00,Motels,Accommodation service managers
60031.00,Other accommodation establishments,Accommodation service managers
60031.00,Resorts,Accommodation service managers
60031.00,Self-employed owners/operators,Accommodation service managers
60031.00,Student residences,Accommodation service managers
60040.00,Dry cleaning services,Managers in customer and personal services
60040.00,Hairdressing services,Managers in customer and personal services
60040.00,Residential cleaning services,Managers in customer and personal services
60040.00,Schools providing non-vocational instruction,Managers in customer and personal services
60040.00,Various service establishments,Managers in customer and personal services
62010.00,Businesses involved in door-to-door soliciting and telemarketing,Retail sales supervisors
62010.00,Rental service establishments,Retail sales supervisors
62010.00,Stores and other retail establishments,Retail sales supervisors
62010.00,Wholesale businesses that sell on a retail basis,Retail sales supervisors
62020.00,Cafeterias,Food service supervisors
62020.00,Catering companies,Food service supervisors
62020.00,Food service establishments,Food service supervisors
62020.00,Health care establishments,Food service supervisors
62020.00,Hospitals,Food service supervisors
62021.00,Establishments with housekeeping departments,Executive housekeepers
62021.00,Hospitals,Executive housekeepers
62021.00,Hotels,Executive housekeepers
62022.00,Service establishments throughout the public and private sectors,"Accommodation, travel, tourism and related services supervisors"
62023.01,Banks,Customer service representatives supervisors - financial services
62023.01,Credit unions,Customer service representatives supervisors - financial services
62023.01,Establishments throughout the private and public sectors,Customer service representatives supervisors - financial services
62023.01,Financial institutions,Customer service representatives supervisors - financial services
62023.01,Insurance companies,Customer service representatives supervisors - financial services
62023.01,Trust companies,Customer service representatives supervisors - financial services
62023.02,Contact centres,Customer service representatives supervisors (except financial services)
62023.02,Establishements throughout the private and public sector,Customer service representatives supervisors (except financial services)
62023.02,Retail establishments,Customer service representatives supervisors (except financial services)
62023.02,Telephone and utility companies,Customer service representatives supervisors (except financial services)
62024.00,Commercial and industrial establishments,Cleaning supervisors
62024.00,Home and office cleaning establishments,Cleaning supervisors
62024.00,Hospitals and other health care institutions,Cleaning supervisors
62024.00,Hotels,Cleaning supervisors
62024.00,Motels,Cleaning supervisors
62024.00,Schools and other educational institutions,Cleaning supervisors
62024.00,Specialized cleaning companies,Cleaning supervisors
62029.00,Service establishments throughout the public and private sectors,Other services supervisors
62100.00,Computer service companies,Technical sales specialists - wholesale trade
62100.00,Engineering firms,Technical sales specialists - wholesale trade
62100.00,Hydro-electric companies,Technical sales specialists - wholesale trade
62100.00,Industrial equipment manufacturing companies,Technical sales specialists - wholesale trade
62100.00,Pharmaceutical companies,Technical sales specialists - wholesale trade
62100.00,Self-employment,Technical sales specialists - wholesale trade
62101.00,Retail and wholesale establishments,Retail and wholesale buyers
62200.01,Central food commissaries,Head Chefs
62200.01,Clubs and similar establishments,Head Chefs
62200.01,Hospitals and other health care institutions,Head Chefs
62200.01,Hotels,Head Chefs
62200.01,Restaurants,Head Chefs
62200.01,Ships,Head Chefs
62200.02,Central food commissaries,Sous-Chefs
62200.02,Clubs and similar establishments,Sous-Chefs
62200.02,Hospitals and other health care institutions,Sous-Chefs
62200.02,Hotels,Sous-Chefs
62200.02,Restaurants,Sous-Chefs
62200.02,Ships,Sous-Chefs
62200.03,Central food commissaries,Specialist chefs
62200.03,Clubs and similar establishments,Specialist chefs
62200.03,Hospitals and other health care institutions,Specialist chefs
62200.03,Hotels,Specialist chefs
62200.03,Restaurants,Specialist chefs
62200.03,Ships,Specialist chefs
62201.01,Funeral homes,Funeral directors
62201.02,Funeral homes,Embalmers
62202.01,Jewellery manufacturers,Jewellers and related workers
62202.01,Jewellery repair shops,Jewellers and related workers
62202.01,Jewellery retail stores,Jewellers and related workers
62202.01,Self-employment,Jewellers and related workers
62202.02,Clock and watch manufacturers,Watch repairers
62202.02,Clock and watch retail stores,Watch repairers
62202.02,Self-employment,Watch repairers
62202.02,Watch repair shops,Watch repairers
63100.00,Brokerage firms,Insurance agents and brokers
63100.00,Insurance companies,Insurance agents and brokers
63101.00,Real estate companies,Real estate agents and salespersons
63102.00,Banks,Financial sales representatives
63102.00,Credit unions,Financial sales representatives
63102.00,Financial institutions,Financial sales representatives
63102.00,Trust companies,Financial sales representatives
63200.00,Central food commissaries,Cooks
63200.00,Construction and logging camp sites,Cooks
63200.00,Education institutions,Cooks
63200.00,Hospitals and other health care institutions,Cooks
63200.00,Hotels,Cooks
63200.00,Restaurants,Cooks
63200.00,Ships,Cooks
63201.00,Butcher shops,Butchers - retail and wholesale
63201.00,Fish stores,Butchers - retail and wholesale
63201.00,Grocery stores,Butchers - retail and wholesale
63201.00,Self-employment,Butchers - retail and wholesale
63201.00,Supermarkets,Butchers - retail and wholesale
63202.00,Bakeries,Bakers
63202.00,Catering companies,Bakers
63202.00,Hospitals and other institutions,Bakers
63202.00,Hotels,Bakers
63202.00,Restaurants,Bakers
63202.00,Self-employment,Bakers
63202.00,Supermarkets,Bakers
63210.01,Barber shops,Hairstylists
63210.01,Hairstyling or hairdressing salons,Hairstylists
63210.01,Health care establishments,Hairstylists
63210.01,Self-employment,Hairstylists
63210.01,"Theatre, film and television establishments",Hairstylists
63210.01,Vocational schools,Hairstylists
63210.02,Barber shops,Barbers
63210.02,Hairstyling or hairdressing salons,Barbers
63210.02,Health care establishments,Barbers
63210.02,Self-employment,Barbers
63210.02,"Theatre, film and television establishments",Barbers
63210.02,Vocational schools,Barbers
63211.01,Beauty salons,Estheticians
63211.01,Self-employment,Estheticians
63211.02,Beauty salons,Cosmeticians
63211.02,Cosmetic departments of retail establishments such as pharmacies and department stores,Cosmeticians
63211.02,Self-employment,Cosmeticians
63211.03,Beauty salons,Electrologists
63211.03,Electrolysis studios,Electrologists
63211.03,Self-employment,Electrologists
63211.04,Beauty salons,Manicurists and pedicurist
63211.04,Self-employment,Manicurists and pedicurist
63211.05,Beauty salons,Scalp treatment specialists
63211.05,Hair replacement clinics,Scalp treatment specialists
63211.05,Scalp treatment clinics,Scalp treatment specialists
63211.05,Self-employment,Scalp treatment specialists
63211.06,Self-employment,Tattoo artists
63211.06,Tattoo studios,Tattoo artists
63211.07,Hair replacement clinics,Hair replacement technicians (non-medical)
63211.07,Self-employment,Hair replacement technicians (non-medical)
63220.01,Custom shoemaking establishments,Shoemakers
63220.01,Self-employment,Shoemakers
63220.01,Shoe repair shops,Shoemakers
63220.02,Custom shoemaking establishments,Shoe repairers
63220.02,Self-employment,Shoe repairers
63220.02,Shoe repair shops,Shoe repairers
63221.00,Furniture repair shops,Upholsterers
63221.00,Furniture retail outlets,Upholsterers
63221.00,"Furniture, aircraft, motor vehicle and other manufacturing companies",Upholsterers
63221.00,Self-employment,Upholsterers
64100.01,Stores and other retail establishments,Retail salespersons
64100.01,Wholesale businesses that sell on a retail basis,Retail salespersons
64100.02,Retail stores,Visual merchandisers
64100.02,Wholesale businesses,Visual merchandisers
64101.00,Business services firms,Sales and account representatives - wholesale trade (non-technical)
64101.00,Clothing manufacturers,Sales and account representatives - wholesale trade (non-technical)
64101.00,"Food, beverage and tobacco processing establishments",Sales and account representatives - wholesale trade (non-technical)
64101.00,Hotels,Sales and account representatives - wholesale trade (non-technical)
64101.00,Motor vehicles and parts manufacturers,Sales and account representatives - wholesale trade (non-technical)
64101.00,Petroleum companies,Sales and account representatives - wholesale trade (non-technical)
64101.00,Transportation companies,Sales and account representatives - wholesale trade (non-technical)
64200.01,Clothing alteration shops,"Tailors, Dressmakers and Alterationists"
64200.01,Clothing retailers,"Tailors, Dressmakers and Alterationists"
64200.01,Dry cleaners,"Tailors, Dressmakers and Alterationists"
64200.01,Garment manufacturing companies,"Tailors, Dressmakers and Alterationists"
64200.01,Self-employed,"Tailors, Dressmakers and Alterationists"
64200.02,Clothing alteration shops,Furriers
64200.02,Clothing retailers,Furriers
64200.02,Dry cleaners,Furriers
64200.02,Garment manufacturing companies,Furriers
64200.02,Self-employed,Furriers
64200.03,Clothing alteration shops,Milliners
64200.03,Clothing retailers,Milliners
64200.03,Dry cleaners,Milliners
64200.03,Garment manufacturing companies,Milliners
64200.03,Self-employed,Milliners
64201.01,Beauty salons,Image consultants
64201.01,Fashion boutiques,Image consultants
64201.01,Image consulting companies,Image consultants
64201.01,Modelling schools,Image consultants
64201.01,Self-employed,Image consultants
64201.02,Beauty salons,Wedding consultants
64201.02,Fashion boutiques,Wedding consultants
64201.02,Image consulting companies,Wedding consultants
64201.02,Modelling schools,Wedding consultants
64201.02,Self-employed,Wedding consultants
64201.03,Beauty salons,Weight loss consultants
64201.03,Fashion boutiques,Weight loss consultants
64201.03,Image consulting companies,Weight loss consultants
64201.03,Modelling schools,Weight loss consultants
64201.03,Self-employed,Weight loss consultants
64201.03,Self-employment,Weight loss consultants
64201.03,Weight loss centres,Weight loss consultants
64300.00,Cocktail lounges,Maîtres d'hôtel and hosts/hostesses
64300.00,Hotel dining rooms,Maîtres d'hôtel and hosts/hostesses
64300.00,Private clubs,Maîtres d'hôtel and hosts/hostesses
64300.00,Restaurants,Maîtres d'hôtel and hosts/hostesses
64301.00,Banquet halls,Bartenders
64301.00,Bars,Bartenders
64301.00,Hotels,Bartenders
64301.00,Licensed establishments,Bartenders
64301.00,Private clubs,Bartenders
64301.00,Restaurants,Bartenders
64301.00,Taverns,Bartenders
64310.00,Hotel chains,Travel counsellors
64310.00,Tourism firms,Travel counsellors
64310.00,Transportation firms,Travel counsellors
64310.00,Travel agencies,Travel counsellors
64311.01,Airline companies,Flight attendants
64311.02,Airline companies,"Flight pursers, customer service directors and passenger service directors"
64311.03,Tour boat or cruise ship companies,Ship pursers
64312.01,Airline companies,"Airline passenger, baggage and ticket agents"
64312.02,Airline companies,Airline cargo and freight agents
64312.03,Airline companies,Airline reservation agents
64313.01,Boat cruise operators,Ticket agents and related clerks (except airline)
64313.01,Bus and railway companies,Ticket agents and related clerks (except airline)
64313.01,Freight forwarding and shipping companies,Ticket agents and related clerks (except airline)
64313.01,Public transit companies,Ticket agents and related clerks (except airline)
64313.01,Travel wholesalers,Ticket agents and related clerks (except airline)
64313.02,Boat cruise operators,Cargo service representatives (except airline)
64313.02,Bus and railway companies,Cargo service representatives (except airline)
64313.02,Freight forwarding and shipping companies,Cargo service representatives (except airline)
64313.02,Public transit companies,Cargo service representatives (except airline)
64313.02,Travel wholesalers,Cargo service representatives (except airline)
64314.00,Hotels,Hotel front desk clerks
64314.00,Motels,Hotel front desk clerks
64314.00,Resorts,Hotel front desk clerks
64320.01,Resorts and similar establishments,Tour guides
64320.01,Self-employment,Tour guides
64320.01,Tour operators,Tour guides
64320.02,Resorts and similar establishments,Travel guides
64320.02,Self-employment,Travel guides
64320.02,Tour operators,Travel guides
64321.00,Casinos,Casino workers
64322.00,Private companies and resorts,Outdoor sport and recreational guides
64322.00,Self-employment,Outdoor sport and recreational guides
64400.00,Banks,Customer services representatives - financial institutions
64400.00,Credit unions,Customer services representatives - financial institutions
64400.00,Financial institutions,Customer services representatives - financial institutions
64400.00,Trust companies,Customer services representatives - financial institutions
64401.00,Canada Post Corporation,Postal services representatives
64401.00,Courier services,Postal services representatives
64401.00,Establishements throughout the private and public sector,Postal services representatives
64401.00,Parcel express services,Postal services representatives
64409.00,Retail establishments,Other customer and information services representatives
64410.01,Businesses,Security guards
64410.01,"Educational, cultural, financial and health institutions",Security guards
64410.01,Industrial organizations,Security guards
64410.01,Investigation service companies,Security guards
64410.01,Organizations throughout the private and public sectors,Security guards
64410.01,Public and private security agencies,Security guards
64410.01,Residential complexes,Security guards
64410.01,Retail establishments,Security guards
64410.01,Self-employment,Security guards
64410.01,Transportation facilities,Security guards
64410.02,Businesses,Armoured car guards
64410.02,"Educational, cultural, financial and health institutions",Armoured car guards
64410.02,Industrial organizations,Armoured car guards
64410.02,Investigation service companies,Armoured car guards
64410.02,Organizations throughout the private and public sectors,Armoured car guards
64410.02,Public and private security agencies,Armoured car guards
64410.02,Residential complexes,Armoured car guards
64410.02,Retail establishments,Armoured car guards
64410.02,Self-employment,Armoured car guards
64410.02,Transportation facilities,Armoured car guards
64410.03,Businesses,Corporate security officers
64410.03,"Educational, cultural, financial and health institutions",Corporate security officers
64410.03,Industrial organizations,Corporate security officers
64410.03,Investigation service companies,Corporate security officers
64410.03,Organizations throughout the private and public sectors,Corporate security officers
64410.03,Public and private security agencies,Corporate security officers
64410.03,Residential complexes,Corporate security officers
64410.03,Retail establishments,Corporate security officers
64410.03,Self-employment,Corporate security officers
64410.03,Transportation facilities,Corporate security officers
64410.04,Businesses,Private investigators
64410.04,"Educational, cultural, financial and health institutions",Private investigators
64410.04,Industrial organizations,Private investigators
64410.04,Investigation service companies,Private investigators
64410.04,Organizations throughout the private and public sectors,Private investigators
64410.04,Public and private security agencies,Private investigators
64410.04,Residential complexes,Private investigators
64410.04,Retail establishments,Private investigators
64410.04,Self-employment,Private investigators
64410.04,Transportation facilities,Private investigators
64410.05,Businesses,Retail loss prevention officers
64410.05,"Educational, cultural, financial and health institutions",Retail loss prevention officers
64410.05,Industrial organizations,Retail loss prevention officers
64410.05,Investigation service companies,Retail loss prevention officers
64410.05,Organizations throughout the private and public sectors,Retail loss prevention officers
64410.05,Public and private security agencies,Retail loss prevention officers
64410.05,Residential complexes,Retail loss prevention officers
64410.05,Retail establishments,Retail loss prevention officers
64410.05,Self-employment,Retail loss prevention officers
64410.05,Transportation facilities,Retail loss prevention officers
65100.00,Business offices and other services,Cashiers
65100.00,Currency exchange booths,Cashiers
65100.00,Government offices,Cashiers
65100.00,Recreational and sports establishments,Cashiers
65100.00,Restaurants,Cashiers
65100.00,Retail and wholesale establishments,Cashiers
65100.00,Stores,Cashiers
65100.00,Theatres,Cashiers
65101.00,Automotive service stations,Automotive and watercraft service station attendants
65102.00,Department stores,"Store shelf stockers, clerks and order fillers"
65102.00,Grocery stores,"Store shelf stockers, clerks and order fillers"
65102.00,Hardware stores,"Store shelf stockers, clerks and order fillers"
65102.00,Warehouses,"Store shelf stockers, clerks and order fillers"
65109.01,Retail establishments,Demonstrators and direct distributors
65109.01,Self-employment,Demonstrators and direct distributors
65109.01,Wholesale establishments,Demonstrators and direct distributors
65109.02,Retail establishments,Door-to-door salespersons and street vendors
65109.02,Self-employment,Door-to-door salespersons and street vendors
65109.02,Wholesale establishments,Door-to-door salespersons and street vendors
65109.03,Outbound call centres,Telephone solicitors and telemarketers
65109.03,Retail establishments,Telephone solicitors and telemarketers
65109.03,Wholesale establishments,Telephone solicitors and telemarketers
65200.00,Banquet halls,Food and beverage servers
65200.00,Bars,Food and beverage servers
65200.00,Hotels,Food and beverage servers
65200.00,Private clubs,Food and beverage servers
65200.00,Restaurants,Food and beverage servers
65200.00,Taverns,Food and beverage servers
65201.01,Cafeterias,Food counter attendants and food preparers
65201.01,Coffee shops,Food counter attendants and food preparers
65201.01,Fast-food outlets,Food counter attendants and food preparers
65201.01,Hospitals,Food counter attendants and food preparers
65201.01,Hotels,Food counter attendants and food preparers
65201.01,Private clubs,Food counter attendants and food preparers
65201.01,Restaurants,Food counter attendants and food preparers
65201.02,Cafeterias,Kitchen helpers
65201.02,Coffee shops,Kitchen helpers
65201.02,Fast-food outlets,Kitchen helpers
65201.02,Hospitals,Kitchen helpers
65201.02,Hotels,Kitchen helpers
65201.02,Restaurants,Kitchen helpers
65201.03,Cafeterias,Food service helpers
65201.03,Coffee shops,Food service helpers
65201.03,Fast-food outlets,Food service helpers
65201.03,Hospitals,Food service helpers
65201.03,Hotels,Food service helpers
65201.03,Restaurants,Food service helpers
65201.04,Cafeterias,Dishwashers
65201.04,Coffee shops,Dishwashers
65201.04,Fast-food outlets,Dishwashers
65201.04,Hospitals,Dishwashers
65201.04,Hotels,Dishwashers
65201.04,Restaurants,Dishwashers
65202.00,Fish stores,Meat cutters and fishmongers - retail and wholesale
65202.00,Grocery stores,Meat cutters and fishmongers - retail and wholesale
65202.00,Self-employed,Meat cutters and fishmongers - retail and wholesale
65210.01,Hotels,Guest service attendants and baggage porters
65210.02,Cruise lines companies,Ship and train service attendants
65210.02,Water transport companies,Ship and train service attendants
65210.03,Hotels,Facilities workers
65210.03,Manufacturing and processing companies,Facilities workers
65210.03,Retail and wholesale warehouses,Facilities workers
65210.03,"Transportation, storage and moving companies",Facilities workers
65211.01,Amusement parks,Amusement attraction operators
65211.01,Carnivals,Amusement attraction operators
65211.01,Exhibitions,Amusement attraction operators
65211.01,Fairs,Amusement attraction operators
65211.01,Self-employed,Amusement attraction operators
65211.02,Amusement parks,"Attendants in amusement, recreation and sport"
65211.02,Arenas,"Attendants in amusement, recreation and sport"
65211.02,Billiard saloons,"Attendants in amusement, recreation and sport"
65211.02,Bowling alleys,"Attendants in amusement, recreation and sport"
65211.02,Campgrounds,"Attendants in amusement, recreation and sport"
65211.02,Carnivals,"Attendants in amusement, recreation and sport"
65211.02,Exhibitions,"Attendants in amusement, recreation and sport"
65211.02,Fairs,"Attendants in amusement, recreation and sport"
65211.02,Golf courses,"Attendants in amusement, recreation and sport"
65211.02,Recreational and sports facilities,"Attendants in amusement, recreation and sport"
65211.02,Ski centres,"Attendants in amusement, recreation and sport"
65211.02,Tennis clubs,"Attendants in amusement, recreation and sport"
65220.00,Animal clinics,Pet groomers and animal care workers
65220.00,Animal hospitals,Pet groomers and animal care workers
65220.00,Animal shelters,Pet groomers and animal care workers
65220.00,Breeding and boarding kennels,Pet groomers and animal care workers
65220.00,Dog training schools,Pet groomers and animal care workers
65220.00,Laboratories,Pet groomers and animal care workers
65220.00,Pet grooming establishments,Pet groomers and animal care workers
65220.00,Retail pet shops,Pet groomers and animal care workers
65220.00,Self-employed,Pet groomers and animal care workers
65220.00,Zoos,Pet groomers and animal care workers
65229.00,Call centres,Other support occupations in personal services
65229.00,Self-employed,Other support occupations in personal services
65310.01,Building management companies,Light duty cleaners
65310.01,Cleaning service companies,Light duty cleaners
65310.01,Hospitals,Light duty cleaners
65310.01,Hotels,Light duty cleaners
65310.01,Motels,Light duty cleaners
65310.01,Private individuals,Light duty cleaners
65310.01,Recreational facilities,Light duty cleaners
65310.01,Resorts,Light duty cleaners
65310.02,"Non-institutional, residential establishments",Housekeepers
65310.02,Private households,Housekeepers
65311.01,Self-employed,Carpet and upholstery cleaners
65311.01,Specialized cleaning services companies,Carpet and upholstery cleaners
65311.02,Self-employed,Chimney cleaners and sandblasters
65311.02,Specialized cleaning services companies,Chimney cleaners and sandblasters
65311.03,Self-employed,Furnace and ventilation system cleaners
65311.03,Specialized cleaning services companies,Furnace and ventilation system cleaners
65311.04,Self-employed,Vehicle cleaners
65311.04,Specialized cleaning services companies,Vehicle cleaners
65311.05,Self-employed,Window cleaners
65311.05,Specialized cleaning services companies,Window cleaners
65312.00,Apartment building management companies,"Janitors, caretakers and heavy-duty cleaners"
65312.00,Condominium corporations,"Janitors, caretakers and heavy-duty cleaners"
65312.00,Education institutions,"Janitors, caretakers and heavy-duty cleaners"
65312.00,Health care facilities,"Janitors, caretakers and heavy-duty cleaners"
65312.00,Industrial establishments,"Janitors, caretakers and heavy-duty cleaners"
65312.00,Office building management companies,"Janitors, caretakers and heavy-duty cleaners"
65312.00,Recreation facilities,"Janitors, caretakers and heavy-duty cleaners"
65312.00,Religious establishments,"Janitors, caretakers and heavy-duty cleaners"
65312.00,Shopping facilities,"Janitors, caretakers and heavy-duty cleaners"
65320.01,Dry cleaning and laundry establishments,Dry cleaning and laundry machine operators
65320.01,Fur cleaning establishments,Dry cleaning and laundry machine operators
65320.01,"Laundries of hotels, hospitals and other institutions",Dry cleaning and laundry machine operators
65320.02,Dry cleaning and laundry establishments,Dry cleaning and laundry inspectors and assemblers
65320.02,Fur cleaning establishments,Dry cleaning and laundry inspectors and assemblers
65320.02,"Laundries of hotels, hospitals and other institutions",Dry cleaning and laundry inspectors and assemblers
65320.03,Dry cleaning and laundry establishments,"Ironing, pressing and finishing workers"
65320.03,Fur cleaning establishments,"Ironing, pressing and finishing workers"
65320.03,"Laundries of hotels, hospitals and other institutions","Ironing, pressing and finishing workers"
65329.01,Beauty salons,Beauty salon attendants
65329.02,Retail service and other establishments,Door attendants
65329.03,Funeral homes or parlours,Funeral home attendants
65329.04,Laundromats,Laundromat attendants
65329.04,Retail service and other establishments,Laundromat attendants
65329.05,Hotels,Parking lot attendants and car jockeys
65329.05,Parking Lots,Parking lot attendants and car jockeys
65329.05,Retail service and other establishments,Parking lot attendants and car jockeys
65329.06,Retail service and other establishments,Ticket takers and ushers
65329.07,Retail service and other establishments,Other elemental service workers
65329.07,Self-employed,Other elemental service workers
70010.00,Construction departments of companies outside the construction industry,Construction managers
70010.00,"Residential, commercial and industrial construction companies",Construction managers
70011.00,Self-employed owners/operators,Home building and renovation managers
70012.01,Airports,Facility operation managers
70012.01,Canals,Facility operation managers
70012.01,Convention centres,Facility operation managers
70012.01,Harbours,Facility operation managers
70012.01,Office complexes,Facility operation managers
70012.01,Recreational facilities,Facility operation managers
70012.01,Shopping centres,Facility operation managers
70012.01,Warehouses,Facility operation managers
70012.02,Airports,Maintenance managers
70012.02,Educational institutions,Maintenance managers
70012.02,Grain terminals,Maintenance managers
70012.02,Harbour operations,Maintenance managers
70012.02,Health care institutions,Maintenance managers
70012.02,Maintenance and mechanical engineering departments of manufacturing and other industrial establishments,Maintenance managers
70012.02,Office buildings,Maintenance managers
70012.02,Shopping centres,Maintenance managers
70012.02,Sports facilities,Maintenance managers
70012.02,Universities,Maintenance managers
70012.02,Warehouses,Maintenance managers
70020.01,Airlines,"Transportation managers, operations"
70020.01,Bus lines,"Transportation managers, operations"
70020.01,Municipal transit systems,"Transportation managers, operations"
70020.01,Railways,"Transportation managers, operations"
70020.01,Shipping lines,"Transportation managers, operations"
70020.01,Trucking companies,"Transportation managers, operations"
70020.02,Freight-forwarding companies,"Transportation managers, freight traffic"
70020.02,Shipping companies,"Transportation managers, freight traffic"
70020.02,Transportation companies,"Transportation managers, freight traffic"
70020.02,"Transportation departments of companies in the retail, manufacturing and utilities sectors","Transportation managers, freight traffic"
70021.00,Canada Post Corporation,Postal and courier services managers
70021.00,Courier services,Postal and courier services managers
72010.00,Machine shops,"Contractors and supervisors, machining, metal forming, shaping and erecting trades and related occupations"
72010.00,Manufacturing companies,"Contractors and supervisors, machining, metal forming, shaping and erecting trades and related occupations"
72010.00,"Structural, platework and related metal products fabrication","Contractors and supervisors, machining, metal forming, shaping and erecting trades and related occupations"
72011.00,Cable and satellite television companies,"Contractors and supervisors, electrical trades and telecommunications occupations"
72011.00,Cable television companies,"Contractors and supervisors, electrical trades and telecommunications occupations"
72011.00,"Electric power generation, transmission and distribution companies","Contractors and supervisors, electrical trades and telecommunications occupations"
72011.00,Electrical contractors,"Contractors and supervisors, electrical trades and telecommunications occupations"
72011.00,Maintenance departments of buildings and other establishments,"Contractors and supervisors, electrical trades and telecommunications occupations"
72011.00,"Maintenance departments of factories, plants, mines, shipyards and other industrial establishments","Contractors and supervisors, electrical trades and telecommunications occupations"
72011.00,Public utility commissions,"Contractors and supervisors, electrical trades and telecommunications occupations"
72011.00,Self-employment,"Contractors and supervisors, electrical trades and telecommunications occupations"
72011.00,Telephone and other telecommunications service companies,"Contractors and supervisors, electrical trades and telecommunications occupations"
72011.00,Telephone and other telecommunications transmission services establishments,"Contractors and supervisors, electrical trades and telecommunications occupations"
72012.00,Construction companies,"Contractors and supervisors, pipefitting trades"
72012.00,"Maintenance departments of industrial, commercial and manufacturing establishments","Contractors and supervisors, pipefitting trades"
72012.00,"Mechanical, plumbing and pipefitting trade contractors","Contractors and supervisors, pipefitting trades"
72013.00,Carpentry contractors,"Contractors and supervisors, carpentry trades"
72013.00,Construction companies,"Contractors and supervisors, carpentry trades"
72013.00,Custom furniture and fixture manufacturing or repair companies,"Contractors and supervisors, carpentry trades"
72013.00,Maintenance departments of industrial establishments,"Contractors and supervisors, carpentry trades"
72014.00,Bricklaying contractors,"Contractors and supervisors, other construction trades, installers, repairers and servicers"
72014.00,Building management companies,"Contractors and supervisors, other construction trades, installers, repairers and servicers"
72014.00,Carpet outlets,"Contractors and supervisors, other construction trades, installers, repairers and servicers"
72014.00,Cement and concrete contractors,"Contractors and supervisors, other construction trades, installers, repairers and servicers"
72014.00,Companies specializing in specific product installation and service,"Contractors and supervisors, other construction trades, installers, repairers and servicers"
72014.00,Condominium corporations,"Contractors and supervisors, other construction trades, installers, repairers and servicers"
72014.00,Construction companies,"Contractors and supervisors, other construction trades, installers, repairers and servicers"
72014.00,Construction glass installation contractors,"Contractors and supervisors, other construction trades, installers, repairers and servicers"
72014.00,Drywalling contractors,"Contractors and supervisors, other construction trades, installers, repairers and servicers"
72014.00,Educational institutions,"Contractors and supervisors, other construction trades, installers, repairers and servicers"
72014.00,Floor-covering contractors,"Contractors and supervisors, other construction trades, installers, repairers and servicers"
72014.00,General contractors,"Contractors and supervisors, other construction trades, installers, repairers and servicers"
72014.00,Glass fabrication shops,"Contractors and supervisors, other construction trades, installers, repairers and servicers"
72014.00,Health care facilities,"Contractors and supervisors, other construction trades, installers, repairers and servicers"
72014.00,Industrial establishments,"Contractors and supervisors, other construction trades, installers, repairers and servicers"
72014.00,Insulation contractors,"Contractors and supervisors, other construction trades, installers, repairers and servicers"
72014.00,Lathing contractors,"Contractors and supervisors, other construction trades, installers, repairers and servicers"
72014.00,Manufacturers of precast concrete products,"Contractors and supervisors, other construction trades, installers, repairers and servicers"
72014.00,Masonry contractors,"Contractors and supervisors, other construction trades, installers, repairers and servicers"
72014.00,Other establishments,"Contractors and supervisors, other construction trades, installers, repairers and servicers"
72014.00,Painting contractors,"Contractors and supervisors, other construction trades, installers, repairers and servicers"
72014.00,Pest control companies,"Contractors and supervisors, other construction trades, installers, repairers and servicers"
72014.00,Plastering contractors,"Contractors and supervisors, other construction trades, installers, repairers and servicers"
72014.00,Product specialty repair shops,"Contractors and supervisors, other construction trades, installers, repairers and servicers"
72014.00,Recreational facilities,"Contractors and supervisors, other construction trades, installers, repairers and servicers"
72014.00,Religious establishments,"Contractors and supervisors, other construction trades, installers, repairers and servicers"
72014.00,Retail service and repair shops,"Contractors and supervisors, other construction trades, installers, repairers and servicers"
72014.00,Roofing contractors,"Contractors and supervisors, other construction trades, installers, repairers and servicers"
72014.00,Self-employment,"Contractors and supervisors, other construction trades, installers, repairers and servicers"
72014.00,Service establishments,"Contractors and supervisors, other construction trades, installers, repairers and servicers"
72014.00,Shopping facilities,"Contractors and supervisors, other construction trades, installers, repairers and servicers"
72020.00,"Aircraft manufacturing, maintenance, repair and overhaul establishments","Contractors and supervisors, mechanic trades"
72020.00,Aircraft operators,"Contractors and supervisors, mechanic trades"
72020.00,Airlines,"Contractors and supervisors, mechanic trades"
72020.00,Appliance service companies,"Contractors and supervisors, mechanic trades"
72020.00,Automobile appraisal centres,"Contractors and supervisors, mechanic trades"
72020.00,Automobile body repair companies,"Contractors and supervisors, mechanic trades"
72020.00,Automobile dealerships,"Contractors and supervisors, mechanic trades"
72020.00,Automotive service shops of retail establishments,"Contractors and supervisors, mechanic trades"
72020.00,Automotive specialty shops,"Contractors and supervisors, mechanic trades"
72020.00,Companies that own and operate heavy equipment,"Contractors and supervisors, mechanic trades"
72020.00,Dealer service shops,"Contractors and supervisors, mechanic trades"
72020.00,Electrical repair shops,"Contractors and supervisors, mechanic trades"
72020.00,Elevator construction and maintenance companies,"Contractors and supervisors, mechanic trades"
72020.00,Engineering firms,"Contractors and supervisors, mechanic trades"
72020.00,Fleet maintenance companies,"Contractors and supervisors, mechanic trades"
72020.00,Food wholesalers,"Contractors and supervisors, mechanic trades"
72020.00,Garages,"Contractors and supervisors, mechanic trades"
72020.00,Heating systems installation and service companies,"Contractors and supervisors, mechanic trades"
72020.00,"Heating, refrigeration and air conditioning installation contractors","Contractors and supervisors, mechanic trades"
72020.00,Heavy equipment dealers,"Contractors and supervisors, mechanic trades"
72020.00,Heavy equipment rental and service establishments,"Contractors and supervisors, mechanic trades"
72020.00,Independent service establishments,"Contractors and supervisors, mechanic trades"
72020.00,Industrial establishments,"Contractors and supervisors, mechanic trades"
72020.00,Industrial machinery manufacturing companies,"Contractors and supervisors, mechanic trades"
72020.00,Maintenance departments of manufacturing companies,"Contractors and supervisors, mechanic trades"
72020.00,Manufacturing plants,"Contractors and supervisors, mechanic trades"
72020.00,Millwrighting contractors,"Contractors and supervisors, mechanic trades"
72020.00,Motor vehicle dealers,"Contractors and supervisors, mechanic trades"
72020.00,Motor vehicle manufacturers,"Contractors and supervisors, mechanic trades"
72020.00,Motor vehicle manufacturing companies,"Contractors and supervisors, mechanic trades"
72020.00,Railway transport companies,"Contractors and supervisors, mechanic trades"
72020.00,Recreational vehicle repair shops,"Contractors and supervisors, mechanic trades"
72020.00,Repair departments of retail and wholesale establishments,"Contractors and supervisors, mechanic trades"
72020.00,Repair shops,"Contractors and supervisors, mechanic trades"
72020.00,Self-employment,"Contractors and supervisors, mechanic trades"
72020.00,Service shops of electrical equipment manufacturers,"Contractors and supervisors, mechanic trades"
72020.00,Service shops of motorcycle dealers and retailers,"Contractors and supervisors, mechanic trades"
72020.00,Service stations,"Contractors and supervisors, mechanic trades"
72020.00,Textile manufacturing companies,"Contractors and supervisors, mechanic trades"
72020.00,Transportation companies,"Contractors and supervisors, mechanic trades"
72020.00,Transportation equipment manufacturing companies,"Contractors and supervisors, mechanic trades"
72020.00,Truck and trailer dealerships,"Contractors and supervisors, mechanic trades"
72020.00,Urban transit systems,"Contractors and supervisors, mechanic trades"
72020.00,Utilities establishments,"Contractors and supervisors, mechanic trades"
72021.00,Cargo handlers,"Contractors and supervisors, heavy equipment operator crews"
72021.00,Construction companies,"Contractors and supervisors, heavy equipment operator crews"
72021.00,Drilling and blasting contractors,"Contractors and supervisors, heavy equipment operator crews"
72021.00,Governments,"Contractors and supervisors, heavy equipment operator crews"
72021.00,Heavy equipment contractors,"Contractors and supervisors, heavy equipment operator crews"
72021.00,Industrial companies,"Contractors and supervisors, heavy equipment operator crews"
72021.00,Manufacturing and processing companies,"Contractors and supervisors, heavy equipment operator crews"
72021.00,Marine cargo handling companies,"Contractors and supervisors, heavy equipment operator crews"
72021.00,Mining companies,"Contractors and supervisors, heavy equipment operator crews"
72021.00,"Mining, quarrying and construction companies","Contractors and supervisors, heavy equipment operator crews"
72021.00,"Municipal, provincial and territorial, and federal public works departments","Contractors and supervisors, heavy equipment operator crews"
72021.00,"Pipeline, logging and cargo handling companies","Contractors and supervisors, heavy equipment operator crews"
72021.00,Private contractors under contract to governments,"Contractors and supervisors, heavy equipment operator crews"
72021.00,Private contractors under contract with government public works departments,"Contractors and supervisors, heavy equipment operator crews"
72021.00,Public works departments,"Contractors and supervisors, heavy equipment operator crews"
72021.00,Public works departments in all levels of government,"Contractors and supervisors, heavy equipment operator crews"
72021.00,Railway companies,"Contractors and supervisors, heavy equipment operator crews"
72021.00,Railway transport companies,"Contractors and supervisors, heavy equipment operator crews"
72021.00,Retail and wholesale warehouses,"Contractors and supervisors, heavy equipment operator crews"
72021.00,Self-employment,"Contractors and supervisors, heavy equipment operator crews"
72021.00,Shipping agencies,"Contractors and supervisors, heavy equipment operator crews"
72021.00,Shipping lines,"Contractors and supervisors, heavy equipment operator crews"
72021.00,"Transportation, storage and moving companies","Contractors and supervisors, heavy equipment operator crews"
72021.00,Water well drilling contractors,"Contractors and supervisors, heavy equipment operator crews"
72022.00,Commercial printing companies,"Supervisors, printing and related occupations"
72022.00,In-house printing departments of private and public sector establishments,"Supervisors, printing and related occupations"
72022.00,Publishing and printing companies,"Supervisors, printing and related occupations"
72023.00,Railway transport companies,"Supervisors, railway transport operations"
72024.00,Ground transport companies,"Supervisors, motor transport and other ground transit operators"
72024.00,Motor transportation companies,"Supervisors, motor transport and other ground transit operators"
72024.00,Urban transit systems,"Supervisors, motor transport and other ground transit operators"
72025.00,Canada Post Corporation,"Supervisors, mail and message distribution occupations"
72025.00,Courier companies,"Supervisors, mail and message distribution occupations"
72025.00,Governments,"Supervisors, mail and message distribution occupations"
72025.00,Large corporations,"Supervisors, mail and message distribution occupations"
72100.01,Machine shops,Machinists
72100.01,"Machinery, equipment, motor vehicle, automotive parts, aircraft and other metal products manufacturing companies",Machinists
72100.02,Machine shops,Machining and tooling inspectors
72100.02,"Machinery, equipment, motor vehicle, automotive parts, aircraft and other metal products manufacturing companies",Machining and tooling inspectors
72101.01,Aircraft manufacturing industry,Tool and die makers
72101.01,Automobile manufacturing industry,Tool and die makers
72101.01,Electrical machinery manufacturing industry,Tool and die makers
72101.01,Metal fabrication manufacturing industry,Tool and die makers
72101.01,Plastics manufacturing industry,Tool and die makers
72101.01,"Tool and die, mould making and machine shops",Tool and die makers
72101.02,Aircraft manufacturing industry,Metal mould makers and patternmakers
72101.02,Automobile manufacturing industry,Metal mould makers and patternmakers
72101.02,Electrical machinery manufacturing industry,Metal mould makers and patternmakers
72101.02,Metal fabrication manufacturing industry,Metal mould makers and patternmakers
72101.02,Plastics manufacturing industry,Metal mould makers and patternmakers
72101.02,"Tool and die, mould making and machine shops",Metal mould makers and patternmakers
72102.00,Sheet metal fabrication shops,Sheet metal workers
72102.00,Sheet metal products manufacturing companies,Sheet metal workers
72102.00,Sheet metal work contractors,Sheet metal workers
72102.00,Various industrial sectors,Sheet metal workers
72103.00,Boiler fabrication companies,Boilermakers
72103.00,Construction companies,Boilermakers
72103.00,Electric power generation companies,Boilermakers
72103.00,Industrial companies,Boilermakers
72103.00,Manufacturing companies,Boilermakers
72103.00,Shipbuilding companies,Boilermakers
72104.00,Boiler fabrication plants,Structural metal and platework fabricators and fitters
72104.00,Heavy machinery manufacturing plants,Structural metal and platework fabricators and fitters
72104.00,Platework fabrication plants,Structural metal and platework fabricators and fitters
72104.00,Shipbuilding companies,Structural metal and platework fabricators and fitters
72104.00,Structural steel fabrication plants,Structural metal and platework fabricators and fitters
72105.00,Construction ironwork contractors,Ironworkers
72106.01,"Manufacturers of structural steel and platework, boilers, heavy machinery, aircraft, ships, and other metal products",Welders
72106.01,Self-employed,Welders
72106.01,Welding contractors,Welders
72106.01,Welding shops,Welders
72106.02,"Manufacturers of structural steel and platework, boilers, heavy machinery, aircraft, ships, and other metal products","Welding, brazing and soldering machine  operators"
72106.02,Self-employed,"Welding, brazing and soldering machine  operators"
72106.02,Welding contractors,"Welding, brazing and soldering machine  operators"
72106.02,Welding shops,"Welding, brazing and soldering machine  operators"
72200.00,Electrical contractors,Electricians (except industrial and power system)
72200.00,Maintenance departments of buildings and other establishments,Electricians (except industrial and power system)
72200.00,Self-employed,Electricians (except industrial and power system)
72201.00,Electrical contractors,Industrial electricians
72201.00,"Maintenance departments of factories, plants, mines, shipyards and other industrial establishments",Industrial electricians
72202.00,"Electric power generation, transmission and distribution companies",Power system electricians
72203.00,"Electric power generation, transmission and distribution companies",Electrical power line and cable workers
72203.00,Electrical contractors,Electrical power line and cable workers
72203.00,Public utility services,Electrical power line and cable workers
72204.00,Cable television companies,Telecommunications line and cable installers and repairers
72204.00,Telephone and other telecommunications service companies,Telecommunications line and cable installers and repairers
72205.01,Telephone and other telecommunications transmission services establishments,Telephone installers and repairers
72205.02,Telephone and other telecommunications transmission services establishments,Switch network installers and repairers
72205.03,Telephone and other telecommunications transmission services establishments,Telecommunications service testers
72205.04,Telephone and other telecommunications transmission services establishments,Telecommunications equipment technicians
72205.05,Cable and satellite television companies,Television cable service technicians
72300.00,"Maintenance departments of factories, plants and similar establishments",Plumbers
72300.00,Plumbing contractors,Plumbers
72300.00,Self-employed,Plumbers
72301.01,"Maintenance departments of factories, plants and similar establishments",Steamfitters and pipefitters
72301.01,Pipefitting contractors,Steamfitters and pipefitters
72301.01,Self-employed,Steamfitters and pipefitters
72301.02,"Maintenance departments of factories, plants and similar establishments",Sprinkler system installers
72301.02,Self-employed,Sprinkler system installers
72301.02,Sprinkler system contractors,Sprinkler system installers
72302.00,Gas servicing companies,Gas fitters
72302.00,Gas utility companies,Gas fitters
72310.00,Carpentry contractors,Carpenters
72310.00,Construction companies,Carpenters
72310.00,"Maintenance departments of factories, plants and other establishments",Carpenters
72310.00,Self-employed,Carpenters
72311.00,Cabinetmaking contractors,Cabinetmakers
72311.00,Construction companies,Cabinetmakers
72311.00,Furniture manufacturing or repair companies,Cabinetmakers
72311.00,Self-employed,Cabinetmakers
72320.00,Bricklaying contractors,Bricklayers
72320.00,Construction companies,Bricklayers
72320.00,Self-employed,Bricklayers
72321.00,Construction companies,Insulators
72321.00,Insulation contractors,Insulators
72321.00,Self-employed,Insulators
72400.01,Industrial establishments,Construction millwrights and industrial mechanics
72400.01,Manufacturing plants,Construction millwrights and industrial mechanics
72400.01,Millwrighting contractors,Construction millwrights and industrial mechanics
72400.01,Utilities establishments,Construction millwrights and industrial mechanics
72400.02,Textile manufacturers,Textile machinery mechanics and repairers
72401.00,Companies that own and operate heavy equipment,Heavy-duty equipment mechanics
72401.00,Heavy equipment dealers,Heavy-duty equipment mechanics
72401.00,Heavy equipment rental and service establishments,Heavy-duty equipment mechanics
72401.00,Railway transport companies,Heavy-duty equipment mechanics
72401.00,Urban transit systems,Heavy-duty equipment mechanics
72402.00,Engineering firms,"Heating, refrigeration and air conditioning mechanics"
72402.00,Food wholesalers,"Heating, refrigeration and air conditioning mechanics"
72402.00,"Heating, refrigeration and air conditioning installation contractors","Heating, refrigeration and air conditioning mechanics"
72402.00,Industrial establishments,"Heating, refrigeration and air conditioning mechanics"
72402.00,Retail and servicing establishments,"Heating, refrigeration and air conditioning mechanics"
72403.00,Railway transport companies,Railway carmen/women
72403.00,Urban transit systems,Railway carmen/women
72404.01,"Aircraft manufacturing, maintenance, repair and overhaul establishments",Aircraft mechanics
72404.01,Aircraft operators,Aircraft mechanics
72404.01,Airlines,Aircraft mechanics
72404.02,"Aircraft manufacturing, maintenance, repair and overhaul establishments",Aircraft inspectors
72404.02,Aircraft operators,Aircraft inspectors
72404.02,Airlines,Aircraft inspectors
72405.00,Industrial machinery manufacturing companies,Machine fitters
72405.00,Transportation equipment manufacturing companies,Machine fitters
72406.00,Elevator construction and maintenance companies,Elevator constructors and mechanics
72410.01,Automotive service shops of retail establishments,Automotive service technicians
72410.01,Automotive specialty shops,Automotive service technicians
72410.01,Garages,Automotive service technicians
72410.01,Motor vehicle dealers,Automotive service technicians
72410.01,Service stations,Automotive service technicians
72410.01,Transportation companies,Automotive service technicians
72410.02,Motor vehicle manufacturing companies,"Mechanical repairers, motor vehicle manufacturing"
72410.03,Fleet maintenance companies,Transport truck and trailer mechanics
72410.03,Repair shops,Transport truck and trailer mechanics
72410.03,Transportation companies,Transport truck and trailer mechanics
72410.03,Truck and trailer dealerships,Transport truck and trailer mechanics
72411.00,Automobile appraisal centres,"Auto body collision, refinishing and glass technicians and damage repair estimators"
72411.00,Automobile body repair companies,"Auto body collision, refinishing and glass technicians and damage repair estimators"
72411.00,Automobile dealerships,"Auto body collision, refinishing and glass technicians and damage repair estimators"
72411.00,Motor vehicle manufacturers,"Auto body collision, refinishing and glass technicians and damage repair estimators"
72420.00,Heating systems installation and service companies,Oil and solid fuel heating mechanics
72421.01,Appliance repair service companies,Small electrical appliance servicers and repairers
72421.01,Repair departments of retail and wholesale establishments,Small electrical appliance servicers and repairers
72421.01,Repair shops,Small electrical appliance servicers and repairers
72421.01,Self-employed,Small electrical appliance servicers and repairers
72421.02,Appliance repair service companies,Major appliance repairers/technicians
72421.02,Repair departments of retail and wholesale establishments,Major appliance repairers/technicians
72421.02,Repair shops,Major appliance repairers/technicians
72421.02,Self-employed,Major appliance repairers/technicians
72422.00,Electrical repair shops,Electrical mechanics
72422.00,Maintenance departments of manufacturing companies,Electrical mechanics
72422.00,Service shops of electrical equipment manufacturers,Electrical mechanics
72423.01,Independent service establishments,"Motorcycle, all-terrain vehicle and other related mechanics"
72423.01,Service shops of motorcycle dealers and retailers,"Motorcycle, all-terrain vehicle and other related mechanics"
72423.02,Recreational vehicle repair shops,Recreation vehicle technicians
72423.02,Self-employed,Recreation vehicle technicians
72429.00,Dealer service shops,Other small engine and small equipment repairers
72429.00,Independent service establishments,Other small engine and small equipment repairers
72500.00,Cargo handlers,Crane operators
72500.00,Construction companies,Crane operators
72500.00,Industrial companies,Crane operators
72500.00,Mining companies,Crane operators
72500.00,Railway companies,Crane operators
72501.00,Governments,Water well drillers
72501.00,Self-employed,Water well drillers
72501.00,Water well drilling contractors,Water well drillers
72600.01,Airline and air freight companies,Air pilots
72600.01,Flying schools,Air pilots
72600.01,Private and public sector aircraft operators,Air pilots
72600.02,Airline and air freight companies,Flight engineers
72600.02,Flying schools,Flight engineers
72600.02,Private and public sector aircraft operators,Flight engineers
72600.03,Airline and air freight companies,Flying instructors
72600.03,Flying schools,Flying instructors
72600.03,Private and public sector aircraft operators,Flying instructors
72601.01,Canadian Armed forces,Air traffic controllers
72601.01,NAV Canada,Air traffic controllers
72601.02,Airline and air services companies,Flight dispatchers
72601.02,Canadian Armed forces,Flight dispatchers
72601.03,Canadian Armed forces,Flight service specialists
72601.03,NAV Canada,Flight service specialists
72602.00,Federal government departments,"Deck officers, water transport"
72602.00,Marine transportation companies,"Deck officers, water transport"
72603.00,Federal government departments,"Engineer officers, water transport"
72603.00,Marine transportation companies,"Engineer officers, water transport"
72604.01,Railway transport companies,Railway traffic controllers
72604.02,Canadian Coast Guard,Marine traffic regulators
72604.02,Canal and lock authorities,Marine traffic regulators
72604.02,Harbours,Marine traffic regulators
72604.02,Ports,Marine traffic regulators
72999.01,Firearms fabrication and repair establishments,Gunsmiths
72999.01,Self-employed,Gunsmiths
72999.02,Lock service companies,Locksmiths
72999.02,Self-employed,Locksmiths
72999.03,Safe and vault service establishments,Safe and vault servicers
72999.03,Self-employed,Safe and vault servicers
72999.04,Saw repair shops,Saw fitters
72999.04,Self-employed,Saw fitters
72999.05,Fabricated metal products manufacturing companies,Die setters
72999.05,Machinery manufacturing companies,Die setters
72999.05,Transportation equipment manufacturing companies,Die setters
72999.06,Commercial diving contractors,Commercial divers
72999.06,Oil and gas companies with offshore operations,Commercial divers
72999.06,Shipping and marine construction companies,Commercial divers
73100.00,Cement and concrete contractors,Concrete finishers
73100.00,Construction companies,Concrete finishers
73100.00,Manufacturers of precast concrete products,Concrete finishers
73100.00,Self-employed,Concrete finishers
73101.00,Construction companies,Tilesetters
73101.00,Masonry contractors,Tilesetters
73101.00,Self-employed,Tilesetters
73102.01,Construction companies,Plasterers
73102.01,Plastering contractors,Plasterers
73102.01,Self-employed,Plasterers
73102.02,Construction companies,Drywall installers and finishers
73102.02,Drywalling contractors,Drywall installers and finishers
73102.02,Self-employed,Drywall installers and finishers
73102.03,Construction companies,Lathers
73102.03,Lathing contractors,Lathers
73102.03,Self-employed,Lathers
73110.01,General contractors,Roofers
73110.01,Roofing contractors,Roofers
73110.01,Self-employed,Roofers
73110.02,General contractors,Shinglers
73110.02,Roofing contractors,Shinglers
73110.02,Self-employed,Shinglers
73111.00,Construction glass installation contractors,Glaziers
73111.00,Glass fabrication shops,Glaziers
73111.00,Retail service and repair shops,Glaziers
73111.00,Self-employed,Glaziers
73112.00,Building maintenance contractors,Painters and decorators (except interior decorators)
73112.00,Construction companies,Painters and decorators (except interior decorators)
73112.00,Painting contractors,Painters and decorators (except interior decorators)
73112.00,Self-employment,Painters and decorators (except interior decorators)
73113.00,Carpet outlets,Floor covering installers
73113.00,Construction companies,Floor covering installers
73113.00,Floor-covering contractors,Floor covering installers
73113.00,Self-employed,Floor covering installers
73200.00,Companies specializing in specific product installation and service,Residential and commercial installers and servicers
73201.00,Building management companies,General building maintenance workers and building superintendents
73201.00,Condominium corporations,General building maintenance workers and building superintendents
73201.00,Educational institutions,General building maintenance workers and building superintendents
73201.00,Health care facilities,General building maintenance workers and building superintendents
73201.00,Industrial establishments,General building maintenance workers and building superintendents
73201.00,Other establishments,General building maintenance workers and building superintendents
73201.00,Recreational facilities,General building maintenance workers and building superintendents
73201.00,Religious establishments,General building maintenance workers and building superintendents
73201.00,Shopping facilities,General building maintenance workers and building superintendents
73202.00,Pest control companies,Pest controllers and fumigators
73202.00,Self-employed,Pest controllers and fumigators
73209.00,Product specialty repair shops,Other repairers and servicers
73209.00,Service establishments,Other repairers and servicers
73300.01,Employment service agencies,Long-haul transport truck drivers
73300.01,Manufacturing and distribution companies,Long-haul transport truck drivers
73300.01,Moving companies,Long-haul transport truck drivers
73300.01,Self-employed,Long-haul transport truck drivers
73300.01,Transportation companies,Long-haul transport truck drivers
73300.02,Employment service agencies,Short-haul and local transport truck drivers
73300.02,Manufacturing and distribution companies,Short-haul and local transport truck drivers
73300.02,Moving companies,Short-haul and local transport truck drivers
73300.02,Self-employed,Short-haul and local transport truck drivers
73300.02,Transportation companies,Short-haul and local transport truck drivers
73301.01,Private transportation companies,Bus and streetcar drivers
73301.01,Transportation authorities,Bus and streetcar drivers
73301.01,Urban transit systems,Bus and streetcar drivers
73301.02,Private transportation companies,School bus drivers
73301.02,School boards,School bus drivers
73301.03,Urban transit systems,Subway train and light rail transit operators
73310.01,Railway transport companies,Railway locomotive engineers
73310.02,Industrial or commercial users of rail transport,Yard locomotive engineers
73310.02,Railway transport companies,Yard locomotive engineers
73311.01,Railway transport companies,Railway conductors
73311.02,Railway transport companies,Brakemen
73400.00,Construction companies,Heavy equipment operators
73400.00,Heavy equipment contractors,Heavy equipment operators
73400.00,"Pipeline, logging and cargo handling companies",Heavy equipment operators
73400.00,Public works departments,Heavy equipment operators
73401.00,Commercial printing companies,Printing press operators
73401.00,In-house printing departments of private and public sector establishments,Printing press operators
73401.00,Publishing and printing companies,Printing press operators
73402.01,Drilling and blasting contractors,"Drillers - surface mining, quarrying and construction"
73402.01,"Mining, quarrying and construction companies","Drillers - surface mining, quarrying and construction"
73402.02,Drilling and blasting contractors,"Blasters - surface mining, quarrying and construction"
73402.02,"Mining, quarrying and construction companies","Blasters - surface mining, quarrying and construction"
74100.01,Canada Post Corporation,Mail sorters
74100.01,Courier services,Mail sorters
74100.01,Establishements throughout the private and public sector,Mail sorters
74100.01,Parcel express services,Mail sorters
74100.02,Canada Post Corporation,Mailroom clerks
74100.02,Courier services,Mailroom clerks
74100.02,Establishements throughout the private and public sector,Mailroom clerks
74100.02,Parcel express services,Mailroom clerks
74101.00,Canada Post Corporation,Letter carriers
74102.00,Courier service companies,Couriers and messengers
74102.00,Establishements throughout the private and public sector,Couriers and messengers
74200.01,Railway transport companies,Railway yard  workers
74200.02,Railway transport companies,Railway track maintenance workers
74201.01,Federal government departments,Engine room crew - water transport
74201.01,Marine transportation companies,Engine room crew - water transport
74201.02,Federal government departments,"Deck crew, water transport"
74201.02,Marine transportation companies,"Deck crew, water transport"
74202.00,Airline and air services companies,Air transport ramp attendants
74202.00,Federal government,Air transport ramp attendants
74203.00,Automobile and truck service and repair shops,Automotive and heavy truck and equipment parts installers and servicers
74203.00,"Construction, mining and logging companies",Automotive and heavy truck and equipment parts installers and servicers
74203.00,Service departments of industrial establishments,Automotive and heavy truck and equipment parts installers and servicers
74204.01,Waste treatment plants,Waterworks maintenance workers
74204.01,Water filtration and distribution plants,Waterworks maintenance workers
74204.02,Gas distribution companies,Gas maintenance workers
74205.00,"Municipal, provincial and territorial, and federal public works departments",Public works maintenance equipment operators and related workers
74205.00,Private contractors under contract with government public works departments,Public works maintenance equipment operators and related workers
75100.00,Marine cargo handling companies,Longshore workers
75100.00,Shipping agencies,Longshore workers
75100.00,Shipping lines,Longshore workers
75101.01,Manufacturing and processing companies,Material handlers (manual)
75101.01,Retail and wholesale warehouses,Material handlers (manual)
75101.01,"Transportation, storage and moving companies",Material handlers (manual)
75101.02,Manufacturing and processing companies,Material handlers (equipment operators)
75101.02,Retail and wholesale warehouses,Material handlers (equipment operators)
75101.02,"Transportation, storage and moving companies",Material handlers (equipment operators)
75110.00,Construction companies,Construction trades helpers and labourers
75110.00,Surface mine and quarry operators,Construction trades helpers and labourers
75110.00,Trade and labour contractors,Construction trades helpers and labourers
75119.00,"Manufacturing, utility and service companies",Other trades helpers and labourers
75200.01,Self-employed,Taxi and limousine drivers
75200.01,Taxi and transportation service companies,Taxi and limousine drivers
75200.02,Businesses,Chauffeurs
75200.02,Governments,Chauffeurs
75200.02,Organizations,Chauffeurs
75200.02,Private individuals,Chauffeurs
75201.00,Businesses and other establishments,Delivery service drivers and door-to-door distributors
75201.00,Courier and messenger service companies,Delivery service drivers and door-to-door distributors
75201.00,Dairies,Delivery service drivers and door-to-door distributors
75201.00,Drug stores,Delivery service drivers and door-to-door distributors
75201.00,Dry cleaners,Delivery service drivers and door-to-door distributors
75201.00,Mobile caterers,Delivery service drivers and door-to-door distributors
75201.00,Newspapers distributors,Delivery service drivers and door-to-door distributors
75201.00,Self-employed,Delivery service drivers and door-to-door distributors
75201.00,Take-out food establishments,Delivery service drivers and door-to-door distributors
75210.01,Cable ferry companies,Lock equipment operators
75210.01,"Canal, port and harbour authorities",Lock equipment operators
75210.01,Federal government,Lock equipment operators
75210.01,Ferry terminals,Lock equipment operators
75210.02,Cable ferry companies,Cable ferry operators
75210.02,Federal government,Cable ferry operators
75210.02,Ferry terminals,Cable ferry operators
75210.03,Cable ferry companies,Ferry terminal workers
75210.03,Federal government,Ferry terminal workers
75210.03,Ferry terminals,Ferry terminal workers
75210.04,"Canal, port and harbour authorities",Boat operators
75210.04,Marine companies that provide sightseeing tours or water taxi services,Boat operators
75210.04,Self-employed,Boat operators
75211.01,Railway transport companies,Railway labourers
75211.02,Motor transport companies,Motor transport labourers
75212.00,Private contractors under contract to governments,Public works and maintenance labourers
75212.00,Public works departments in all levels of government,Public works and maintenance labourers
80010.00,Commercial fishing companies,Managers in natural resources production and fishing
80010.00,Forestry and logging companies,Managers in natural resources production and fishing
80010.00,Mining and quarrying companies,Managers in natural resources production and fishing
80010.00,Oil and gas drilling companies,Managers in natural resources production and fishing
80010.00,Production and servicing operations,Managers in natural resources production and fishing
80020.00,Farms,Managers in agriculture
80020.00,Self-employed,Managers in agriculture
80021.00,Greenhouses,Managers in horticulture
80021.00,Nurseries,Managers in horticulture
80022.00,Commercial aquacultural farms,Managers in aquaculture
80022.00,Public or private fish hatcheries,Managers in aquaculture
80022.00,Self-employed,Managers in aquaculture
82010.00,Government agencies,"Supervisors, logging and forestry"
82010.00,Logging companies,"Supervisors, logging and forestry"
82010.00,Logging contractors,"Supervisors, logging and forestry"
82020.00,"Coal, metal and non-metallic mineral underground mines","Supervisors, mining and quarrying"
82020.00,Quarries,"Supervisors, mining and quarrying"
82021.00,Drilling and well service contracting companies,"Contractors and supervisors, oil and gas drilling and services"
82021.00,Petroleum producing companies,"Contractors and supervisors, oil and gas drilling and services"
82021.00,Self-employed,"Contractors and supervisors, oil and gas drilling and services"
82030.01,Establishments that provide agricultural services,Agricultural service contractors
82030.01,Self-employed,Agricultural service contractors
82030.02,General farms,Farm supervisors
82030.02,Specialty farms,Farm supervisors
82031.00,Cemeteries,"Contractors and supervisors, landscaping, grounds maintenance and horticulture services"
82031.00,Landscaping companies,"Contractors and supervisors, landscaping, grounds maintenance and horticulture services"
82031.00,Landscaping operations of public works departments and private establishments,"Contractors and supervisors, landscaping, grounds maintenance and horticulture services"
82031.00,Lawn care companies,"Contractors and supervisors, landscaping, grounds maintenance and horticulture services"
82031.00,Nurseries and greenhouses,"Contractors and supervisors, landscaping, grounds maintenance and horticulture services"
82031.00,Tree service companies,"Contractors and supervisors, landscaping, grounds maintenance and horticulture services"
83100.00,"Coal, metal and non-metallic mineral underground mines",Underground production and development miners
83100.00,"Specialized contractors in mine construction, shaft sinking and tunnelling",Underground production and development miners
83101.01,Drilling and well servicing contractors,Oil and gas well drillers and well servicers
83101.01,Petroleum producing companies,Oil and gas well drillers and well servicers
83101.02,Petroleum producing companies,"Oil and gas well loggers, testers and related workers"
83101.02,Well logging or testing companies,"Oil and gas well loggers, testers and related workers"
83110.00,Logging companies,Logging machinery operators
83110.00,Logging contractors,Logging machinery operators
83120.00,Establishments operating commercial fishing vessels,Fishing masters and officers
83121.00,Self-employed owner-operators of fishing vessels,Fishermen/women
84100.00,"Coal, metal and non-metallic mineral mines",Underground mine service and support workers
84101.01,Drilling and well service contractors,Oil and gas well drilling workers
84101.01,Petroleum producing companies,Oil and gas well drilling workers
84101.02,Drilling and well service contractors,Oil and gas well service operators
84101.02,Petroleum producing companies,Oil and gas well service operators
84110.00,Logging companies,Chain saw and skidder operators
84110.00,Logging contractors,Chain saw and skidder operators
84111.00,Government services,Silviculture and forestry workers
84111.00,Logging companies,Silviculture and forestry workers
84111.00,Logging contractors,Silviculture and forestry workers
84120.01,Crop farms,Specialized livestock workers
84120.01,Fruit farms,Specialized livestock workers
84120.01,Livestock farms,Specialized livestock workers
84120.01,Specialty farms,Specialized livestock workers
84120.01,Vegetable farms,Specialized livestock workers
84120.02,Crop farms,Farm machinery operators
84120.02,Fruit farms,Farm machinery operators
84120.02,Livestock farms,Farm machinery operators
84120.02,Specialty farms,Farm machinery operators
84120.02,Vegetable farms,Farm machinery operators
84121.00,Establishments that operate commercial fishing vessels,Fishing vessel deckhands
84121.00,Self-employed fishermen/women,Fishing vessel deckhands
85100.00,Crop farms,Livestock labourers
85100.00,Fruit and vegetable farms,Livestock labourers
85100.00,Livestock farms,Livestock labourers
85100.00,Specialty farms,Livestock labourers
85101.00,Crop farms,Harvesting labourers
85101.00,Fruit farms,Harvesting labourers
85101.00,Livestock farms,Harvesting labourers
85101.00,Specialty farms,Harvesting labourers
85101.00,Vegetable farms,Harvesting labourers
85102.00,Commercial aquacultural farms,Aquaculture and marine harvest labourers
85102.00,Public or private fish hatcheries,Aquaculture and marine harvest labourers
85103.00,Indoor and outdoor nurseries and greenhouses,Nursery and greenhouse labourers
85104.00,Self-employed,Trappers and hunters
85110.00,"Coal, metal and non-metallic mineral mines",Mine labourers
85111.00,Drilling and well servicing contractors,"Oil and gas drilling, servicing and related labourers"
85111.00,Petroleum producing companies,"Oil and gas drilling, servicing and related labourers"
85120.00,Logging companies,Logging and forestry labourers
85120.00,Logging contractors,Logging and forestry labourers
85121.00,Cemeteries,Landscaping and grounds maintenance labourers
85121.00,Golf courses,Landscaping and grounds maintenance labourers
85121.00,Landscaping and lawn care companies,Landscaping and grounds maintenance labourers
85121.00,Landscaping operations of public works departments and private establishments,Landscaping and grounds maintenance labourers
90010.00,Manufacturing companies,Manufacturing managers
90011.01,Private and public sector utilities,Water supply managers
90011.02,Private and public sector utilities,Electrical power distribution managers
90011.03,Heating fuel distribution companies,Natural gas and petroleum supply managers
90011.03,Private and public sector utilities,Natural gas and petroleum supply managers
90011.04,Private and public sector utilities,Water pollution control managers
90011.05,Private and public sector utilities,Waste systems managers
92010.00,Aluminum plants,"Supervisors, mineral and metal processing"
92010.00,Cement manufacturing plants,"Supervisors, mineral and metal processing"
92010.00,"Clay, glass and stone processing plants","Supervisors, mineral and metal processing"
92010.00,"Copper, lead and zinc refineries","Supervisors, mineral and metal processing"
92010.00,Foundries,"Supervisors, mineral and metal processing"
92010.00,Precious metal refineries,"Supervisors, mineral and metal processing"
92010.00,Steel mills,"Supervisors, mineral and metal processing"
92010.00,Uranium processing plants,"Supervisors, mineral and metal processing"
92011.00,Chemical and pharmaceutical companies,"Supervisors, petroleum, gas and chemical processing and utilities"
92011.00,Electric power utilities,"Supervisors, petroleum, gas and chemical processing and utilities"
92011.00,Petroleum and natural gas processing companies,"Supervisors, petroleum, gas and chemical processing and utilities"
92011.00,Pipeline and petrochemical companies,"Supervisors, petroleum, gas and chemical processing and utilities"
92011.00,Water and waste treatment utilities,"Supervisors, petroleum, gas and chemical processing and utilities"
92012.00,Bakeries,"Supervisors, food and beverage processing"
92012.00,Brewing companies,"Supervisors, food and beverage processing"
92012.00,Dairies,"Supervisors, food and beverage processing"
92012.00,Fish plants,"Supervisors, food and beverage processing"
92012.00,Flour mills,"Supervisors, food and beverage processing"
92012.00,"Food, beverage and tobacco processing establishments","Supervisors, food and beverage processing"
92012.00,Fruit and vegetable processing plants,"Supervisors, food and beverage processing"
92012.00,Meat plants,"Supervisors, food and beverage processing"
92012.00,Sugar refineries,"Supervisors, food and beverage processing"
92013.00,Plastic parts divisions of manufacturing companies,"Supervisors, plastic and rubber products manufacturing"
92013.00,Rubber and plastic products manufacturing companies,"Supervisors, plastic and rubber products manufacturing"
92014.00,Paper converting companies,"Supervisors, forest products processing"
92014.00,Planing mills,"Supervisors, forest products processing"
92014.00,Pulp and paper companies,"Supervisors, forest products processing"
92014.00,Sawmills,"Supervisors, forest products processing"
92014.00,Waferboard plants,"Supervisors, forest products processing"
92014.00,Wood processing plants,"Supervisors, forest products processing"
92014.00,Wood treatment plants,"Supervisors, forest products processing"
92015.00,Textile companies,"Supervisors, textile, fabric, fur and leather products processing and manufacturing"
92020.00,"Automobile, van and light truck manufacturing plants","Supervisors, motor vehicle assembling"
92021.00,Electronics manufacturing plants,"Supervisors, electronics and electrical products manufacturing"
92022.00,Furniture and fixtures manufacturing establishments,"Supervisors, furniture and fixtures manufacturing"
92023.00,Manufacturing companies,"Supervisors, other mechanical and metal products manufacturing"
92024.00,Manufacturing companies,"Supervisors, other products manufacturing and assembly"
92100.01,Electric power utilities,Power engineers
92100.01,Government and commercial establishments,Power engineers
92100.01,Hospitals,Power engineers
92100.01,Manufacturing plants,Power engineers
92100.01,Power generation plants,Power engineers
92100.01,Universities,Power engineers
92100.02,Electric power utilities,Power systems operators
92100.02,Government and commercial establishments,Power systems operators
92100.02,Hospitals,Power systems operators
92100.02,Manufacturing plants,Power systems operators
92100.02,Power generation plants,Power systems operators
92100.02,Universities,Power systems operators
92101.01,Industries,Water treatment plant operators
92101.01,Institutions,Water treatment plant operators
92101.01,Municipal governments,Water treatment plant operators
92101.02,Industries,Liquid waste plant operators
92101.02,Institutions,Liquid waste plant operators
92101.02,Municipal governments,Liquid waste plant operators
93100.00,Aluminum plants,"Central control and process operators, mineral and metal processing"
93100.00,Cement manufacturing plants,"Central control and process operators, mineral and metal processing"
93100.00,"Copper, lead and zinc refineries","Central control and process operators, mineral and metal processing"
93100.00,Precious metal refineries,"Central control and process operators, mineral and metal processing"
93100.00,Steel mills,"Central control and process operators, mineral and metal processing"
93100.00,Uranium processing plants,"Central control and process operators, mineral and metal processing"
93101.00,"Industrial, agricultural and specialty chemical companies","Central control and process operators, petroleum, gas and chemical processing"
93101.00,Petroleum and natural gas processing companies,"Central control and process operators, petroleum, gas and chemical processing"
93101.00,Pharmaceutical companies,"Central control and process operators, petroleum, gas and chemical processing"
93101.00,Pipeline and petrochemical companies,"Central control and process operators, petroleum, gas and chemical processing"
93102.00,Pulp and paper companies,"Pulping, papermaking and coating control operators"
93200.01,Aircraft and aircraft subassembly manufacturers,Aircraft assemblers
93200.02,Aircraft and aircraft subassembly manufacturers,Aircraft assembly inspectors
94100.00,Aluminum plants,"Machine operators, mineral and metal processing"
94100.00,Cement manufacturing plants,"Machine operators, mineral and metal processing"
94100.00,"Copper, lead and zinc refineries","Machine operators, mineral and metal processing"
94100.00,Precious metal refineries,"Machine operators, mineral and metal processing"
94100.00,Steel mills,"Machine operators, mineral and metal processing"
94100.00,Uranium processing plants,"Machine operators, mineral and metal processing"
94101.01,Foundry departments of metal products manufacturing companies,Mouldmakers and coremakers
94101.01,Metal foundries,Mouldmakers and coremakers
94101.02,Foundry departments of metal products manufacturing companies,Metal casters
94101.02,Metal foundries,Metal casters
94101.03,Foundry departments of metal products manufacturing companies,Foundry furnace operators
94101.03,Metal foundries,Foundry furnace operators
94102.01,Glass and glass products manufacturing companies,Glass process control operators
94102.02,Glass and glass products manufacturing companies,Glass forming machine operators
94102.03,Glass and glass products manufacturing companies,Glass finishing machine operators
94102.04,Glass and glass products manufacturing companies,Glass cutters
94103.01,Concrete products manufacturing companies,Concrete products forming and finiching machine operators and workers
94103.02,Clay products manufacturing companies,Clay products forming and finishing machine operators
94103.03,Stone products manufacturing companies,Stone forming and finishing workers
94104.00,Aluminum plants,"Inspectors and testers, mineral and metal processing"
94104.00,Cement manufacturing plants,"Inspectors and testers, mineral and metal processing"
94104.00,"Clay, glass and stone processing plants","Inspectors and testers, mineral and metal processing"
94104.00,"Copper, lead and zinc refineries","Inspectors and testers, mineral and metal processing"
94104.00,Foundries,"Inspectors and testers, mineral and metal processing"
94104.00,Precious metal refineries,"Inspectors and testers, mineral and metal processing"
94104.00,Steel mills,"Inspectors and testers, mineral and metal processing"
94104.00,Uranium processing plants,"Inspectors and testers, mineral and metal processing"
94105.01,Boiler and platework manufacturing companies,Metalworking machine operators
94105.01,Heavy machinery manufacturing companies,Metalworking machine operators
94105.01,Light metal products manufacturing companies,Metalworking machine operators
94105.01,Sheet metal products manufacturing companies,Metalworking machine operators
94105.01,Sheet metal shops,Metalworking machine operators
94105.01,Shipbuilding industry,Metalworking machine operators
94105.01,Structural steel fabrication companies,Metalworking machine operators
94105.02,Fabricated metal products industry,Forging machine operators
94105.02,Machinery industry,Forging machine operators
94105.02,Transportation equipment industries,Forging machine operators
94106.00,Machine shops,Machining tool operators
94106.00,Metal products and other manufacturing companies,Machining tool operators
94107.00,Metal products manufacturing companies,Machine operators of other metal products
94110.00,Chemical processing departments in industries,Chemical plant machine operators
94110.00,"Chemical, cleaning compound, ink and adhesives industries",Chemical plant machine operators
94111.01,Plastic products manufacturing plants,Mixing machine operators - plastic processing
94111.02,Plastic products manufacturing plants,Calendering process operators - plastic processing
94111.03,Plastic products manufacturing plants,Extruding process operators - plastic processing
94111.04,Plastic products manufacturing plants,Moulding process operators - plastic processing
94112.01,Rubber products manufacturing companies,Rubber processing machine operators
94112.01,Tire manufacturers,Rubber processing machine operators
94112.02,Rubber products manufacturing companies,"Assemblers, rubber products"
94112.02,Tire manufacturers,"Assemblers, rubber products"
94112.03,Rubber products manufacturing companies,Rubber products inspectors
94112.03,Tire manufacturers,Rubber products inspectors
94120.00,Planing mills,Sawmill machine operators
94120.00,Sawmills,Sawmill machine operators
94121.00,Pulp and paper companies,"Pulp mill, papermaking and finishing machine operators"
94122.00,Paper products manufacturing companies,Paper converting machine operators
94123.01,Planing mills,Lumber graders
94123.01,Sawmills,Lumber graders
94123.01,Waferboard plants,Lumber graders
94123.01,Wood processing plants,Lumber graders
94123.01,Wood treatment plants,Lumber graders
94123.02,Planing mills,Other wood processing inspectors and graders
94123.02,Sawmills,Other wood processing inspectors and graders
94123.02,Waferboard plants,Other wood processing inspectors and graders
94123.02,Wood processing plants,Other wood processing inspectors and graders
94123.02,Wood treatment plants,Other wood processing inspectors and graders
94124.00,Fixture manufacturing companies,Woodworking machine operators
94124.00,Furniture manufacturing companies,Woodworking machine operators
94124.00,Wood products manufacturing establishments,Woodworking machine operators
94129.00,Planing mills,Other wood processing machine operators
94129.00,Sawmills,Other wood processing machine operators
94129.00,Waferboard plants,Other wood processing machine operators
94129.00,Wood processing plants,Other wood processing machine operators
94129.00,Wood treatment plants,Other wood processing machine operators
94129.00,Woodrooms of pulp mills,Other wood processing machine operators
94130.01,Textile manufacturers,"Textile fibre, yarn, hide and pelt processing machine operators"
94130.02,Textile manufacturing companies,"Textile, hide and pelt dyeing and finishing machine operators"
94131.00,Garment manufacturing companies,"Weavers, knitters and other fabric making occupations"
94131.00,Mattress manufacturing companies,"Weavers, knitters and other fabric making occupations"
94131.00,Textile companies,"Weavers, knitters and other fabric making occupations"
94132.00,Clothing manufacturing companies,Industrial sewing machine operators
94132.00,Footwear manufacturing companies,Industrial sewing machine operators
94132.00,Fur products manufacturing companies,Industrial sewing machine operators
94132.00,Furriers,Industrial sewing machine operators
94132.00,Textile and leather products manufacturing companies,Industrial sewing machine operators
94133.00,"Garment, fur and leather products manufacturers","Inspectors and graders, textile, fabric, fur and leather products manufacturing"
94133.00,Leather tanning companies,"Inspectors and graders, textile, fabric, fur and leather products manufacturing"
94140.01,Bakeries,"Process control operators, food and beverage processing"
94140.01,Brewing companies,"Process control operators, food and beverage processing"
94140.01,Dairies,"Process control operators, food and beverage processing"
94140.01,Flour mills,"Process control operators, food and beverage processing"
94140.01,Food and beverage processing establishments,"Process control operators, food and beverage processing"
94140.01,Fruit and vegetable processing plants,"Process control operators, food and beverage processing"
94140.01,Meat plants,"Process control operators, food and beverage processing"
94140.01,Sugar refineries,"Process control operators, food and beverage processing"
94140.02,Bakeries,"Machine operators, food and beverage 
processing"
94140.02,Brewing companies,"Machine operators, food and beverage 
processing"
94140.02,Dairies,"Machine operators, food and beverage 
processing"
94140.02,Flour mills,"Machine operators, food and beverage 
processing"
94140.02,Food and beverage processing establishments,"Machine operators, food and beverage 
processing"
94140.02,Fruit and vegetable processing plants,"Machine operators, food and beverage 
processing"
94140.02,Meat plants,"Machine operators, food and beverage 
processing"
94140.02,Sugar refineries,"Machine operators, food and beverage 
processing"
94141.01,Meat and poultry processing and packing plants,Industrial butchers
94141.01,Meat and poultry slaughtering establishments,Industrial butchers
94141.02,Meat and poultry processing and packing plants,Industrial meat cutters
94141.02,Meat and poultry slaughtering establishments,Industrial meat cutters
94141.03,Meat and poultry processing and packing plants,Poultry preparers
94141.03,Meat and poultry slaughtering establishments,Poultry preparers
94142.01,Fish and seafood processing plants,Fish and seafood plant machine operators
94142.02,Fish and seafood processing plants,Fish and seafood plant cutters and cleaners
94143.00,Bakeries,"Testers and graders, food and beverage processing"
94143.00,Brewing companies,"Testers and graders, food and beverage processing"
94143.00,Dairies,"Testers and graders, food and beverage processing"
94143.00,Fish plants,"Testers and graders, food and beverage processing"
94143.00,Flour mills,"Testers and graders, food and beverage processing"
94143.00,"Food, beverage and tobacco processing establishments","Testers and graders, food and beverage processing"
94143.00,Fruit and vegetable processing plants,"Testers and graders, food and beverage processing"
94143.00,Meat plants,"Testers and graders, food and beverage processing"
94143.00,Sugar refineries,"Testers and graders, food and beverage processing"
94150.00,Commercial printing companies,Plateless printing equipment operators
94150.00,In-house printing departments of private and public sector establishments,Plateless printing equipment operators
94150.00,Newspaper and magazine publishing companies,Plateless printing equipment operators
94150.00,Rapid printing services,Plateless printing equipment operators
94151.01,"Colour graphics, platemaking and cylinder preparation companies","Graphic arts camera operators, scanner operators, film strippers and assemblers"
94151.01,Commercial publishing and printing companies,"Graphic arts camera operators, scanner operators, film strippers and assemblers"
94151.01,In-house printing departments of private and public sector establishments,"Graphic arts camera operators, scanner operators, film strippers and assemblers"
94151.01,Newspapers and magazines,"Graphic arts camera operators, scanner operators, film strippers and assemblers"
94151.02,"Colour graphics, platemaking and cylinder preparation companies",Etchers and engravers
94151.02,Commercial publishing and printing companies,Etchers and engravers
94151.02,In-house printing departments of private and public sector establishments,Etchers and engravers
94151.02,Newspapers and magazines,Etchers and engravers
94151.03,"Colour graphics, platemaking and cylinder preparation companies","Prepress technicians, platemakers, proofmakers, and pre-flight/file-preparation operators"
94151.03,Commercial publishing and printing companies,"Prepress technicians, platemakers, proofmakers, and pre-flight/file-preparation operators"
94151.03,In-house printing departments of private and public sector establishments,"Prepress technicians, platemakers, proofmakers, and pre-flight/file-preparation operators"
94151.03,Newspapers and magazines,"Prepress technicians, platemakers, proofmakers, and pre-flight/file-preparation operators"
94152.00,Binderies,Binding and finishing machine operators
94152.00,Commercial publishing and printing companies,Binding and finishing machine operators
94152.00,In-house printing departments of private and public sector establishments,Binding and finishing machine operators
94152.00,Magazines,Binding and finishing machine operators
94152.00,Newspapers,Binding and finishing machine operators
94152.00,Publishing and printing companies,Binding and finishing machine operators
94153.00,Film processing laboratories,Photographic and film processors
94153.00,Retail photofinishing establishments,Photographic and film processors
94200.01,"Automobile, van and light truck manufacturing plants",Motor vehicle assemblers
94200.02,"Automobile, van and light truck manufacturing plants",Motor vehicle inspectors and testers
94201.01,Electronics manufacturing plants,Electronics assemblers and fabricators
94201.02,Electronics manufacturing plants,Electronics inspectors and testers
94202.01,Electric appliance manufacturing companies,"Assemblers, electrical appliance, apparatus and equipment manufacturing"
94202.01,Electrical equipment manufacturing companies,"Assemblers, electrical appliance, apparatus and equipment manufacturing"
94202.02,Electrical appliance manufacturing companies,"Inspectors and testers, electrical appliance,  apparatus and equipment manufacturing"
94202.02,Electrical equipment manufacturing companies,"Inspectors and testers, electrical appliance,  apparatus and equipment manufacturing"
94203.01,Control equipment,"Assemblers, industrial electrical motors and transformers"
94203.01,Industrial electric motors,"Assemblers, industrial electrical motors and transformers"
94203.01,Railway locomotives,"Assemblers, industrial electrical motors and transformers"
94203.01,Transformers,"Assemblers, industrial electrical motors and transformers"
94203.01,Transit vehicles,"Assemblers, industrial electrical motors and transformers"
94203.02,Control equipment,"Electrical fitters and wirers, industrial electrical motors and transformers"
94203.02,Industrial electric motors,"Electrical fitters and wirers, industrial electrical motors and transformers"
94203.02,Railway locomotives,"Electrical fitters and wirers, industrial electrical motors and transformers"
94203.02,Transformers,"Electrical fitters and wirers, industrial electrical motors and transformers"
94203.02,Transit vehicles,"Electrical fitters and wirers, industrial electrical motors and transformers"
94203.03,Control equipment,"Inspectors, industrial electrical motors and transformers"
94203.03,Industrial electric motors,"Inspectors, industrial electrical motors and transformers"
94203.03,Railway locomotives,"Inspectors, industrial electrical motors and transformers"
94203.03,Transformers,"Inspectors, industrial electrical motors and transformers"
94203.03,Transit vehicles,"Inspectors, industrial electrical motors and transformers"
94204.01,Machinery manufacturers,Mechanical assemblers
94204.01,Mechanical products manufacturing companies,Mechanical assemblers
94204.01,Transportation equipment manufacturers,Mechanical assemblers
94204.02,Machinery manufacturers,Mechanical inspectors
94204.02,Mechanical products manufacturing companies,Mechanical inspectors
94204.02,Transportation equipment manufacturers,Mechanical inspectors
94205.01,Electrical appliance manufacturing companies,Machine operators in electrical apparatus manufacturing
94205.01,Electrical equipment manufacturing companies,Machine operators in electrical apparatus manufacturing
94205.02,Electrical appliance manufacturing companies,Inspectors and testers in electrical apparatus manufacturing
94205.02,Electrical equipment manufacturing companies,Inspectors and testers in electrical apparatus manufacturing
94210.01,Furniture manufacturing companies,Furniture and fixture assemblers
94210.02,Furniture manufacturing companies,Furniture finishers
94210.03,Furniture refinishing and repair shops,Furniture refinishers
94210.04,Furniture refinishing and repair shops,Furniture and fixture inspectors
94210.04,Self-employed,Furniture and fixture inspectors
94211.01,Wood and millwork products manufacturing companies,Other wood products assemblers
94211.02,Wood and millwork products manufacturing companies,Other wood products inspectors
94212.01,Plastic parts divisions of aircraft and other manufacturing companies,Plastic products assemblers and finishers
94212.01,Plastic products manufacturing plants,Plastic products assemblers and finishers
94212.02,Plastic parts divisions of aircraft and other manufacturing companies,Plastic products inspectors
94212.02,Plastic products manufacturing plants,Plastic products inspectors
94213.01,Manufacturing companies,Industrial painters and coaters
94213.01,Refinishing establishments,Industrial painters and coaters
94213.01,Specialized coating shops,Industrial painters and coaters
94213.02,Customized metal plating and coating shops,Industrial metal finishing process operators
94213.02,Metal products manufacturing companies,Industrial metal finishing process operators
94219.01,Manufacturing companies,Product assemblers and finishers
94219.02,Boat and marine craft manufacturing companies,Product inspectors
95100.00,Aluminum plants,Labourers in mineral and metal processing
95100.00,Cement manufacturing plants,Labourers in mineral and metal processing
95100.00,"Clay, glass and stone processing plants and foundries",Labourers in mineral and metal processing
95100.00,"Copper, lead and zinc refineries",Labourers in mineral and metal processing
95100.00,Precious metal refineries,Labourers in mineral and metal processing
95100.00,Steel mills,Labourers in mineral and metal processing
95100.00,Uranium processing plants,Labourers in mineral and metal processing
95101.00,Heavy machinery manufacturing companies,Labourers in metal fabrication
95101.00,Metal products manufacturing companies,Labourers in metal fabrication
95101.00,Sheet metal fabrication shops,Labourers in metal fabrication
95101.00,Shipbuilding companies,Labourers in metal fabrication
95101.00,"Structural steel, boiler and platework fabrication plants",Labourers in metal fabrication
95102.00,Chemical companies,Labourers in chemical products processing and utilities
95102.00,"Electrical, water and waste treatment utilities and services",Labourers in chemical products processing and utilities
95102.00,Petroleum and natural gas processing companies,Labourers in chemical products processing and utilities
95102.00,Pharmaceutical companies,Labourers in chemical products processing and utilities
95102.00,Pipeline and petrochemical companies,Labourers in chemical products processing and utilities
95103.00,Paper converting companies,"Labourers in wood, pulp and paper processing"
95103.00,Planing mills,"Labourers in wood, pulp and paper processing"
95103.00,Pulp and paper companies,"Labourers in wood, pulp and paper processing"
95103.00,Waferboard plants,"Labourers in wood, pulp and paper processing"
95103.00,Wood processing plants,"Labourers in wood, pulp and paper processing"
95103.00,Wood treatment plants,"Labourers in wood, pulp and paper processing"
95104.00,Rubber and plastic products manufacturing companies,Labourers in rubber and plastic products manufacturing
95105.01,Textile manufacturing companies,Labourers in textile processing
95105.02,Clothing and textile manufacturers,Fabric cutters
95105.02,Manufacturers of fabric products,Fabric cutters
95105.03,Fur products manufacturers,Fur cutters
95105.03,Furriers,Fur cutters
95105.04,Leather garment and other products manufacturers,Leather cutters
95105.04,Shoe manufacturers,Leather cutters
95106.00,Bakeries,Labourers in food and beverage processing
95106.00,Brewing companies,Labourers in food and beverage processing
95106.00,Dairies,Labourers in food and beverage processing
95106.00,Flour mills,Labourers in food and beverage processing
95106.00,Food and beverage processing establishments,Labourers in food and beverage processing
95106.00,Fruit and vegetable processing plants,Labourers in food and beverage processing
95106.00,Meat plants,Labourers in food and beverage processing
95106.00,Sugar refineries,Labourers in food and beverage processing
95107.00,Fish and seafood processing and packaging plants,Labourers in fish and seafood processing
95109.00,Clothing manufacturers,"Other labourers in processing, manufacturing and utilities"
95109.00,Electrical and electronic products manufacturing companies,"Other labourers in processing, manufacturing and utilities"
95109.00,Footwear manufacturing companies,"Other labourers in processing, manufacturing and utilities"
95109.00,Furniture manufacturing companies,"Other labourers in processing, manufacturing and utilities"
95109.00,Packaging companies,"Other labourers in processing, manufacturing and utilities"
95109.00,Printing companies,"Other labourers in processing, manufacturing and utilities"
