Code,Nom,Type de Structure,Categorie,Description
A,Habiletés,Catégorie,Habiletés,Aptitudes innées et développées facilitant l’acquisition de connaissances et de compétences requises pour effectuer le travail attendu.
A01,Habiletés cognitives,Sous-Categorie,Habiletés,Habiletés ayant une incidence sur l’acquisition et l’application de connaissances dans l’exécution de diverses activités mentales au travail.
A01a,Habiletés à générer des idées et à raisonner,Groupe de similitudes,Habiletés,
A01a01,Ordonner de l’information,Descripteur,Habiletés,"L’habileté de disposer des éléments ou des actions dans un certain ordre ou un modèle, conformément à une règle spécifique ou à un ensemble de règles (p. ex., séquences de chiffres, de lettres, de mots, d’images, d’opérations mathématiques)."
A01a02,Souplesse dans la catégorisation,Descripteur,Habiletés,L’habileté de générer ou d'utiliser un ensemble de règles pour combiner ou regrouper des choses de différentes façons.
A01a03,Raisonnement déductif,Descripteur,Habiletés,L’habileté d’appliquer des règles générales pour formuler des réponses logiques à des problèmes spécifiques. Ce descripteur est mesuré par niveau de compétence sur une échelle de 1 à 5.
A01a04,Raisonnement inductif,Descripteur,Habiletés,"L’habileté de combiner des éléments d’information pour former des règles générales ou des conclusions, ce qui comprend de trouver une relation entre des événements apparemment sans liens. Ce descripteur est mesuré par niveau de compétence sur une échelle de 1 à 5."
A01a05,Facilité à concevoir des idées,Descripteur,Habiletés,L’habileté d'imaginer plusieurs idées sur un même sujet. Ce descripteur est mesuré par niveau de compétence sur une échelle de 1 à 5.
A01a06,Détection de problèmes,Descripteur,Habiletés,"L’habileté d'identifier un problème existant ou potentiel. Il ne s'agit pas de résoudre le problème, mais seulement d’en reconnaître la présence. Ce descripteur est mesuré par niveau de compétence sur une échelle de 1 à 5."
A01b,Habiletés quantitatives,Groupe de similitudes,Habiletés,
A01b01,Habileté numériques,Descripteur,Habiletés,"L’habileté d’effectuer avec précision des opérations arithmétiques, telles que des additions, soustractions, multiplications ou divisions. Ce descripteur est mesuré par niveau de compétence sur une échelle de 1 à 5."
A01b02,Raisonnement mathématique,Descripteur,Habiletés,L’habileté de choisir les bonnes méthodes ou formules mathématiques pour résoudre un problème. Ce descripteur est mesuré par niveau de compétence sur une échelle de 1 à 5.
A01c,Habiletés de mémoire,Groupe de similitudes,Habiletés,
A01c01,Mémorisation,Descripteur,Habiletés,"L’habileté de se souvenir d’informations tels que des mots, des chiffres, des images ou des procédures. Ce descripteur est mesuré par niveau de compétence sur une échelle de 1 à 5."
A01c02,Tâches multiples,Descripteur,Habiletés,"L’habileté d’alterner, durant une même période de temps, entre deux ou plusieurs activités ou sources d’information (comme un discours, des sons, le contact ou d’autres sources). Ce descripteur est mesuré par niveau de compétence sur une échelle de 1 à 5."
A01c03,Identification de motifs,Descripteur,Habiletés,"L'habileté d'identifier, de repérer ou de détecter un motif connu, tel qu'une figure, un objet, un mot ou un son, qui est dissimulé parmi d'autres informations ou matériaux. Ce descripteur est mesuré par niveau de compétence sur une échelle de 1 à 5."
A01c04,Vitesse d’organisation de motifs,Descripteur,Habiletés,L’habileté de combiner et d'organiser rapidement de l’information pour obtenir des structures ou modèles significatifs. Ce descripteur est mesuré par niveau de compétence sur une échelle de 1 à 5.
A01c05,Vitesse de perception,Descripteur,Habiletés,"L’habileté de comparer avec rapidité et précision les similitudes et les différences entre des ensembles de lettres, chiffres, objets, images ou modèles. Les éléments à comparer peuvent être présentés en même temps, l'un après l'autre, ou à partir d'un objet mémorisé. Ce descripteur est mesuré par niveau de compétence sur une échelle de 1 à 5."
A01d,Habiletés spatiales,Groupe de similitudes,Habiletés,
A01d01,Orientation spatiale,Descripteur,Habiletés,L’habileté de connaître son emplacement dans l’environnement ou de savoir où se trouve des objets par rapport à soi. Ce descripteur est mesuré par niveau de compétence sur une échelle de 1 à 5.
A01d02,Visualisation spatiale,Descripteur,Habiletés,"L’habileté de visualiser des formes géométriques, de comprendre la représentation bidimensionnelle d’objets en trois dimensions et de reconnaître les relations résultant du mouvement des objets dans l’espace. Ce descripteur est mesuré par niveau de compétence sur une échelle de 1 à 5."
A01e,Habiletés de communication,Groupe de similitudes,Habiletés,
A01e01,Habileté verbale,Descripteur,Habiletés,"L'habileté de comprendre le sens et l'usage précis des mots, les idées qui leurs sont associées ainsi que leurs relations et de les utiliser dans le contexte approprié afin de présenter verbalement des informations ou idées clairement. Ce descripteur est mesuré par niveau de compétence sur une échelle de 1 à 5."
A01e02,Compréhension écrite,Descripteur,Habiletés,L’habileté de lire et de comprendre de l’information et les idées présentées par écrit. Ce descripteur est mesuré par niveau de compétence sur une échelle de 1 à 5.
A01e03,Expression écrite,Descripteur,Habiletés,"L’habileté de communiquer des informations et des idées par écrit, en adaptant le style d'écriture à l’auditoire afin qu’il puisse comprendre. Ce descripteur est mesuré par niveau de compétence sur une échelle de 1 à 5."
A01f,Autres habiletés cognitives,Groupe de similitudes,Habiletés,
A01f01,Attention sélective,Descripteur,Habiletés,L’habileté de se concentrer sur une tâche pendant un certain temps sans se laisser distraire. Ce descripteur est mesuré par niveau de compétence sur une échelle de 1 à 5.
A01f02,Perception des formes,Descripteur,Habiletés,"L’habileté de percevoir des détails pertinents, d'établir des comparaisons visuelles et de distinguer de légères différences dans les formes et les nuances des figures ainsi que dans la largeur et la longueur des lignes sur les objets et le matériel graphique. Ce descripteur est mesuré par niveau de compétence sur une échelle de 1 à 5."
A01f03,Habileté générale à apprendre,Descripteur,Habiletés,L’habileté de saisir et de comprendre des instructions et des principes sous-jacents permettant de raisonner et d’apporter des jugements. Ce descripteur est mesuré par niveau de compétence sur une échelle de 1 à 5.
A02,Habiletés physiques,Sous-Categorie,Habiletés,"Habiletés à effectuer des activités physiques nécessitant de la force, de l’endurance, de la souplesse, de l’équilibre ou de la coordination."
A02a,Habiletés de force physique,Groupe de similitudes,Habiletés,
A02a01,Force du torse,Descripteur,Habiletés,"L’habileté d’exercer les muscles abdominaux et lombaires pour soutenir une partie du corps de façon répétée ou continue dans le temps, sans céder ni se fatiguer. Ce descripteur est mesuré par niveau de compétence sur une échelle de 1 à 5."
A02a02,Force statique,Descripteur,Habiletés,"L’habileté d’exercer une force musculaire pour soulever, pousser, tirer, transporter ou transférer des objets. Ce descripteur est mesuré par niveau de compétence sur une échelle de 1 à 5."
A02a03,Force dynamique,Descripteur,Habiletés,L’habileté d’exercer une force musculaire de façon répétée ou continue. Cela implique une endurance musculaire et une résistance à la fatigue musculaire. Ce descripteur est mesuré par niveau de compétence sur une échelle de 1 à 5.
A02a04,Force explosive,Descripteur,Habiletés,"L’habileté d'exercer de brèves impulsions de force musculaire pour se propulser, (sauter ou sprinter), pour lancer un objet ou pour appliquer une force à l'aide d'un outil. Ce descripteur est mesuré par niveau de compétence sur une échelle de 1 à 5."
A02b,"Flexibilité, équilibre et coordination",Groupe de similitudes,Habiletés,
A02b01,Coordination de plusieurs membres,Descripteur,Habiletés,"L’habileté de coordonner deux ou plusieurs membres, tels que deux bras, deux jambes, ou une jambe et un bras, tout en étant en position assise, debout ou allongée. Cela ne comprend pas l’exécution des activités pendant que le corps entier est en mouvement. Ce descripteur est mesuré par niveau de compétence sur une échelle de 1 à 5."
A02b02,Coordination globale du corps,Descripteur,Habiletés,"L’habileté de coordonner les mouvements des bras, des jambes et du torse lorsque l’ensemble du corps est en mouvement. Ce descripteur est mesuré par niveau de compétence sur une échelle de 1 à 5."
A02b03,Équilibre global du corps,Descripteur,Habiletés,L’habileté de maintenir ou de rétablir l’équilibre du corps ou de rester debout lorsque l’on est dans une position instable. Ce descripteur est mesuré par niveau de compétence sur une échelle de 1 à 5.
A02b04,Flexibilité corporelle,Descripteur,Habiletés,"L’habileté de se pencher, s'étirer, se tourner ou atteindre quelque chose avec le corps, les bras et/ou les jambes. Ce descripteur est mesuré par niveau de compétence sur une échelle de 1 à 5."
A02b05,Souplesse dynamique,Descripteur,Habiletés,"L’habileté à se pencher, s'étirer, se tourner ou s'étirer les bras, les jambes ou le corps rapidement et de façon répétée. Ce descripteur est mesuré par niveau de compétence sur une échelle de 1 à 5."
A02c,Endurance,Groupe de similitudes,Habiletés,
A02c01,Endurance,Descripteur,Habiletés,L’habileté d’effectuer des activités physiques intenses pendant de longues périodes sans s’essouffler. Ce descripteur est mesuré par niveau de compétence sur une échelle de 1 à 5.
A03,Habiletés psychomotrices,Sous-Categorie,Habiletés,Habiletés nécessaires pour manipuler et contrôler des objets.
A03a,Habiletés de manipulations fines,Groupe de similitudes,Habiletés,
A03a01,Stabilité des bras et des mains,Descripteur,Habiletés,L’habilité de garder la main et le bras stables tout en les déplaçant ou en les maintenant dans une position précise. Ce descripteur est mesuré par niveau de compétence sur une échelle de 1 à 5.
A03a02,Dextérité digitale,Descripteur,Habiletés,"L’habileté d'effectuer des mouvements précis et coordonnés des doigts d’une ou des deux mains pour attraper, manipuler ou assembler de petits objets. Ce descripteur est mesuré par niveau de compétence sur une échelle de 1 à 5."
A03a03,Dextérité manuelle,Descripteur,Habiletés,"L’habileté de bouger une main, une main avec un bras ou les deux mains pour saisir, manipuler ou assembler des objets ou outils. Ce descripteur est mesuré par niveau de compétence sur une échelle de 1 à 5."
A03b,Contrôler les habiletés de mouvement,Groupe de similitudes,Habiletés,
A03b01,Coordination motrice,Descripteur,Habiletés,L’habileté de coordonner la vue et le mouvement des mains et des doigts pour exécuter des mouvements précis. Ce descripteur est mesuré par niveau de compétence sur une échelle de 1 à 5.
A03b02,Maîtrise de la cadence,Descripteur,Habiletés,L’habileté de synchroniser ses mouvements ou ceux d’une pièce d'équipement en fonction du changement de la vitesse ou de la direction d’un objet en mouvement. Ce descripteur est mesuré par niveau de compétence sur une échelle de 1 à 5.
A03b03,Contrôle des réglages,Descripteur,Habiletés,L’habileté de régler les commandes d’une machine ou d’un véhicule à des positions exactes. Ce descripteur est mesuré par niveau de compétence sur une échelle de 1 à 5.
A03b04,Réaction à plusieurs signaux,Descripteur,Habiletés,"L’habileté de choisir rapidement entre un ou plusieurs mouvements avec la main, le doigt ou le pied en réponse à l’apparition de deux ou plusieurs signaux différents, tels que les lumières, sons ou images. Ce descripteur est mesuré par niveau de compétence sur une échelle de 1 à 5."
A03c,Habiletés de temps de réaction et de vitesse,Groupe de similitudes,Habiletés,
A03c01,Temps de réaction,Descripteur,Habiletés,"L’habileté de réagir rapidement avec un ou plusieurs membres dès l'apparition d'un stimulus, tel que le bruit, la lumière ou une image. Ce descripteur est mesuré par niveau de compétence sur une échelle de 1 à 5."
A03c02,Rapidité de mouvement des membres,Descripteur,Habiletés,L’habileté de bouger rapidement les bras et les jambes. Ce descripteur est mesuré par niveau de compétence sur une échelle de 1 à 5.
A03c03,"Mouvement des doigts, mains et poignets",Descripteur,Habiletés,"L’habileté de faire des mouvements rapides, simples et répétés des doigts, des mains et des poignets. Ce descripteur est mesuré par niveau de compétence sur une échelle de 1 à 5."
A04,Habiletés sensorielles,Sous-Categorie,Habiletés,"Habiletés nécessaires pour effectuer des activités qui nécessitent une perception visuelle, auditive, tactile, olfactive ou vocale."
A04a,Habiletés auditives et verbales,Groupe de similitudes,Habiletés,
A04a01,Concentration auditive,Descripteur,Habiletés,L’habileté à accorder toute son attention à une seule source sonore en présence d’autres sons distrayants. Ce descripteur est mesuré par niveau de compétence sur une échelle de 1 à 5.
A04a02,Sensibilité auditive,Descripteur,Habiletés,L’habileté de détecter ou de distinguer les différences entre des sons en termes de ton et de volume. Ce descripteur est mesuré par niveau de compétence sur une échelle de 1 à 5.
A04a03,Clarté du langage,Descripteur,Habiletés,L’habileté d’articuler et de prononcer clairement les mots afin que les autres puissent vous comprendre lorsque vous parlez. Ce descripteur est mesuré par niveau de compétence sur une échelle de 1 à 5.
A04a04,Reconnaissance de la parole,Descripteur,Habiletés,L’habileté de reconnaître la voix et de comprendre le discours d’une autre personne. Ce descripteur est mesuré par niveau de compétence sur une échelle de 1 à 5.
A04a05,Localisation de sources sonores,Descripteur,Habiletés,"L’habileté d’identifier la direction, l’origine et la distance d’où provient un son. Ce descripteur est mesuré par niveau de compétence sur une échelle de 1 à 5."
A04b,Habiletés visuelles,Groupe de similitudes,Habiletés,
A04b01,Vision de loin,Descripteur,Habiletés,L’habileté de voir les détails d'objets et de personnes à distance. Ce descripteur est mesuré par niveau de compétence sur une échelle de 1 à 5.
A04b02,Vision de près,Descripteur,Habiletés,L’habileté de voir les détails à courte distance. Ce descripteur est mesuré par niveau de compétence sur une échelle de 1 à 5.
A04b03,Vision périphérique,Descripteur,Habiletés,"L’habileté de voir des objets, des personnes ou leurs mouvements dans le champ de vision périphérique lorsque l’on regarde devant soi. Ce descripteur est mesuré par niveau de compétence sur une échelle de 1 à 5."
A04b04,Perception de la profondeur,Descripteur,Habiletés,L’habileté de discerner parmi plusieurs objets lequel est le plus près ou le plus éloigné de soi ou d’estimer la distance entre un objet et soi-même. Ce descripteur est mesuré par niveau de compétence sur une échelle de 1 à 5.
A04b05,Tolérance aux éblouissements,Descripteur,Habiletés,L’habileté de voir des objets ou des personnes en présence d'une lumière éblouissante ou d'un éclairage intense. Ce descripteur est mesuré par niveau de compétence sur une échelle de 1 à 5.
A04b06,Vision nocturne,Descripteur,Habiletés,L’habileté de voir dans des conditions de faible luminosité. Ce descripteur est mesuré par niveau de compétence sur une échelle de 1 à 5.
A04c,Autres habiletés sensorielles,Groupe de similitudes,Habiletés,
A04c01,Perception des couleurs,Descripteur,Habiletés,"L’habileté de faire correspondre ou de repérer les différences ou similarités entre les couleurs, y compris les nuances de couleur et leur éclat. Ce descripteur est mesuré par niveau de compétence sur une échelle de 1 à 5."
A04c02,Odorat,Descripteur,Habiletés,L’habileté de percevoir les odeurs par le nez. Ce descripteur est mesuré par niveau de compétence sur une échelle de 1 à 5.
A04c03,Goûter,Descripteur,Habiletés,L’habileté de reconnaître ou de vérifier une saveur particulière d'une substance en la goûtant. Ce descripteur est mesuré par niveau de compétence sur une échelle de 1 à 5.
A04c04,Toucher,Descripteur,Habiletés,L’habileté d’acquérir par contact cutané direct des informations sur l’environnement. Ce descripteur est mesuré par niveau de compétence sur une échelle de 1 à 5.
B,Attributs personnels,Catégorie,Attributs personnels,Caractéristiques personnelles innées et développées par l'entremise du contexte social et des expériences personnelles auxquelles l'individu est exposé. Ces qualités influencent la façon d'être et de faire et sont considérées comme des plus-values pour la performance au travail.
B01,Traits sociaux,Sous-Categorie,Attributs personnels,Les caractéristiques personnelles liées aux attitudes positives que l'on a envers les autres et qui mènent le plus souvent à de bonnes relations.
B01a,Influence sociale,Groupe de similitudes,Attributs personnels,
B01a01,Leadership,Descripteur,Attributs personnels,"La qualité de mener d’autres personnes vers l’atteinte d'un but commun en les guidant, les influençant et les inspirant. Ce descripteur est mesuré par niveau de compétence sur une échelle de 1 à 5."
B01a02,Charisme,Descripteur,Attributs personnels,"La qualité de posséder du charme, d’attirer et de susciter l’intérêt, l’attention ou l’admiration des autres par ses discours, son attitude, son tempérament ou ses actions. Ce descripteur est mesuré par Importance sur une échelle de 1 à 5."
B01b,Orientation interpersonnelle,Groupe de similitudes,Attributs personnels,
B01b01,Préoccupation des autres,Descripteur,Attributs personnels,La qualité d’être empathique aux sentiments et besoins des autres et d'être compréhensif et serviable. Ce descripteur est mesuré par Importance sur une échelle de 1 à 5.
B01b02,Collaboration,Descripteur,Attributs personnels,La qualité de contribuer et de travailler en coopération tout en étant solidaire et inclusif à l'endroit des autres pour atteindre un objectif commun. Ce descripteur est mesuré par Importance sur une échelle de 1 à 5.
B01b03,Orientation axée sur le service,Descripteur,Attributs personnels,"La qualité de rechercher activement des moyens pour aider, servir ou assister les autres. Ce descripteur est mesuré par Importance sur une échelle de 1 à 5."
B01b04,Confiance envers les autres,Descripteur,Attributs personnels,La qualité d’établir et de maintenir une relation de confiance avec les gens qui composent son entourage. Ce descripteur est mesuré par Importance sur une échelle de 1 à 5.
B01b05,Orientation sociale,Descripteur,Attributs personnels,La qualité de chercher à travailler avec les autres et être en relation avec eux dans le travail. Ce descripteur est mesuré par Importance sur une échelle de 1 à 5.
B02,Amélioration de soi,Sous-Categorie,Attributs personnels,"Les caractéristiques personnelles liées à l'amélioration de ses connaissances, de son statut ou de son caractère par ses propres efforts."
B02a,Réglage,Groupe de similitudes,Attributs personnels,
B02a01,Adaptabilité,Descripteur,Attributs personnels,La qualité de s'adapter à des changements attendus ou inattendus et à des situations différentes tout en continuant à atteindre des objectifs passés ou renouvelés. Ce descripteur est mesuré par Importance sur une échelle de 1 à 5.
B02a02,Maîtrise de soi,Descripteur,Attributs personnels,"La qualité de garder son sang-froid, de maîtriser ses émotions et sa colère, et d'éviter un comportement agressif, même dans des situations très difficiles. Ce descripteur est mesuré par Importance sur une échelle de 1 à 5."
B02a03,Tolérance au stress,Descripteur,Attributs personnels,"La qualité d’être capable de rester calme, sans se laisser emporter par des situations stressantes et de gérer efficacement lesdites situations. Ce descripteur est mesuré par Importance sur une échelle de 1 à 5."
B02a04,Tolérance à l’ambiguïté,Descripteur,Attributs personnels,"La qualité d’être capable de fonctionner dans un environnement où il y a de l’incertitude, de l’imprévisibilité, des directions conflictuelles ou des demandes multiples et d’aborder ces situations comme étant des défis pour se surpasser. Ce descripteur est mesuré par Importance sur une échelle de 1 à 5."
B02a05,Résilience,Descripteur,Attributs personnels,"La qualité de se remettre des difficultés ou changements auxquels on a dû faire face, de rebondir et d’aller de l’avant. Ce descripteur est mesuré par Importance sur une échelle de 1 à 5."
B02b,Orientation auto-réflexive,Groupe de similitudes,Attributs personnels,
B02b01,Connaissance de soi,Descripteur,Attributs personnels,"La qualité de connaître sa personnalité, son caractère et ses sentiments, y compris ses forces, faiblesses, pensées, croyances, comportements, motivations et émotions. Ce descripteur est mesuré par Importance sur une échelle de 1 à 5."
B02b02,Confiance en soi,Descripteur,Attributs personnels,"La qualité d'avoir confiance en sa capacité à atteindre ses objectifs, à croire en son potentiel et ses capacités, et à se savoir capable d'atteindre ses objectifs face aux défis. Ce descripteur est mesuré par Importance sur une échelle de 1 à 5."
B02c,Orientation de l'apprentissage,Groupe de similitudes,Attributs personnels,
B02c01,Apprentissage actif,Descripteur,Attributs personnels,Chercher de manière proactive à comprendre les implications de nouvelles informations dans le milieu de travail actuel et en changement. Ce descripteur est mesuré par Importance sur une échelle de 1 à 5.
B02c02,Apprentissage continu,Descripteur,Attributs personnels,"Vouloir se perfectionner et améliorer ses compétences, habilités et connaissances de façon continue dans le but de s’adapter aux changements et pour travailler efficacement. Ce descripteur est mesuré par Importance sur une échelle de 1 à 5."
B03,Attributs axés sur les résultats,Sous-Categorie,Attributs personnels,Les caractéristiques personnelles liées aux conducteurs qui amènent les choses à leur terme.
B03a,Orientation vers la réalisation,Groupe de similitudes,Attributs personnels,
B03a01,Accomplissement,Descripteur,Attributs personnels,La qualité d'établir et de maintenir des objectifs et de déployer tous les efforts permettant de les atteindre avec succès. Ce descripteur est mesuré par Importance sur une échelle de 1 à 5.
B03a02,Initiative,Descripteur,Attributs personnels,"La qualité de prendre des responsabilités, de relever des défis, de proposer, d'organiser ou de faire quelque chose de soi-même sans être incité par les autres. Ce descripteur est mesuré par Importance sur une échelle de 1 à 5."
B03a03,Motivation,Descripteur,Attributs personnels,"La qualité d'être motivé par l'intérêt, le besoin, la raison ou la récompense pour réaliser quelque chose ou pour atteindre un ou plusieurs résultats fixés. Ce descripteur est mesuré par Importance sur une échelle de 1 à 5."
B03a04,Persévérance,Descripteur,Attributs personnels,"La qualité de fournir délibérément les efforts requis par une tâche ou une activité en dépit des difficultés, échecs ou obstacles. Ce descripteur est mesuré par Importance sur une échelle de 1 à 5."
B03a05,Prendre des risques,Descripteur,Attributs personnels,"La qualité d'être prêt à faire un choix risqué, tout en tenant compte des conséquences, dans l'espoir d'obtenir un résultat ou un avantage souhaité en retour. Ce descripteur est mesuré par Importance sur une échelle de 1 à 5."
B03a06,Être compétitif,Descripteur,Attributs personnels,La qualité d'être animé par le désir profond d'être aussi bon que les autres ou de les surpasser pour obtenir de bons résultats dans un contexte comparable. Ce descripteur est mesuré par Importance sur une échelle de 1 à 5.
B03a07,Autonomie,Descripteur,Attributs personnels,"La qualité d’établir ses propres méthodes de travail, d'exécuter ses tâches sous peu ou sans supervision et de se fier à soi-même pour exécuter les tâches requises. Ce descripteur est mesuré par Importance sur une échelle de 1 à 5."
B04,Conscience professionnelle,Sous-Categorie,Attributs personnels,Les caractéristiques personnelles en lien aux motivations liées au respect des engagements.
B04a,Le sens des responsabilités,Groupe de similitudes,Attributs personnels,
B04a01,Fiable,Descripteur,Attributs personnels,La qualité d’être une personne sur laquelle on peut se fier et qui respecte ses engagements. Ce descripteur est mesuré par Importance sur une échelle de 1 à 5.
B04a02,Intégrité,Descripteur,Attributs personnels,La qualité d’être honnête et respectueux de l’éthique et d'agir en toute authenticité. Ce descripteur est mesuré par Importance sur une échelle de 1 à 5.
B04a03,Être responsable,Descripteur,Attributs personnels,La qualité de prendre la responsabilité de ses propres actions et des actions de son groupe. Ce descripteur est mesuré par Importance sur une échelle de 1 à 5.
B05,Pensée dynamique,Sous-Categorie,Attributs personnels,Les caractéristiques personnelles liées aux bouillonnements d'idées et à une pensée critique.
B05a,Réflexion pratique,Groupe de similitudes,Attributs personnels,
B05a01,Avoir du jugement,Descripteur,Attributs personnels,La qualité de former une opinion conforme au bon sens en fonction de l’appréciation d’un événement ou d’un fait. Ce descripteur est mesuré par Importance sur une échelle de 1 à 5.
B05a02,Pensée analytique,Descripteur,Attributs personnels,La qualité d'analyser des informations et d’utiliser la logique pour aborder des questions et des problèmes. Ce descripteur est mesuré par Importance sur une échelle de 1 à 5.
B05a03,Souci du détail,Descripteur,Attributs personnels,La qualité d'être méticuleux et minutieux dans l’exécution des tâches. Ce descripteur est mesuré par Importance sur une échelle de 1 à 5.
B05b,Pensée non conventionnelle,Groupe de similitudes,Attributs personnels,
B05b01,Créativité,Descripteur,Attributs personnels,"La qualité de développer des idées hors du commun ou ingénieuses sur un sujet donné ou une situation particulière, ou de développer des solutions originales pour résoudre des problèmes. Ce descripteur est mesuré par Importance sur une échelle de 1 à 5."
B05b02,Esprit d’innovation,Descripteur,Attributs personnels,"La qualité d’adopter une autre façon de penser pour trouver de nouveaux produits ou services, d'apporter une amélioration ou d'élaborer une nouvelle approche. Ce descripteur est mesuré par Importance sur une échelle de 1 à 5."
B05b03,Esprit d’entrepreneuriat,Descripteur,Attributs personnels,La qualité d’identifier et saisir des opportunités et de passer de l’idée à la réalisation. Ce descripteur est mesuré par Importance sur une échelle de 1 à 5.
C,Intérêts,Catégorie,Intérêts,Préférences relatives au milieu de travail et aux résultats.
C01,Codes Holland,Sous-Categorie,Intérêts,"Les codes Holland, aussi connu sous l’abréviation RIASEC, font référence aux six types de personnalités d'intérêt de John L. Holland. Chacun d'entre eux est caractérisé par les activités, les préférences et les intérêts dominants les plus souvent attendus."
C01a,Intérêts - Codes Holland,Groupe de similitudes,Intérêts,
C01a01,Réaliste,Descripteur,Intérêts,"Les professions de type réaliste se caractérisent par la prédominance d'activités qui impliquent la manipulation explicite, ordonnée ou systématique d'objets, d'outils, de machines et d'animaux. La plupart de ces professions impliquent peu de tâches administratives ou de travail en étroite collaboration avec les autres."
C01a02,Investigateur,Descripteur,Intérêts,"Les professions de type investigateur se caractérisent par la prédominance d’activités qui impliquent l'observation et l'investigation systématique ou créative de phénomènes physiques, biologiques ou culturels. Ces professions exigent une réflexion approfondie et impliquent souvent de travailler avec des idées, de rechercher des faits et de résoudre mentalement des problèmes."
C01a03,Artistique,Descripteur,Intérêts,"Les professions de type artistique se caractérisent par la prédominance d’activités qui impliquent une expression artistique pour créer, composer ou produire des arts visuels, littéraires, appliqués ou du spectacle. Ces professions impliquent fréquemment de travailler avec des formes, des concepts et des modèles, et nécessitent souvent l'expression de soi ainsi que l'accomplissement d'un travail qui ne requiert pas de suivre un ensemble de règles claires."
C01a04,Social,Descripteur,Intérêts,"Les professions de type social se caractérisent par la prédominance d’activités qui impliquent une interaction directe avec les autres pour informer, instruire, aider, développer, guérir ou éclairer. Ces professions impliquent souvent d'aider ou de rendre service aux autres, d'enseigner, de travailler ou de communiquer avec les gens."
C01a05,Entreprenant,Descripteur,Intérêts,"Les professions de type entreprenant se caractérisent par la prédominance d'activités orientées vers l'action pour atteindre des objectifs organisationnels ou personnels. Ces professions impliquent fréquemment de démarrer et de réaliser des projets, d'influencer, de diriger ou de mobiliser des personnes, de prendre des décisions, et nécessitent parfois de prendre des risques et de gérer les affaires."
C01a06,Conventionnel,Descripteur,Intérêts,"Les professions de type conventionnel se caractérisent par la prédominance d'activités qui impliquent de suivre un ensemble de procédures et de routines. Ces activités peuvent inclure la manipulation systématique de données, comme la tenue de registres, le classement de documents, la reproduction de documents, l'organisation de données écrites et numériques selon un plan prédéterminé et l'exploitation d’entreprises et le traitement de données. Ces professions nécessitent souvent de suivre une ligne d'autorité claire et impliquent généralement de travailler avec des données et des détails plutôt qu'avec des idées."
F,Compétences,Catégorie,Compétences,"Capacités développées qu'un individu doit avoir pour effectuer efficacement son travail, son rôle, ses fonctions ou ses tâches."
F01,Compétences fondamentales,Sous-Categorie,Compétences,Capacités développées qui facilitent l’acquisition plus rapide d’autres compétences et connaissances.
F01a,Compétences verbales,Groupe de similitudes,Compétences,
F01a01,Communication verbale : écoute active,Descripteur,Compétences,"La capacité d’écouter attentivement ce que les autres disent, de prendre le temps de comprendre les idées présentées, de poser des questions au besoin et d'éviter d’interrompre, de façon inappropriée, la personne qui parle. Ce descripteur est mesuré par niveau de compétence sur une échelle de 1 à 5."
F01a02,Communication verbale : compréhension orale,Descripteur,Compétences,La capacité d’écouter et de comprendre des informations et des idées présentées par des mots et des phrases. Ce descripteur est mesuré par niveau de compétence sur une échelle de 1 à 5.
F01a03,Communication verbale : expression orale,Descripteur,Compétences,La capacité de parler aux autres pour transmettre de l’information efficacement. Ce descripteur est mesuré par niveau de compétence sur une échelle de 1 à 5.
F01b,Compétences en lecture et en écriture,Groupe de similitudes,Compétences,
F01b01,Compréhension de lecture,Descripteur,Compétences,"La capacité de comprendre des informations écrites présentées sous forme de mots, de phrases, de paragraphes, de symboles et d'images dans des documents liés au travail. Ce descripteur est mesuré par niveau de compétence sur une échelle de 1 à 5."
F01b02,Rédaction,Descripteur,Compétences,"La capacité de communiquer par écrit en utilisant des mots, des phrases, des paragraphes, des symboles et des images adaptés aux besoins du public. Ce descripteur est mesuré par niveau de compétence sur une échelle de 1 à 5."
F01c,Compétences mathématiques,Groupe de similitudes,Compétences,
F01c01,Numératie,Descripteur,Compétences,"La capacité de comprendre, d'utiliser et de communiquer des chiffres et d'autres informations mathématiques présentées sous forme de mots, de chiffres, de symboles et de graphiques. Ce descripteur est mesuré par niveau de compétence sur une échelle de 1 à 5."
F01c02,Littératie numérique,Descripteur,Compétences,"La capacité de comprendre et d'utiliser des dispositifs et des outils numériques pour obtenir, échanger, créer ou traiter des informations numériques de manière sécurisée. Ce descripteur est mesuré par niveau de compétence sur une échelle de 1 à 5."
F02,Compétences analytiques,Sous-Categorie,Compétences,Capacités développées dont une personne a besoin pour traiter de l’information et des données de façon logique en vue d’obtenir des résultats utilisables.
F02a,Compétences en matière d'analyse des processus,Groupe de similitudes,Compétences,
F02a01,Pensée critique,Descripteur,Compétences,"La capacité d'utiliser la logique et le raisonnement pour questionner, interpréter et analyser divers types d'informations afin de former une conclusion ou un jugement fondé sur des preuves. Ce descripteur est mesuré par niveau de compétence sur une échelle de 1 à 5."
F02a02,Stratégies d’apprentissage et d’enseignement,Descripteur,Compétences,La capacité de choisir et d'utiliser des méthodes et procédures de formation et d’enseignement adaptées à la situation lors de l’apprentissage ou de l'enseignement de nouvelles matières. Ce descripteur est mesuré par niveau de compétence sur une échelle de 1 à 5.
F02a03,Prise de décisions,Descripteur,Compétences,"La capacité d’analyser l’information parmi un ensemble d’alternatives, d’évaluer les résultats potentiels et de choisir la solution la plus appropriée permettant d’atteindre un objectif prédéterminé. Ce descripteur est mesuré par niveau de compétence sur une échelle de 1 à 5."
F02b,Compétences en matière d'analyse des opérations et des systèmes,Groupe de similitudes,Compétences,
F02b01,Évaluation,Descripteur,Compétences,"La capacité d'évaluer systématiquement des produits, des services ou des processus en utilisant des indicateurs mesurables dans le but de garantir ou d'améliorer la performance. Ce descripteur est mesuré par niveau de compétence sur une échelle de 1 à 5."
F02b02,Analyse reliée aux exigences,Descripteur,Compétences,La capacité d’analyser les besoins et les exigences relatives au produit afin de créer un design. Ce descripteur est mesuré par niveau de compétence sur une échelle de 1 à 5.
F02b03,Analyse de systèmes,Descripteur,Compétences,"La capacité de déterminer comment un système devrait fonctionner et comment des changements de condition, d’opération et d’environnement affecteront les résultats. Ce descripteur est mesuré par niveau de compétence sur une échelle de 1 à 5."
F02b04,Recherche et enquête,Descripteur,Compétences,"La capacité d’effectuer des études et d’examiner les informations et données afin d’accroître les connaissances et la compréhension des faits, de trouver les causes, de vérifier des hypothèses et de tirer des conclusions ou de faire des recommandations. Ce descripteur est mesuré par niveau de compétence sur une échelle de 1 à 5."
F02b05,Résolution de problèmes,Descripteur,Compétences,La capacité d'identifier les problèmes et d'examiner les informations connexes pour élaborer des solutions ou des options réalisables permettant d'atteindre l'objectif final souhaité. Ce descripteur est mesuré par niveau de compétence sur une échelle de 1 à 5.
F03,Compétences techniques,Sous-Categorie,Compétences,"Capacités développées qui se rapportent au côté pratique ou mécanique d'une activité, à l'application d'un ensemble de procédés techniques et au savoir-faire exigé."
F03a,Compétences techniques,Groupe de similitudes,Compétences,
F03a01,Sélection des équipements et d'outils,Descripteur,Compétences,"La capacité de choisir entre deux ou plusieurs types d'outils, d'équipements ou de machines pour effectuer un travail. Ce descripteur est mesuré par niveau de compétence sur une échelle de 1 à 5."
F03a02,Maintenance préventive,Descripteur,Compétences,"La capacité d'effectuer l'entretien des équipements, dispositifs, bâtiments ou machines afin de les maintenir en état de fonctionnement et de prévenir les dommages ou les pannes. Ce descripteur est mesuré par niveau de compétence sur une échelle de 1 à 5."
F03a03,Ajustage — montage,Descripteur,Compétences,"La capacité de régler, d'ajuster, d'installer et d'assembler des équipements, machines, pièces ou câblages afin de les préparer pour leur fonctionnement et leur utilisation. Ce descripteur est mesuré par niveau de compétence sur une échelle de 1 à 5."
F03a04,Fonctionnement et contrôle,Descripteur,Compétences,"La capacité de manœuvrer et de contrôler le fonctionnement des équipements, machines, véhicules ou systèmes. Ce descripteur est mesuré par niveau de compétence sur une échelle de 1 à 5."
F03a05,Surveillance du fonctionnement des équipements et de la machinerie,Descripteur,Compétences,"La capacité de surveiller des jauges, cadrans, écrans numériques ou d’autres indicateurs pour s’assurer qu'une machine ou une pièce d'équipement fonctionne conformément aux spécifications. Ce descripteur est mesuré par niveau de compétence sur une échelle de 1 à 5."
F03a06,Dépannage,Descripteur,Compétences,"La capacité de déterminer les causes des erreurs de fonctionnement des équipements, machines et systèmes technologiques et de décider comment résoudre ces problèmes. Ce descripteur est mesuré par niveau de compétence sur une échelle de 1 à 5."
F03a07,Réparer,Descripteur,Compétences,"La capacité à remplacer, à restaurer ou à ajuster les composantes défectueuses et déficientes dans un équipement, une machine ou un système technique et faire des tests au niveau des fonctions, du fonctionnement, de l'apparence et de la sécurité. Ce descripteur est mesuré par niveau de compétence sur une échelle de 1 à 5."
F03a08,Test de contrôle de la qualité,Descripteur,Compétences,"La capacité à effectuer des tests ou des inspections de prototypes, produits, services ou processus pour assurer leur qualité. Ce descripteur est mesuré par niveau de compétence sur une échelle de 1 à 5."
F03a09,Conception de produit,Descripteur,Compétences,"La capacité de concevoir et de développer des spécifications pour la construction d'objets, d’équipement, de machineries, de structures ou de systèmes d’ingénierie (excluant les logiciels et le matériel informatique). Ce descripteur est mesuré par niveau de compétence sur une échelle de 1 à 5."
F03a10,Production numérique,Descripteur,Compétences,"La capacité de concevoir, de développer, d’adapter ou d’intégrer du matériel informatique, des applications logicielles, des appareils électroniques ou des technologies numériques tout en respectant les normes de cybersécurité. Ce descripteur est mesuré par niveau de compétence sur une échelle de 1 à 5."
F04,Compétences en gestion de ressources,Sous-Categorie,Compétences,"Capacités développées requises pour planifier, organiser, surveiller et contrôler l’affectation des ressources pour atteindre les objectifs."
F04a,Compétences en matière de gestion des ressources,Groupe de similitudes,Compétences,
F04a01,Gestion des ressources financières,Descripteur,Compétences,"La capacité de planifier, d'organiser, de diriger, de contrôler ou de surveiller les ressources et les activités financières et de rendre compte de l'utilisation de ces ressources pour s'assurer qu'elle est conforme aux objectifs et aux buts. Ce descripteur est mesuré par niveau de compétence sur une échelle de 1 à 5."
F04a02,Gestion des ressources matérielles,Descripteur,Compétences,"La capacité de planifier et de gérer les achats, inventaires, entreposages, transports, distribution de produits ou de matériaux ou l’utilisation des équipements et installations. Ce descripteur est mesuré par niveau de compétence sur une échelle de 1 à 5."
F04a03,Gestion des ressources humaines,Descripteur,Compétences,"La capacité de recruter, de former, de motiver, de développer et de diriger les employés, d'identifier les meilleures personnes pour les tâches à effectuer et d'établir leurs objectifs en relation avec les buts de l’organisation. Ce descripteur est mesuré par niveau de compétence sur une échelle de 1 à 5."
F04b,Compétences en matière de planification,Groupe de similitudes,Compétences,
F04b01,Planification opérationnelle,Descripteur,Compétences,"La capacité de déterminer les phases et les étapes, de définir les activités et les tâches et d'établir les calendriers pour l’atteinte des objectifs en respectant les échéanciers et le budget établi. Ce descripteur est mesuré par niveau de compétence sur une échelle de 1 à 5."
F04b02,Projection des résultats,Descripteur,Compétences,"La capacité d’estimer, de prédire et de prévoir les résultats ou conséquences d’une action ou d’une série d’actions fondés sur des données et des indicateurs. Ce descripteur est mesuré par niveau de compétence sur une échelle de 1 à 5."
F04b03,Gestion du risque,Descripteur,Compétences,La capacité d’identifier et d’évaluer les risques et de déterminer les procédures à suivre pour réduire ou éviter leurs répercussions. Ce descripteur est mesuré par niveau de compétence sur une échelle de 1 à 5.
F04b04,Planification stratégique,Descripteur,Compétences,La capacité de fixer des objectifs en fonction des besoins d’une organisation et d’élaborer des stratégies et des plans d’action pour y parvenir. Ce descripteur est mesuré par niveau de compétence sur une échelle de 1 à 5.
F04b05,Gestion du temps,Descripteur,Compétences,La capacité de gérer son temps et celui d’autres personnes. Ce descripteur est mesuré par niveau de compétence sur une échelle de 1 à 5.
F04c,Suivi de performance,Groupe de similitudes,Compétences,
F04c01,Suivi de performance,Descripteur,Compétences,"La capacité de surveiller et d'évaluer son propre rendement, celui des autres personnes ou de l'organisation pour apporter des améliorations ou prendre des mesures correctives. Ce descripteur est mesuré par niveau de compétence sur une échelle de 1 à 5."
F04d,Compétences en matière de gestion du changement et de gestion de crise,Groupe de similitudes,Compétences,
F04d01,Gestion du changement,Descripteur,Compétences,"La capacité de planifier et de mettre en œuvre des stratégies de changement, de communiquer les effets du changement et de fournir des conseils et un soutien aux personnes concernées par le changement. Ce descripteur est mesuré par niveau de compétence sur une échelle de 1 à 5."
F04d02,Gestion de crise,Descripteur,Compétences,"La capacité d'établir un plan d'intervention pour les situations d'urgence, l'appliquer et s'adapter aux situations tout en limitant les impacts sur les personnes, les clients, les employés et l'organisation. Ce descripteur est mesuré par niveau de compétence sur une échelle de 1 à 5."
F05,Compétences interpersonnelles,Sous-Categorie,Compétences,Capacité développées utilisées pour travailler avec d’autres personnes dans le but d’atteindre des objectifs.
F05a,Compétences interpersonnelles,Groupe de similitudes,Compétences,Capacité développées utilisées pour travailler avec d’autres personnes dans le but d’atteindre des objectifs.
F05a01,Coordination,Descripteur,Compétences,La capacité d’organiser des personnes ou des groupes en ajustant les activités par rapport à celles des autres afin qu’elles fonctionnent efficacement comme un tout. Ce descripteur est mesuré par niveau de compétence sur une échelle de 1 à 5.
F05a02,Instruire,Descripteur,Compétences,La capacité d'enseigner aux autres des connaissances ou la manière de faire quelque chose. Ce descripteur est mesuré par niveau de compétence sur une échelle de 1 à 5.
F05a03,Négociation,Descripteur,Compétences,"La capacité de participer à la communication entre les parties, ou de la faciliter, afin de résoudre les différends et de parvenir à un accord mutuellement acceptable ou viable. Ce descripteur est mesuré par niveau de compétence sur une échelle de 1 à 5."
F05a04,Persuasion,Descripteur,Compétences,"La capacité de convaincre les autres  personnes de changer d'idées, de croyances, d'intentions ou de comportements. Ce descripteur est mesuré par niveau de compétence sur une échelle de 1 à 5."
F05a05,Perception sociale,Descripteur,Compétences,"La capacité de prendre conscience des réactions des autres, de leur communication non verbale, des indices du langage corporel et de leurs sentiments, et de discerner les raisons qui sous-tendent leurs comportements. Ce descripteur est mesuré par niveau de compétence sur une échelle de 1 à 5."
F05a06,Sensibilité interculturelle,Descripteur,Compétences,"La capacité de communiquer, d'interagir et de travailler de façon appropriée avec des personnes de différents milieux culturels, en reconnaissant que la diversité existe à la fois entre et au sein des groupes culturels et qu'elle peut s'exprimer dans les coutumes, les valeurs et les façons de penser et d'agir. Ce descripteur est mesuré par niveau de compétence sur une échelle de 1 à 5."
F05a07,Gestion de conversations,Descripteur,Compétences,La capacité de mener et de faciliter le dialogue entre deux personnes ou plus. Ce descripteur est mesuré par niveau de compétence sur une échelle de 1 à 5.
G,Connaissances,Catégorie,Connaissances,Ensemble organisé de principes et de pratiques utilisés pour l'exécution de tâches et d'activités dans un domaine particulier.
G01,Administration et gestion,Sous-Categorie,Connaissances,Ensemble organisé de principes et de pratiques s'appliquant aux domaines de l’administration et de la gestion.
G01a,Administration et gestion,Groupe de similitudes,Connaissances,
G01a01,Comptabilité,Descripteur,Connaissances,"Connaissance des concepts, principes, méthodes et pratiques de budgétisation, stockage, suivi, contrôle, analyse et compte rendu des transactions financières. Ce descripteur est mesuré par niveau de connaissance sur une échelle de 1 à 3."
G01a02,Gestion des affaires,Descripteur,Connaissances,"Connaissance des concepts, principes et pratiques de gestion des opérations commerciales, tels que la planification stratégique, l'affectation des ressources, la gestion de la production et la coordination des personnes et des activités. Ce descripteur est mesuré par niveau de connaissance sur une échelle de 1 à 3."
G01a03,Travail de bureau,Descripteur,Connaissances,"Connaissance des concepts, principes, méthodes, procédures et pratiques administratives pour le fonctionnement des opérations quotidiennes de bureau. Ce descripteur est mesuré par niveau de connaissance sur une échelle de 1 à 3."
G01a04,Finance,Descripteur,Connaissances,"Connaissance des concepts, principes, méthodes et pratiques liés aux opérations, systèmes et institutions financières. Ce descripteur est mesuré par niveau de connaissance sur une échelle de 1 à 3."
G01a05,Ressources humaines et relations de travail,Descripteur,Connaissances,"Connaissance des concepts, principes, procédures et pratiques relatifs au recrutement, à la sélection, à l'embauche, à la formation, au déploiement, à la rémunération et aux avantages sociaux, aux relations et négociations de travail, et aux systèmes d'information sur le personnel. Ce descripteur est mesuré par niveau de connaissance sur une échelle de 1 à 3."
G01a06,Vente et Marketing,Descripteur,Connaissances,"Connaissance des concepts, principes, techniques, pratiques et des outils permettant de déterminer le comportement et les besoins des consommateurs, de développer des opportunités commerciales et de promouvoir et vendre des produits et services. Ce descripteur est mesuré par niveau de connaissance sur une échelle de 1 à 3."
G01a07,Services aux clients,Descripteur,Connaissances,"Connaissance des concepts, principes et pratiques dans la prestation de services et de soutien pour satisfaire les exigences et besoins des clients. Ce descripteur est mesuré par niveau de connaissance sur une échelle de 1 à 3."
G02,Communication,Sous-Categorie,Connaissances,Ensemble organisé de principes et de pratiques s'appliquant aux domaines de la communication.
G02a,Communication,Groupe de similitudes,Connaissances,
G02a01,Communications et médias,Descripteur,Connaissances,"Connaissance des concepts, principes, méthodes et techniques de création, production, distribution ou diffusion de communications écrites, sonores, audiovisuel ou visuels. Ce descripteur est mesuré par niveau de connaissance sur une échelle de 1 à 3."
G03,Éducation,Sous-Categorie,Connaissances,Ensemble organisé de principes et de pratiques s'appliquant aux domaines de l’éducation.
G03a,Éducation,Groupe de similitudes,Connaissances,
G03a01,Enseignement,Descripteur,Connaissances,"Connaissance des concepts, principes, méthodes et pratiques d'instruction des individus et groupes, de la conception des programmes d'enseignement et de la mesure des résultats de l'apprentissage. Ce descripteur est mesuré par niveau de connaissance sur une échelle de 1 à 3."
G03a02,"Formation, mentorat et encadrement",Descripteur,Connaissances,"Connaissance des concepts et principes de l'apprentissage et de la préparation à l'apprentissage, ainsi que des méthodes permettant de guider, de conseiller, d'orienter et de soutenir les objectifs professionnels ou personnels des individus ou des groupes afin qu'ils acquièrent de l'expérience et améliorent leurs compétences. Ce descripteur est mesuré par niveau de connaissance sur une échelle de 1 à 3."
G04,Santé et bien-être,Sous-Categorie,Connaissances,Ensemble organisé de principes et de pratiques s'appliquant aux domaines de la santé et du bien-être.
G04a,Santé et bien-être,Groupe de similitudes,Connaissances,
G04a01,Hospitalité,Descripteur,Connaissances,"Connaissance des concepts, principes, techniques et outils ou équipements pour gérer des installations et fournir des services de restauration, d'hébergement ou de tourisme, en mettant l'accent sur l’expérience du client. Ce descripteur est mesuré par niveau de connaissance sur une échelle de 1 à 3."
G04a02,Santé mentale,Descripteur,Connaissances,"Connaissance des concepts, principes, méthodes et procédures d'évaluation, de diagnostic, de traitement, de réadaptation, ou de conseil pour traiter les processus, comportements et troubles neurologiques et cognitifs ou pour maintenir une santé mentale et un bien-être équilibré. Ce descripteur est mesuré par niveau de connaissance sur une échelle de 1 à 3."
G04a03,Services personnels,Descripteur,Connaissances,"Connaissance des concepts, principes, techniques et outils permettant de fournir des services de nature personnelle liés aux soins corporels, à la garde d'enfants et à d'autres services à domicile. Ce descripteur est mesuré par niveau de connaissance sur une échelle de 1 à 3."
G04a04,Santé physique,Descripteur,Connaissances,"Connaissance des concepts et principes de l'anatomie humaine, des systèmes organiques, des sciences biomédicales, de la génétique et des procédures, techniques et outils nécessaires pour diagnostiquer et traiter les blessures et les maladies, pour rétablir et maintenir la santé physique par la prévention et le traitement. Ce descripteur est mesuré par niveau de connaissance sur une échelle de 1 à 3."
G04a05,"Récréation, loisirs et exercices physiques",Descripteur,Connaissances,"Connaissance des concepts, principes, pratiques et de l'équipement pour l'exercice physique et pour la gestion et la prestation de programmes ou de services récréatifs, de loisirs ou de conditionnement physique. Ce descripteur est mesuré par niveau de connaissance sur une échelle de 1 à 3."
G04a06,Vétérinaire et soins aux animaux,Descripteur,Connaissances,"Connaissance des concepts, principes, pratiques, techniques et outils pour la prévention, les soins, le diagnostic et le traitement des maladies, troubles et blessures, et le maintien du bien-être des animaux. Ce descripteur est mesuré par niveau de connaissance sur une échelle de 1 à 3."
G05,"Droit, gouvernement et sécurité",Sous-Categorie,Connaissances,"Ensemble organisé de principes et de pratiques s'appliquant aux domaines du droit, du gouvernement et de la sécurité."
G05a,"Droit, gouvernement et sécurité",Groupe de similitudes,Connaissances,
G05a01,Militaire,Descripteur,Connaissances,"Connaissance des organisations, structures, pratiques et stratégies liées à la défense, la sécurité, aux renseignements et au maintien de la paix. Ce descripteur est mesuré par niveau de connaissance sur une échelle de 1 à 3."
G05a02,Droit,Descripteur,Connaissances,"Connaissance des concepts, principes, fonctionnement et processus des systèmes juridiques provinciaux-territoriaux, fédéraux ou internationaux pour l'établissement, la mise en œuvre et l'application des lois, codes et documents juridiques et des procédures judiciaires. Ce descripteur est mesuré par niveau de connaissance sur une échelle de 1 à 3."
G05a03,Affaires publiques et relations gouvernementales,Descripteur,Connaissances,"Connaissance des concepts, principes, processus et fonctionnement des gouvernements et systèmes politiques pour l'établissement et la mise en œuvre de politiques, règles, règlements et décrets. Ce descripteur est mesuré par niveau de connaissance sur une échelle de 1 à 3."
G05a04,Sûreté et sécurité publique,Descripteur,Connaissances,"Connaissance des concepts, principes, règlements, procédures et pratiques des opérations et systèmes de sûreté et sécurité publique pour la protection des personnes, données et biens. Ce descripteur est mesuré par niveau de connaissance sur une échelle de 1 à 3."
G06,"Logistique, conception et évaluation",Sous-Categorie,Connaissances,"Ensemble organisé de principes et de pratiques s'appliquant aux domaines de la logistique, de la conception et de l’évaluation."
G06a,"Logistique, conception et évaluation",Groupe de similitudes,Connaissances,
G06a01,Fabrication et production,Descripteur,Connaissances,"Connaissance des concepts, principes, méthodes et techniques de production et de transformation, incluant les processus manuels et mécaniques. Ce descripteur est mesuré par niveau de connaissance sur une échelle de 1 à 3."
G06a02,Logistique,Descripteur,Connaissances,"Connaissance des concepts, principes, infrastructures et processus de planification, d'organisation et de coordination pour le transport des personnes et des animaux ou pour l'acquisition, le transport et le stockage des biens et des ressources. Ce descripteur est mesuré par niveau de connaissance sur une échelle de 1 à 3."
G06a03,Mesure de la performance,Descripteur,Connaissances,"Connaissances des concepts, principes, méthodes, pratiques et stratégies de surveillance, de développement, de livraison et de la qualité des produits, programmes ou services. Ce descripteur est mesuré par niveau de connaissance sur une échelle de 1 à 3."
G06a04,Conception technique,Descripteur,Connaissances,"Connaissance des concepts, principes, méthodes, techniques et outils de conception technique impliqués dans la création et la production de plans, bleus, dessins ou modèles techniques. Ce descripteur est mesuré par niveau de connaissance sur une échelle de 1 à 3."
G07,Ressources naturelles,Sous-Categorie,Connaissances,Ensemble organisé de principes et de pratiques s'appliquant aux domaines des ressources naturelles.
G07a,Ressources naturelles,Groupe de similitudes,Connaissances,
G07a01,Agriculture et horticulture,Descripteur,Connaissances,"Connaissance des concepts, principes, techniques, matériaux et équipements pour planter, cultiver, récolter, stocker ou conserver les plantes et les produits alimentaires d'origine végétale. Ce descripteur est mesuré par niveau de connaissance sur une échelle de 1 à 3."
G07a02,Foresterie,Descripteur,Connaissances,"Connaissance des concepts, principes, techniques, matériaux et équipements pour l'approvisionnement, la transformation et la gestion des ressources forestières extraites, ainsi que pour la surveillance et la préservation durable des ressources forestières. Ce descripteur est mesuré par niveau de connaissance sur une échelle de 1 à 3."
G07a03,Ressources géologiques,Descripteur,Connaissances,"Connaissance des concepts, principes, techniques, matériaux et équipements pour l'approvisionnement, le traitement, la gestion, la surveillance ou la préservation des ressources de minéraux et métaux. Ce descripteur est mesuré par niveau de connaissance sur une échelle de 1 à 3."
G07a04,"Animaux d’élevage, de basse-cour et de faune sauvage",Descripteur,Connaissances,"Connaissance des concepts, principes, techniques, matériaux et équipements pour planter, cultiver, récolter, stocker ou conserver les plantes et les produits alimentaires d'origine végétale. Ce descripteur est mesuré par niveau de connaissance sur une échelle de 1 à 3."
G07a05,Ressources aquatiques,Descripteur,Connaissances,"Connaissance des concepts, principes, techniques, matériaux et équipements pour l'approvisionnement, le traitement, la gestion, la surveillance ou la préservation des ressources en eau, y compris les rivières, les lacs, les océans et les aquifères souterrains. Ce descripteur est mesuré par niveau de connaissance sur une échelle de 1 à 3."
G08,Sciences physiques,Sous-Categorie,Connaissances,Ensemble organisé de principes et de pratiques s'appliquant aux domaines des sciences physiques.
G08a,Sciences physiques,Groupe de similitudes,Connaissances,
G08a01,Biologie,Descripteur,Connaissances,"Connaissance des concepts et principes des organismes vivants, notamment leur structure, fonction, croissance, origine, évolution, répartition et classification, leurs interdépendances et interactions entre eux et avec l'environnement, ainsi que les méthodes et techniques pour leur manipulation sûre et éthique. Ce descripteur est mesuré par niveau de connaissance sur une échelle de 1 à 3."
G08a02,Chimie,Descripteur,Connaissances,"Connaissance de la composition, de la structure et des propriétés des substances chimiques, y compris leurs interactions, transformations et utilisations, ainsi que les techniques de production, facteurs de risque et méthodes d'élimination. Ce descripteur est mesuré par niveau de connaissance sur une échelle de 1 à 3."
G08a03,Géoscience,Descripteur,Connaissances,"Connaissance des concepts, principes, méthodes et techniques pour comprendre la qualité des matériaux, les caractéristiques physiques, la composition, la structure et les systèmes naturels, ainsi que l'évolution des phénomènes de la terre, des océans et de l'atmosphère. Ce descripteur est mesuré par niveau de connaissance sur une échelle de 1 à 3."
G08a05,Physique,Descripteur,Connaissances,"Connaissance des concepts, principes, propriétés et lois fondamentales qui régissent l'espace, le temps, l'énergie et la matière, ainsi que le matériel et les méthodes permettant d'étudier et d'appliquer les interactions entre objets, notamment les atomes, particules, et corps célestes. Ce descripteur est mesuré par niveau de connaissance sur une échelle de 1 à 3."
G09,Systèmes socio-économiques,Sous-Categorie,Connaissances,Ensemble organisé de principes et de pratiques s'appliquant aux domaines socio-économiques.
G09a,Systèmes socio-économiques,Groupe de similitudes,Connaissances,
G09a01,Arts,Descripteur,Connaissances,"Connaissance des concepts, principes et techniques d'expression artistique nécessaires à la création, composition ou production d’arts visuels, appliqués, littéraires ou de la scène. Ce descripteur est mesuré par niveau de connaissance sur une échelle de 1 à 3."
G09a02,Économie,Descripteur,Connaissances,"Connaissance des concepts et principes de la production, distribution et consommation de biens et services et des méthodes d’analyse, y compris les techniques de simulation et de prévision. Ce descripteur est mesuré par niveau de connaissance sur une échelle de 1 à 3."
G09a03,Sciences humaines,Descripteur,Connaissances,"Connaissance des concepts, principes et méthodes permettant de comprendre les interactions humaines, et les structures sociales, ainsi que les événements survenus à travers le temps et leurs effets sur les civilisations, les cultures et l'environnement. Ce descripteur est mesuré par niveau de connaissance sur une échelle de 1 à 3."
G09a04,"Bibliothèque, conservation et patrimoine",Descripteur,Connaissances,"Connaissance des concepts, principes, techniques et outils de classification, de stockage, de récupération, d'exposition, de gestion ou d'enregistrement de la documentation sur divers supports, des objets de musée ou des œuvres d'art. Ce descripteur est mesuré par niveau de connaissance sur une échelle de 1 à 3."
G09a05,Théologie et philosophie,Descripteur,Connaissances,"Connaissance des concepts et principes des systèmes religieux et philosophiques et des questionnements fondamentaux sur l'existence, la raison, les valeurs, l'éthique, les modes de pensée, les coutumes, les pratiques et leur impact sur les individus, la culture humaine et la société. Ce descripteur est mesuré par niveau de connaissance sur une échelle de 1 à 3."
G10,"Technologie, électricité, matériaux et mécanique",Sous-Categorie,Connaissances,"Ensemble organisé de principes et de pratiques s'appliquant aux domaines de la technologie, de l’électricité, des matériaux et de la mécanique."
G10a,"La Technologie, électricité, matériaux et mécanique",Groupe de similitudes,Connaissances,
G10a01,Bâtiment et construction,Descripteur,Connaissances,"Connaissance des concepts, principes, méthodes, matériaux et outils utilisés dans la construction, l'entretien et la réparation de maisons, de bâtiments ou d'infrastructures telles que les autoroutes et les routes. Ce descripteur est mesuré par niveau de connaissance sur une échelle de 1 à 3."
G10a02,"Informatique, technologie et systèmes d'information",Descripteur,Connaissances,"Connaissance des concepts, principes, processus, techniques et outils pour les systèmes, dispositifs et produits technologiques et numériques, tels que le développement, l'assemblage, la programmation, l'utilisation, le dépannage ou la maintenance de matériel ou de logiciels. Ce descripteur est mesuré par niveau de connaissance sur une échelle de 1 à 3."
G10a03,Électricité et électronique,Descripteur,Connaissances,"Connaissance des concepts, principes, techniques et outils appliqués au développement, à l'utilisation, la réparation et l'entretien des produits et dispositifs électroniques et électriques. Ce descripteur est mesuré par niveau de connaissance sur une échelle de 1 à 3."
G10a04,Mécanique et machines,Descripteur,Connaissances,"Connaissance des pièces, normes et fonctionnement des machines, véhicules, équipements ou outils et les techniques utilisées pour leur réparation ou entretien. Ce descripteur est mesuré par niveau de connaissance sur une échelle de 1 à 3."
G10a05,Télécommunications,Descripteur,Connaissances,"Connaissance des concepts, principes, processus, techniques et outils de la transmission d'informations par fil, radio, fibre optique ou autre système électromagnétique pour l'utilisation, la réparation, l'entretien, le contrôle ou l'exploitation des systèmes de télécommunications. Ce descripteur est mesuré par niveau de connaissance sur une échelle de 1 à 3."
G10a06,"Exploitation de véhicules, de machinerie et d'équipement",Descripteur,Connaissances,"Connaissance des pièces et du fonctionnement des véhicules, de la machinerie ou de l'équipement, ainsi que des techniques et des pratiques pour leur utilisation sécuritaire et efficace. Ce descripteur est mesuré par niveau de connaissance sur une échelle de 1 à 3."
G11,Connaissances fondamentales,Sous-Categorie,Connaissances,Ensemble organisé de principes et de pratiques qui sont fondamentaux pour l'acquisition de nouvelles connaissances.
G11a,Connaissances fondamentales,Groupe de similitudes,Connaissances,
G11a01,Langues,Descripteur,Connaissances,"Connaissance du vocabulaire, de la structure et des règles de grammaire, de l'orthographe et de la prononciation des mots dans l’une ou les deux langues officielles, les langues autochtones et les langues non officielles. Ce descripteur est mesuré par niveau de connaissance sur une échelle de 1 à 3."
G11a02,Mathématiques,Descripteur,Connaissances,"Connaissance des concepts, principes, méthodes et applications de l'arithmétique, l'algèbre, la géométrie, la trigonométrie, du calcul différentiel et intégral, des probabilités et des statistiques. Ce descripteur est mesuré par niveau de connaissance sur une échelle de 1 à 3."
J,Contexte de travail,Catégorie,Contexte de travail,"Facteurs physiques, environnementaux et sociaux exerçant une influence sur la nature du travail."
J01,Caractéristiques structurelles de l’emploi,Sous-Categorie,Contexte de travail,Les composantes qui définissent le cadre structurel de l’emploi.
J01a,Caractère critique de la position,Groupe de similitudes,Contexte de travail,
J01a01,Conséquence des erreurs,Descripteur,Contexte de travail,L’impact sur les résultats d’une erreur difficilement rectifiable commise par un travailleur. Ce descripteur est mesuré par degré de conséquence de l'erreur sur une échelle de 1 à 5.
J01a02,Liberté décisionnelle,Descripteur,Contexte de travail,L'emploi permet à l'employé de prendre des décisions sans supervision. Ce descripteur est mesuré par le degré de liberté de décision sur une échelle de 1 à 5.
J01a03,Fréquence de la prise de décisions,Descripteur,Contexte de travail,"L’emploi requiert de l’employé qu'il prenne des décisions qui affectent d'autres personnes, les ressources financières, ou l'image et la réputation de l'organisation. Ce descripteur est mesuré par fréquence  sur une échelle de 1 à 5."
J01a04,Incidence des décisions,Descripteur,Contexte de travail,L'impact sur l'organisation ou les collègues des décisions prises par l'employé (une décision doit être comprise comme une conclusion ou une résolution obtenue après réflexion). Ce descripteur est mesuré par degré d'impact sur une échelle de 1 à 5.
J01b,Différents types de défis,Groupe de similitudes,Contexte de travail,
J01b01,Automatisation,Descripteur,Contexte de travail,"L'emploi requiert le fonctionnement, la manipulation ou le maniement de systèmes, processus ou machines automatisés. Ce descripteur est mesuré par le degré d'automatisation sur une échelle de 1 à 3."
J01b02,Précision,Descripteur,Contexte de travail,L'emploi requiert de l'employé qu'il soit exact ou précis. Ce descripteur est mesuré par importance sur une échelle de 1 à 5.
J01b03,Travail structuré par rapport au travail non structuré,Descripteur,Contexte de travail,"La mesure dans laquelle le travail de l'employé est structuré, plutôt que de lui permettre de déterminer ses tâches, priorités et objectifs. Ce descripteur est mesuré par degré de liberté pour déterminer les tâches et les priorités  sur une échelle de 1 à 5."
J01b04,Répétition des tâches,Descripteur,Contexte de travail,L'emploi requiert que les mêmes tâches soient répétées dans l'exécution du travail. Ce descripteur est mesuré par importance sur une échelle de 1 à 5.
J01c,Rythme et calendrier,Groupe de similitudes,Contexte de travail,
J01c01,Rythme déterminé par la vitesse de fonctionnement de l’équipement,Descripteur,Contexte de travail,"L'emploi requiert de suivre le rythme des équipements, machines ou ordinateurs. Il ne s'agit pas d'être occupé en permanence par le poste. Ce descripteur est mesuré par importance sur une échelle de 1 à 5."
J01c02,Contraintes de temps,Descripteur,Contexte de travail,"L'emploi requiert de travailler sous pression, de respecter un délai strict ou de tenir compte de priorités concurrentes. Ce descripteur est mesuré par fréquence et par importance sur une échelle de 1 à 5."
J01c03,Type d’horaires de travail,Descripteur,Contexte de travail,Type d’horaire que l’emploi requiert généralement. Ce descripteur est mesuré par horaire de travail sur une échelle de 1 à 3.
J01c04,Durée d’une semaine de travail,Descripteur,Contexte de travail,Le nombre d’heures de travail habituellement complétées par période de 7 jours. Ce descripteur est mesuré par heures travaillées dans une semaine typique sur une échelle de 1 à 3.
J01d,Niveau de concurrence,Groupe de similitudes,Contexte de travail,
J01d01,Concurrence,Descripteur,Contexte de travail,L'emploi requiert que l'employé soit en concurrence avec ses collègues ou qu'il soit conscient de la pression concurrentielle entre les collègues ou les entreprises d'un même secteur. Ce descripteur est mesuré par degré de compétition sur une échelle de 1 à 5.
J02,Environnement physique de travail,Sous-Categorie,Contexte de travail,L’environnement physique dans lequel le travailleur accomplit son travail.
J02a,Exposition aux risques du travail,Groupe de similitudes,Contexte de travail,
J02a01,Lieux de travail dangereux,Descripteur,Contexte de travail,"L’emploi requiert de travailler dans des lieux qui sont intrinsèquement dangereux et qui présentent des risques de blessures. Ces lieux incluent, entre autres, les chantiers de construction, les installations souterraines, les structures de support érigées et le milieu maritime."
J02a02,"Incendie, vapeur, surfaces chaudes",Descripteur,Contexte de travail,"L'emploi requiert d'être exposé au feu (plutôt qu'à des substances inflammables qui peuvent s'enflammer), à des émissions de vapeur ou à des surfaces très chaudes qui sont des sources potentielles de blessures."
J02a03,"Particules volantes, objets en chute libre",Descripteur,Contexte de travail,"L'emploi requiert d'être exposé à des particules en suspension et à la chute d’objets ou de matériaux dans le milieu de travail, lesquelles présentent des risques de blessures corporelles. Les particules en suspension, telles que des copeaux de bois, paillettes de métal, gravois, sont produites au cours de la manipulation, du broyage, du concassage et d’un impact rapide ou de l’explosion de matériaux."
J02a04,Conditions dangereuses,Descripteur,Contexte de travail,"L'emploi requiert d'être exposé à des conditions qui comportent des risques d'accidents comme l'électricité à haute tension, les matières inflammables ou les explosifs. Ce descripteur est mesuré par fréquence sur une échelle de 1 à 5."
J02a05,"Équipements, machineries et outils dangereux",Descripteur,Contexte de travail,"L’emploi requiert de travailler à proximité ou avec de l’équipement, de la machinerie et des outils mécaniques et manuels qui constituent un risque d’accident ou de blessure. Ce descripteur est mesuré par fréquence sur une échelle de 1 à 5."
J02a06,Hauteurs,Descripteur,Contexte de travail,"L'emploi requiert de travailler dans des endroits élevés, tels que des poteaux, des échafaudages, des passerelles ou des échelles de plus de deux mètres de long. Ce descripteur est mesuré par fréquence sur une échelle de 1 à 5."
J02a07,Radiation,Descripteur,Contexte de travail,"L'emploi requiert d'être exposé à une radiation ionisante (telle que rayons X ou substance radioactive) ou à une radiation non ionisante (telle que les ondes radiophoniques, les rayons infrarouges et ultraviolets et la lumière visible) pouvant nuire à la santé. Ce descripteur est mesuré par fréquence sur une échelle de 1 à 5."
J02a08,"Espace étroit, positions contraignantes",Descripteur,Contexte de travail,L’emploi requiert de travailler dans un espace restreint nécessitant de se retrouver dans des positions inconfortables. Ce descripteur est mesuré par fréquence sur une échelle de 1 à 5.
J02a09,Blessure cutanée,Descripteur,Contexte de travail,"L'emploi requiert d'être exposé à des risques de brûlures, de coupures, de piqûres et de morsures mineures. Ce descripteur est mesuré par fréquence sur une échelle de 1 à 5."
J02b,Cadre de travail,Groupe de similitudes,Contexte de travail,
J02b01,Travailler dans un véhicule ou équipement clos,Descripteur,Contexte de travail,L’emploi requiert de travailler dans un véhicule ou un équipement fermé (p. ex. une voiture ou l’habitacle d’équipements lourds). Ce descripteur est mesuré par fréquence et par durée sur une échelle de 1 à 5.
J02b02,Travailler dans un véhicule ou équipement sans toit,Descripteur,Contexte de travail,L’emploi requiert de travailler dans un véhicule ou un équipement sans toit (p. ex. un tracteur). Ce descripteur est mesuré par fréquence et par durée sur une échelle de 1 à 5.
J02b03,Travailler à l’intérieur dans un environnement contrôlé.,Descripteur,Contexte de travail,L’emploi requiert de travailler à l’intérieur d’un bâtiment où la température et l’humidité sont contrôlées. Ce descripteur est mesuré par fréquence et par durée sur une échelle de 1 à 5.
J02b04,Travailler à l’intérieur dans un environnement non contrôlé,Descripteur,Contexte de travail,"L’emploi requiert de travailler à l’intérieur d’un bâtiment où la température et le taux d’humidité ne sont pas contrôlés (p. ex, dans un entrepôt non chauffé). Ce descripteur est mesuré par fréquence et par durée sur une échelle de 1 à 5."
J02b05,"Travail extérieur, exposé aux conditions météorologiques",Descripteur,Contexte de travail,L’emploi requiert de travailler à l’extérieur et d’être soumis aux changements de température et aux fluctuations saisonnières. Ce descripteur est mesuré par fréquence et par durée sur une échelle de 1 à 5.
J02b06,"Travailler à l’extérieur, à l’abri des conditions météorologiques",Descripteur,Contexte de travail,"L’emploi requiert de travailler à l’extérieur tout en étant protégé, des changements de température et fluctuations saisonnières, par un endroit couvert (tel qu'une structure dotée d’un toit, mais non de murs). Ce descripteur est mesuré par fréquence et par durée sur une échelle de 1 à 5."
J02b07,Proximité physique,Descripteur,Contexte de travail,L’emploi requiert d’effectuer des tâches en se trouvant physiquement proche  d’autres personnes. Ce descripteur est mesuré par la distance physique des autres sur une échelle de 1 à 5.
J02c,Conditions environnementales,Groupe de similitudes,Contexte de travail,
J02c01,Agents biologiques,Descripteur,Contexte de travail,"L'emploi requiert d'être exposé à des bactéries, des virus ou des champignons pouvant causer des maladies par contact direct ou indirect. Ce descripteur est mesuré par fréquence sur une échelle de 1 à 5."
J02c02,Substances chimiques dangereuses,Descripteur,Contexte de travail,"L'emploi requiert d'être exposé à des contaminants, tels que des polluants, des gaz ou des poussières, par inhalation, ingestion ou contact avec la peau. Ce descripteur est mesuré par fréquence sur une échelle de 1 à 5."
J02c03,Vibrations,Descripteur,Contexte de travail,L'emploi requiert d'être exposé à des mouvements oscillants ou frémissants du corps pendant l'exécution des tâches. Ce descripteur est mesuré par fréquence sur une échelle de 1 à 5.
J02c04,Sons et bruits,Descripteur,Contexte de travail,"L'emploi requiert d'être exposé à des niveaux sonores et des bruits qui sont distrayants ou inconfortables, quel que soit l'équipement utilisé par les travailleurs. Ce descripteur est mesuré par fréquence et par durée sur une échelle de 1 à 5."
J02c05,Éclairage extrême ou inadéquat,Descripteur,Contexte de travail,L’emploi requiert de travailler dans un endroit où l’éclairage est très brillant ou inapproprié. Ce descripteur est mesuré par fréquence sur une échelle de 1 à 5.
J02c06,Températures extrêmes,Descripteur,Contexte de travail,"L'emploi requiert d'être exposé à des températures très chaudes (plus de 32,2 °C) ou très froides (moins de 0 °C). Ce descripteur est mesuré par fréquence sur une échelle de 1 à 5."
J02c07,Odeurs,Descripteur,Contexte de travail,"L'emploi requiert d'être exposé à des odeurs nocives, intenses ou prolongées."
J02d,Équipement de sécurité requis,Groupe de similitudes,Contexte de travail,
J02d01,Équipement de sécurité spécialisé,Descripteur,Contexte de travail,"L’emploi requiert de porter des équipements spécialisés de protection ou de sécurité, notamment des appareils respiratoires, un harnais de sécurité, ou une tenue de protection complète ou de protection radiologique. Ce descripteur est mesuré par fréquence sur une échelle de 1 à 5."
J02d02,Équipement de sécurité de base,Descripteur,Contexte de travail,"L’emploi requiert de porter des vêtements protecteurs et des équipements de sécurité de base comme des chaussures de sécurité, des lunettes de protection, des gants, un casque de protection ou un gilet de sauvetage. Ce descripteur est mesuré par fréquence sur une échelle de 1 à 5."
J03,Exigences physiques,Sous-Categorie,Contexte de travail,Les activités physiques que le travailleur doit exercer dans le cadre de son travail.
J03a,Positionnement du corps,Groupe de similitudes,Contexte de travail,
J03a01,Se pencher ou se tordre le corps,Descripteur,Contexte de travail,"L’emploi requiert d’incliner le torse vers l’avant ou l’arrière, ou avoir le corps en torsion. Ce descripteur est mesuré par durée sur une échelle de 1 à 5."
J03a02,Grimper,Descripteur,Contexte de travail,"L’emploi requiert de monter et descendre des échelles, des chafaudages ou des poteaux. Ce descripteur est mesuré par durée sur une échelle de 1 à 5."
J03a03,Ramper,Descripteur,Contexte de travail,"L’emploi requiert de se déplacer sur le ventre, le corps reposant sur le sol ou près du sol, à l’aide des mains et des genoux."
J03a04,S’accroupir,Descripteur,Contexte de travail,L’emploi requiert de plier les jambes afin d’abaisser le centre de gravité du corps.
J03a05,Manipuler manuellement du matériel,Descripteur,Contexte de travail,"L’emploi requiert d’utiliser les mains pour tenir, contrôler ou sentir des objets, des outils ou des commandes (excluant la souris et le clavier). Ce descripteur est mesuré par durée sur une échelle de 1 à 5."
J03a06,Garder ou rétablir son équilibre,Descripteur,Contexte de travail,L’emploi requiert de maintenir son corps en position stable ou de retrouver son équilibre. Ce descripteur est mesuré par durée sur une échelle de 1 à 5.
J03a07,S’agenouiller,Descripteur,Contexte de travail,L’emploi requiert de positionner le corps de manière qu’un genou ou les deux reposent au sol.
J03a08,Faire des gestes répétitifs,Descripteur,Contexte de travail,L’emploi requiert de répéter les mêmes mouvements. Ce descripteur est mesuré par durée sur une échelle de 1 à 5.
J03a09,Être assis,Descripteur,Contexte de travail,L’emploi requiert d'être dans une position où le poids du corps est supporté par le fessier. Ce descripteur est mesuré par durée sur une échelle de 1 à 5.
J03a10,Rester debout,Descripteur,Contexte de travail,L’emploi requiert de demeurer en posture verticale où le poids du corps est soutenu par les pieds. Ce descripteur est mesuré par durée sur une échelle de 1 à 5.
J03a11,Marcher et courir,Descripteur,Contexte de travail,L’emploi requiert de lever et de poser au sol chaque pied consécutivement à une certaine cadence. Ce descripteur est mesuré par durée sur une échelle de 1 à 5.
J03a12,Atteindre,Descripteur,Contexte de travail,L’emploi requiert d’allonger un ou les deux bras afin de saisir ou de toucher une personne ou un objet.
J03a13,Se pencher,Descripteur,Contexte de travail,"L’emploi requiert de se tenir debout ou de marcher tout en inclinant la tête, le corps ou les épaules."
J03a14,Utiliser un clavier,Descripteur,Contexte de travail,L’emploi requiert d’utiliser un ensemble de touches sur le clavier d’un appareil électronique afin de faire de la dactylographie.
J03b,Effort corporel,Groupe de similitudes,Contexte de travail,
J03b01,Transporter,Descripteur,Contexte de travail,L’emploi requiert de tenir des objets tout en se déplaçant.
J03b02,Soulever,Descripteur,Contexte de travail,L’emploi requiert de lever un objet à l’aide des mains et des bras.
J03b03,Tirer,Descripteur,Contexte de travail,L’emploi requiert de saisir un objet afin de l’amener vers soi.
J03b04,Pousser,Descripteur,Contexte de travail,L’emploi requiert d’utiliser la force afin de faire avancer un objet.
J03c,Parler et voir,Groupe de similitudes,Contexte de travail,
J03c01,Prise de la parole,Descripteur,Contexte de travail,L'emploi requiert de transmettre des informations en langage parlé.
J03c02,Acuité visuelle,Descripteur,Contexte de travail,L’emploi requiert de distinguer de fins détails sur des objets ou dans l’environnement.
J04,Relations interpersonnelles,Sous-Categorie,Contexte de travail,Les interactions avec d’autres personnes nécessaires à la réalisation du travail.
J04a,Interactions professionnelles,Groupe de similitudes,Contexte de travail,
J04a01,Situations conflictuelles,Descripteur,Contexte de travail,"L'emploi requiert d'être confronté à des désaccords ou disputes avec ou entre des clients, des employés ou d'autres parties. Ce descripteur est mesuré par fréquence sur une échelle de 1 à 5."
J04a02,Être en contact avec d’autres personnes,Descripteur,Contexte de travail,"L’emploi requiert de communiquer avec d’autres personnes (face-à-face, par téléphone, etc.) dans l’exécution des tâches. Ce descripteur est mesuré par fréquence et par durée sur une échelle de 1 à 5."
J04a03,Coordonner ou diriger d’autres personnes,Descripteur,Contexte de travail,L'emploi requiert de guider ou d'orienter les collègues ou les subordonnés dans l'accomplissement des activités professionnelles. Ce descripteur est mesuré par importance sur une échelle de 1 à 5.
J04a04,Traiter avec des clients de l’externe,Descripteur,Contexte de travail,"L'emploi requiert de travailler avec des membres extérieurs à l'organisation, notamment des clients et le public. Ce descripteur est mesuré par importance sur une échelle de 1 à 5."
J04a05,Travail en équipe ou en groupe,Descripteur,Contexte de travail,L’emploi requiert de travailler avec les autres en groupe ou en équipe. Ce descripteur est mesuré par fréquence et par importance sur une échelle de 1 à 5.
J04a06,Traiter avec des gens au comportement physiquement agressif,Descripteur,Contexte de travail,L'emploi requiert d'être exposé à la possibilité de traiter avec des personnes ayant un comportement violent. Ce descripteur est mesuré par fréquence sur une échelle de 1 à 5.
J04a07,Traiter avec des gens en colère ou au comportement déplaisant,Descripteur,Contexte de travail,"L'emploi requiert d'être exposé à la possibilité de traiter avec des individus désagréables, furieux ou impolis. Ce descripteur est mesuré par fréquence sur une échelle de 1 à 5."
J04b,Méthodes de communication,Groupe de similitudes,Contexte de travail,
J04b01,Utilisation de messagerie électronique,Descripteur,Contexte de travail,L’emploi requiert d’utiliser d’un appareil de communication électronique pour envoyer et recevoir des messages. Ce descripteur est mesuré par fréquence sur une échelle de 1 à 5.
J04b02,Discussions en personne,Descripteur,Contexte de travail,L’emploi requiert de discuter en personne avec des individus ou groupes. Ce descripteur est mesuré par fréquence sur une échelle de 1 à 5.
J04b03,Communications écrites,Descripteur,Contexte de travail,L'emploi requiert de produire des communications écrites de nature créatives ou administratives. Ce descripteur est mesuré par fréquence sur une échelle de 1 à 5.
J04b04,Parler en public,Descripteur,Contexte de travail,L'emploi requiert de prononcer des discours devant un public (un minimum de cinq personnes). Ce descripteur est mesuré par fréquence sur une échelle de 1 à 5.
J04b05,Utilisation du téléphone,Descripteur,Contexte de travail,L'emploi requiert de communiquer avec d'autres personnes en utilisant un téléphone ou des radios portatives. Ce descripteur est mesuré par fréquence sur une échelle de 1 à 5.
J04b06,Vidéoconférence,Descripteur,Contexte de travail,L'emploi requiert l'utilisation d'un logiciel de vidéoconférence pour participer à des réunions et des conversations.
J04c,Responsabilités interpersonnelles,Groupe de similitudes,Contexte de travail,
J04c01,Porter la responsabilité des résultats des autres travailleurs,Descripteur,Contexte de travail,L’emploi requiert d’assumer la responsabilité du dénouement et des effets du travail des autres travailleurs. Ce descripteur est mesuré par degré de responsabilité sur une échelle de 1 à 5.
J04c02,Porter la responsabilité relative à la santé et la sécurité d'autres personnes,Descripteur,Contexte de travail,"L'emploi requiert de veiller à la santé, à la sécurité et à la sûreté d'autrui. Ce descripteur est mesuré par degré de responsabilité sur une échelle de 1 à 5."
K,Activités du travail,Catégorie,Activités du travail,Types d’activités générales liées au travail.
K01,Activités axées sur l’information,Sous-Categorie,Activités du travail,Les activités de gestion et de traitement d'information et de données qui sont nécessaires pour satisfaire aux exigences de l’emploi.
K01a,Recherche et réception d'informations relatives à l'emploi,Groupe de similitudes,Activités du travail,
K01a01,Obtention d’information,Descripteur,Activités du travail,"Observer, recevoir ou obtenir de l’information de toutes sources pertinentes. Ce descripteur est mesuré par niveau de compléxité sur une échelle de 1 à 5."
K01a02,"Surveillance de processus, de matériels ou d’environnements",Descripteur,Activités du travail,"Faire le suivi et examiner l’information issue de documents, d’événements ou de l’environnement afin de cerner ou d’évaluer les problèmes et progrès. Ce descripteur est mesuré par niveau de compléxité sur une échelle de 1 à 5."
K01a03,Utilisation de documents,Descripteur,Activités du travail,"Lire, comprendre, retenir et utiliser les informations pertinentes tirées de textes, nombres, symboles, graphiques et images en format électronique ou papier."
K01a04,Synthèse d'information,Descripteur,Activités du travail,Rassembler en un tout cohérant des informations provenant de sources multiples pour en faire un résumé.
K01a05,Comparaison,Descripteur,Activités du travail,"Déterminer les caractéristiques fonctionnelles ou structurelles de données, de personnes ou de choses en trouvant les similitudes et les différences à partir d’un modèle ou de normes établies."
K01a06,Analyser des données ou de l’information,Descripteur,Activités du travail,"Déterminer les principes sous-jacents, les motifs à l’appui ou les faits en séparant l’information ou les données en parties distinctes. Ce descripteur est mesuré par niveau de compléxité sur une échelle de 1 à 5."
K01a07,Développer des instructions techniques,Descripteur,Activités du travail,"Fournir des documents, des instructions détaillées, des dessins ou des spécifications afin d’informer les autres sur la façon dont les appareils, les pièces, l’équipement ou les structures doivent être fabriqués, construits, assemblés, modifiés, entretenus ou utilisés. Ce descripteur est mesuré par niveau de compléxité sur une échelle de 1 à 5."
K01a08,Tâches administratives,Descripteur,Activités du travail,"Saisir, transcrire, consigner, enregistrer ou tenir à jour tout genre d’information sous forme écrite ou électronique. Ce descripteur est mesuré par niveau de compléxité sur une échelle de 1 à 5."
K01b,Identifier et évaluer l'information pertinente pour l'emploi,Groupe de similitudes,Activités du travail,
K01b01,"Identification d’objets, d'actions et d'événements",Descripteur,Activités du travail,"Identifier les informations en les classant par catégorie, en reconnaissant les différences et les similitudes, en mesurant, en enquêtant et en repérant les changements en lien avec les circonstances ou les événements. Ce descripteur est mesuré par niveau de compléxité sur une échelle de 1 à 5."
K01b02,Estimation des caractéristiques quantifiables,Descripteur,Activités du travail,"Estimer les coûts, ressources ou matériaux requis pour exécuter une activité professionnelle. Ce descripteur est mesuré par niveau de compléxité sur une échelle de 1 à 5."
K01b03,"Inspection d’équipements, de structures ou de matériaux",Descripteur,Activités du travail,"Inspecter l’équipement, les structures ou le matériel pour identifier la cause des erreurs, problèmes ou défauts. Ce descripteur est mesuré par niveau de compléxité sur une échelle de 1 à 5."
K01b04,Traiter de l’information,Descripteur,Activités du travail,"Compiler, catégoriser, présenter sous forme de tableau ou vérifier de l’information ou des données. Ce descripteur est mesuré par niveau de compléxité sur une échelle de 1 à 5."
K02,Activités axées sur la dimension physique,Sous-Categorie,Activités du travail,"Les activités physiques qui sont effectuées, les équipements et véhicules qui sont manœuvrés ou toutes autres activités techniques accomplies pour satisfaire aux exigences de l’emploi."
K02a,Exécution d'activités de travail physique et manuel,Groupe de similitudes,Activités du travail,
K02a01,Manipuler et déplacer des objets,Descripteur,Activités du travail,"Utiliser les mains et les bras pour installer, fabriquer et réparer des objets, ou déplacer ou manipuler des objets et matériaux (excluant les professions de la construction). Ce descripteur est mesuré par niveau de compléxité sur une échelle de 1 à 5."
K02a02,"Manœuvrer des véhicules, appareils ou équipements mécaniques",Descripteur,Activités du travail,"Manœuvrer, naviguer ou conduire des véhicules ou des machines, comme un chariot élévateur à fourche, un véhicule de passagers, un aéronef ou un navire. Ce descripteur est mesuré par niveau de compléxité sur une échelle de 1 à 5."
K02a03,Construire,Descripteur,Activités du travail,"Assembler des matériaux de construction pour former une structure, appliquer des finitions intérieures et extérieures ou installer des systèmes de construction en fonction de spécifications ou de plans."
K02a04,Contrôler des machines et des processus,Descripteur,Activités du travail,Utiliser des mécanismes ou l’activité physique pour contrôler le fonctionnement de machines ou processus (excluant les ordinateurs et les véhicules). Ce descripteur est mesuré par niveau de compléxité sur une échelle de 1 à 5.
K02a05,Manipuler - Opérer,Descripteur,Activités du travail,"Se servir d’outils manuels ou motorisés ou d’appareils spéciaux pour déplacer, enlever, installer, guider ou placer des objets ou des matériaux."
K02a06,Triage,Descripteur,Activités du travail,"Manipuler, retrouver, trier, séparer ou présenter des matériaux ou informations selon des modèles ou des procédures établis."
K02a07,Restauration,Descripteur,Activités du travail,Préparer ou cuisiner des aliments et des boissons en combinant des ingrédients.
K02a08,Effectuer des services de conciergerie,Descripteur,Activités du travail,"Nettoyer et entretenir des lieux commerciaux, publics ou privés."
K02a09,Performer des activités physiques,Descripteur,Activités du travail,"Effectuer des activités physiques qui exigent une utilisation des bras et des jambes et le déplacement de tout le corps, comme grimper, soulever, se tenir en équilibre, marcher, se baisser et manipuler des matériaux. Ce descripteur est mesuré par niveau de compléxité sur une échelle de 1 à 5."
K02b,Exécution d'activités complexes et techniques,Groupe de similitudes,Activités du travail,
K02b01,Dépanner et reprogrammer,Descripteur,Activités du travail,"Modifier des systèmes en procédant à des mises à jour, en modifiant les procédures, ou en corrigeant des défaillances."
K02b02,Conception artistique,Descripteur,Activités du travail,"Créer et concevoir des dessins artistiques et des représentations visuelles, et arranger des affichages, des expositions ou des décorations."
K02b03,Entretien électronique,Descripteur,Activités du travail,"Entretenir, réparer, calibrer, régler, mettre au point ou tester des machines, des appareils et de l’équipement qui fonctionnent sur des principes électriques ou électroniques. Ce descripteur est mesuré par niveau de compléxité sur une échelle de 1 à 5."
K02b04,Utiliser des ordinateurs,Descripteur,Activités du travail,"Utiliser des ordinateurs et systèmes informatiques (y compris du matériel et des logiciels) ainsi que les équipements dotés d'une interface numérique pour programmer, écrire des logiciels, configurer des fonctions, saisir des données, traiter de l’information ou contrôler des machines. Ce descripteur est mesuré par niveau de compléxité sur une échelle de 1 à 5."
K02b05,Entretien mécanique,Descripteur,Activités du travail,"Entretenir, réparer, ajuster ou tester des machines, des appareils, des pièces mobiles et de l’équipement qui fonctionnent selon des principes mécaniques. Ce descripteur est mesuré par niveau de compléxité sur une échelle de 1 à 5."
K02b06,Rédiger ou composer,Descripteur,Activités du travail,"Écrire ou composer des documents originaux en utilisant des symboles, tels que les lettres de l'alphabet ou la notation musicale pour communiquer des pensées et des idées sous une forme lisible ou audible."
K03,Activités axées sur les processus mentaux,Sous-Categorie,Activités du travail,"Les activités de traitement, de planification, de résolution de problèmes et de prise de décisions qui sont nécessaires à la réalisation globale d’un travail."
K03a,Traitement de l'information et des données,Groupe de similitudes,Activités du travail,
K03a01,Juger de la qualité,Descripteur,Activités du travail,"Évaluer la valeur, l’importance ou la qualité des matériaux, produits, services ou personnes. Ce descripteur est mesuré par niveau de compléxité sur une échelle de 1 à 5."
K03a02,Évaluer l’information pour vérifier la conformité,Descripteur,Activités du travail,"Utiliser les informations pertinentes ainsi que son jugement pour déterminer si les événements ou les processus sont conformes aux lois, aux règlements ou aux normes. Ce descripteur est mesuré par niveau de compléxité sur une échelle de 1 à 5."
K03a03,Calculer,Descripteur,Activités du travail,"Effectuer des opérations mathématiques, les interpréter et les rapporter dans le cadre de ses tâches."
K03b,Raisonnement et prise de décision,Groupe de similitudes,Activités du travail,
K03b01,Prendre des décisions,Descripteur,Activités du travail,Sélectionner la meilleure solution basée sur l'information analysée et l'évaluation des résultats potentiels. Ce descripteur est mesuré par niveau de compléxité sur une échelle de 1 à 5.
K03b02,Pensée créative,Descripteur,Activités du travail,"Générer des idées innovantes ou créatives pour développer ou concevoir de nouvelles applications, de nouveaux produits, y compris des contributions artistiques. Ce descripteur est mesuré par niveau de compléxité sur une échelle de 1 à 5."
K03b03,Élaborer des objectifs et des stratégies,Descripteur,Activités du travail,"Définir et établir des objectifs à moyen ou long terme, et déterminer des stratégies et des actions pour les atteindre. Ce descripteur est mesuré par niveau de compléxité sur une échelle de 1 à 5."
K03b04,Appliquer de nouvelles connaissances,Descripteur,Activités du travail,Se tenir au courant des connaissances théoriques et techniques pertinentes et les appliquer au travail. Ce descripteur est mesuré par niveau de compléxité sur une échelle de 1 à 5.
K03b05,Examiner et diagnostiquer,Descripteur,Activités du travail,"Évaluer les dimensions humaines ou animales,  techniques ou scientifiques d’un problème au moyen d’examen ou diagnostic afin de déterminer ses causes fondamentales et l’intervention appropriée (excluant toutes les formes d'entrevues)."
K03b06,Gérer des ressources,Descripteur,Activités du travail,"Déterminer, acquérir, surveiller et contrôler des ressources en tout genre et superviser les dépenses monétaires qui y sont attachées. Ce descripteur est mesuré par niveau de compléxité sur une échelle de 1 à 5."
K03b07,Planifier et organiser,Descripteur,Activités du travail,Élaborer des objectifs précis et des plans pour établir l’ordre de priorité et organiser les tâches afin que le travail s’effectue. Ce descripteur est mesuré par niveau de compléxité sur une échelle de 1 à 5.
K03b08,Établissement du calendrier du travail et des activités,Descripteur,Activités du travail,"Planifier des événements, des programmes et des activités, ainsi que le travail d’autres personnes. Ce descripteur est mesuré par niveau de compléxité sur une échelle de 1 à 5."
K04,Activités orientées vers les personnes,Sous-Categorie,Activités du travail,Les activités dont l’interaction sociale avec les autres est nécessaire pour satisfaire aux exigences de l’emploi.
K04a,Communiquer et interagir,Groupe de similitudes,Activités du travail,
K04a01,Communiquer avec les collègues de travail,Descripteur,Activités du travail,"Partager ou fournir des informations ou des conseils à la direction, aux superviseurs, aux collègues et aux subalternes sur des sujets liés au travail. Ce descripteur est mesuré par niveau de compléxité sur une échelle de 1 à 5."
K04a02,Coordonner le travail et les activités d’autres personnes,Descripteur,Activités du travail,Réunir les membres d’un groupe pour qu’ils travaillent ensemble en vue d’accomplir des tâches. Ce descripteur est mesuré par niveau de compléxité sur une échelle de 1 à 5.
K04a03,Animer des discussions de groupe,Descripteur,Activités du travail,"Encourager les échanges en facilitant la participation à des entrevues et des discussions de groupe afin d'améliorer le dialogue, la prise de décision ou la résolution de problèmes."
K04a04,Interpréter l’information pour d’autres personnes,Descripteur,Activités du travail,Traduire ou expliquer la signification de l’information ainsi que la façon dont elle peut être utilisée. Ce descripteur est mesuré par niveau de compléxité sur une échelle de 1 à 5.
K04a05,Protéger et faire respecter les lois,Descripteur,Activités du travail,"Répondre aux besoins en matière de sûreté et de sécurité publique, de cybersécurité, et promouvoir et assurer le respect des règles, normes ou lois visant à protéger la population générale contre tout type de danger important (excluant les traitements médicaux)."
K04a06,Communiquer avec des gens de l’extérieur de l’organisation,Descripteur,Activités du travail,"Partager ou échanger de l’information avec des personnes externes à l’organisation et représenter celle-ci auprès des clients, du public, des gouvernements ou d’autres sources externes. Ce descripteur est mesuré par niveau de compléxité sur une échelle de 1 à 5."
K04a07,Établir et maintenir des relations interpersonnelles,Descripteur,Activités du travail,"Établir des relations de travail respectueuses, constructives et axées sur la collaboration avec les autres et les maintenir au fil du temps. Ce descripteur est mesuré par niveau de compléxité sur une échelle de 1 à 5."
K04a08,Vendre ou influencer d’autres personnes,Descripteur,Activités du travail,"Convaincre les autres d'acheter des biens ou des services, de changer d'avis ou d'agir autrement. Ce descripteur est mesuré par niveau de compléxité sur une échelle de 1 à 5."
K04a09,Exécuter des tâches pour le public ou travailler directement avec lui,Descripteur,Activités du travail,Travailler ou interagir directement avec le public ou se produire devant un public. Ce descripteur est mesuré par niveau de compléxité sur une échelle de 1 à 5.
K04a11,Questionner des personnes,Descripteur,Activités du travail,Mener des entretiens formels individuellement ou en groupe pour recueillir des informations ou opinions (excluant les entretiens à des fin de dotation ou de recrutement).
K04a12,Offrir du soutien et soins à d’autres personnes,Descripteur,Activités du travail,"Fournir une aide personnalisée, des soins médicaux, un soutien émotionnel ou d’autres soins aux collègues, clients ou patients. Ce descripteur est mesuré par niveau de compléxité sur une échelle de 1 à 5."
K04b,"Coordination, développement, gestion et conseil",Groupe de similitudes,Activités du travail,
K04b01,Encadrer et former des personnes,Descripteur,Activités du travail,"Déterminer les besoins d’autres personnes en matière de perfectionnement, leur servir de mentor, les encadrer ou les aider à améliorer leurs connaissances ou compétences. Ce descripteur est mesuré par niveau de compléxité sur une échelle de 1 à 5."
K04b02,Fournir des conseils et avis,Descripteur,Activités du travail,Fournir des directives et des conseils d’experts à la direction ou à d’autres groupes sur des sujets techniques ou liés aux systèmes ou aux processus. Ce descripteur est mesuré par niveau de compléxité sur une échelle de 1 à 5.
K04b03,Résoudre des conflits et négocier avec d’autres personnes,Descripteur,Activités du travail,"Traiter les plaintes, régler les différends, résoudre les griefs et les conflits, ou négocier avec d’autres personnes. Ce descripteur est mesuré par niveau de compléxité sur une échelle de 1 à 5."
K04b04,Superviser des subalternes,Descripteur,Activités du travail,"Fournir des conseils et des directives aux subalternes, incluant l'établissement de normes de rendement pour l'évaluation de performance. Ce descripteur est mesuré par niveau de compléxité sur une échelle de 1 à 5."
K04b05,Développer une équipe,Descripteur,Activités du travail,Encourager et renforcer la confiance et le respect mutuel ainsi que la coopération entre les membres de l’équipe. Ce descripteur est mesuré par niveau de compléxité sur une échelle de 1 à 5.
K04b06,Former et enseigner,Descripteur,Activités du travail,"Déterminer les besoins d’autres personnes en matière d’éducation, élaborer des programmes d’études ou de formation ou développer le contenu des cours et les enseigner. Ce descripteur est mesuré par niveau de compléxité sur une échelle de 1 à 5."
K04c,Exercer des activités administratives,Groupe de similitudes,Activités du travail,
K04c01,Mener des activités de dotation,Descripteur,Activités du travail,"Recruter, mener des entrevues, sélectionner, embaucher et promouvoir des employés dans une organisation (excluant les entrevues qui ne sont pas  reliées au recrutement). Ce descripteur est mesuré par niveau de compléxité sur une échelle de 1 à 5."
