Code de profile professionnel SIPeC,Renseignements supplementaires
00011.00,Il existe une mobilité parmi les professions des cadres supérieurs.
00012.00,Il existe une mobilité parmi les professions des cadres supérieurs.
00012.00,"Les cadres supérieurs de ce groupe de base peuvent se spécialiser dans des domaines tels que les services financiers, le marketing, les ressources humaines ou dans un type de service particulier."
00013.00,Il existe une mobilité parmi les professions des cadres supérieurs.
00013.00,"Les cadres supérieurs de ce groupe de base peuvent se spécialiser dans les domaines tels que les finances, le marketing, les ressources humaines ou dans une sphère particulière des services."
00014.00,Il existe une mobilité parmi les professions des cadres supérieurs.
00014.00,"Les cadres supérieurs de ce groupe de base peuvent se spécialiser dans des domaines tels que les finances, le marketing, les ressources humaines ou dans la vente d'un produit particulier ou la prestation d'un service déterminé."
00015.00,Il existe une mobilité parmi les professions des cadres supérieurs.
00015.00,"Les cadres supérieurs de ce groupe de base peuvent se spécialiser dans les domaines tels que les finances, le marketing ou les ressources humaines, ou dans un type de service particulier."
10010.00,"L'expérience permet d'accéder à des postes de cadres supérieurs, tels que vice-président des finances."
10011.00,L'expérience permet d'accéder à des postes de cadres supérieurs.
10011.00,Les autres comités paritaires gérés par les directeurs des ressources humaines peuvent être concernés par des problèmes tels que l'alcoolisme ou la toxicomanie.
10019.00,"Les tâches des “greffiers d’un tribunal” peuvent inclure parfois celles des autres professions des services judiciaires, comme les “administrateurs de tribunaux” (dans la CNP 14.103) en fonction de l’emplacement et la taille du palais de justice."
10019.00,Les greffiers des tribunaux supérieurs peuvent aussi exercer diverses fonctions judiciaires.
10020.01,Il n'y a pas de mobilité entre les différents types de directeurs de ce groupe de base.
10020.01,L'expérience permet d'accéder à des postes de cadres supérieurs.
10020.02,Il n'y a pas de mobilité entre les différents types de directeurs de ce groupe de base.
10020.02,L'expérience permet d'accéder à des postes de cadres supérieurs.
10020.03,Il n'y a pas de mobilité entre les différents types de directeurs de ce groupe de base.
10020.03,L'expérience permet d'accéder à des postes de cadres supérieurs.
10020.04,Il n'y a pas de mobilité entre les différents types de directeurs de ce groupe de base.
10020.04,L'expérience permet d'accéder à des postes de cadres supérieurs.
10021.01,L'expérience permet d'accéder à des postes de cadres supérieurs dans ce domaine.
10021.02,L'expérience permet d'accéder à des postes de cadres supérieurs dans ce domaine.
10022.01,L'expérience permet d'accéder à des postes de cadres supérieurs.
10022.02,L'expérience permet d'accéder à des postes de cadres supérieurs.
10022.03,L'expérience permet d'accéder à des postes de cadres supérieurs.
10022.04,L'expérience permet d'accéder à des postes de cadres supérieurs.
10030.00,L'expérience permet d'accéder à des postes de cadres supérieurs de gestion en télécommunications.
11100.01,L'expérience permet d'accéder à des postes de gestion en vérification ou en comptabilité.
11100.02,"Il existe peu de mobilité entre les trois désignations professionnelles : comptables professionnels agréés, comptables agréés (CPA, CA), comptables professionnels agréés, comptables généraux licenciés (CPA, CGA) et comptables professionnels agréés, comptables en management accrédités (CPA, CMA)."
11100.02,L'expérience permet d'accéder à des postes de gestion en vérification ou en comptabilité.
11101.01,"L'expérience permet d'accéder à des postes de direction, tel que directeur des valeurs mobilières."
11101.02,"L'expérience permet d'accéder à des postes de direction, tel que directeur des valeurs mobilières."
11102.00,"Bien que ces types de postes demandent un niveau élevé de formation et de qualification, les personnes qui occupent ces postes doivent constamment mettre à jour leurs connaissances et chercher à se perfectionner."
11102.00,L'expérience permet d'accéder à des postes de direction des services financiers.
11103.01,L'expérience permet d'accéder à des postes de direction connexes.
11103.02,L'expérience permet d'accéder à des postes de direction connexes.
11109.01,"Bien que ces types de postes demandent un niveau élevé de formation et de qualification, les personnes qui occupent ces postes doivent constamment mettre à jour leurs connaissances et chercher à se perfectionner."
11109.01,L'expérience permet d'accéder à des postes de direction des services financiers.
11109.02,"Bien que ces types de postes demandent un niveau élevé de formation et de qualification, les personnes qui occupent ces postes doivent constamment mettre à jour leurs connaissances et chercher à se perfectionner."
11109.02,L'expérience permet d'accéder à des postes de direction des services financiers.
11109.03,"Bien que ces types de postes demandent un niveau élevé de formation et de qualification, les personnes qui occupent ces postes doivent constamment mettre à jour leurs connaissances et chercher à se perfectionner."
11109.03,L'expérience permet d'accéder à des postes de direction des services financiers.
11109.04,"Bien que ces types de postes demandent un niveau élevé de formation et de qualification, les personnes qui occupent ces postes doivent constamment mettre à jour leurs connaissances et chercher à se perfectionner."
11109.04,L'expérience permet d'accéder à des postes de direction des services financiers.
11109.05,"Bien que ces types de postes demandent un niveau élevé de formation et de qualification, les personnes qui occupent ces postes doivent constamment mettre à jour leurs connaissances et chercher à se perfectionner."
11109.05,L'expérience permet d'accéder à des postes de direction des services financiers.
11200.00,L'expérience permet d'accéder à des postes de gestion.
11201.00,L'expérience permet d'accéder à des postes supérieurs ou de direction.
11202.00,"L'expérience et une formation supplémentaire permettent d'accéder à des postes de gestion en relations publiques, en communications et en collecte de fonds."
11202.00,"Les agents littéraires se spécialisent dans la représentation d'auteurs et d'écrivains dans un genre particulier. Les gérants d'artistes s'occupent de chanteurs, de musiciens, d'acteurs et comédiens ou d'autres artistes de la scène. Les agents d'athlètes se spécialisent dans la représentation de certains athlètes ou de certaines équipes sportives."
12101.00,L'expérience permet d'accéder à des postes de spécialiste ou de gestionnaire.
12102.00,L'expérience permet d'accéder à des postes de gestion.
12102.00,"Les agents en approvisionnement et aux achats peuvent se spécialiser dans l'achat de matériel ou de services aux entreprises, tels que des meubles ou les droits d'accès."
12104.01,L'expérience permet d'accéder à des postes de gestion dans ces domaines.
12104.02,L'expérience permet d'accéder à des postes de gestion dans ces domaines.
12110.01,"Il existe une certaine mobilité entre les professions de ce groupe et les professions qui exigent des connaissances terminologiques comparables, comme celles en secrétariat juridique ou médical."
12110.02,"Il existe une certaine mobilité entre les professions de ce groupe et les professions qui exigent des connaissances terminologiques comparables, comme celles en secrétariat juridique ou médical."
12111.00,L'expérience permet d'accéder à des postes de supervision.
12111.00,Une formation additionnelle et l'expérience permettent d'accéder à des postes de direction.
12112.00,Une formation additionnelle et l'expérience permettent d'accéder à des postes de supervision.
12113.00,L'expérience permet d'accéder à des postes de supervision. Un diplôme d'études supérieures est habituellement exigé pour accéder à des postes de professionnels en statistiques et en recherche.
12200.00,Une formation supplémentaire permet d'accéder à des postes en comptabilité professionnelle.
12201.01,"Un programme de formation, offert par l'Institut d'assurance du Canada ou son équivalent provincial, permet aux experts en sinistres et aux rédacteurs en sinistres d'être reconnus comme Professionnel d'assurance agréé (PAA) ou comme Fellow, Professionnel d'assurance agréé (FPAA), après avoir suivi des cours universitaires supplémentaires."
12202.00,L'expérience permet d'accéder à des postes de direction dans l'industrie de l'assurance.
12202.00,"Un programme de formation, offert par l'Institut d'assurance du Canada ou son équivalent provincial, permet à l'assureur d'être reconnu comme Professionnel d'assurance agréé (PAA) ou comme fellow, Professionnel d'assurance agréé (FPAA), après avoir suivi des cours universitaires supplémentaires."
12203.01,L'expérience permet d'accéder à des postes de direction dans chacun de ces domaines.
12203.01,"Les estimateurs peuvent se spécialiser en tant qu'experts-conseils dans un domaine en particulier de l'appréciation, tel que le secteur résidentiel, commercial, industriel ou institutionnel ou de terrains agricoles."
12203.02,L'expérience permet d'accéder à des postes de direction dans chacun de ces domaines.
12203.03,L'expérience permet d'accéder à des postes de direction dans chacun de ces domaines.
12203.03,"Les évaluateurs peuvent se spécialiser dans un domaine en particulier de l'évaluation, tel que l'évaluation immobilière."
13100.00,L'expérience permet d'accéder à des postes de gestion des services administratifs.
13102.00,L'expérience permet d'accéder à des postes de supervision.
13200.01,Il n'y a pas de mobilité possible entre les différents courtiers compris dans ce groupe de base.
13200.02,Il n'y a pas de mobilité possible entre les différents courtiers compris dans ce groupe de base.
13201.01,L'expérience permet d'accéder à des postes de supervision.
13201.02,L'expérience permet d'accéder à des postes de supervision.
14100.01,L'expérience permet d'accéder à des postes de supervision ou de gestion de bureau.
14100.01,L'expérience et la formation supplémentaire permettent d'accéder à des postes de dirigeant.
14100.02,L'expérience permet d'accéder à des postes de supervision ou de gestion de bureau.
14100.02,L'expérience et la formation supplémentaire permettent d'accéder à des postes de dirigeant.
14101.01,Certains réceptionnistes doivent être bilingues ou plurilingues pour exercer leurs fonctions.
14101.01,L'expérience permet d'accéder à des postes de supervision.
14101.02,L'expérience permet d'accéder à des postes de supervision.
14101.03,L'expérience permet d'accéder à des postes de supervision.
14101.04,L'expérience permet d'accéder à des postes de supervision.
14102.00,L'expérience permet d'accéder à des postes de supervision.
14102.00,De l'expérience et une formation supplémentaire permettent d'accéder à des postes d'agents.
14103.00,L'expérience permet d'accéder à des postes de supervision ou de direction des services judiciaires.
14103.00,"Les tâches des administrateurs des tribunaux peuvent inclure celles des commis des services judiciaires et celles des officiers de justice en fonction, de la région et de la taille du palais de justice."
14111.00,L'expérience permet d'accéder à des postes à un échelon supérieur.
14112.01,L'expérience permet d'accéder à des postes de supervision.
14112.02,L'expérience permet d'accéder à des postes de supervision.
14200.00,"L'expérience et une formation supplémentaire permettent d'accéder à des postes de supervision ou à des postes spécialisés en finances, tels que ceux de superviseur des comptes fournisseurs, teneur de livres ou de chef de bureau."
14201.01,L'expérience permet d'accéder à des postes de supervision.
14201.02,L'expérience permet d'accéder à des postes de supervision.
14201.03,L'expérience permet d'accéder à des postes de supervision.
14202.00,L'expérience permet d'accéder à des postes supérieurs ou de supervision.
14300.00,L'expérience et les études postsecondaires en bibliothéconomie permettent d'accéder à des postes aux échelons supérieurs.
14301.01,L'expérience permet d'accéder à des postes de supervision.
14301.02,L'expérience permet d'accéder à des postes de supervision.
14301.03,L'expérience permet d'accéder à des postes de supervision.
14301.04,L'expérience permet d'accéder à des postes de supervision.
14301.05,L'expérience permet d'accéder à des postes de supervision.
14400.00,L'expérience ou une formation supplémentaire permet aux expéditeurs et aux réceptionnaires d'accéder à des postes de supervision.
14401.00,La mention Sceau rouge permet une mobilité interprovinciale.
14401.00,Une expérience ou une formation supplémentaire permet d'accéder à des postes de supervision.
14401.00,"Les commis aux pièces peuvent se spécialiser dans une catégorie de pièces en particulier, telles que les pièces pour automobiles, véhicules récréatifs, embarcations, machinerie lourde et agricole et les pièces des systèmes de chauffage, de ventilation et de climatisation ou de réfrigération."
14402.00,L'expérience permet d'accéder à des postes de coordonnateurs.
14403.01,Les fonctions de commis aux achats et de commis au contrôle de l'inventaire peuvent se chevaucher dans certains établissements.
14403.01,"L'expérience ou une formation supplémentaire permet d'accéder à des postes de supervision ou à des postes plus élevés, tels que ceux d'agent aux achats ou d'acheteur de commerce de détail."
14403.02,Les fonctions de commis aux achats et de commis au contrôle de l'inventaire peuvent se chevaucher dans certains établissements.
14403.02,"L'expérience ou une formation supplémentaire permet d'accéder à des postes de supervision ou à des postes plus élevés, tels que ceux d'agent aux achats ou d'acheteur de commerce de détail."
14405.00,La mobilité entre les professions de ce groupe de base est limitée en raison de la nécessité d'acquérir une expérience au sein du secteur visé.
14405.00,L'expérience permet d'accéder à des postes de supervision.
20010.00,"L'expérience permet d'accéder à d'autres postes de direction technique, ou des postes de recherche ou de cadre supérieur."
20011.01,L'expérience permet d'accéder à des postes de cadres supérieurs dans les domaines d'expertise.
20011.02,L'expérience permet d'accéder à des postes de cadres supérieurs dans les domaines d'expertise.
21100.01,L'expérience permet d'accéder à d'autres spécialisations en physique ou en astronomie.
21100.01,Les physiciens peuvent travailler en étroite collaboration avec les ingénieurs et s'acquitter de quelques-unes de leurs fonctions.
21100.01,L'expérience permet d'accéder à des postes de direction.
21100.01,"Les physiciens peuvent se spécialiser dans les domaines tels que l'aéronomie et la physique spatiale, l'acoustique, la physique atomique et moléculaire, la biophysique ou l'étude de la matière à l'état condensé ou à l'état solide, l'électromagnétisme, les fluides et l'aérodynamique, la physique de la santé, la physique médicale, la métrologie, l'optique et la physique des lasers, la physique nucléaire, la physique des particules et celle des plasmas."
21100.02,L'expérience permet d'accéder à d'autres spécialisations en physique ou en astronomie.
21100.02,"La mobilité est possible dans les domaines de la météorologie, de la géophysique et autres domaines scientifiques."
21100.02,L'expérience permet d'accéder à des postes de direction.
21100.02,"Les astronomes peuvent se spécialiser dans des domaines tels que l'astronomie d'optique ou d'observation, l'astrophysique ou la radioastronomie."
21101.00,Les professionnels de ce groupe peuvent passer d'une spécialité à une autre selon l'expérience acquise.
21101.00,"L'expérience permet d'accéder à des postes de gestion des usines, de représentation technique, d'élaboration et de gestion de programmes de réglementation et d'enseignement."
21102.01,L'expérience permet aux personnes de ce groupe de passer d'une spécialité à une autre.
21102.01,L'expérience permet d'accéder à des postes supérieurs ou de supervision dans ce groupe de base.
21102.01,"L'expérience permet d'accéder à des postes de gestion dans l'industrie minière, pétrolière ou dans d'autres industries."
21102.01,"Les géologues peuvent se spécialiser dans les domaines tels que la géologie houillère, la géologie environnementale, la géochronologie, l'hydrogéologie, les gisements miniers et minéraux, la géologie du pétrole, la stratigraphie, la géologie tectonique, la volcanologie et d'autres domaines."
21102.01,"Les géochimistes peuvent se spécialiser en géochimie analytique, en géochimie pétrolière ou minérale, en hydrogéochimie ou dans d'autres domaines."
21102.01,"Les géophysiciens peuvent se spécialiser en géologie du pétrole, en physique de la terre, en géodésie, en géologie électromagnétique, en séismologie, et dans d'autres domaines."
21102.02,L'expérience permet aux personnes de ce groupe de passer d'une spécialité à une autre.
21102.02,L'expérience permet d'accéder à des postes supérieurs ou de supervision dans ce groupe de base.
21102.02,"L'expérience permet d'accéder à des postes de gestion dans l'industrie minière, pétrolière ou dans d'autres industries."
21102.02,"Les océanographes peuvent se spécialiser en océanographie biologique, chimique, géologique ou physique, ou dans d'autres domaines reliés à l'étude des océans."
21109.01,L'expérience permet parfois la mobilité entre les spécialisations de ce groupe de base.
21109.01,L'expérience permet d'accéder à d'autres domaines des sciences physiques ou à des postes de gestion ou de gestion des programmes de réglementation.
21109.02,L'expérience permet parfois la mobilité entre les spécialisations de ce groupe de base.
21109.02,L'expérience permet d'accéder à d'autres domaines des sciences physiques ou à des postes de gestion ou de gestion des programmes de réglementation.
21109.03,L'expérience permet parfois la mobilité entre les spécialisations de ce groupe de base.
21109.03,L'expérience permet d'accéder à d'autres domaines des sciences physiques ou à des postes de gestion ou de gestion des programmes de réglementation.
21109.04,L'expérience permet parfois la mobilité entre les spécialisations de ce groupe de base.
21109.04,L'expérience permet d'accéder à d'autres domaines des sciences physiques ou à des postes de gestion ou de gestion des programmes de réglementation.
21110.01,"Les biologistes et personnel scientifique assimilé peuvent se spécialiser au niveau macroscopique, dans les domaines tels que la botanique, la zoologie, l'écologie et la biologie marine, ou, au niveau cellulaire et moléculaire, dans les domaines tels que la génétique, l'immunologie, la pharmacologie, la toxicologie, la physiologie, la pathologie, la bactériologie, la virologie, la biotechnologie et la bioinformatique."
21110.02,"Les biologistes et personnel scientifique assimilé peuvent se spécialiser au niveau macroscopique, dans les domaines tels que la botanique, la zoologie, l'écologie et la biologie marine, ou, au niveau cellulaire et moléculaire, dans les domaines tels que la génétique, l'immunologie, la pharmacologie, la toxicologie, la physiologie, la pathologie, la bactériologie, la virologie, la biotechnologie et la bioinformatique."
21111.00,L'expérience permet d'accéder à des postes supérieurs et de supervision dans ce groupe de base.
21111.00,L'expérience permet d'accéder à des postes de gestion au gouvernement et dans l'industrie.
21112.00,L'expérience permet d'accéder à des postes de direction.
21112.00,"Les agronomes, les conseillers et les spécialistes en agriculture peuvent se spécialiser dans des domaines particuliers de l'agriculture tels que les sciences animales, les plantes de grande culture, l'horticulture, la science du sol, l'irrigation ou le drainage, la gestion agricole, la commercialisation, l'économie agricole, l'utilisation des sols, la gestion de l'environnement, l'évaluation ou l'éducation."
21200.00,"L'expérience permet d'accéder à des postes supérieurs, tels qu'architecte en chef."
21200.00,"Les architectes peuvent se spécialiser dans un genre particulier de construction tel que la construction de bâtiments résidentiels, commerciaux, industriels ou institutionnels."
21202.00,L'expérience permet d'accéder à des postes de gestion en planification.
21203.00,"Selon la loi fédérale, les arpenteurs-géomètres doivent obtenir un permis distinct de l'Association des arpenteurs des terres du Canada pour pouvoir arpenter des endroits tels que les parcs nationaux, les terres autochtones, les zones extracôtières et les territoires du Nord."
21210.03,"L'expérience permet aux actuaires d'accéder à des postes de gestion en finance, en assurance et en services-conseils.  Ils peuvent aussi être des travailleurs autonomes."
21230.00,L'expérience permet d'accéder à des postes d'analystes en informatique.
21232.00,L'expérience permet d'accéder à des postes d'ingénieurs en logiciel.
21300.00,Il y a une très grande mobilité entre les spécialisations de génie civil dans les postes de niveau inférieur.
21300.00,L'expérience est exigée afin d'accéder à des postes supérieurs ou de supervision dans ce groupe de base.
21300.00,"Les ingénieurs travaillent souvent dans un environnement multidisciplinaire et acquièrent des connaissances et des compétences qui leur permettent d'exercer leur profession dans les domaines connexes des sciences, du génie, des ventes, de la commercialisation ou de la gestion."
21301.00,L'expérience est exigée afin d'accéder à des postes supérieurs ou de supervision dans ce groupe de base.
21301.00,"Les ingénieurs mécaniciens travaillent en étroite collaboration avec les ingénieurs civils, électriciens, chimistes, industriels, les ingénieurs de l'aérospatiale et autres ingénieurs. La mobilité est possible entre certains champs de spécialisation de ces disciplines."
21301.00,Il y a une très grande mobilité entre les spécialisations de génie mécanique dans les postes de niveaux inférieurs.
21301.00,"Les ingénieurs travaillent souvent dans un environnement multidisciplinaire et acquièrent des connaissances et des compétences qui leur permettent d'exercer leur profession dans les domaines connexes des sciences, du génie, des ventes, de la commercialisation ou de la gestion."
21310.00,L'expérience est exigée afin d'accéder à des postes supérieurs ou de supervision dans ce groupe de base.
21310.00,"Les ingénieurs travaillent souvent dans un environnement multidisciplinaire et acquièrent des connaissances et des compétences qui leur permettent d'exercer leur profession dans les domaines connexes des sciences, du génie, des ventes, de la commercialisation ou de la gestion."
21310.00,"Les ingénieurs électriciens et électroniciens peuvent se spécialiser dans un certain nombre de domaines, notamment la conception d'installations électriques résidentielles, commerciales ou industrielles, la production et la transmission d'énergie électrique et les systèmes d'instrumentation et de contrôle."
21311.01,L'expérience est exigée afin d'accéder à des postes supérieurs ou de supervision dans ce groupe de base.
21311.01,"Les ingénieurs travaillent souvent dans un environnement multidisciplinaire et acquièrent des connaissances et des compétences qui leur permettent d'exercer leur profession dans les domaines connexes des sciences, du génie, des ventes, de la commercialisation ou de la gestion."
21311.01,"Les ingénieurs informaticiens peuvent se spécialiser dans divers domaines, dont le traitement des signaux analogues et numériques, les circuits intégrés, les micro-ondes, les fibres optiques, les lasers, les microprocesseurs et la radioastronomie."
21311.02,L'expérience est exigée afin d'accéder à des postes supérieurs ou de supervision dans ce groupe de base.
21311.02,"Les ingénieurs travaillent souvent dans un environnement multidisciplinaire et acquièrent des connaissances et des compétences qui leur permettent d'exercer leur profession dans les domaines connexes des sciences, du génie, des ventes, de la commercialisation ou de la gestion."
21320.00,Il y a une très grande mobilité entre les spécialisations de génie chimique dans les postes aux niveaux inférieurs.
21320.00,L'expérience est exigée afin d'accéder à des postes supérieurs ou de supervision dans ce groupe de base.
21320.00,"Les ingénieurs travaillent souvent dans un environnement multidisciplinaire et acquièrent des connaissances et des compétences qui leur permettent d'exercer leur profession dans les domaines connexes des sciences, du génie, des ventes, de la commercialisation ou de la gestion."
21320.00,Les ingénieurs chimistes travaillent en étroite collaboration avec les chimistes et d'autres scientifiques et ingénieurs. La mobilité est possible entre certains champs de spécialisation de ces disciplines.
21320.00,"Les ingénieurs chimistes peuvent se spécialiser dans le domaine des produits et des procédés d'un secteur industriel particulier, tel que la fabrication des pâtes et papiers, les produits pharmaceutiques, le raffinage du pétrole, le traitement de l'énergie, les plastiques, l'extraction et l'affinage des minerais ou la production d'adhésifs et de revêtements. Ils peuvent aussi se spécialiser dans des domaines fonctionnels de diverses industries, tels que le contrôle des procédés, le contrôle de la pollution ou les processus de fermentation."
21321.00,"Les ingénieurs d'industrie élaborent et mettent en oeuvre des systèmes organisationnels et de gestion, et les ingénieurs de fabrication conçoivent des procédés de production."
21321.00,Il y a une très grande mobilité entre les spécialisations de génie industriel dans les postes aux niveaux inférieurs.
21321.00,L'expérience est exigée afin d'accéder à des postes supérieurs ou de supervision dans ce groupe de base.
21321.00,"Les ingénieurs travaillent souvent dans un environnement multidisciplinaire et acquièrent des connaissances et des compétences qui leur permettent d'exercer leur profession dans les domaines connexes des sciences, du génie, des ventes, de la commercialisation ou de la gestion."
21322.00,"Les ingénieurs métallurgistes effectuent des recherches et mettent au point des alliages et des systèmes nouveaux permettant d'extraire les métaux des minerais, tandis que les ingénieurs des matériaux effectuent des recherches et mettent au point des matières non métalliques nouvelles possédant des caractéristiques physiques conformes à des exigences précises."
21322.00,Il y a une très grande mobilité entre les spécialisations de génie métallurgique et des matériaux dans les postes aux niveaux inférieurs.
21322.00,L'expérience est exigée afin d'accéder à des postes supérieurs ou de supervision dans ce groupe de base.
21322.00,Les ingénieurs métallurgiques et des matériaux travaillent en étroite collaboration avec les autres ingénieurs et scientifiques. La mobilité est possible entre certains champs de spécialisation de ces disciplines.
21322.00,"Les ingénieurs travaillent souvent dans un environnement multidisciplinaire et acquièrent des connaissances et des compétences qui leur permettent d'exercer leur profession dans les domaines connexes des sciences, du génie, des ventes, de la commercialisation ou de la gestion."
21330.00,L'expérience est exigée afin d'accéder à des postes supérieurs ou de supervision dans ce groupe de base.
21330.00,"Les ingénieurs miniers travaillent en étroite collaboration avec les géologues, les ingénieurs géologues, les ingénieurs métallurgistes et autres ingénieurs et scientifiques. La mobilité est possible entre certains champs de spécialisation de ces disciplines."
21330.00,"Les ingénieurs travaillent souvent dans un environnement multidisciplinaire et acquièrent des connaissances et des compétences qui leur permettent d'exercer leur profession dans les domaines connexes des sciences, du génie, des ventes, de la commercialisation ou de la gestion."
21331.00,Il y a une très grande mobilité entre les spécialisations de génie dans les postes de niveau inférieur.
21331.00,L'expérience est exigée afin d'accéder à des postes supérieurs ou de supervision dans ce groupe de base.
21331.00,Les ingénieurs géologiques travaillent en étroite collaboration avec les géologues et autres scientifiques et ingénieurs. La mobilité est possible entre certains champs de spécialisation de ces disciplines.
21331.00,"Les ingénieurs travaillent souvent dans un environnement multidisciplinaire et acquièrent des connaissances et des compétences qui leur permettent d'exercer leur profession dans les domaines connexes des sciences, du génie, des ventes, de la commercialisation ou de la gestion."
21332.00,Il existe une mobilité entre les spécialisations de génie de l'extraction et du raffinage du pétrole dans les postes aux niveaux inférieurs.
21332.00,L'expérience est exigée afin d'accéder à des postes supérieurs ou de supervision dans ce groupe de base.
21332.00,"Les ingénieurs travaillent souvent dans un environnement multidisciplinaire et acquièrent des connaissances et des compétences qui leur permettent d'exercer leur profession dans les domaines connexes des sciences, du génie, des ventes, de la commercialisation ou de la gestion."
21332.00,"Les ingénieurs de l'extraction et du raffinage du pétrole peuvent se spécialiser en forage, en production, en analyse de réservoir ou dans les opérations sous-marines."
21390.00,Il existe une très grande mobilité entre les spécialisations de génie en aérospatiale dans les postes de niveau inférieur.
21390.00,L'expérience est exigée afin d'accéder à des postes supérieurs ou de supervision dans ce groupe de base.
21390.00,Les ingénieurs en aérospatiale travaillent en étroite collaboration avec d'autres scientifiques et ingénieurs. La mobilité est possible entre certains champs de spécialisation de ces disciplines.
21390.00,"Les ingénieurs travaillent souvent dans un environnement multidisciplinaire et acquièrent des connaissances et des compétences qui leur permettent d'exercer leur profession dans les domaines connexes des sciences, du génie, des ventes, de la commercialisation ou de la gestion."
21399.01,La mobilité entre les spécialisations en génie est limitée dans ce groupe de base.
21399.01,L'expérience est exigée afin d'accéder à des postes supérieurs ou de supervision dans ce groupe de base.
21399.01,"Les ingénieurs travaillent souvent dans un environnement multidisciplinaire et acquièrent des connaissances et des compétences qui leur permettent d'exercer leur profession dans les domaines connexes des sciences, du génie, des ventes, de la commercialisation ou de la gestion."
21399.02,La mobilité entre les spécialisations en génie est limitée dans ce groupe de base.
21399.02,L'expérience est exigée afin d'accéder à des postes supérieurs ou de supervision dans ce groupe de base.
21399.02,"Les ingénieurs travaillent souvent dans un environnement multidisciplinaire et acquièrent des connaissances et des compétences qui leur permettent d'exercer leur profession dans les domaines connexes des sciences, du génie, des ventes, de la commercialisation ou de la gestion."
21399.03,La mobilité entre les spécialisations en génie est limitée dans ce groupe de base.
21399.03,L'expérience est exigée afin d'accéder à des postes supérieurs ou de supervision dans ce groupe de base.
21399.03,"Les ingénieurs travaillent souvent dans un environnement multidisciplinaire et acquièrent des connaissances et des compétences qui leur permettent d'exercer leur profession dans les domaines connexes des sciences, du génie, des ventes, de la commercialisation ou de la gestion."
21399.04,La mobilité entre les spécialisations en génie est limitée dans ce groupe de base.
21399.04,L'expérience est exigée afin d'accéder à des postes supérieurs ou de supervision dans ce groupe de base.
21399.04,"Les ingénieurs travaillent souvent dans un environnement multidisciplinaire et acquièrent des connaissances et des compétences qui leur permettent d'exercer leur profession dans les domaines connexes des sciences, du génie, des ventes, de la commercialisation ou de la gestion."
21399.05,La mobilité entre les spécialisations en génie est limitée dans ce groupe de base.
21399.05,L'expérience est exigée afin d'accéder à des postes supérieurs ou de supervision dans ce groupe de base.
21399.05,"Les ingénieurs travaillent souvent dans un environnement multidisciplinaire et acquièrent des connaissances et des compétences qui leur permettent d'exercer leur profession dans les domaines connexes des sciences, du génie, des ventes, de la commercialisation ou de la gestion."
22100.01,Une grande mobilité existe entre les postes de ce groupe de base.
22100.01,L'expérience permet d'accéder à des postes de gestion.
22100.01,Certains technologues et techniciens en chimie qui travaillent en recherche fondamentale en chimie ou en biochimie possèdent un diplôme universitaire.
22100.02,Une grande mobilité existe entre les postes de ce groupe de base.
22100.02,L'expérience permet d'accéder à des postes de gestion.
22100.02,Certains technologues et techniciens en chimie qui travaillent en recherche fondamentale en chimie ou en biochimie possèdent un diplôme universitaire.
22101.01,La mobilité parmi les professions de ce groupe de base est limitée.
22101.01,La mobilité peut être possible entre les professions en technologie géophysique et les professions en électronique.
22101.01,La mobilité peut être possible entre les professions comprises dans ce groupe et celles des domaines connexes en génie civil.
22101.02,La mobilité parmi les professions de ce groupe de base est limitée.
22101.02,La mobilité peut être possible entre les professions en technologie géophysique et les professions en électronique.
22101.02,La mobilité peut être possible entre les professions comprises dans ce groupe et celles des domaines connexes en génie civil.
22110.01,La mobilité parmi les professions de ce groupe de base est limitée.
22110.01,Certains technologues et techniciens qui exercent les fonctions de soutien dans des programmes de recherche en biologie pour le gouvernement ou des universités sont des diplômés d'université.
22110.02,La mobilité parmi les professions de ce groupe de base est limitée.
22110.02,Certains technologues et techniciens qui exercent les fonctions de soutien dans des programmes de recherche en biologie pour le gouvernement ou des universités sont des diplômés d'université.
22111.01,L'expérience permet d'accéder à des postes de direction.
22111.02,L'expérience permet d'accéder à des postes de direction.
22111.03,L'expérience permet d'accéder à des postes de direction.
22111.04,L'expérience permet d'accéder à des postes de direction.
22111.05,L'expérience permet d'accéder à des postes de direction.
22112.00,Il est possible d'accéder à des postes dans le domaine de la gestion des ressources naturelles et de la faune ainsi qu'en gestion des parcs.
22113.00,L'expérience permet d'accéder à des postes supérieurs et de supervision.
22114.01,La mention Sceau rouge permet une mobilité interprovinciale.
22114.02,La mention Sceau rouge permet une mobilité interprovinciale.
22114.03,La mention Sceau rouge permet une mobilité interprovinciale.
22114.04,La mention Sceau rouge permet une mobilité interprovinciale.
22114.05,La mention Sceau rouge permet une mobilité interprovinciale.
22114.06,La mention Sceau rouge permet une mobilité interprovinciale.
22114.07,La mention Sceau rouge permet une mobilité interprovinciale.
22210.00,"Il existe une mobilité entre les postes tels que dessinateurs, technologues et techniciens du génie civil, estimateurs en construction et inspecteurs en construction."
22210.00,L'expérience permet d'accéder à des postes de supervision.
22211.00,Il existe une certaine mobilité entre les postes de ce groupe.
22211.00,Il est possible d'accéder à d'autres postes de designers.
22212.01,"La mobilité est possible vers les postes en techniques de génie mécanique, électrique ou civil, ou vers d'autres postes en techniques de dessin d'ingénierie, moyennant une spécialisation scolaire ou de l'expérience de travail."
22212.01,Les travailleurs en dessin ou en dessin d'ingénierie occupant des postes supérieurs ou de supervision doivent posséder de l'expérience.
22212.02,"La mobilité est possible vers les postes en techniques de génie mécanique, électrique ou civil, ou vers d'autres postes en techniques de dessin d'ingénierie, moyennant une spécialisation scolaire ou de l'expérience de travail."
22212.02,Les travailleurs en dessin ou en dessin d'ingénierie occupant des postes supérieurs ou de supervision doivent posséder de l'expérience.
22213.01,Il existe une certaine mobilité entre les différents postes de ce groupe de base.
22213.01,L'expérience permet d'accéder à des postes de supervision.
22213.01,L'accréditation et la réussite des examens d'arpenteur-géomètre permettent aux technologues et aux techniciens de devenir arpenteur-géomètre.
22213.01,"La géomatique est un champ interdisciplinaire comprenant la collecte, l'analyse et la présentation de données à référence spatiale."
22213.01,"Les technologues et les techniciens en arpentage peuvent se spécialiser dans un des domaines de levés suivants : levés géodésiques, levés topographiques, levés légaux (cadastres) ou levés en génie."
22213.02,Il existe une certaine mobilité entre les différents postes de ce groupe de base.
22213.02,L'expérience permet d'accéder à des postes de supervision.
22213.02,L'accréditation et la réussite des examens d'arpenteur-géomètre permettent aux technologues et aux techniciens de devenir arpenteur-géomètre.
22213.02,"La géomatique est un champ interdisciplinaire comprenant la collecte, l'analyse et la présentation de données à référence spatiale."
22213.02,"Les technologues et les techniciens en arpentage peuvent se spécialiser dans un des domaines de levés suivants : levés géodésiques, levés topographiques, levés légaux (cadastres) ou levés en génie."
22214.01,"La géomatique est un champ interdisciplinaire comprenant la collecte, l'analyse et la présentation de données à référence spatiale."
22214.01,Il existe une certaine mobilité entre les postes de ce groupe de base.
22214.02,"La géomatique est un champ interdisciplinaire comprenant la collecte, l'analyse et la présentation de données à référence spatiale."
22214.02,Il existe une certaine mobilité entre les postes de ce groupe de base.
22214.03,"La géomatique est un champ interdisciplinaire comprenant la collecte, l'analyse et la présentation de données à référence spatiale."
22214.03,Il existe une certaine mobilité entre les postes de ce groupe de base.
22214.04,"La géomatique est un champ interdisciplinaire comprenant la collecte, l'analyse et la présentation de données à référence spatiale."
22214.04,Il existe une certaine mobilité entre les postes de ce groupe de base.
22214.05,"La géomatique est un champ interdisciplinaire comprenant la collecte, l'analyse et la présentation de données à référence spatiale."
22214.05,Il existe une certaine mobilité entre les postes de ce groupe de base.
22220.01,"L'expérience permet d'accéder à des postes en programmation informatique, en développement de médias interactifs, en développement Web ou en analyse de systèmes."
22220.02,"L'expérience permet d'accéder à des postes en programmation informatique, en développement de médias interactifs, en développement Web ou en analyse de systèmes."
22221.00,"L'expérience permet d'accéder à des postes en programmation informatique, en développement de médias interactifs, en développement Web ou en analyse de systèmes."
22222.00,"L'expérience permet d'accéder à des postes en programmation informatique, en développement de médias interactifs, en développement Web ou en analyse de systèmes."
22233.00,L'expérience permet d'accéder à des postes de gestion en construction.
22300.01,"Il existe une certaine mobilité vers des postes tels que technologues et techniciens en arpentage, inspecteurs et estimateurs en construction."
22300.01,L'expérience permet d'accéder à des postes de supervision en construction ou de gestion de la construction.
22300.02,"Il existe une certaine mobilité vers des postes tels que technologues et techniciens en arpentage, inspecteurs et estimateurs en construction."
22300.02,L'expérience permet d'accéder à des postes de supervision en construction ou de gestion de la construction.
22301.01,"La mobilité est possible vers d'autres postes connexes, tels que les postes dans la vente de matériel technique ou des postes de technologues et de techniciens en dessin."
22301.01,"L'expérience permet d'accéder à des postes de supervision comme ceux de superviseur de projets de construction d'installations mécaniques, de superviseur de la fabrication ou de directeur des opérations d'entretien."
22301.02,"La mobilité est possible vers d'autres postes connexes, tels que les postes dans la vente de matériel technique ou des postes de technologues et de techniciens en dessin."
22301.02,"L'expérience permet d'accéder à des postes de supervision comme ceux de superviseur de projets de construction d'installations mécaniques, de superviseur de la fabrication ou de directeur des opérations d'entretien."
22302.01,Il existe une certaine mobilité vers des domaines connexes tels que les ventes techniques.
22302.01,L'expérience permet d'accéder à des postes de gestion.
22302.01,"Les technologues et techniciens de ce groupe peuvent se spécialiser dans la mise au point de procédés de production, de programmes d'assurance de la qualité, de plans et d'échéanciers dans un domaine industriel précis comme la fabrication des métaux, des plastiques, des pâtes et papiers ou des textiles."
22302.02,Il existe une certaine mobilité vers des domaines connexes tels que les ventes techniques.
22302.02,L'expérience permet d'accéder à des postes de gestion.
22302.02,"Les technologues et techniciens de ce groupe peuvent se spécialiser dans la mise au point de procédés de production, de programmes d'assurance de la qualité, de plans et d'échéanciers dans un domaine industriel précis comme la fabrication des métaux, des plastiques, des pâtes et papiers ou des textiles."
22303.00,L'expérience permet d'accéder à des postes d'estimateurs en chef ou de gestion en construction.
22303.00,"Les estimateurs en construction peuvent se spécialiser dans l'évaluation des coûts des projets de construction structurale, électrique ou mécanique."
22310.01,"La mobilité est possible vers d'autres postes connexes, tels que les postes de techniciens d'entretien et de réparation de matériel électronique, de techniciens en instrumentation, de techniciens en avionique et des postes dans la vente de matériel technique."
22310.01,"L'expérience permet d'accéder à des postes de direction en génie, en fabrication ou en exploitation."
22310.02,"La mobilité est possible vers d'autres postes connexes, tels que les postes de techniciens d'entretien et de réparation de matériel électronique, de techniciens en instrumentation, de techniciens en avionique et des postes dans la vente de matériel technique."
22310.02,"L'expérience permet d'accéder à des postes de direction en génie, en fabrication ou en exploitation."
22311.00,L'expérience permet d'accéder à des postes de supervision.
22312.00,L'expérience permet d'accéder à des postes de supervision.
22312.00,La mention Sceau rouge permet une mobilité interprovinciale.
22313.01,La licence de TEA peut être obtenue si les critères d'études et de formation mentionnés ci-dessus sont respectés à condition de réussir les examens de TEA de Transports Canada.
22313.01,"Dans certaines spécialisations seulement, l'expérience permet d'accéder à des postes de supervision."
22313.01,Les mécaniciens et les techniciens d'aéronefs qui travaillent dans des ateliers de réparation et de mise au point testent des composantes électriques et électroniques ainsi que des composantes d'instruments.
22313.01,"Les mécaniciens et techniciens en avionique qui travaillent dans des hangars d'entretien recherchent les causes des pannes, effectuent des réparations et installent et inspectent les systèmes et les composantes des aéronefs."
22313.02,La licence de TEA peut être obtenue si les critères d'études et de formation mentionnés ci-dessus sont respectés à condition de réussir les examens de TEA de Transports Canada.
22313.02,"Dans certaines spécialisations seulement, l'expérience permet d'accéder à des postes de supervision."
22313.02,Les mécaniciens et les techniciens d'aéronefs qui travaillent dans des ateliers de réparation et de mise au point testent des composantes électriques et électroniques ainsi que des composantes d'instruments.
22313.02,"Les mécaniciens et techniciens en avionique qui travaillent dans des hangars d'entretien recherchent les causes des pannes, effectuent des réparations et installent et inspectent les systèmes et les composantes des aéronefs."
22313.03,Les inspecteurs en avionique et les mécaniciens et techniciens d'entretien peuvent obtenir sur leur licence de TEA des annotations leur permettant de vérifier et de certifier une gamme plus variée d'aéronefs et de systèmes d'aéronefs.
22313.03,La licence de TEA peut être obtenue si les critères d'études et de formation mentionnés ci-dessus sont respectés à condition de réussir les examens de TEA de Transports Canada.
22313.03,"Dans certaines spécialisations seulement, l'expérience permet d'accéder à des postes de supervision."
22313.03,"Les mécaniciens et techniciens en avionique qui travaillent dans des hangars d'entretien recherchent les causes des pannes, effectuent des réparations et installent et inspectent les systèmes et les composantes des aéronefs."
22313.04,Les inspecteurs en avionique et les mécaniciens et techniciens d'entretien peuvent obtenir sur leur licence de TEA des annotations leur permettant de vérifier et de certifier une gamme plus variée d'aéronefs et de systèmes d'aéronefs.
22313.04,La licence de TEA peut être obtenue si les critères d'études et de formation mentionnés ci-dessus sont respectés à condition de réussir les examens de TEA de Transports Canada.
22313.04,"Dans certaines spécialisations seulement, l'expérience permet d'accéder à des postes de supervision."
30010.00,Il n'y a pas ou peu de mobilité entre les services des différents domaines de spécialisation médicale.
30010.00,L'expérience permet d'accéder à des postes de cadres supérieurs dans la prestation des soins de santé.
30010.00,"Les directeurs des soins de santé se spécialisent dans l'administration de soins de santé particuliers tels que la diététique, la médecine clinique, la médecine de laboratoire, les soins infirmiers, la physiothérapie ou la chirurgie."
31100.01,"L'expérience permet d'accéder à des postes de direction, tels que directeur de la médecine de laboratoire."
31100.02,"L'expérience permet d'accéder à des postes de direction, tels que directeur de la médecine de laboratoire."
31100.03,"L'expérience permet d'accéder à des postes de direction, tels que directeur de la médecine de laboratoire."
31100.04,"L'expérience permet d'accéder à des postes de direction, tels que directeur de la médecine de laboratoire."
31100.05,"L'expérience permet d'accéder à des postes de direction, tels que directeur de la médecine de laboratoire."
31100.06,"L'expérience permet d'accéder à des postes de direction, tels que directeur de la médecine de laboratoire."
31100.07,"L'expérience permet d'accéder à des postes de direction, tels que directeur de la médecine de laboratoire."
31100.08,"L'expérience permet d'accéder à des postes de direction, tels que directeur de la médecine de laboratoire."
31100.09,"L'expérience permet d'accéder à des postes de direction, tels que directeur de la médecine de laboratoire."
31100.10,"L'expérience permet d'accéder à des postes de direction, tels que directeur de la médecine de laboratoire."
31100.11,"L'expérience permet d'accéder à des postes de direction, tels que directeur de la médecine de laboratoire."
31100.12,"L'expérience permet d'accéder à des postes de direction, tels que directeur de la médecine de laboratoire."
31100.13,"L'expérience permet d'accéder à des postes de direction, tels que directeur de la médecine de laboratoire."
31100.14,"L'expérience permet d'accéder à des postes de direction, tels que directeur de la médecine de laboratoire."
31101.01,"L'expérience permet d'accéder à des postes de direction, tels que directeur des services de chirurgie."
31101.02,"L'expérience permet d'accéder à des postes de direction, tels que directeur des services de chirurgie."
31101.03,"L'expérience permet d'accéder à des postes de direction, tels que directeur des services de chirurgie."
31101.04,"L'expérience permet d'accéder à des postes de direction, tels que directeur des services de chirurgie."
31101.05,"L'expérience permet d'accéder à des postes de direction, tels que directeur des services de chirurgie."
31102.00,Une formation supplémentaire permet aux omnipraticiens et aux médecins de médecine familiale de devenir médecins spécialistes.
31103.00,Les tâches des vétérinaires effectuant de la recherche peuvent s'apparenter à celles de certains biologistes.
31103.00,"Dans son règlement, l'Ordre des médecins vétérinaire du Québec (L'OMVQ) reconnait seulement les spécialités suivantes : Anesthésiologie vétérinaire; Chirurgie des grands animaux; Chirurgie des animaux de compagnie; Dermatologie vétérinaire; Imagerie médicale vétérinaire; Médecine du comportement animal; Médecine des animaux de laboratoire; Médecine interne des grands animaux; Médecine interne des animaux de compagnie; Médecine zoologique; Microbiologie vétérinaire; Neurologie vétérinaire; Oncologie vétérinaire; Ophtalmologie vétérinaire; Pathologie vétérinaire; Pathologie clinique vétérinaire; Thériogénologie vétérinaire; et Urgentologie vétérinaire et soins intensifs."
31110.01,Un certificat du Bureau national d'examens dentaires du Canada donne aux dentistes et aux diplômés de programmes dentaires approuvés le droit d'exercer leur profession dans toutes les provinces canadiennes s'ils répondent aux critères des autorités provinciales et territoriales qui émettent les permis.
31110.01,"Les dentistes qui ont suivi une formation complémentaire et obtenu leur licence peuvent se spécialiser et exercer dans des domaines tels que la chirurgie maxillo-faciale, l'orthodontie, la pédiatrie dentaire, la périodontie, l'endodontie, la prosthodontie, la pathologie bucco-dentaire, la radiologie buccale ou l'hygiène dentaire publique."
31110.02,Un certificat du Bureau national d'examens dentaires du Canada donne aux dentistes et aux diplômés de programmes dentaires approuvés le droit d'exercer leur profession dans toutes les provinces canadiennes s'ils répondent aux critères des autorités provinciales et territoriales qui émettent les permis.
31110.03,Un certificat du Bureau national d'examens dentaires du Canada donne aux dentistes et aux diplômés de programmes dentaires approuvés le droit d'exercer leur profession dans toutes les provinces canadiennes s'ils répondent aux critères des autorités provinciales et territoriales qui émettent les permis.
31110.04,Un certificat du Bureau national d'examens dentaires du Canada donne aux dentistes et aux diplômés de programmes dentaires approuvés le droit d'exercer leur profession dans toutes les provinces canadiennes s'ils répondent aux critères des autorités provinciales et territoriales qui émettent les permis.
31111.00,"Les optométristes peuvent se spécialiser dans l'ajustement d'aides visuelles destinées aux personnes souffrant de cécité partielle, l'ajustement de lentilles cornéennes ou la correction de troubles particuliers de la vue."
31112.01,L'expérience permet d'accéder à des postes de cadres tels qu'audiologiste en chef ou directeur du service d'orthophonie.
31112.02,L'expérience permet d'accéder à des postes de cadres tels qu'audiologiste en chef ou directeur du service d'orthophonie.
31121.00,"Les diététistes et les nutritionnistes sont des titres protégés et utilisés de façon interchangeable en Nouvelle-Écosse, au Québec et en Alberta. Dans ces provinces, les nutritionnistes doivent avoir le même niveau d’éducation et de formation que les diététistes."
31121.00,"Dans certaines provinces, les diététistes qui travaillent comme nutritionnistes en santé publique et coordonnateurs de programmes d'éducation en diététique peuvent exiger un diplôme de maîtrise."
31121.00,L'expérience permet aux diététistes et aux nutritionnistes d'accéder à des postes de direction.
31121.00,"Les diététistes et les nutritionnistes peuvent se spécialiser dans des domaines tels que la gestion des services alimentaires, la nutrition clinique, la nutrition communautaire, la santé publique ou la recherche en diététique."
31200.00,"Les associés en psychologie peuvent être autorisés par les autorités réglementaires de la province à exercer des fonctions normalement réservées aux psychologues, notamment le diagnostic de troubles psychologiques et la communication des diagnostics aux clients."
31200.00,"Les sous-spécialités incluent la psychologie du comportement, de l'enfant, du développement, de l'éducation et du sport, ainsi que la psychologie sociale, la psychologie cognitive, la neuropsychologie et la psychologie industrielle."
31201.00,Le champ d’application de pratique des chiropraticiens varie selon les provinces.
31202.00,"L'expérience et une formation complémentaire permettent aux physiothérapeutes d'accéder à des postes de direction, par exemple celui de directeur des services de physiothérapie."
31202.00,"Les physiothérapeutes peuvent exercer leur profession dans des domaines cliniques tels que la neurologie, l'oncologie, la rhumatologie, l'orthopédie, l'obstétrique, la pédiatrie, la gériatrie, ou dans le traitement physique des patients qui souffrent d'affections cardiovasculaires et cardiopulmonaires, de brûlures ou de blessures sportives ou encore dans le domaine de l'ergonomie."
31203.00,L'expérience et une formation complémentaire permettent aux ergothérapeutes d'accéder à des postes de direction ou d'administration.
31203.00,"Les ergothérapeutes peuvent se spécialiser auprès d'une population spécifique, comme les enfants ou les personnes âgées, les personnes atteintes de problèmes particuliers comme la démence, une lésion traumatique du cerveau ou la douleur chronique, ou s'occuper d'interventions particulières, par exemple des programmes de réinsertion professionnelle."
31204.01,Il n'y a pas de mobilité entre les différentes professions de ce groupe de base.
31204.02,Il n'y a pas de mobilité entre les différentes professions de ce groupe de base.
31209.02,Les titres de podologue et de podiatre sont employés comme synonymes selon la province ou le territoire. L'emploi du titre podiatre ne désigne pas forcément un docteur en médecine podiatrique (D.P.M.).
31209.04,Les docteurs en  médecine ostéopathique peuvent obtenir un permis d'exercice en tant que médecin généraliste.
31300.00,"L'expérience permet d'accéder à des postes de direction, tels que directeur des soins infirmiers."
31301.01,L'expérience permet aux infirmiers autorisés et aux infirmiers psychiatriques autorisés d'accéder à des postes de supervision ou de direction.
31301.01,"Les infirmiers autorisés peuvent se spécialiser dans des domaines tels que la chirurgie, les soins obstétriques, les soins psychiatriques, les soins de phase aiguë, la pédiatrie, la gériatrie, la santé communautaire, la médecine du travail, les soins d'urgence, la réadaptation ou l'oncologie."
31301.04,"La qualification des infirmiers formés exclusivement en tant qu'infirmier psychiatrique autorisé est règlementée au Manitoba, en Saskatchewan, en Alberta et en Colombie-Britannique. Dans toutes les autres provinces et tous les territoires, les infirmiers autorisés peuvent travailler en tant qu'infirmiers psychiatriques sans permis additionnel d'infirmier psychiatrique autorisé."
31301.04,L'expérience permet aux infirmiers autorisés et aux infirmiers psychiatriques autorisés d'accéder à des postes de supervision ou de direction.
31302.00,Il y a peu ou pas de mobilité entre les spécialisations des infirmiers praticiens sans une formation supplémentaire.
31303.01,Il n'y a pas de mobilité entre ces professions sans une formation supplémentaire.
31303.02,Il n'y a pas de mobilité entre ces professions sans une formation supplémentaire.
31303.03,Il n'y a pas de mobilité entre ces professions sans une formation supplémentaire.
31303.04,Il n'y a pas de mobilité entre ces professions sans une formation supplémentaire.
31303.04,Les orthoptistes peuvent également être formés comme techniciens ou technologues en ophtalmologie.
31303.04,"Les orthoptistes font souvent partie d'une équipe médicale qui inclut également des ophtalmologues, des opticiens et d'autres intervenants médicaux en ophtalmologie."
31303.05,Il n'y a pas de mobilité entre ces professions sans une formation supplémentaire.
32101.01,L'obligation de travailler sous la supervision d'un médecin ou d'un infirmier autorisé varie d'une province ou d'un territoire à l'autre.
32103.01,"Les superviseurs et formateurs inclus dans ce groupe de base doivent avoir de l'expérience dans leur domaine respectif à titre d'inhalothérapeutes, de perfusionnistes cardiovasculaires et de technologues cardiopulmonaires."
32103.01,"Les inhalothérapeutes peuvent travailler dans des domaines de pratique spécifiques tels que l'anesthésie, les soins de phase aiguë, la néonatalogie et la pédiatrie, les diagnostics cardiopulmonaires, les services d'inhalothérapie à domicile et en milieu communautaire, la recherche et le secteur privé de la santé."
32103.02,"Les superviseurs et formateurs inclus dans ce groupe de base doivent avoir de l'expérience dans leur domaine respectif à titre d'inhalothérapeutes, de perfusionnistes cardiovasculaires et de technologues cardiopulmonaires."
32103.03,"Les superviseurs et formateurs inclus dans ce groupe de base doivent avoir de l'expérience dans leur domaine respectif à titre d'inhalothérapeutes, de perfusionnistes cardiovasculaires et de technologues cardiopulmonaires."
32104.00,L'expérience permet aux technologues en santé animale et aux techniciens vétérinaires d'accéder à des postes de supervision.
32109.01,"Au Québec, les audioprothésistes offrent des services aux adultes et aux enfants."
32109.03,L'expérience et la formation permettent aux techniciens médicaux en ophtalmologie d'accéder à des postes de technologues médicaux en ophtalmologie.
32109.03,Les techniciens en ophtalmologie certifié et les technologues médicaux en ophtalmologie certifié peuvent avoir une certification de spécialité supplémentaire comme celle de biométricien agréé en échographie ophtalmique (ROUB) ou d'échographiste ophtalmique diagnostique agréé (CDOS).
32109.05,"Dans la plupart des provinces, la formation pour assistants en physiothérapie et en ergothérapie est offerte conjointement dans les collèges communautaires."
32120.00,"Les technologues médicaux peuvent se spécialiser dans des domaines comme la chimie clinique, la microbiologie clinique, l'hématologie, l'histotechnologie, médecine transfusionnelle ou l'immunohématologie, la cytotechnologie, la cytogénétique et la génétique moléculaire."
32120.00,"Au Québec, les technologues de laboratoire médical sont désignés sous le nom de « des technologistes médicaux » et sont réglementés par l'Ordre professionnel des technologistes médicaux du Québec (OPTMQ)."
32121.01,Il n'y a pas de mobilité entre les quatre groupes de technologues en radiation médicale sans une formation supplémentaire.
32121.01,L'expérience en tant que technologue en radiation médicale est exigée des superviseurs et des instituteurs cliniques.
32121.01,"Les technologues en radiologie peuvent se spécialiser dans certains domaines comme la tomographie assistée par ordinateur, l'angiographie, la mammographie et la radiologie d'intervention."
32121.02,Il n'y a pas de mobilité entre les quatre groupes de technologues en radiation médicale sans une formation supplémentaire.
32121.02,L'expérience en tant que technologue en radiation médicale est exigée des superviseurs et des instituteurs cliniques.
32121.03,Il n'y a pas de mobilité entre les quatre groupes de technologues en radiation médicale sans une formation supplémentaire.
32121.03,L'expérience en tant que technologue en radiation médicale est exigée des superviseurs et des instituteurs cliniques.
32121.03,"Les technologues en radio-oncologie peuvent se spécialiser dans certains domaines comme la dosimétrie, la stéréotaxie, la tomodensitométrie ou la curiethérapie."
32121.04,Il n'y a pas de mobilité entre les quatre groupes de technologues en radiation médicale sans une formation supplémentaire.
32121.04,L'expérience en tant que technologue en radiation médicale est exigée des superviseurs et des instituteurs cliniques.
32121.04,"Au Québec, les technologues en résonance magnétique sont inclus avec les technologues en radiologie."
32122.00,"L'appartenance à la Société canadienne des échographistes médicaux est possible, mais n'est pas obligatoire."
32122.00,"Les technologues en échographie peuvent se spécialiser en échographie abdominale, cardiaque, cérébrale, obstétricale et gynécologique, ophtalmologique de surface, endoluminale ou vasculaire périphérique. Ils peuvent également se spécialiser en ultrasonographie pour adultes ou pour enfants ou en échographie du système nerveux."
32124.00,L'expérience permet aux techniciens en pharmacie d'accéder à des postes de supervision.
32129.04,Les techniciens prothésistes et les techniciens orthésistes peuvent devenir prothésistes et orthésistes accrédités avec une expérience supplémentaire de deux ans en tant que technicien prothésiste ou technicien orthésiste inscrit et la réussite des examens de certification du Conseil canadien de la certification des prothésistes et orthésistes.
32201.00,Les massothérapeutes peuvent avoir reçu une formation dans de diverses techniques spécialisées de massothérapie.
33100.01,"Dans quelques provinces, il existe deux niveaux d'assistants dentaires : le niveau I, pour les assistants au dentiste, et le niveau II, pour les assistants aux tâches intra-buccales. La progression du niveau I au niveau II est possible moyennant l'éducation, la formation et l'accréditation requises."
33100.02,Les auxiliaires dans les laboratoires dentaires peuvent accéder aux postes de technologues et de techniciens dentaires moyennant une formation et de l'expérience ainsi que l'inscription auprès de l'organisme de réglementation.
33101.00,Certains employeurs peuvent exiger que les techniciens de laboratoires médicaux possèdent un diplôme.
33101.00,"L’étude, la formation et l’expérience supplémentaire permettent aux techniciens de laboratoires médicaux d’accéder à des postes de supervision ou de technologues."
33109.04,L'expérience et la formation permettent aux assistants en ophtalmologie d'accéder à des postes de techniciens en ophtalmologie.
33109.04,Les assistants en ophtalmologie certifiés peuvent avoir une certification de spécialité supplémentaire comme celle de biométricien agréé en échographie ophtalmique (ROUB) ou d'échographiste ophtalmique diagnostique agréé (CDOS).
40010.00,L'expérience permet d'accéder à des postes de cadres supérieurs dans les domaines de la santé et des politiques sociales.
40011.00,L'expérience permet d'accéder à des postes de cadres supérieurs.
40012.00,L'expérience permet d'accéder à des postes de cadres supérieurs en éducation.
40019.00,L'expérience permet d'accéder à des postes de cadres supérieurs dans ce domaine.
40020.01,Il n'y a pas de mobilité parmi les différents postes d'administrateurs de ce groupe.
40020.01,L'expérience permet d'accéder à des postes de direction supérieure dans l'enseignement.
40020.02,Il n'y a pas de mobilité parmi les différents postes d'administrateurs de ce groupe.
40020.02,L'expérience permet d'accéder à des postes de direction supérieure dans l'enseignement.
40020.03,Il n'y a pas de mobilité parmi les différents postes d'administrateurs de ce groupe.
40020.03,L'expérience permet d'accéder à des postes de direction supérieure dans l'enseignement.
40021.01,"Il existe peu de mobilité entre les établissements scolaires, c'est-à-dire entre les postes de directeur d'école primaire et de directeur d'école secondaire."
40021.02,"Il existe peu de mobilité entre les établissements scolaires, c'est-à-dire entre les postes de directeur d'école primaire et de directeur d'école secondaire."
40030.00,"L'expérience et une formation supplémentaire permettent d'accéder à des postes de haute direction en services sociaux, communautaires et correctionnels."
40040.00,"Selon la législation provinciale et territoriale, les coroners en chef adjoints et les médecins légistes en chef adjoints peuvent agir ou être nommés au poste de coroner en chef et de médecin légiste en chef en leur absence."
40042.00,Les officiers supérieurs est classifié selon son grade.
41100.00,"Les juges peuvent se spécialiser dans des domaines particuliers du droit tels que le droit civil, le droit criminel ou le droit de la famille."
41101.00,"Des examens sanctionnés par le barreau provincial sont habituellement exigés des avocats qui désirent exercer leur profession dans une autre province, à l’exception du Nouveau-Brunswick et de la Saskatchewan ou l’Accord de libre circulation nationale (2013) a été mis en oeuvre."
41101.00,"Les avocats (partout au Canada) et les notaires (au Québec) peuvent se spécialiser dans des domaines spécifiques du droit tels que le droit criminel (avocats seulement), le droit des sociétés, le droit contractuel, le droit fiscal, le droit administratif, le droit international, le droit commercial, le droit immobilier, le droit de la famille et des successions, le droit de la propriété intellectuelle et le droit du travail."
41200.00,Les professeurs qui exercent dans leur domaine de spécialisation doivent détenir les permis ou l'accréditation appropriés.
41200.00,"L'expérience permet d'accéder à des postes cadres au sein d'un département, d'une faculté ou d'une université."
41200.00,"Les professeurs et chargés de cours au niveau universitaire sont spécialisés dans un domaine particulier, tel que la biologie, la chimie, l'anatomie, la sociologie, la gestion des affaires ou le droit."
41201.01,Les assistants d'enseignement et de recherche au niveau postsecondaire se spécialisent dans un domaine selon leur champ d'études.
41201.02,Les assistants d'enseignement et de recherche au niveau postsecondaire se spécialisent dans un domaine selon leur champ d'études.
41210.00,"Les enseignants au niveau collégial et autres instructeurs en formation professionnelle sont spécialisés dans des domaines ou champs d'études en particulier comme les arts visuels, l'hygiène dentaire, la soudure, les techniques de génie, les techniques policières, l'informatique, la gestion et les techniques d'éducation de la petite enfance."
41220.00,L'expérience permet d'accéder à des postes de directeur adjoint ou à d'autres postes d'administration au sein du système scolaire.
41220.00,"Au Québec, les programmes de formation professionnelle (métiers) sont habituellement offerts au niveau secondaire."
41220.00,"Les enseignants au niveau secondaire peuvent se spécialiser dans des domaines tels que les mathématiques, l'anglais, le français, l'orthopédagogie ou l'enseignement d'une langue seconde. Les enseignants de matières techniques et de métiers au niveau secondaire peuvent se spécialiser, par exemple, en coiffure ou en mécanique automobile."
41221.00,L'expérience permet d'accéder à des postes de conseiller pédagogique ou de directeur d'école.
41221.00,Les enseignants aux niveaux primaire et préscolaire peuvent se spécialiser dans des domaines tels que l'orthopédagogie et l'enseignement des langues secondes.
41300.00,"Les travailleurs sociaux peuvent se spécialiser dans des champs de pratique comme la protection de l'enfance, les services à la famille, les services correctionnels, la gérontologie ou les dépendances."
41301.00,L'expérience et une formation continue permettent habituellement aux thérapeutes en counseling de se spécialiser dans un domaine en particulier.
41301.00,L'expérience et une formation supplémentaire permettent d'accéder à des postes de direction des services sociaux.
41302.00,"L'expérience permet d'accéder à des postes supérieurs comprises dans ce groupe de base, au sein d'une communauté religieuse."
41310.01,"Pour les enquêteurs de police, l'expérience et une formation supplémentaire permettent d'accéder à des postes de direction des services de police."
41310.02,"Pour les coroners et les médecins légistes, la progression vers des postes de coroner en chef adjoint or de médecin en chef adjoint est possible avec une formation et une expérience supplémentaires."
41311.00,De l'expérience ou une formation supplémentaire permet d'accéder à des postes de direction des services correctionnels.
41320.00,"Les conseillers au niveau primaire dispensent généralement des services qui sont axés davantage sur les aspects sociaux et personnels de la vie que sur les études ou le cheminement professionnel, aspects plus souvent abordés par les conseillers dans les écoles secondaires."
41320.00,"Les conseillers d'orientation qui travaillent dans les collèges,  les universités et d'autres établissements peuvent se spécialiser en orientation scolaire, en counseling personnel ou social, ou en orientation professionnelle."
41320.00,"Les conseillers d’orientation au Québec peuvent également fournir des services d’orientation professionnels à des personnes atteintes d’un trouble mental, d’un handicap ou avec des difficultés d’adaptation. Ceux avec une attestation de formation peuvent également performer certaines évaluation de santé mentale."
41321.00,La mobilité est possible vers des postes dans les services du personnel ou de la formation.
41321.00,L'expérience permet d'accéder à des postes de supervision.
41321.00,"Les conseillers en orientation fournissent des services de développement de carrière spécialisés aux personnes souffrant de maladies physiques ou de blessures, de maladies mentales, y compris les personnes handicapées."
41400.01,L'expérience permet d'accéder à des postes de supervision ou de direction dans ces domaines.
41400.02,L'expérience permet d'accéder à des postes de supervision ou de direction dans ces domaines.
41400.03,L'expérience permet d'accéder à des postes de supervision ou de direction dans ces domaines.
41400.04,L'expérience permet d'accéder à des postes de supervision ou de direction dans ces domaines.
41400.05,L'expérience permet d'accéder à des postes de supervision ou de direction dans ces domaines.
41401.00,L'expérience permet d'accéder à des postes de direction en économie.
41402.00,L'expérience permet d'accéder à des postes de direction.
41403.01,L'expérience permet d'accéder à des postes de direction.
41403.02,L'expérience permet d'accéder à des postes de direction.
41403.03,L'expérience permet d'accéder à des postes de direction.
41403.04,L'expérience permet d'accéder à des postes de direction.
41403.05,L'expérience permet d'accéder à des postes de direction.
41403.06,L'expérience permet d'accéder à des postes de direction.
41403.07,L'expérience permet d'accéder à des postes de direction.
41404.00,L'expérience permet d'accéder à des postes de gestion.
41404.00,"Les agents de programmes, les recherchistes et les experts-conseils en politiques de la santé peuvent se spécialiser dans un domaine en particulier du développement des politiques, de la recherche ou de l'administration de programmes en matière de santé, par exemple la recherche en toxicomanie."
41405.00,L'expérience permet d'accéder à des postes de direction.
41406.01,"La mobilité entre les emplois d'experts-conseils en sports, en loisirs et en condition physique peut être restreinte à chacun de ces domaines respectifs."
41406.03,"L'expérience permet aux superviseurs des programmes de sports, de loisirs et de conditionnement physique d'accéder à des postes de direction dans les sports, les loisirs et le conditionnement physique."
41409.01,"Se spécialisent dans des domaines précis des sciences sociales et humaines, dont notamment les criminologues (spécialisés dans l'étude de la criminalité et des criminels), les gérontologues (spécialisés dans le vieillissement et les problèmes connexes), les graphologues (spécialisés dans l'analyse de l'écriture) et autres spécialistes en sciences sociales."
41409.01,Chacune de ces professions renferme habituellement un domaine de spécialisation et est généralement obtenue par des études universitaires ou par l’expérience.
41409.02,"Se spécialisent dans des domaines précis des sciences sociales et humaines, dont notamment les criminologues (spécialisés dans l'étude de la criminalité et des criminels), les gérontologues (spécialisés dans le vieillissement et les problèmes connexes), les graphologues (spécialisés dans l'analyse de l'écriture) et autres spécialistes en sciences sociales."
41409.02,Chacune de ces professions renferme habituellement un domaine de spécialisation et est généralement obtenue par des études universitaires ou par l’expérience.
41409.03,"Se spécialisent dans des domaines précis des sciences sociales et humaines, dont notamment les criminologues (spécialisés dans l'étude de la criminalité et des criminels), les gérontologues (spécialisés dans le vieillissement et les problèmes connexes), les graphologues (spécialisés dans l'analyse de l'écriture) et autres spécialistes en sciences sociales."
41409.03,Chacune de ces professions renferme habituellement un domaine de spécialisation et est généralement obtenue par des études universitaires ou par l’expérience.
41409.04,"Se spécialisent dans des domaines précis des sciences sociales et humaines, dont notamment les criminologues (spécialisés dans l'étude de la criminalité et des criminels), les gérontologues (spécialisés dans le vieillissement et les problèmes connexes), les graphologues (spécialisés dans l'analyse de l'écriture) et autres spécialistes en sciences sociales."
41409.04,Chacune de ces professions renferme habituellement un domaine de spécialisation et est généralement obtenue par des études universitaires ou par l’expérience.
41409.05,"Se spécialisent dans des domaines précis des sciences sociales et humaines, dont notamment les criminologues (spécialisés dans l'étude de la criminalité et des criminels), les gérontologues (spécialisés dans le vieillissement et les problèmes connexes), les graphologues (spécialisés dans l'analyse de l'écriture) et autres spécialistes en sciences sociales."
41409.05,Chacune de ces professions renferme habituellement un domaine de spécialisation et est généralement obtenue par des études universitaires ou par l’expérience.
41409.06,"Se spécialisent dans des domaines précis des sciences sociales et humaines, dont notamment les criminologues (spécialisés dans l'étude de la criminalité et des criminels), les gérontologues (spécialisés dans le vieillissement et les problèmes connexes), les graphologues (spécialisés dans l'analyse de l'écriture) et autres spécialistes en sciences sociales."
41409.06,Chacune de ces professions renferme habituellement un domaine de spécialisation et est généralement obtenue par des études universitaires ou par l’expérience.
41409.07,"Se spécialisent dans des domaines précis des sciences sociales et humaines, dont notamment les criminologues (spécialisés dans l'étude de la criminalité et des criminels), les gérontologues (spécialisés dans le vieillissement et les problèmes connexes), les graphologues (spécialisés dans l'analyse de l'écriture) et autres spécialistes en sciences sociales."
41409.07,Chacune de ces professions renferme habituellement un domaine de spécialisation et est généralement obtenue par des études universitaires ou par l’expérience.
41409.08,"Se spécialisent dans des domaines précis des sciences sociales et humaines, dont notamment les criminologues (spécialisés dans l'étude de la criminalité et des criminels), les gérontologues (spécialisés dans le vieillissement et les problèmes connexes), les graphologues (spécialisés dans l'analyse de l'écriture) et autres spécialistes en sciences sociales."
41409.08,Chacune de ces professions renferme habituellement un domaine de spécialisation et est généralement obtenue par des études universitaires ou par l’expérience.
41409.09,"Se spécialisent dans des domaines précis des sciences sociales et humaines, dont notamment les criminologues (spécialisés dans l'étude de la criminalité et des criminels), les gérontologues (spécialisés dans le vieillissement et les problèmes connexes), les graphologues (spécialisés dans l'analyse de l'écriture) et autres spécialistes en sciences sociales."
41409.09,Chacune de ces professions renferme habituellement un domaine de spécialisation et est généralement obtenue par des études universitaires ou par l’expérience.
42100.00,L'expérience et une formation supplémentaire permettent d'accéder à des postes d'enquête dans un corps de police.
42101.00,Une formation supplémentaire et plusieurs années d'expérience permettent d'accéder à des postes supérieurs tels que chef de pompiers.
42102.00,Les membres de ce groupe de base qui présentent les compétences et le potentiel requis se verront proposer une formation avancée.
42200.03,Les notaires publics bénéficient habituellement d'une formation à l'interne et exercent leurs fonctions dans des régions rurales ou éloignées ou dans les bureaux commerciaux qui les emploient.
42200.05,"Les fonctions principales et responsabilités des juges de paix varient considérablement selon le niveau de leur autorité. Ils peuvent être employés à temps partiel sure une base de rémunération à l’acte dans les petites communautés. Leurs fonctions vont de la réception des affidavits et des documents similaires à la présidence des tribunaux, l’audition et la détermination des poursuites en vertu des lois provinciales, territoires et fédérales."
42201.00,"De l'expérience et une formation supplémentaire permettent d'accéder à des postes de professionnels des services sociaux, tels que thérapeutes conjugaux ou familiaux, travailleurs sociaux et agents de probation et de libération conditionnelle."
42202.01,"Plusieurs années d'expérience, ainsi qu'un niveau avancé en éducation de la petite enfance, permettent d'accéder à des postes supérieurs, tels que superviseur des services de garderie."
42202.02,"Plusieurs années d'expérience, ainsi qu'un niveau avancé en éducation de la petite enfance, permettent d'accéder à des postes supérieurs, tels que superviseur des services de garderie."
43100.00,L'expérience permet d'accéder à d'autres postes en soins pour enfants et en intervention auprès des adolescents.
43200.00,"Les shérifs et les huissiers peuvent, au besoin, servir comme constable judiciaire (14103), selon l'emplacement et la taille du palais de justice."
43200.00,L'expérience et une formation en cours d'emploi permettent d'accéder à des postes de supervision.
43201.00,Les intervenants de première ligne sont le contact quotidien principal des délinquantes.
43202.02,Les agents d'application de règlements municipaux peuvent se spécialiser dans le renforcement d'un règlement spécifique.
43203.01,"Les agents des services frontaliers doivent être disposés à travailler partout au Canada, y compris dans les régions rurales et éloignées."
43203.01,L'expérience permet d'accéder à des postes de gestion dans ces domaines.
43203.02,L'expérience permet d'accéder à des postes de gestion dans ces domaines.
43204.00,Les membres de ce groupe de base qui démontrent les capacités et le potentiel requis se verront offrir une formation avancée.
44100.01,Il existe une mobilité parmi les emplois dans ce groupe.
44100.02,Il existe une mobilité parmi les emplois dans ce groupe.
44101.00,Il est possible de passer d'une profession à l'autre dans ce groupe de base.
44200.00,Les membres de ce groupe de base qui démontrent les capacités et le potentiel requis se verront offrir une formation avancée.
45100.01,Il existe une mobilité limitée parmi les emplois dans ce groupe.
45100.02,Il existe une mobilité limitée parmi les emplois dans ce groupe.
50010.00,Il y a de la mobilité entre les directeurs de bibliothèque et les directeurs d'archives et entre les directeurs de musée et les directeurs de galerie d'art.
50010.00,"Les directeurs de bibliothèque, de service d'archives, de musée et de galerie d'art peuvent se spécialiser dans un genre particulier de collection."
51100.00,L'expérience permet d'accéder à des postes de direction de bibliothèque.
51101.01,L'expérience permet d'accéder à des postes de direction dans des musées ou des galeries d'art.
51101.01,"Les restaurateurs et les conservateurs peuvent se spécialiser dans une collection ou des objets particuliers tels que les meubles, les armes, les livres, les peintures et les instruments de musique."
51101.02,L'expérience permet d'accéder à des postes de direction dans des musées ou des galeries d'art.
51101.02,"Les restaurateurs et les conservateurs peuvent se spécialiser dans une collection ou des objets particuliers tels que les meubles, les armes, les livres, les peintures et les instruments de musique."
51102.00,L'expérience permet d'accéder à des postes de direction d'archives.
51110.00,L'expérience permet d'accéder à des postes de supervision et de gestion tels que rédacteur en chef ou directeur-rédacteur en chef.
51110.00,"Les réviseurs et les rédacteurs-réviseurs peuvent se spécialiser dans un domaine particulier tel que l'actualité, les sports ou les grands reportages, ou dans un genre particulier de publications, par exemple, les livres, les revues, les journaux ou les manuels."
51111.01,"Les auteurs, rédacteurs et écrivains peuvent se spécialiser dans un sujet ou un genre littéraire particulier."
51111.02,"Les auteurs, rédacteurs et écrivains peuvent se spécialiser dans un sujet ou un genre littéraire particulier."
51111.03,"Les auteurs, rédacteurs et écrivains peuvent se spécialiser dans un sujet ou un genre littéraire particulier."
51113.00,L'expérience permet d'accéder à des postes de révision (presse écrite) ou de réalisation (presse électronique).
51113.00,"Les journalistes peuvent se spécialiser dans les médias imprimés, audiovisuels ou la Webdiffusion, dans des domaines particuliers tels la politique ou les arts et spectacles, ou dans une région géographique particulière."
51114.01,"Les traducteurs, les terminologues et les interprètes se spécialisent dans une paire de langues telle que le français et l'anglais, langues officielles au Canada. Ils peuvent également se spécialiser en toute autre langue et l'une ou l'autre des langues officielles. Les principaux champs de spécialisation comprennent la traduction administrative, littéraire, scientifique ou technique. Les interprètes peuvent se spécialiser en interprétation judiciaire, parlementaire ou de conférence."
51114.02,"Les traducteurs, les terminologues et les interprètes se spécialisent dans une paire de langues telle que le français et l'anglais, langues officielles au Canada. Ils peuvent également se spécialiser en toute autre langue et l'une ou l'autre des langues officielles. Les principaux champs de spécialisation comprennent la traduction administrative, littéraire, scientifique ou technique. Les interprètes peuvent se spécialiser en interprétation judiciaire, parlementaire ou de conférence."
51114.03,"Les traducteurs, les terminologues et les interprètes se spécialisent dans une paire de langues telle que le français et l'anglais, langues officielles au Canada. Ils peuvent également se spécialiser en toute autre langue et l'une ou l'autre des langues officielles. Les principaux champs de spécialisation comprennent la traduction administrative, littéraire, scientifique ou technique. Les interprètes peuvent se spécialiser en interprétation judiciaire, parlementaire ou de conférence."
51114.04,Les interprètes en langue des signes travaillent en français et en langue des signes québécoise (LSQ) ou en anglais et en American Sign Language (ASL).
51120.01,L'adhésion à une guilde ou à un syndicat relié à la profession peut être exigée.
51120.02,L'adhésion à une guilde ou à un syndicat relié à la profession peut être exigée.
51120.03,L'adhésion à une guilde ou à un syndicat relié à la profession peut être exigée.
51120.04,L'adhésion à une guilde ou à un syndicat relié à la profession peut être exigée.
51120.05,L'adhésion à une guilde ou à un syndicat relié à la profession peut être exigée.
51120.06,L'adhésion à une guilde ou à un syndicat relié à la profession peut être exigée.
51120.07,L'adhésion à une guilde ou à un syndicat relié à la profession peut être exigée.
51121.01,"Les chefs d'orchestre, les compositeurs et les arrangeurs se spécialisent habituellement dans un genre musical tel que la musique classique, la musique country, le jazz et la musique populaire."
51121.02,Les compositeurs travaillent souvent comme arrangeurs.
51121.02,"Les chefs d'orchestre, les compositeurs et les arrangeurs se spécialisent habituellement dans un genre musical tel que la musique classique, la musique country, le jazz et la musique populaire."
51121.03,"Les chefs d'orchestre, les compositeurs et les arrangeurs se spécialisent habituellement dans un genre musical tel que la musique classique, la musique country, le jazz et la musique populaire."
51122.01,"Les musiciens et les chanteurs se spécialisent généralement dans différents genres musicaux, tels que la musique classique, le jazz, la musique populaire, la musique d'origine ethnique, l'opéra et la musique country."
51122.02,"Les musiciens et les chanteurs se spécialisent généralement dans différents genres musicaux, tels que la musique classique, le jazz, la musique populaire, la musique d'origine ethnique, l'opéra et la musique country."
52110.00,L'expérience et une formation supplémentaire permettent d'accéder à des postes de supervision ou directeur de la photographie.
52111.00,L'expérience ou une formation supplémentaire permettent d'accéder à des postes de designers graphiques.
52114.00,Une formation scolaire en journalisme ou dans une discipline connexe permet d'accéder à des postes de journaliste.
52119.01,Certains des postes de ce groupe de base peuvent se chevaucher selon l'ampleur de la production ou l'importance du studio de radiotélédiffusion.
52119.02,Certains des postes de ce groupe de base peuvent se chevaucher selon l'ampleur de la production ou l'importance du studio de radiotélédiffusion.
52119.03,Certains des postes de ce groupe de base peuvent se chevaucher selon l'ampleur de la production ou l'importance du studio de radiotélédiffusion.
52119.04,Certains des postes de ce groupe de base peuvent se chevaucher selon l'ampleur de la production ou l'importance du studio de radiotélédiffusion.
52119.05,Certains des postes de ce groupe de base peuvent se chevaucher selon l'ampleur de la production ou l'importance du studio de radiotélédiffusion.
52119.06,Certains des postes de ce groupe de base peuvent se chevaucher selon l'ampleur de la production ou l'importance du studio de radiotélédiffusion.
52119.07,Certains des postes de ce groupe de base peuvent se chevaucher selon l'ampleur de la production ou l'importance du studio de radiotélédiffusion.
52120.01,L'expérience permet d'accéder à des postes de direction ou de gestion du design.
52120.01,Le titre de « graphiste agréé » est reconnu par la loi en Ontario.
52120.02,L'expérience permet d'accéder à des postes de direction ou de gestion du design.
52120.02,"Les illustrateurs peuvent se spécialiser dans un type particulier d'illustration telle que l'illustration enfantine, publicitaire, éditoriale, humoristique, médicale, scientifique, technique ou graphique multimédia."
52121.00,"Les designers d'intérieur sont experts en matière d'architecture intérieure, de construction et de codes du bâtiment. Ils peuvent se spécialiser dans le design et le décor intérieur d'immeubles de type résidentiel, commercial, institutionnel, culturel et industriel, ainsi que d'avions, de bateaux ou de trains, de foires commerciales et d'expositions."
53100.01,Le personnel technique de musées et de galeries d'art peut se spécialiser dans une collection particulière.
53100.02,Le personnel technique de musées et de galeries d'art peut se spécialiser dans une collection particulière.
53100.03,"Des antécédents scientifiques ou scolaires précis peuvent être exigés des interprètes pour certains musées, centres de la nature ou autres emplacements."
53100.04,Le personnel technique de musées et de galeries d'art peut se spécialiser dans une collection particulière.
53100.05,Le personnel technique de musées et de galeries d'art peut se spécialiser dans une collection particulière.
53110.00,"Les photographes peuvent se spécialiser dans des domaines tels que le portrait, la publicité, la photographie scientifique, judiciaire, médicale, numérique ou multimédia et le photojournalisme."
53111.01,Certains des postes de ce groupe de base peuvent se chevaucher selon l'ampleur de la production ou l'importance du studio de radiotélédiffusion.
53111.01,"L'expérience et une formation supplémentaire permettent d'accéder à des postes techniques en cinéma, en radiotélédiffusion ou dans les arts de la scène."
53111.02,Certains des postes de ce groupe de base peuvent se chevaucher selon l'ampleur de la production ou l'importance du studio de radiotélédiffusion.
53111.02,"L'expérience et une formation supplémentaire permettent d'accéder à des postes techniques en cinéma, en radiotélédiffusion ou dans les arts de la scène."
53111.03,Certains des postes de ce groupe de base peuvent se chevaucher selon l'ampleur de la production ou l'importance du studio de radiotélédiffusion.
53111.03,"L'expérience et une formation supplémentaire permettent d'accéder à des postes techniques en cinéma, en radiotélédiffusion ou dans les arts de la scène."
53111.04,Certains des postes de ce groupe de base peuvent se chevaucher selon l'ampleur de la production ou l'importance du studio de radiotélédiffusion.
53111.04,"L'expérience et une formation supplémentaire permettent d'accéder à des postes techniques en cinéma, en radiotélédiffusion ou dans les arts de la scène."
53111.05,Certains des postes de ce groupe de base peuvent se chevaucher selon l'ampleur de la production ou l'importance du studio de radiotélédiffusion.
53111.05,"L'expérience et une formation supplémentaire permettent d'accéder à des postes techniques en cinéma, en radiotélédiffusion ou dans les arts de la scène."
53111.06,Certains des postes de ce groupe de base peuvent se chevaucher selon l'ampleur de la production ou l'importance du studio de radiotélédiffusion.
53111.06,"L'expérience et une formation supplémentaire permettent d'accéder à des postes techniques en cinéma, en radiotélédiffusion ou dans les arts de la scène."
53111.07,Certains des postes de ce groupe de base peuvent se chevaucher selon l'ampleur de la production ou l'importance du studio de radiotélédiffusion.
53111.07,"L'expérience et une formation supplémentaire permettent d'accéder à des postes techniques en cinéma, en radiotélédiffusion ou dans les arts de la scène."
53120.01,"Les danseurs peuvent se spécialiser dans différents types de danse tels que le ballet, le ballet-jazz, les danses folkloriques ou sociales et la danse moderne."
53123.01,"Les ensembliers de théâtre peuvent se spécialiser dans le design des costumes, de l'éclairage ou des décors de théâtre; les dessinateurs de mode peuvent se spécialiser dans les vêtements pour hommes, pour dames ou pour enfants ou dans différents articles tels que les vêtements de sport, les chaussures et les vêtements habillés."
53123.01,L'expérience permet d'accéder à des postes de supervision ou de direction.
53123.02,L'expérience permet d'accéder à des postes de supervision ou de direction.
53123.03,L'expérience permet d'accéder à des postes de supervision ou de direction.
53125.00,L'expérience permet d'accéder à des postes de supervision.
55109.01,Il y a peu de mobilité entre les professions qui forment ce groupe de base.
55109.02,Il y a peu de mobilité entre les professions qui forment ce groupe de base.
55109.03,Il y a peu de mobilité entre les professions qui forment ce groupe de base.
55109.04,Il y a peu de mobilité entre les professions qui forment ce groupe de base.
60010.00,L'expérience permet d'accéder à des postes de cadres supérieurs.
60020.00,"Une certaine mobilité existe entre les directeurs de ce groupe de base, selon le produit ou le service vendu."
60030.00,L'expérience permet d'accéder à des postes de cadres dans le domaine des services alimentaires.
62010.00,L'expérience ou une formation supplémentaire permet d'accéder à des postes de gestion en commerce de détail.
62022.00,L'expérience ou une formation supplémentaire permet d'accéder à des postes de directions.
62029.00,L'expérience ou une formation supplémentaire permet d'accéder à des postes de gestion.
62100.00,Les employeurs dispensent parfois à l'interne des programmes de formation poussée aux spécialistes des ventes techniques.
62100.00,L'expérience ou une formation supplémentaire permet d'accéder à des postes de direction dans la vente.
62100.00,Les spécialistes des ventes techniques - commerce de gros se spécialisent généralement dans une catégorie de biens ou une gamme spécifique de services en particulier.
62101.00,"L'expérience ou une formation supplémentaire permettent d'accéder aux postes de direction en commerce de détail, ventes, marketing ou publicité."
62101.00,"Les acheteurs des commerces de détail et de gros peuvent se spécialiser soit en acquérant de l'expérience, soit en suivant des cours de formation relativement à un produit en particulier."
62101.00,Les acheteurs des commerces de détail et de gros peuvent se spécialiser dans une gamme de marchandises en particulier.
62200.01,La mention Sceau rouge permet une mobilité interprovinciale.
62200.01,Les premiers chefs peuvent passer à des postes de gestion dans le secteur de la restauration.
62200.01,Il existe une certaine mobilité entre les différents types de chefs de ce groupe de base.
62200.02,La mention Sceau rouge permet une mobilité interprovinciale.
62200.02,Il existe une certaine mobilité entre les différents types de chefs de ce groupe de base.
62200.03,La mention Sceau rouge permet une mobilité interprovinciale.
62200.03,Il existe une certaine mobilité entre les différents types de chefs de ce groupe de base.
62202.01,La mobilité est possible entre les divers emplois en joaillerie de ce groupe de base.
62202.01,Il existe peu de mobilité entre les divers emplois en joaillerie et les emplois en réparation de montres de ce groupe de base.
62202.01,"Les bijoutiers peuvent se spécialiser dans un type de bijoux particulier, comme ceux en or ou en argent, ou dans des opérations particulières, comme la fabrication ou la réparation."
62202.02,La mobilité est possible entre les divers emplois en joaillerie de ce groupe de base.
62202.02,Il existe peu de mobilité entre les divers emplois en joaillerie et les emplois en réparation de montres de ce groupe de base.
63100.00,L'expérience permet d'accéder à des postes de gestion en assurance.
63100.00,Un programme de formation offert par l'Institut d'assurance du Canada ou son équivalent provincial permet à l'agent d'assurance d'être reconnu comme associé de l'Institut d'assurance du Canada (AIAC) ou comme fellow de l'Institut d'assurance du Canada (FIAC).
63100.00,La réussite de cours offerts par la Canadian Association of Insurance and Financial Advisors mène à différents niveaux de qualification professionnelle pour les conseillers en assurance et en finances.
63101.00,Les agents et les vendeurs en immobilier travaillent habituellement à la commission.
63101.00,"Les agents immobiliers peuvent être des travailleurs autonomes en obtenant un permis de courtier, conformément aux règlements en vigueur dans la province où ils travaillent. Pour devenir directeur dans le domaine de l'immobilier, il faut obtenir un permis de courtier."
63101.00,"Les agents et les vendeurs en immobilier peuvent se spécialiser dans les propriétés résidentielles, commerciales, industrielles ou institutionnelles, ou encore dans la vente immobilière en milieu rural."
63102.00,L'expérience permet d'accéder à des postes de gestion des services de crédit et de prêts.
63102.00,L'expérience permet d'accéder à des postes supérieurs en planification financière et en gestion de patrimoine.
63200.00,La mention Sceau rouge permet une mobilité interprovinciale.
63200.00,Il existe une mobilité entre les divers emplois de cuisinier compris dans ce groupe de base.
63200.00,"L'expérience et la formation permettent d'accéder à des postes de supervision ou de cadre, tels que le poste de chef."
63201.00,"La progression des postes de boucher industriel et de coupeur de viande industriel vers les emplois plus qualifiés est possible grâce à l'expérience et à la formation en cours d'emploi spécialisée dans les supermarchés, les épiceries, les poissonneries et les boucheries."
63202.00,La mention Sceau rouge permet une mobilité interprovinciale.
63210.01,La mention Sceau rouge permet une mobilité interprovinciale.
63210.02,La mention Sceau rouge permet une mobilité interprovinciale.
63211.01,"Il n'y a pas ou peu de mobilité entre les différents emplois de ce groupe de base, à moins d'acquérir une formation spécialisée additionnelle."
63211.02,"Il n'y a pas ou peu de mobilité entre les différents emplois de ce groupe de base, à moins d'acquérir une formation spécialisée additionnelle."
63211.03,"Il n'y a pas ou peu de mobilité entre les différents emplois de ce groupe de base, à moins d'acquérir une formation spécialisée additionnelle."
63211.04,"Il n'y a pas ou peu de mobilité entre les différents emplois de ce groupe de base, à moins d'acquérir une formation spécialisée additionnelle."
63211.05,"Il n'y a pas ou peu de mobilité entre les différents emplois de ce groupe de base, à moins d'acquérir une formation spécialisée additionnelle."
63211.06,"Il n'y a pas ou peu de mobilité entre les différents emplois de ce groupe de base, à moins d'acquérir une formation spécialisée additionnelle."
63211.07,"Il n'y a pas ou peu de mobilité entre les différents emplois de ce groupe de base, à moins d'acquérir une formation spécialisée additionnelle."
63220.02,L'expérience permet aux cordonniers d'accéder à des postes de fabricants de chaussures.
63221.00,L'expérience permet d'accéder à des postes de supervision.
64100.01,"Les vendeurs - commerce de détail peuvent se spécialiser et agir à titre de conseiller en systèmes de divertissement au foyer, en informatique et dans d'autres gammes de produits et services."
64100.01,Des programmes de formation technique ou sur la vente peuvent être fournis par les employeurs.
64100.01,L'expérience ou une formation supplémentaire permet d'accéder à des postes de supervision dans la vente.
64100.02,Des programmes de formation technique ou sur la vente peuvent être fournis par les employeurs.
64101.00,L'expérience et une formation complémentaire permettent d'accéder à des postes de direction des ventes.
64301.00,L'expérience permet d'accéder à des postes de gestion dans le service des aliments et des boissons.
64310.00,L'expérience permet d'accéder à des postes de gestion.
64311.01,Il y a peu de mobilité entre les agents de bord aérien et ceux du transport par voies navigables.
64311.01,Le fait de parler plus d'une langue est un atout pour les agents et les commissaires de bord.
64311.02,Il y a peu de mobilité entre les agents de bord aérien et ceux du transport par voies navigables.
64311.02,Le fait de parler plus d'une langue est un atout pour les agents et les commissaires de bord.
64311.03,Il y a peu de mobilité entre les agents de bord aérien et ceux du transport par voies navigables.
64312.01,"Les tâches des travailleurs dans ce groupe de base peuvent se chevaucher, selon l'importance de la ligne aérienne ou de l'aéroport."
64312.01,L'expérience permet d'accéder à des postes de supervision.
64312.02,"Les tâches des travailleurs dans ce groupe de base peuvent se chevaucher, selon l'importance de la ligne aérienne ou de l'aéroport."
64312.02,L'expérience permet d'accéder à des postes de supervision.
64312.03,"Les tâches des travailleurs dans ce groupe de base peuvent se chevaucher, selon l'importance de la ligne aérienne ou de l'aéroport."
64312.03,L'expérience permet d'accéder à des postes de supervision.
64313.01,"Les agents de billetterie et les représentants du service à la clientèle en matière de fret peuvent cumuler les mêmes tâches, selon la grandeur ou le lieu des opérations."
64313.01,L'expérience permet d'accéder à des postes de supervision.
64313.02,"Les agents de billetterie et les représentants du service à la clientèle en matière de fret peuvent cumuler les mêmes tâches, selon la grandeur ou le lieu des opérations."
64313.02,L'expérience permet d'accéder à des postes de supervision.
64314.00,L'expérience et une formation supplémentaire permettent d'accéder à des postes de supervision tels que directeur de services d'hébergement.
64321.00,L'expérience dans toutes les activités liées au jeu dans les casinos permet d'accéder à des postes de supervision.
64322.00,Les guides d'activités récréatives et sportives de plein air travaillent habituellement sur une base saisonnière.
64400.00,L'expérience permet d'accéder à des postes de supervision.
64401.00,L'expérience ou une formation supplémentaire permet d'accéder à des postes de supervision ou de gestion de service.
64409.00,L'expérience permet d'accéder à des postes de supervision.
65100.00,L'expérience ou une formation supplémentaire permet d'accéder à des postes de supervision tels que chef caissier.
65109.01,L'expérience ou une formation supplémentaire permet d'accéder à des postes de supervision apparentés au domaine de l'emploi.
65109.02,L'expérience ou une formation supplémentaire permet d'accéder à des postes de supervision apparentés au domaine de l'emploi.
65109.03,L'expérience ou une formation supplémentaire permet d'accéder à des postes de supervision apparentés au domaine de l'emploi.
65201.01,"Une formation supplémentaire et de l'expérience permettent d'accéder à d'autres professions des services alimentaires, telles que cuisinier ou serveur."
65201.01,Il y a une grande mobilité entre les emplois compris dans ce groupe de base.
65201.02,"Une formation supplémentaire et de l'expérience permettent d'accéder à d'autres professions des services alimentaires, telles que cuisinier ou serveur."
65201.02,Il y a une grande mobilité entre les emplois compris dans ce groupe de base.
65201.03,"Une formation supplémentaire et de l'expérience permettent d'accéder à d'autres professions des services alimentaires, telles que cuisinier ou serveur."
65201.03,Il y a une grande mobilité entre les emplois compris dans ce groupe de base.
65201.04,"Une formation supplémentaire et de l'expérience permettent d'accéder à d'autres professions des services alimentaires, telles que cuisinier ou serveur."
65201.04,Il y a une grande mobilité entre les emplois compris dans ce groupe de base.
65220.00,Une formation supplémentaire permet d'accéder à des postes de techniciens ou technologues en santé animale.
65310.01,L'expérience ou une formation supplémentaire permet d'accéder à des postes de supervision.
65310.02,L'expérience ou une formation supplémentaire permet d'accéder à des postes de supervision.
65311.01,L'expérience ou une formation supplémentaire permet d'accéder à des postes de supervision.
65311.02,L'expérience ou une formation supplémentaire permet d'accéder à des postes de supervision.
65311.03,L'expérience ou une formation supplémentaire permet d'accéder à des postes de supervision.
65311.04,L'expérience ou une formation supplémentaire permet d'accéder à des postes de supervision.
65311.05,L'expérience ou une formation supplémentaire permet d'accéder à des postes de supervision.
65312.00,L'expérience ou une formation supplémentaire permet d'accéder à des postes de supervision.
65320.01,L'expérience et une formation supplémentaire permettent d'accéder à des postes de supervision dans des établissements de nettoyage à sec et de blanchisseries.
65320.01,"Les travailleurs de ce groupe peuvent se spécialiser dans le finissage des articles en suède, en cuir, en fourrure ou des articles délicats."
65320.02,L'expérience et une formation supplémentaire permettent d'accéder à des postes de supervision dans des établissements de nettoyage à sec et de blanchisseries.
65320.02,"Les travailleurs de ce groupe peuvent se spécialiser dans le finissage des articles en suède, en cuir, en fourrure ou des articles délicats."
65320.03,L'expérience et une formation supplémentaire permettent d'accéder à des postes de supervision dans des établissements de nettoyage à sec et de blanchisseries.
65320.03,"Les travailleurs de ce groupe peuvent se spécialiser dans le finissage des articles en suède, en cuir, en fourrure ou des articles délicats."
70010.00,L'expérience permet d'accéder à des postes de cadres supérieurs.
70011.00,L'expérience et la formation prolongées en gestion permettent d'accéder à des postes de cadre supérieur.
70020.01,Il n'y a pas ou peu de mobilité entre les directeurs du transport - opérations et les directeurs du transport - mouvement du fret.
70020.01,"Il n'y a pas ou peu de mobilité entre les directeurs des opérations de transport terrestre, maritime et aérien."
70020.02,Il n'y a pas ou peu de mobilité entre les directeurs du transport - opérations et les directeurs du transport - mouvement du fret.
70020.02,"Il n'y a pas ou peu de mobilité entre les directeurs des opérations de transport terrestre, maritime et aérien."
72010.00,"Les entrepreneurs de petites entreprises peuvent exécuter des tâches généralement associées aux travailleurs des métiers qu'ils emploient, ce qui n'est généralement pas le cas pour les entrepreneurs de moyennes ou grandes entreprises ainsi que les superviseurs."
72011.00,"Il existe une certaine mobilité à l'intérieur d'un même groupe de métiers; toutefois, il n'y a pas ou peu de mobilité entre les différents groupes de métiers."
72011.00,"Les entrepreneurs de petites entreprises peuvent exécuter des tâches généralement associées aux travailleurs des métiers qu'ils emploient, ce qui n'est généralement pas le cas pour les entrepreneurs de moyennes ou grandes entreprises ainsi que les superviseurs."
72012.00,Il n'y a pas ou peu de mobilité parmi les contremaîtres de ce groupe de base.
72012.00,"Les entrepreneurs de petites entreprises peuvent exécuter des tâches généralement associées aux travailleurs des métiers qu'ils emploient, ce qui n'est généralement pas le cas pour les entrepreneurs de moyennes ou grandes entreprises ainsi que les superviseurs."
72013.00,"Il existe une certaine mobilité entre emplois dans un métier donné; cependant, il n'y a pas ou peu de mobilité entre les métiers."
72013.00,"Les entrepreneurs de petites entreprises peuvent exécuter des tâches généralement associées aux travailleurs des métiers qu'ils emploient, ce qui n'est généralement pas le cas pour les entrepreneurs de moyennes ou grandes entreprises ainsi que les superviseurs."
72014.00,Il n'y a pas ou peu de mobilité entre les contremaîtres de ce groupe de base.
72014.00,"Les entrepreneurs de petites entreprises peuvent exécuter des tâches généralement associées aux travailleurs des métiers qu'ils emploient, ce qui n'est généralement pas le cas pour les entrepreneurs de moyennes ou grandes entreprises ainsi que les superviseurs."
72020.00,Il n'y a pas ou peu de mobilité parmi les contremaîtres de ce groupe de base.
72020.00,"Les entrepreneurs de petites entreprises peuvent exécuter des tâches généralement associées aux travailleurs des métiers qu'ils emploient, ce qui n'est généralement pas le cas pour les entrepreneurs de moyennes ou grandes entreprises ainsi que les superviseurs."
72021.00,Il existe une certaine mobilité entre les professions de ce groupe de base.
72021.00,"Les entrepreneurs de petites entreprises peuvent exécuter des tâches généralement associées aux travailleurs des métiers qu'ils emploient, ce qui n'est généralement pas le cas pour les entrepreneurs de moyennes ou grandes entreprises ainsi que les superviseurs."
72022.00,"L'expérience permet d'accéder à des postes de direction tels que directeur de service, de production ou d'usine."
72024.00,Il y a peu de mobilité entre les différents secteurs du transport de ce groupe de base.
72100.01,La connaissance des matériaux exotiques ou composés peut être exigée des machinistes dans le domaine de l'aviation et dans d'autres secteurs de pointe.
72100.01,La mention Sceau rouge permet une mobilité interprovinciale.
72100.01,L'expérience permet d'accéder à des postes de supervision.
72100.02,La connaissance des matériaux exotiques ou composés peut être exigée des machinistes dans le domaine de l'aviation et dans d'autres secteurs de pointe.
72100.02,La mention Sceau rouge permet une mobilité interprovinciale.
72100.02,L'expérience permet d'accéder à des postes de supervision.
72101.01,La mention Sceau rouge permet une mobilité interprovinciale.
72101.01,L'expérience permet d'accéder à des postes de supervision.
72101.02,La mention Sceau rouge permet une mobilité interprovinciale.
72101.02,L'expérience permet d'accéder à des postes de supervision.
72102.00,La mention Sceau rouge permet une mobilité interprovinciale.
72102.00,L'expérience permet d'accéder à des postes de supervision.
72102.00,"Les tôliers peuvent se spécialiser dans l'installation chez le client, dans la fabrication en atelier de produits en tôle, ou encore dans le service et l'entretien de l'équipement et des systèmes en place."
72103.00,La mention Sceau rouge permet une mobilité interprovinciale.
72103.00,L'expérience permet d'accéder à des postes de supervision.
72103.00,"Les chaudronniers peuvent se spécialiser en montage, levage, préparation, assemblage ou divers aspects de soudage du métier."
72104.00,L'expérience permet d'accéder à des postes de supervision.
72104.00,Certains monteurs-ajusteurs de charpentes métalliques peuvent aussi être certifiés comme soudeurs qualifiés.
72104.00,La mention Sceau rouge permet une mobilité interprovinciale.
72105.00,La mention Sceau rouge permet une mobilité interprovinciale.
72105.00,L'expérience permet d'accéder à des postes de supervision.
72106.01,La mention Sceau rouge permet une mobilité interprovinciale.
72106.01,L'expérience permet d'accéder à des postes de supervision.
72106.01,"Les soudeurs peuvent se spécialiser dans un type de soudage dans les domaines suivants : fabrication sur mesure, construction et réparation de navires, contenants pressurisés, constructions de pipelines et de charpentes structurelles, réparation de machinerie et d'équipement et soudage de précision en aérospatiale."
72106.02,La mention Sceau rouge permet une mobilité interprovinciale.
72106.02,L'expérience permet d'accéder à des postes de supervision.
72200.00,La mention Sceau rouge permet une mobilité interprovinciale.
72200.00,L'expérience permet d'accéder à des postes de supervision.
72201.00,La mention Sceau rouge permet une mobilité interprovinciale.
72201.00,L'expérience permet d'accéder à des postes de supervision.
72202.00,L'expérience permet d'accéder à des postes de supervision.
72203.00,La mention Sceau rouge permet une mobilité interprovinciale.
72203.00,L'expérience permet d'accéder à des postes de supervision.
72204.00,L'expérience permet d'accéder à des postes de supervision.
72205.05,L'expérience permet d'accéder à des postes de supervision de technicien de service de télévision par câble.
72300.00,La mention Sceau rouge permet une mobilité interprovinciale.
72300.00,L'expérience permet d'accéder à des postes de supervision.
72301.01,La mention Sceau rouge permet une mobilité interprovinciale.
72301.01,L'expérience permet d'accéder à des postes de supervision.
72301.02,La mention Sceau rouge permet une mobilité interprovinciale.
72301.02,L'expérience permet d'accéder à des postes de supervision.
72302.00,L'expérience permet d'accéder à des postes de supervision.
72310.00,La mention Sceau rouge permet une mobilité interprovinciale.
72310.00,L'expérience permet d'accéder à des postes de supervision.
72311.00,La mention Sceau rouge permet une mobilité interprovinciale.
72311.00,L'expérience permet d'accéder à des postes de supervision.
72320.00,La mention Sceau rouge permet une mobilité interprovinciale.
72320.00,L'expérience permet d'accéder à des postes de supervision.
72321.00,La mention Sceau rouge permet une mobilité interprovinciale.
72321.00,L'expérience permet d'accéder à des postes de supervision.
72400.01,"Les mécaniciens de chantier travaillent surtout à l'installation initiale de machinerie industrielle et de matériel d'usine, tandis que les mécaniciens industriels effectuent plutôt l'entretien et les réparations qui suivent l'installation de machinerie et de matériel."
72400.01,"Les mécaniciens industriels et de chantier peuvent suivre une formation polyvalente dans un second métier, notamment en tuyauterie, en soudure, en usinage ou en entretien électrique."
72400.01,La mention Sceau rouge permet une mobilité interprovinciale.
72400.01,L'expérience permet d'accéder à des postes de supervision.
72401.00,L'expérience permet d'accéder à des postes de supervision.
72401.00,La mention Sceau rouge permet une mobilité interprovinciale.
72401.00,"Les mécaniciens d'équipement lourd peuvent se spécialiser dans des types de machinerie particulière, comme des multiculteurs et des véhicules chenillés, ou dans le réglage de moteurs, de transmissions à changement de vitesse sous charge, dans les moteurs à injection, l'hydraulique ou l'électronique."
72402.00,La mention Sceau rouge permet une mobilité interprovinciale.
72402.00,L'expérience permet d'accéder à des postes de supervision.
72403.00,L'expérience permet d'accéder à des postes de supervision.
72404.01,"Les mécaniciens d'aéronefs peuvent passer à des postes de contremaîtres, de surveillants d'atelier ou de contrôleurs d'aéronefs."
72404.01,Les mécaniciens et contrôleurs d'aéronefs peuvent ajouter à leur licence de TEA les attestations et les annotations leur permettant de contrôler et de certifier des aéronefs et des systèmes d'aéronefs plus variés.
72404.01,"Les licences de TEA sont émises dans les catégories suivantes : M - maintenance des petits et gros aéronefs, E - systèmes électroniques, S - structures d'aéronefs."
72404.01,"Les mécaniciens d'aéronefs sont généralement spécialisés dans des systèmes d'aéronefs particuliers, tels les moteurs, les organes auxiliaires, les cellules, les hélices, les composantes mécaniques ou les systèmes hydrauliques, ainsi que dans des types d'aéronefs précis, comme les avions légers, les avions de transport à réaction et les hélicoptères."
72404.02,L'expérience permet aux contrôleurs d'aéronefs d'accéder à des postes de contrôleurs d'atelier.
72404.02,Les mécaniciens et contrôleurs d'aéronefs peuvent ajouter à leur licence de TEA les attestations et les annotations leur permettant de contrôler et de certifier des aéronefs et des systèmes d'aéronefs plus variés.
72404.02,"Les licences de TEA sont émises dans les catégories suivantes : M - maintenance des petits et gros aéronefs, E - systèmes électroniques, S - structures d'aéronefs."
72405.00,L'expérience permet d'accéder à des postes de supervision.
72406.00,L'expérience permet d'accéder à des postes de supervision.
72406.00,"Les constructeurs et les mécaniciens d'ascenseurs peuvent se spécialiser dans la construction, l'entretien ou la réparation."
72410.01,"Une formation supplémentaire permet aux mécaniciens d'automobiles, de camions et de véhicules de transport de travailler dans l'un ou l'autre de ces domaines."
72410.01,La mention Sceau rouge permet une mobilité interprovinciale.
72410.01,L'expérience permet aux mécaniciens dans ce groupe de base d'accéder à des postes de supervision.
72410.01,"Les travailleurs inclus dans ce groupe de base peuvent se spécialiser dans les domaines suivants : moteur et alimentation en carburant, systèmes de transmission, systèmes de climatisation, de refroidissement et de chauffage, direction, alignement, freins, lignes de compression, suspension, systèmes électriques et électroniques, réparation de remorques routières ou services de diagnostic."
72410.02,"Une formation supplémentaire permet aux mécaniciens d'automobiles, de camions et de véhicules de transport de travailler dans l'un ou l'autre de ces domaines."
72410.02,La mention Sceau rouge permet une mobilité interprovinciale.
72410.02,L'expérience permet aux mécaniciens dans ce groupe de base d'accéder à des postes de supervision.
72410.02,Un programme d'apprentissage permet aux réparateurs de véhicules automobiles dans la fabrication de véhicules automobiles d'accéder à des postes de mécaniciens de véhicules automobiles. L'expérience leur permet d'accéder à des postes de supervision en fabrication de véhicules automobiles.
72410.02,"Les travailleurs inclus dans ce groupe de base peuvent se spécialiser dans les domaines suivants : moteur et alimentation en carburant, systèmes de transmission, systèmes de climatisation, de refroidissement et de chauffage, direction, alignement, freins, lignes de compression, suspension, systèmes électriques et électroniques, réparation de remorques routières ou services de diagnostic."
72410.03,"Une formation supplémentaire permet aux mécaniciens d'automobiles, de camions et de véhicules de transport de travailler dans l'un ou l'autre de ces domaines."
72410.03,La mention Sceau rouge permet une mobilité interprovinciale.
72410.03,L'expérience permet aux mécaniciens dans ce groupe de base d'accéder à des postes de supervision.
72410.03,"Les travailleurs inclus dans ce groupe de base peuvent se spécialiser dans les domaines suivants : moteur et alimentation en carburant, systèmes de transmission, systèmes de climatisation, de refroidissement et de chauffage, direction, alignement, freins, lignes de compression, suspension, systèmes électriques et électroniques, réparation de remorques routières ou services de diagnostic."
72411.00,La mention Sceau rouge permet une mobilité interprovinciale.
72411.00,"L'expérience permet aux techniciens en collision, en carrosserie et en peinture d'automobiles et aux estimateurs de dommages aux véhicules automobiles  d'accéder à des postes de supervision."
72411.00,Un programme d'apprentissage permet aux réparateurs de carrosserie dans la construction de véhicules automobiles d'accéder à des postes de débosseleurs. L'expérience leur permet également d'accéder à des postes de supervision dans la construction de véhicules automobiles.
72420.00,La mention Sceau rouge permet une mobilité interprovinciale.
72420.00,L'expérience permet d'accéder à des postes de supervision.
72421.01,La mention Sceau rouge permet une mobilité interprovinciale.
72421.01,L'expérience permet d'accéder à des postes de supervision.
72421.02,La mention Sceau rouge permet une mobilité interprovinciale.
72421.02,L'expérience permet d'accéder à des postes de supervision.
72422.00,La mention Sceau rouge permet une mobilité interprovinciale.
72422.00,"Bien que les travailleurs de ce groupe de base puissent se spécialiser, ils doivent être compétents dans la réparation de tous les dispositifs électriques."
72422.00,L'expérience permet d'accéder à des postes de supervision.
72422.00,"Les électromécaniciens peuvent se spécialiser dans certains genres de dispositifs, tels que les moteurs électriques ou les transformateurs, ou accomplir certaines fonctions, telles que l'enroulement des bobines."
72423.01,La mention Sceau rouge permet une mobilité interprovinciale.
72423.01,Il existe une mobilité entre certaines une des professions dans ce groupe de base.
72423.01,L'expérience permet d'accéder à des postes de supervision.
72423.02,La mention Sceau rouge permet une mobilité interprovinciale.
72423.02,Il existe une mobilité entre certaines une des professions dans ce groupe de base.
72423.02,L'expérience permet d'accéder à des postes de supervision.
72429.00,L'expérience permet d'accéder à des postes de supervision.
72500.00,La mention Sceau rouge permet une mobilité interprovinciale.
72500.00,L'expérience permet d'accéder à des postes de supervision.
72501.00,Une mobilité existe entre les différents conducteurs de forage de puits dans ce groupe de base.
72501.00,L'expérience permet d'accéder à des postes de supervision.
72501.00,"Les foreurs de puits d'eau peuvent se spécialiser dans une méthode spécifique de forage, telle que le forage au câble, au rotary, à cuiller, à marteau ou à circulation inverse."
72600.02,Les mécaniciens de bord qui complètent les heures requises d'expérience en vol et qui détiennent les mentions et les licences requises peuvent accéder à des postes de copilote et de pilote.
72601.01,Les contrôleurs de la circulation aérienne titulaires des annotations requises par NAV Canada et possédant de l'expérience peuvent passer à des unités accueillant un plus grand volume de trafic.
72602.00,"Transports Canada administre un programme de certification d'officier de pont de plusieurs niveaux. Une formation supplémentaire, des examens et de l'expérience permettent de passer d'un niveau de certification à un autre."
72602.00,"Il est possible d'accéder à des postes semblables, chez un autre employeur, dans la mesure où ces postes nécessitent un même niveau de certification."
72602.00,L'expérience permet d'accéder à des postes de direction dans le domaine du transport.
72603.00,"Le certificat de mécanicien de marine de quatrième niveau représente le niveau d'entrée dans le programme de certification de quatre niveaux administré par Transports Canada. L'expérience, la formation et des examens permettent de passer d'un niveau de certification à un autre."
72603.00,La mobilité parmi les employeurs est possible pour les postes exigeant le même niveau de certification.
72603.00,L'expérience permet d'accéder à des postes de gestion dans le domaine du transport.
72604.01,Il y a peu de mobilité entre les postes de contrôleur de la circulation ferroviaire et ceux de la circulation maritime.
72604.01,L'expérience permet aux contrôleurs de la circulation ferroviaire d'accéder à des postes de supervision dans les opérations du transport ferroviaire.
72604.02,Il y a peu de mobilité entre les postes de contrôleur de la circulation ferroviaire et ceux de la circulation maritime.
72999.01,Il n'y a pas ou peu de mobilité entre les postes de ce groupe de base.
72999.01,L'expérience permet d'accéder à des postes de supervision.
72999.02,Il n'y a pas ou peu de mobilité entre les postes de ce groupe de base.
72999.02,L'expérience permet d'accéder à des postes de supervision.
72999.03,Il n'y a pas ou peu de mobilité entre les postes de ce groupe de base.
72999.03,L'expérience permet d'accéder à des postes de supervision.
72999.04,Il n'y a pas ou peu de mobilité entre les postes de ce groupe de base.
72999.04,L'expérience permet d'accéder à des postes de supervision.
72999.05,Il n'y a pas ou peu de mobilité entre les postes de ce groupe de base.
72999.05,L'expérience permet d'accéder à des postes de supervision.
72999.06,Il n'y a pas ou peu de mobilité entre les postes de ce groupe de base.
72999.06,L'expérience permet d'accéder à des postes de supervision.
73100.00,La mention Sceau rouge permet une mobilité interprovinciale.
73100.00,L'expérience permet d'accéder à des postes de supervision.
73101.00,La mention Sceau rouge permet une mobilité interprovinciale.
73102.01,L'expérience permet d'accéder à des postes de supervision.
73102.01,La mention Sceau rouge des latteurs (spécialistes de systèmes d'intérieur) permet une mobilité interprovinciale.
73102.02,L'expérience permet d'accéder à des postes de supervision.
73102.02,La mention Sceau rouge des latteurs (spécialistes de systèmes d'intérieur) permet une mobilité interprovinciale.
73102.03,L'expérience permet d'accéder à des postes de supervision.
73102.03,La mention Sceau rouge des latteurs (spécialistes de systèmes d'intérieur) permet une mobilité interprovinciale.
73110.01,La mention Sceau rouge permet une mobilité interprovinciale.
73110.01,L'expérience permet d'accéder à des postes de supervision.
73110.02,La mention Sceau rouge permet une mobilité interprovinciale.
73110.02,L'expérience permet d'accéder à des postes de supervision.
73111.00,La mention Sceau rouge permet une mobilité interprovinciale.
73111.00,L'expérience permet d'accéder à des postes de supervision.
73112.00,La mention Sceau rouge permet une mobilité interprovinciale.
73112.00,L'expérience permet d'accéder à des postes de supervision.
73113.00,La mention Sceau rouge permet une mobilité interprovinciale.
73113.00,L'expérience permet d'accéder à des postes de supervision.
73200.00,Il existe une certaine mobilité entre les divers emplois d'installateurs et de réparateurs de ce groupe de base.
73201.00,L'expérience ou une formation supplémentaire permet d'accéder à des postes de supervision.
73202.00,L'expérience permet aux fumigateurs et aux préposés au contrôle de la vermine d'accéder à des postes de supervision.
73209.00,Une certaine mobilité est possible entre les travailleurs de ce groupe de base.
73209.00,L'expérience permet d'accéder à des postes de supervision.
73300.01,"L'expérience ou une formation supplémentaire permet d'accéder à des postes de superviseur ou à des postes non itinérants, tels qu'instructeur de conduite de camions, agent de sécurité ou répartiteur."
73300.02,"L'expérience ou une formation supplémentaire permet d'accéder à des postes de superviseur ou à des postes non itinérants, tels qu'instructeur de conduite de camions, agent de sécurité ou répartiteur."
73301.01,"L'expérience permet d'accéder à des postes de supervision, d'inspection, ou de formation dans le transport en commun."
73301.02,"L'expérience permet d'accéder à des postes de supervision, d'inspection, ou de formation dans le transport en commun."
73301.03,"L'expérience permet d'accéder à des postes de supervision, d'inspection, ou de formation dans le transport en commun."
73310.01,La mobilité entre les postes de mécaniciens de locomotive d'une société ou compagnie de transport ferroviaire à une autre est limitée en raison des dispositions quant aux politiques d'ancienneté des conventions collectives.
73310.02,La mobilité entre les postes de mécaniciens de locomotive d'une société ou compagnie de transport ferroviaire à une autre est limitée en raison des dispositions quant aux politiques d'ancienneté des conventions collectives.
73311.01,L'expérience permet aux chefs de train d'accéder à des postes de mécanicien de locomotive.
73311.02,L'expérience permet aux serre-freins d'accéder à des postes de chef de train.
73400.00,L'expérience permet d'accéder à des postes de supervision.
73400.00,La mention Sceau rouge permet une mobilité interprovinciale.
73401.00,L'expérience permet d'accéder à des postes de supervision tels que surveillant d'imprimerie.
73402.01,Les foreurs et les dynamiteurs cumulent souvent les deux fonctions.
73402.01,L'expérience permet d'accéder à des postes de supervision.
73402.02,Les foreurs et les dynamiteurs cumulent souvent les deux fonctions.
73402.02,L'expérience permet d'accéder à des postes de supervision.
74100.01,L'expérience ou une formation supplémentaire permet d'accéder à des postes de supervision ou de gestion de service.
74100.02,L'expérience ou une formation supplémentaire permet d'accéder à des postes de supervision ou de gestion de service.
74101.00,L'expérience ou une formation supplémentaire permet d'accéder à des postes de supervision.
74102.00,Une certaine mobilité existe vers d'autres postes de livraison tels que chauffeurs-livreurs.
74102.00,Il existe parfois une mobilité permettant d'accéder aux postes de commis au sein de l'entreprise.
74102.00,L'expérience permet parfois d'accéder à des postes de supervision.
74200.01,L'expérience permet d'accéder à des postes de serre-freins.
74200.02,L'expérience permet d'accéder à des postes de serre-freins.
74201.01,"La formation et les examens pour les différentes attestations et certifications, y compris le certificat de Fonction d'urgence en mer (FUM) ont lieu après l'embauche en tant que matelot de pont."
74201.01,"L'expérience est exigée pour les postes supérieurs dans ce groupe de base, tels que matelots brevetés."
74201.01,"L'expérience, une formation supplémentaire et un certificat d'officier de pont de Transports Canada permettent d'accéder à des postes d'officiers de pont et de salle des machines."
74201.02,"La formation et les examens pour les différentes attestations et certifications, y compris le certificat de Fonction d'urgence en mer (FUM) ont lieu après l'embauche en tant que matelot de pont."
74201.02,"L'expérience est exigée pour les postes supérieurs dans ce groupe de base, tels que matelots brevetés."
74201.02,"L'expérience, une formation supplémentaire et un certificat d'officier de pont de Transports Canada permettent d'accéder à des postes d'officiers de pont et de salle des machines."
74202.00,La mobilité parmi les postes dans ce groupe de base est possible.
74203.00,Une certaine mobilité existe entre les poseurs et le personnel d'entretien dans ce groupe de base.
74203.00,L'expérience permet d'accéder à des postes de supervision.
74204.01,"La mobilité entre les emplois compris dans ce groupe de base se rencontre habituellement dans le même domaine de travail, tel que dans les usines de traitement des eaux usées, les usines de filtration et de distribution d'eau ou dans les entreprises de distribution de gaz."
74204.01,L'expérience permet d'accéder à des postes de supervision.
74204.02,"La mobilité entre les emplois compris dans ce groupe de base se rencontre habituellement dans le même domaine de travail, tel que dans les usines de traitement des eaux usées, les usines de filtration et de distribution d'eau ou dans les entreprises de distribution de gaz."
74204.02,L'expérience permet d'accéder à des postes de supervision.
74205.00,L'expérience permet d'accéder à des postes de supervision.
75100.00,L'expérience permet d'accéder à des postes de superviseur ou de contremaître des débardeurs.
75110.00,La mobilité est possible parmi les travailleurs dans ce groupe de base.
75110.00,La progression d’un gréeur à un grutier est possible avec l’expérience et une certification supplémentaire.
75119.00,Il n'y a pas ou peu de mobilité entre les postes de ce groupe de base.
75200.01,L'expérience permet aux chauffeurs de taxi ou de limousine de passer à un poste de chauffeur d'entreprise ou de chauffeur particulier.
75201.00,"L'expérience permet d'accéder à des postes de supervision ou à des postes non itinérants, comme ceux d'instructeur de conduite ou de répartiteur."
75210.01,"Il n'y a pas ou peu de mobilité entre le personnel d'écluses, les conducteurs de bac à câble et les ouvriers au débarcadère."
75210.02,"Il n'y a pas ou peu de mobilité entre le personnel d'écluses, les conducteurs de bac à câble et les ouvriers au débarcadère."
75210.02,La mobilité entre les opérateurs de bateaux dans ce groupe de base est possible.
75210.02,"Une formation additionnelle, de l'expérience et un certificat permettent aux opérateurs de bateaux d'accéder à des postes d'officier de pont."
75210.03,"Il n'y a pas ou peu de mobilité entre le personnel d'écluses, les conducteurs de bac à câble et les ouvriers au débarcadère."
75210.03,La mobilité entre les opérateurs de bateaux dans ce groupe de base est possible.
75210.03,"Une formation additionnelle, de l'expérience et un certificat permettent aux opérateurs de bateaux d'accéder à des postes d'officier de pont."
75210.04,"Il n'y a pas ou peu de mobilité entre le personnel d'écluses, les conducteurs de bac à câble et les ouvriers au débarcadère."
75210.04,La mobilité entre les opérateurs de bateaux dans ce groupe de base est possible.
75210.04,"Une formation additionnelle, de l'expérience et un certificat permettent aux opérateurs de bateaux d'accéder à des postes d'officier de pont."
75211.01,L'expérience permet aux manoeuvres dans le transport ferroviaire d'accéder à des postes en entretien des voies ferrées ou dans les gares de triage.
75212.00,L'expérience permet d'accéder à des postes de supervision ou de conducteur de machinerie d'entretien public.
80010.00,L'expérience permet d'accéder à des postes de cadres dans les différentes industries comprises dans ce groupe.
80020.00,"Les gestionnaires en agriculture gèrent des fermes de différentes tailles et peuvent se spécialiser dans la culture de produits tels que le blé, les pommes ou les pommes de terre, ou dans l'élevage des bovins, des porcins ou de la volaille."
82020.00,"La mobilité entre les secteurs de l'exploitation de mines à ciel ouvert, de mines souterraines, de mines de charbon ou de mines de métal peut être limitée par les différences dans les techniques de production et les permis exigés."
82020.00,"Il existe une mobilité parmi les employeurs, surtout pour les surveillants qui détiennent des diplômes d'études postsecondaires."
82021.00,Il existe peu de mobilité entre les surveillants à l'entretien des puits et les surveillants du forage des puits.
82030.02,"Les surveillants d'exploitations agricoles peuvent se spécialiser dans des domaines tels que les produits laitiers, volailles, porcins, bovins, ovins, équidés, fruits, légumes, l'agriculture mixte ou d'autres spécialisations."
83100.00,"Il existe une mobilité vers d'autres groupes professionnels en exploitation minière, tels que des postes d'entretien et de soutien dans les mines souterraines."
83100.00,La mobilité d'un type de mine à l'autre est assez limitée à cause des différences dans les techniques de production.
83100.00,"Il existe une mobilité entre les employeurs à l'intérieur de chacun des trois types d'exploitations minières souterraines suivants : les mines de charbon, les mines de roches dures et les mines de potasse, de sel ou de roches tendres."
83100.00,L'expérience permet d'accéder à des postes de supervision de l'exploitation des mines.
83101.01,"La mobilité entre les installations de forage et les montages d'entretien est limitée, étant donné la diversité des outillages et des outils employés et des techniques mises en oeuvre, mais elle reste possible, surtout du secteur du forage vers celui de l'entretien."
83101.01,"L'expérience, ainsi que des études et un perfectionnement professionnel supplémentaires, permettent d'accéder à des postes de supervision d'équipe ou de direction."
83101.01,La mention Sceau rouge permet une mobilité interprovinciale.
83101.02,"La mobilité entre les installations de forage et les montages d'entretien est limitée, étant donné la diversité des outillages et des outils employés et des techniques mises en oeuvre, mais elle reste possible, surtout du secteur du forage vers celui de l'entretien."
83101.02,"L'expérience, ainsi que des études et un perfectionnement professionnel supplémentaires, permettent d'accéder à des postes de supervision d'équipe ou de direction."
83101.02,La mention Sceau rouge permet une mobilité interprovinciale.
83110.00,Il est possible de devenir travailleur indépendant à titre d'entrepreneur en exploitation forestière à condition d'investir les fonds nécessaires à l'achat du matériel approprié.
83110.00,Il existe une certaine mobilité dans ce groupe de base vers des postes de conducteurs de matériel de plus en plus complexe.
83110.00,"Il existe une certaine mobilité entre les employeurs, particulièrement lorsqu'il s'agit d'entreprises d'exploitation forestière semblable."
83110.00,Les conducteurs de machines d'abattage d'arbres peuvent effectuer des réparations mineures ainsi que l'entretien des machines.
83110.00,L'expérience permet d'accéder à des postes de supervision en abattage d'arbres et en exploitation forestière.
83120.00,"La réussite des examens de Transports Canada est exigée afin de passer de maître-pêcheur, classe IV à maître-pêcheur, classe I. Des programmes de formation sont offerts dans les centres de formation provinciaux."
83120.00,"L'expérience et une formation supplémentaire permettent d'accéder à des postes d'officiers de vaisseaux marchands ou gouvernementaux, postes exigeant un certificat d'officier de marine."
83121.00,"Une formation additionnelle, l'obtention d'une licence et de l'expérience permettent d'accéder à des postes de patron ou de second sur un bateau de pêche jaugeant plus de cent tonneaux."
84100.00,La mobilité d'un type de mine à un autre est assez limitée à cause des différences dans les techniques de production.
84100.00,"Il existe une mobilité entre les employeurs à l'intérieur de chacun des trois types d'exploitation minière suivants : les mines de charbon, les mines de roches dures et les mines de potasse, de sel ou de roches tendres."
84100.00,Il existe une mobilité vers d'autres groupes professionnels en exploitation minière souterraine.
84101.01,L'expérience permet aux travailleurs du forage de puits de pétrole et de gaz d'accéder à des postes de conducteur d'installation de forage ou de conducteur de montage d'entretien.
84101.02,Les conducteurs de montage d'entretien de puits de pétrole et de gaz peuvent accéder à des postes de supervision d'équipes d'entretien des puits.
84101.02,L'expérience permet aux travailleurs du forage de puits de pétrole et de gaz d'accéder à des postes de conducteur d'installation de forage ou de conducteur de montage d'entretien.
84110.00,"La mobilité peut être limitée entre les zones forestières centrales et de l'est et les zones forestières de l'ouest du pays, où la dimension des arbres ou l'escarpement du terrain exigent des méthodes de coupe et de débusquage différentes."
84110.00,L'expérience permet d'accéder à des postes d'opérateurs de machines d'abattage d'arbres.
84110.00,Il y a une tendance dans les plus grandes entreprises à certifier les opérateurs de scies à chaîne.
84110.00,Il existe une certaine mobilité entre les postes de ce groupe de base parce que les opérateurs de scies à chaîne et les opérateurs d'engins de débardage travaillent souvent en équipe et effectuent des rotations de travail.
84110.00,Les opérateurs de scies à chaîne doivent souvent posséder et entretenir leurs propres scies à chaîne.
84110.00,L'expérience permet d'accéder à des postes de supervision ou d'entrepreneur d'abattage d'arbres.
84111.00,Il existe une certaine mobilité entre les postes de ce groupe de base.
84111.00,Des programmes d'études et une formation supplémentaires permettent d'accéder à des postes de techniciens ou de technologues en sciences forestières.
84111.00,L'expérience permet d'accéder à des postes de supervision.
84120.01,L'expérience permet d'accéder à des postes de supervision.
84120.01,"Les ouvriers spécialisés dans l'élevage du bétail se spécialisent généralement dans l'élevage d'une seule espèce, par exemple, bovins de boucherie ou troupeaux laitiers ou porcins."
84120.02,L'expérience permet d'accéder à des postes de supervision.
84121.00,L'obtention d'un permis d'entrée et d'un bâtiment permet aux matelots de pont sur bâtiment de pêche de devenir patron de bâtiment de pêche.
84121.00,Une formation supplémentaire permet aux matelots de pont sur bâtiment de pêche d'accéder à des postes de quart ou de second.
85100.00,L'expérience permet d'accéder à d'autres postes d'ouvriers d’élevage.
85101.00,L'expérience permet d'accéder à d'autres postes d'ouvriers agricoles.
85103.00,L'expérience permet d'accéder à des postes de supervision tels que surveillant de serre.
85104.00,"Dans certaines juridictions, des secteurs spécifiques peuvent être alloués aux trappeurs, selon leur expérience."
85104.00,Les trappeurs et les chasseurs peuvent se spécialiser dans le piégeage ou la chasse d'une espèce particulière d'animal.
85110.00,De l'expérience et une formation supplémentaire permettent d'accéder à des postes de mineur d'extraction et de préparation de mines souterraines ou de travailleur d'entretien et de soutien des mines souterraines.
85110.00,Il existe une mobilité entre les emplois de ce groupe.
85111.00,L'expérience permet d'accéder à des postes supérieurs en exploitation.
85120.00,"L'expérience permet d'accéder à d'autres postes tels qu'ouvrier en sylviculture et en exploitation forestière, opérateur de scies à chaîne et d'engins de débardage ou conducteur de machines d'abattage d'arbres."
85120.00,Il existe une mobilité entre les postes de ce groupe de base.
85121.00,L'expérience ou une formation supplémentaire permet d'accéder à des postes techniques ou à des postes de supervision en aménagement paysager ou en horticulture.
90010.00,L'expérience permet d'accéder à des postes de direction.
90011.01,L'expérience permet d'accéder à des postes de cadres supérieurs des services d'utilité publique.
90011.02,L'expérience permet d'accéder à des postes de cadres supérieurs des services d'utilité publique.
90011.03,L'expérience permet d'accéder à des postes de cadres supérieurs des services d'utilité publique.
90011.04,L'expérience permet d'accéder à des postes de cadres supérieurs des services d'utilité publique.
90011.05,L'expérience permet d'accéder à des postes de cadres supérieurs des services d'utilité publique.
92011.00,Il existe une certaine mobilité entre des postes comportant l'utilisation de technologies apparentées ou nécessitant des permis semblables à l'intérieur de ce groupe.
92012.00,"Les coordonnateurs de l'analyse des risques et de maîtrise des points de contrôles critiques identifient, évaluent, contrôlent et préviennent les risques à chaque stade du processus de production alimentaire."
92014.00,Il existe une certaine mobilité entre les postes faisant appel à des technologies similaires ou axées sur la fabrication de produits analogues.
92014.00,L'expérience permet d'accéder à des postes de direction.
92015.00,Il existe une certaine mobilité entre des postes de surveillant dans ce groupe.
92015.00,L'expérience permet d'accéder à des postes de gestion.
92020.00,L'expérience permet d'accéder à des postes de gestion.
92024.00,Il existe peu de mobilité parmi les différents types de surveillants dans ce groupe de base.
92100.01,Il existe peu de mobilité entre les opérateurs de centrales nucléaires et les autres opérateurs de centrales électriques.
92100.01,L'expérience et une formation supplémentaire permettent aux mécaniciens de centrales ou de machines fixes de passer à une classe supérieure.
92100.01,L'expérience permet d'accéder à des postes de supervision.
92100.02,Il existe peu de mobilité entre les opérateurs de centrales nucléaires et les autres opérateurs de centrales électriques.
92100.02,L'expérience et une formation supplémentaire permettent aux mécaniciens de centrales ou de machines fixes de passer à une classe supérieure.
92100.02,L'expérience permet d'accéder à des postes de supervision.
92101.01,Il existe peu de mobilité entre les opérateurs d'installations de traitement de l'eau et les opérateurs de traitement des déchets.
92101.01,L'expérience permet d'accéder à des postes de supervision.
92101.02,Il existe peu de mobilité entre les opérateurs d'installations de traitement de l'eau et les opérateurs de traitement des déchets.
92101.02,L'expérience permet d'accéder à des postes de supervision.
93100.00,Il existe peu de mobilité entre les différents emplois d'opérateurs de poste central de contrôle et de conduite de procédés industriels à l'intérieur de l'industrie du traitement des métaux et des minerais.
93100.00,L'expérience permet aux opérateurs de poste central de contrôle et de conduite de procédés d'accéder à des postes de supervision dans le traitement des métaux et des minerais.
93101.00,"Il existe une grande mobilité d'un poste à l'autre au sein d'une même entreprise, souvent dans le cadre d'un programme de perfectionnement ou de formation."
93101.00,"La mobilité d'une usine à l'autre est possible, mais peut être limitée par la pratique établie de former les travailleurs de l'usine et de leur accorder des promotions."
93101.00,L'expérience permet d'accéder à des postes de supervision ou de gestion.
93101.00,"L'utilisation d'équipement de protection personnel peut être exigée des travailleurs de ce groupe de base qui peuvent être exposés à des matières toxiques, des produits chimiques inflammables ou à des explosifs."
93102.00,Il existe peu de mobilité parmi les postes compris dans ce groupe de base.
93102.00,L'expérience permet d'accéder à des postes de supervision.
93200.01,L'expérience permet aux monteurs d'aéronefs et aux contrôleurs du montage d'aéronefs d'accéder à des postes de supervision.
93200.02,L'expérience permet aux monteurs d'aéronefs et aux contrôleurs du montage d'aéronefs d'accéder à des postes de supervision.
94100.00,L'expérience permet aux opérateurs de machines d'accéder à des fonctions d'opérateurs de poste central de contrôle et de conduite de procédés industriels dans le traitement des métaux et des minerais.
94100.00,Il existe peu de mobilité entre les différents postes d'opérateurs de machines dans l'industrie de traitement des métaux et des minerais.
94101.01,Il existe une certaine mobilité entre les travailleurs de ce groupe de base.
94101.01,L'expérience permet d'accéder à des postes de supervision.
94101.02,Il existe une certaine mobilité entre les travailleurs de ce groupe de base.
94101.02,L'expérience permet d'accéder à des postes de supervision.
94101.03,Il existe une certaine mobilité entre les travailleurs de ce groupe de base.
94101.03,L'expérience permet d'accéder à des postes de supervision.
94102.01,La mobilité entre les différents genres d'opérateurs de machines dans ce groupe de base est possible.
94102.01,L'expérience permet d'accéder à des postes de supervision.
94102.02,La mobilité entre les différents genres d'opérateurs de machines dans ce groupe de base est possible.
94102.02,L'expérience permet d'accéder à des postes de supervision.
94102.03,La mobilité entre les différents genres d'opérateurs de machines dans ce groupe de base est possible.
94102.03,L'expérience permet d'accéder à des postes de supervision.
94102.04,La mobilité entre les différents genres d'opérateurs de machines dans ce groupe de base est possible.
94102.04,L'expérience permet d'accéder à des postes de supervision.
94103.01,"Il existe une certaine mobilité parmi les travailleurs dans chacun des secteurs de la fabrication de produits en béton, en argile ou en pierre, mais il n'y a pas ou peu de mobilité entre ces différents secteurs de fabrication."
94103.01,L'expérience permet d'accéder à des postes de supervision.
94103.02,"Il existe une certaine mobilité parmi les travailleurs dans chacun des secteurs de la fabrication de produits en béton, en argile ou en pierre, mais il n'y a pas ou peu de mobilité entre ces différents secteurs de fabrication."
94103.02,L'expérience permet d'accéder à des postes de supervision.
94103.03,"Il existe une certaine mobilité parmi les travailleurs dans chacun des secteurs de la fabrication de produits en béton, en argile ou en pierre, mais il n'y a pas ou peu de mobilité entre ces différents secteurs de fabrication."
94103.03,L'expérience permet d'accéder à des postes de supervision.
94105.01,L'expérience permet aux opérateurs de machines à travailler les métaux légers et lourds d'accéder à des postes de superviseur ou d'assembleur de charpentes métalliques.
94105.01,Il n'y a pas ou peu de mobilité entre les opérateurs de machines de transformation des métaux légers et les opérateurs de machines de transformation de métaux lourds.
94105.01,"L'expérience permet aux opérateurs de machines à forger d'accéder à des postes de forgerons, de monteurs de matrices ou de superviseurs."
94105.02,"L'expérience permet aux opérateurs de machines à forger d'accéder à des postes de forgerons, de monteurs de matrices ou de superviseurs."
94106.00,Les opérateurs de machines d'usinage d'expérience peuvent accéder à des postes de machinistes ou d'outilleurs-ajusteurs avec un apprentissage.
94107.00,Il y a une certaine mobilité entre les opérateurs de machine de ce groupe de base.
94107.00,L'expérience permet d'accéder à des postes de supervision.
94110.00,La mobilité est possible d'un employeur à un autre dans la fabrication des produits similaires pour certains des travailleurs spécialisés de ce groupe.
94110.00,Le port d'équipement de protection personnelle peut être exigé pour travailler avec certains types de produits chimiques ou pharmaceutiques.
94110.00,L'expérience permet d'accéder à des postes de supervision ou à des postes de contrôle du traitement des produits.
94111.01,La mobilité entre les différents opérateurs de ce groupe de base est possible.
94111.01,L'expérience permet d'accéder à des postes de supervision.
94111.02,La mobilité entre les différents opérateurs de ce groupe de base est possible.
94111.02,L'expérience permet d'accéder à des postes de supervision.
94111.03,La mobilité entre les différents opérateurs de ce groupe de base est possible.
94111.03,L'expérience permet d'accéder à des postes de supervision.
94111.04,La mobilité entre les différents opérateurs de ce groupe de base est possible.
94111.04,L'expérience permet d'accéder à des postes de supervision.
94112.01,L'expérience permet d'accéder à des postes de supervision.
94112.01,La mobilité entre les divers manoeuvres de ce groupe de base est possible.
94112.02,L'expérience permet d'accéder à des postes de supervision.
94112.02,La mobilité entre les divers manoeuvres de ce groupe de base est possible.
94112.03,L'expérience permet d'accéder à des postes de supervision.
94112.03,La mobilité entre les divers manoeuvres de ce groupe de base est possible.
94120.00,Il existe une certaine mobilité entre les emplois compris dans ce groupe de base.
94120.00,L'expérience permet d'accéder à des postes de supervision.
94121.00,Il existe peu de mobilité parmi les postes compris dans ce groupe.
94121.00,L'expérience permet d'accéder à des postes d'opérateur au contrôle de la réduction en pâte des pâtes et papiers ou d'opérateur au contrôle de la fabrication du papier et du couchage.
94122.00,Il existe une certaine mobilité entre les emplois compris dans ce groupe.
94123.01,Il existe une certaine mobilité entre les entreprises produisant des produits en bois semblables.
94123.02,Il existe une certaine mobilité entre les entreprises produisant des produits en bois semblables.
94124.00,L'expérience permet d'accéder à des postes de supervision.
94124.00,La mobilité est courante au sein de ce groupe de base.
94129.00,L'expérience permet d'accéder à différents postes dans l'industrie du bois et des pâtes et papiers.
94129.00,Il existe une certaine mobilité entre les postes de ce groupe de base.
94130.01,L'expérience d'opérateur de machine de traitement de fibre et fil textile et d'opérateur de machine et travailleur du cuir et des peaux permet d'accéder à des postes de supervision.
94130.01,"Un diplôme d'études collégiales dans les domaines du textile, de la chimie ou dans un domaine connexe est habituellement exigé pour accéder à des postes de supervision en traitement de fibre textile."
94130.01,Il existe une certaine mobilité entre les postes de ce groupe de base.
94130.02,Il est possible d'accéder à des postes plus exigeants comme teinturier en continu et opérateur de machines à imprimer le tissu à l'intérieur de ce groupe.
94130.02,"Un diplôme d'études collégiales dans les domaines du textile, de la chimie ou dans un domaine connexe est habituellement exigé pour accéder à des postes de supervision en traitement de fibre textile."
94130.02,Il existe une certaine mobilité entre les postes de ce groupe de base.
94131.00,La mobilité parmi les employeurs peut être limitée à cause des différences dans les machines et les produits.
94131.00,L'expérience et la formation permettent d'accéder à des postes de mécaniciens et de réparateurs de machines textiles ou à des postes de supervision.
94132.00,L'expérience permet d'accéder à des postes de supervision.
94133.00,Il existe peu de mobilité entre les différentes professions de contrôleur et de trieur dans ce groupe de base.
94140.01,L'expérience permet aux opérateurs de machines de procédés industriels d'accéder à des postes de supervision dans la transformation des aliments et des boissons.
94140.01,Il y a peu de mobilité entre les divers genres d'emplois d'opérateurs de machines de procédés industriels au sein de l'industrie de la transformation des aliments et des boissons.
94140.02,L'expérience permet aux opérateurs de machines d'accéder à des postes de supervision ou de devenir des opérateurs de machines de procédés industriels dans la transformation des aliments et des boissons.
94140.02,Une certaine mobilité existe entre les emplois d'opérateurs de machines au sein de l'industrie de la transformation des aliments et des boissons.
94141.01,L'expérience permet d'accéder à des postes de supervision.
94141.02,"Les découpeurs de viande industrielle peuvent accéder à des postes d'inspecteurs, de vérificateurs ou de trieurs."
94141.02,L'expérience permet d'accéder à des postes de supervision.
94141.03,L'expérience permet d'accéder à des postes de supervision.
94142.01,L'expérience permet d'accéder à des postes de supervision.
94142.02,L'expérience permet d'accéder à des postes de supervision.
94143.00,L'expérience permet d'accéder à des postes de supervision.
94143.00,Il y a peu de mobilité entre les différents types d'échantillonneurs et de trieurs de ce groupe de base.
94152.00,Une certaine mobilité existe entre les emplois d'opérateurs de différents types de machines à relier et à finition dans ce groupe de base.
94152.00,L'expérience permet d'accéder à des postes de supervision.
94153.00,Il est possible aux préposés à l'équipement automatique d'accéder à des postes de développement en laboratoire.
94153.00,Il existe une mobilité parmi les postes d'opérations de développement en laboratoire.
94200.01,Il est possible d'accéder à d'autres postes dans le même atelier de fabrication.
94200.01,L'expérience permet d'accéder à des postes de supervision.
94200.02,Il est possible d'accéder à d'autres postes dans le même atelier de fabrication.
94200.02,L'expérience permet d'accéder à des postes de supervision.
94201.01,L'expérience et une formation supplémentaire permettent aux assembleurs en électronique et aux monteurs de composants d'accéder à des postes d'inspecteurs et de vérificateurs en électronique.
94202.01,L'expérience permet d'accéder à des postes de supervision.
94202.01,L'expérience permet aux monteurs d'accéder à des postes d'essayeurs ou de contrôleurs.
94202.02,L'expérience permet d'accéder à des postes de supervision.
94203.01,L'expérience permet d'accéder à des postes de supervision.
94203.02,L'expérience permet d'accéder à des postes de supervision.
94203.03,L'expérience permet d'accéder à des postes de supervision.
94204.01,L'expérience permet d'accéder à des postes de supervision.
94204.01,Il n'y a pas ou peu de mobilité entre les différents monteurs et contrôleurs de ce groupe de base.
94204.02,L'expérience permet d'accéder à des postes de supervision.
94204.02,Il n'y a pas ou peu de mobilité entre les différents monteurs et contrôleurs de ce groupe de base.
94205.01,L'expérience permet d'accéder à des postes de supervision.
94205.01,L'expérience permet aux opérateurs de machines d'accéder à des postes d'essayeurs ou de contrôleurs.
94205.02,L'expérience permet d'accéder à des postes de supervision.
94210.01,Il existe une mobilité entre les postes de ce groupe de base.
94210.01,L'expérience permet d'accéder à des postes de supervision.
94210.02,Il existe une mobilité entre les postes de ce groupe de base.
94210.02,L'expérience permet d'accéder à des postes de supervision.
94210.03,Il existe une mobilité entre les postes de ce groupe de base.
94210.03,L'expérience permet d'accéder à des postes de supervision.
94210.04,Il existe une mobilité entre les postes de ce groupe de base.
94210.04,L'expérience permet d'accéder à des postes de supervision.
94212.01,La mobilité est possible entre les divers travailleurs de ce groupe de base.
94212.01,L'expérience permet d'accéder à des postes de supervision.
94212.02,La mobilité est possible entre les divers travailleurs de ce groupe de base.
94212.02,L'expérience permet d'accéder à des postes de supervision.
94213.01,L'expérience permet d'accéder à des postes de supervision.
94213.02,L'expérience permet d'accéder à des postes de supervision.
94219.01,Il n'y a pas ou peu de mobilité entre les différents monteurs et contrôleurs dans ce groupe de base.
94219.01,L'expérience permet d'accéder à des postes de supervision.
94219.02,Il n'y a pas ou peu de mobilité entre les différents monteurs et contrôleurs dans ce groupe de base.
94219.02,L'expérience permet d'accéder à des postes de supervision.
95100.00,L'expérience permet d'accéder à des postes d'opérateurs de machines et d'opérateurs de procédés industriels.
95101.00,Il existe une certaine mobilité entre les emplois dans ce groupe de base.
95101.00,L'expérience permet d'accéder à des postes d'opérateurs de machines à travailler les métaux.
95102.00,Il existe une très grande mobilité entre les postes de ce groupe de base.
95102.00,L'expérience et les qualifications appropriées permettent d'accéder à des postes d'opérateurs dans l'industrie de produits chimiques et des services d'utilité publique.
95103.00,L'expérience permet d'accéder à des postes d'opérateurs de machine ou d'usine.
95103.00,Il existe une très grande mobilité entre les emplois au sein d'une même entreprise.
95104.00,"L'expérience permet aux manoeuvres dans la fabrication de produits en caoutchouc et en plastique, d'accéder à des postes d'opérateurs de machines ou d'assembleurs."
95105.01,L'expérience permet d'accéder à des postes d'opérateurs de machines ou des postes de supervision.
95105.01,Il y a peu de mobilité parmi les différents types de coupeurs dans ce groupe de base.
95105.02,L'expérience permet d'accéder à des postes d'opérateurs de machines ou des postes de supervision.
95105.02,Il y a peu de mobilité parmi les différents types de coupeurs dans ce groupe de base.
95105.03,L'expérience permet d'accéder à des postes d'opérateurs de machines ou des postes de supervision.
95105.03,Il y a peu de mobilité parmi les différents types de coupeurs dans ce groupe de base.
95105.04,L'expérience permet d'accéder à des postes d'opérateurs de machines ou des postes de supervision.
95105.04,Il y a peu de mobilité parmi les différents types de coupeurs dans ce groupe de base.
95106.00,Une certaine mobilité existe entre les emplois dans ce groupe de base.
95106.00,L'expérience permet d'accéder à des postes d'opérateurs de machines et de contrôle des procédés.
95107.00,L'expérience permet d'accéder à d'autres emplois dans l'industrie de la transformation du poisson.
95109.00,Il existe une certaine mobilité entre les emplois dans ce groupe de base.
95109.00,L'expérience permet d'accéder à des postes d'opérateurs de machines.
