OaSIS profile code,Main duties
00010.00,"Enact, amend or repeal laws and regulations"
00010.00,"Participate in developing or amending government policies, programs or procedures"
00010.00,"Represent their government at local, national and international meetings and conferences"
00010.00,Respond to matters of concern to constituents or the general public
00010.00,May serve as minister responsible for a government department or agency and direct senior government managers and officials in the implementation of government policy and the management of that department or agency.
00011.00,"Establish objectives for the organization in accordance with government legislation and policy, formulate or approve and evaluate programs and procedures alone or in conjunction with senior government committees"
00011.00,Advise elected representatives on policy questions and refer major policy matters to these representatives for final decision
00011.00,"Recommend, review, evaluate and approve documents, briefs and reports submitted by middle managers and senior staff members"
00011.00,Co-ordinate department activities with other senior government managers and officials
00011.00,"Make presentations to legislative and other government committees regarding policies, programs or budgets"
00011.00,Allocate human and financial resources to implement organizational policies and programs
00011.00,Establish financial and administrative controls.
00012.00,"Determine the company's mission and strategic direction as conveyed through policies and concrete objectives which are met through the effective management of human, financial and material resources"
00012.00,Authorize and organize the establishment of major departments and associated senior staff positions
00012.00,"Allocate material, human and financial resources to implement organizational policies and programs; establish financial and administrative controls; formulate and approve promotional campaigns; and approve overall human resources planning"
00012.00,"Select middle managers, directors or other executive staff; delegate the necessary authority to them and create optimum working conditions"
00012.00,"Represent the organization, or delegate representatives to act on behalf of the organization, in negotiations or other official functions."
00013.00,Establish objectives for the organization or institution and formulate or approve policies and programs
00013.00,Authorize and organize the establishment of major departments and associated senior staff positions
00013.00,"Allocate material, human and financial resources to implement organizational policies and programs; establish financial and administrative controls; formulate and approve promotional campaigns; and approve overall personnel planning"
00013.00,"Select middle managers, directors or other executive staff"
00013.00,"Coordinate the work of regions, divisions or departments"
00013.00,"Represent the organization, or delegate representatives to act on behalf of the organization, in negotiations or other official functions."
00014.00,Establish objectives for the company and formulate or approve policies and programs
00014.00,Authorize and organize the establishment of major departments and associated senior staff positions
00014.00,"Allocate material, human and financial resources to implement organizational policies and programs; establish financial and administrative controls; formulate and approve promotional campaigns; and approve overall personnel planning"
00014.00,"Select middle managers, directors or other executive staff"
00014.00,"Coordinate the work of regions, divisions or departments"
00014.00,"Represent the company, or delegate representatives to act on behalf of the company, in negotiations or other official functions."
00015.00,Establish objectives for the company and formulate or approve policies and programs
00015.00,Authorize and organize the establishment of major departments and associated senior staff positions
00015.00,"Allocate material, human and financial resources to implement company policies and programs; establish financial and administrative controls; formulate and approve promotional campaigns; and approve overall personnel planning"
00015.00,"Select middle managers, directors or other executive staff"
00015.00,"Coordinate the work of regions, divisions or departments"
00015.00,"Represent the company, or delegate representatives to act on behalf of the company, in negotiations or other official functions."
10010,"Plan, organize, direct, control and evaluate the operation of an accounting, audit or other financial department"
10010,"Develop and implement the financial policies, systems and procedures of an establishment"
10010,"Prepare or coordinate the preparation of financial statements, summaries, and other cost-benefit analyses and financial management reports"
10010,"Coordinate the financial planning and budget process, and analyze and correct estimates"
10010,Supervise the development and implementation of financial simulation models
10010,"Evaluate financial reporting systems, accounting procedures and investment activities and make recommendations for changes to procedures, operating systems, budgets and other financial control functions to senior managers and other department or regional managers"
10010,"Recruit, organize, train and manage staff"
10010,"Act as liaison between the organization and its shareholders, the investing public and external financial analysts"
10010,Establish profitability standards for investment activities and handle mergers and/or acquisitions
10010,Notify and report to senior management concerning any trends that are critical to the organization's financial performance.
10011,"Plan, organize, direct, control and evaluate the operations of human resources or personnel departments"
10011,Plan human resource requirements in conjunction with other departmental managers
10011,Coordinate internal and external training and recruitment activities
10011,Develop and implement labour relations policies and procedures and negotiate collective agreements
10011,"Administer employee development, language training and health and safety programs"
10011,Advise and assist other departmental managers on interpretation and administration of personnel policies and programs
10011,Oversee the classification and rating of occupations
10011,"Organize and conduct employee information meetings on employment policy, benefits and compensation and participate actively on various joint committees"
10011,Direct the organization's quality management program
10011,Ensure compliance with legislation such as the Pay Equity Act.
10012,"Plan, organize, direct, control and evaluate the purchasing activities of an establishment"
10012,Develop purchasing policies and procedures and control purchasing department budget
10012,"Identify vendors of materials, equipment or supplies"
10012,Evaluate cost and quality of goods or services
10012,Negotiate or oversee the negotiation of purchase contracts
10012,"Participate in the development of specifications for equipment, products or substitute materials"
10012,Review and process claims against suppliers
10012,"Interview, hire and oversee training of staff."
10019,"Plan, organize, direct, control and evaluate the operations of a department providing a single administrative service or several administrative services"
10019,"Direct and advise staff engaged in providing records management, security, finance, purchasing, human resources or other administrative services"
10019,Direct and control corporate governance and regulatory compliance procedures within the establishment
10019,"Plan, administer and control budgets for contracts, equipment and supplies"
10019,Prepare reports and briefs for management committees evaluating administrative services
10019,"Interview, hire and oversee training for staff."
10020.01,"Plan, organize, direct, control and evaluate the operations of an establishment or department that provides automobile, fire, life, property or other types of insurance services."
10020.02,"Plan, organize, direct, control and evaluate the operations of an establishment or department that buys, sells and leases residential and commercial properties for clients."
10020.03,"Plan, organize, direct, control and evaluate the operations of an establishment or department that finds lenders or lending institutions on behalf of clients seeking a mortgage."
10020.04,"Plan, organize, direct, control and evaluate the operation of an establishment or department that buys and sells stocks, bonds and other forms of investments on behalf of individual or institutional clients and manage the investments of their own clients."
10021.01,"Network to develop business relations, promote the sale of loan, investment and other banking services and attract corporate and individual customers"
10021.01,"Analyze, review and approve or reject loan and credit applications in accordance with authorized limits"
10021.01,Monitor processing of loan applications and credit investigations
10021.01,Oversee preparation of monthly financial and branch progress reports
10021.01,"Plan, organize, direct, control and evaluate the branch operations of a bank, trust company, credit union or similar financial institution or of a department in such an institution responsible for administering personal and commercial loans, buying and selling securities, operating investment funds, administering trusts, settling estates or other related activities"
10021.01,Ensure the institution's policies and procedures are followed according to established guidelines and make recommendations for improvement
10021.01,Interview corporate and individual customers and respond to customer enquiries
10021.01,Recruit personnel and identify their training needs.
10021.02,"Administer corporate, commercial and personal loan accounts"
10021.02,Advise customers on the commercial and personal financial services corresponding to their needs
10021.02,Ensure credit policies and procedures are followed according to established guidelines and applicable legislation
10021.02,"Plan, organize, direct, control and evaluate the activities of a credit department in an industrial or commercial organization"
10021.02,Evaluate and review loan and credit applications and collateral and make recommendations
10021.02,"Approve or reject credit applications, establish credit limits and determine repayment plans or schedules in accordance with authorized limits"
10021.02,Ensure collection of overdue or delinquent accounts
10021.02,Prepare credit and loan reports
10021.02,Recruit credit personnel and identify their training needs.
10022.01,"Plan, direct and evaluate the activities of firms and departments that develop and implement advertising campaigns to promote the sales of products and services."
10022.02,"Establish distribution networks for products and services, initiate market research studies and analyze their findings, assist in product development, and direct and evaluate the marketing strategies of establishments."
10022.03,"Direct and evaluate establishments and departments that develop and implement communication strategies and information programs, publicize activities and events, and maintain media relations on behalf of businesses, governments and other organizations."
10022.04,"Plan, organize, direct, control and evaluate the design, development and maintenance of Internet, Intranet and mobile applications to manage an organization's online business model and strategy"
10022.04,"Collaborate with advertising, marketing, and public relations teams to plan, develop, evaluate and manage an organization’s online presence including public relations, communications, marketing, commercial activities and social media management."
10029,"Plan, organize, direct, control and evaluate the operations of establishments that provide services to business such as management consulting, market research, personnel and payroll services, contact centre services and security services"
10029,"Plan, develop and organize the policies and procedures of these establishments"
10029,"Develop action plans, provide expertise in response to client needs, and support and advise project teams"
10029,Direct and advise staff in the development and implementation of service quality assessment strategies
10029,"Plan, administer and control budgets for client projects, contracts, equipment and supplies"
10029,Represent the company within various economic and social organizations
10029,Assist staff with administrative or technical problems
10029,"Hire, train and supervise staff."
10030,"Plan, organize, direct, control and evaluate the operations of a telecommunications establishment, department or facility"
10030,"Consult with senior managers to establish policies concerned with the development, operation and maintenance of telecommunications services"
10030,"Direct and control telecommunications traffic volume and flow within assigned areas, through subordinate supervisors and technical staff"
10030,"Analyze and evaluate telecommunications installation, operation and maintenance services and make recommendations for improvement"
10030,Ensure compliance with telecommunications regulations and directives of government regulatory agencies
10030,Liaise with representatives of related or connecting companies to resolve joint telecommunications problems and ensure efficient telecommunications system operations
10030,Recruit personnel and oversee their training.
11100.01,"Examine and analyze journal and ledger entries, bank statements, inventories, expenditures, tax returns and other accounting and financial records, documents and systems of individuals, departments within organizations, businesses or other establishments to ensure financial recording accuracy and compliance with established accounting standards, procedures and internal controls"
11100.01,Prepare detailed reports on audit findings and make recommendations to improve individual or establishment's accounting and management practices
11100.01,"Conduct field audits of businesses to ensure compliance with provisions of the Income Tax Act, Canadian Business Corporations Act or other statutory requirements"
11100.01,May supervise other auditors or professionals in charge of accounting within client's establishment.
11100.02,"Plan, set up and administer accounting systems and prepare financial information for individuals, departments within organizations, businesses and other establishments"
11100.02,Examine accounting records and prepare financial statements and reports
11100.02,"Develop and maintain cost finding, reporting and internal control procedures"
11100.02,Examine financial accounts and records and prepare income tax returns from accounting records
11100.02,"Analyze financial statements and reports and provide financial, business and tax advice"
11100.02,May act as a trustee in bankruptcy proceedings
11100.02,"May supervise and train articling students, other accountants or administrative technicians."
11101.01,"Evaluate financial risks, prepare financial forecasts, financing scenarios and other documents concerning capital management, and write reports and recommendations"
11101.01,Plan short- and long-term cash flows and assess financial performance
11101.01,Analyze investment projects
11101.01,Advise on and participate in the financial aspects of contracts and calls for tender
11101.01,Follow up on financing projects with financial backers
11101.01,"Develop, implement and use tools for managing and analyzing financial portfolio"
11101.01,Prepare a regular risk profile for debt portfolios
11101.01,Assist in preparing operating and investment budgets
11101.01,Develop and update financial or treasury policies.
11101.02,"Collect financial and investment information about companies, stocks, bonds and other investments using daily stock and bond reports, economic forecasts, trading volumes, financial periodicals, securities manuals, company financial statements and other financial reports and publications"
11101.02,"Examine and analyze financial and investment information collected, including profiles of companies, stock and bond prices, yields and future trends and other investment information"
11101.02,"Provide investment advice and recommendations to clients, senior company officials, pension fund managers, securities agents and associates"
11101.02,"Prepare company, industry and economic outlooks, analytical reports, briefing notes and correspondence."
11102,"Develop personal financial plans for clients covering cash management, finances, insurance coverage, investments, retirement and estate planning, taxes and legal matters"
11102,"Analyze clients' financial records, set goals and develop a financial strategy"
11102,Advise clients on implementing the financial plan to help them achieve their goals
11102,"May also arrange for the purchase and sale of financial products and investments depending on the licence held, and monitor the portfolio to ensure its quality and profitability"
11102,May help to expand business and attract new clients.
11103.01,"Develop long-term relationships with their clients by preparing investment strategies to help them achieve their financial goals, offering advice and information on various investments to guide them in managing their portfolios"
11103.01,"Review financial periodicals, stock and bond reports, business publications and other material, and develop a network within the financial industry to gather relevant information and identify potential investments for clients"
11103.01,"Carry out investment orders by buying and selling stocks, bonds, treasury bills, mutual funds and other securities for individual investors, pension fund managers or companies such as banks, trust companies and insurance firms"
11103.01,Monitor clients' investment portfolios and ensure that investment transactions are carried out according to industry regulations.
11103.02,"Buy and sell stocks, bonds, commodity futures, foreign currencies and other securities at stock exchanges on behalf of investment dealers"
11103.02,"Develop trading strategies by reviewing investment information and monitoring market conditions from the exchange floor and through contact with trading departments of other investment firms, pension fund managers and investment company financial analysts"
11103.02,Make bids and offers to buy and sell securities and complete details of sales on exchange trade tickets
11103.02,Prepare reviews of portfolios' positions.
11109.01,"Review and examine banks, trust companies, credit unions, caisses populaires, credit companies, real estate companies, insurance companies, pension funds, securities brokers and other financial services and institutions to ensure compliance with governing legislation and regulations."
11109.02,Investigate possible unethical conduct or breaches of securities or commodity futures laws by persons or companies that trade in securities and commodity futures or that provide related financial services.
11109.03,"Analyze clients requests to assess risk and details of stocks, bonds, mortgages or other financing solutions"
11109.03,"Negotiate with corporations, governments or individuals to determine the type and terms of financial products and prepare offering prospectuses or contracts"
11109.03,May underwrite new issues of stocks and bonds.
11109.04,"Administer estate, personal, charitable, corporate and other types of trusts"
11109.04,"Direct trust account investments, receive and record investment income and disburse trust funds."
11109.05,"Meet with clients to obtain information about income, liabilities and assets, and type, price and condition of property to be mortgaged"
11109.05,Negotiate mortgage loans with lenders or lending institutions on behalf of clients.
11200,"Plan, develop, implement and evaluate human resources and labour relations strategies including policies, programs and procedures to address an organization's human resource requirements"
11200,"Advise employers and employees on the interpretation of human resources policies, compensation and benefit programs and collective agreements"
11200,"Negotiate collective agreements on behalf of  employers or workers, mediate labour disputes and grievances and provide advice on employee and labour relations"
11200,"Research and prepare occupational classifications, job descriptions, salary scales and competency appraisal measures and systems"
11200,"Plan and administer staffing, total compensation, training and career development, employee assistance, employment equity and affirmative action programs"
11200,Manage programs and maintain human resources information and related records systems
11200,Hire and oversee training of staff
11200,Coordinate employee performance appraisal programs
11200,Research employee benefit and health and safety practices and recommend changes or modifications to existing policies.
11201,Provide guidance and support to businesses on regulatory policies and procedures; ensure internal compliance with regulatory requirements; and prepare submissions and filings with regulatory bodies
11201,Analyze and provide advice on the managerial methods and organization of a public or private sector establishment
11201,Conduct research to determine efficiency and effectiveness of managerial policies and programs
11201,"Conduct assessments and propose improvements to methods, systems and procedures in areas such as operations, human resources, records management, security management and communications"
11201,Conduct quality audits and develop quality management and quality assurance standards for ISO (International Organization for Standardization) registration
11201,Plan the reorganization of the operations of an establishment
11201,May supervise contracted researchers or clerical staff.
11202,Assess characteristics of products or services to be promoted to determine marketing and advertising needs of an establishment
11202,"Advise clients on marketing, advertising or sales promotion opportunities and strategies"
11202,Develop strategies and related content for direct and digital marketing and advertising campaigns and implement them
11202,Manage post campaign analysis to measure and report on marketing and advertising metrics
11202,"Develop and maintain social media accounts, including managing customer reviews and testimonials"
11202,"Develop, implement and evaluate public relations strategies and programs designed to inform clients, employees and the general public of initiatives and policies of businesses, governments and other organizations"
11202,Conduct public opinion and attitude surveys to identify the interests and concerns of  key groups served by their organization
11202,"Prepare or oversee preparation of reports, briefs, bibliographies, speeches, presentations, Web sites and press releases"
11202,"Develop and organize workshops, meetings, ceremonies and other events and programs for publicity, fundraising and information purposes"
11202,"Arrange interviews, news conferences and other media events"
11202,Act as spokesperson for an organization and answer written and oral inquiries
11202,Coordinate special publicity events and promotions for internal and external audiences
11202,"Assist in the preparation of brochures, reports, newsletters and other material"
11202,Represent and act as an agent for talented individuals or individuals with specific occupational expertise
11202,"Prepare or oversee preparation of sports, literary, performance or other contracts."
12010,"Coordinate, assign and review the work of clerks engaged in the following duties: word processing; record keeping and filing; operating telephones and switchboards; data entry; desktop publishing; and other activities involving general office and administrative skills"
12010,Establish work schedules and procedures and coordinate activities with other work units or departments
12010,Resolve work-related problems and prepare and submit progress and other reports
12010,"Train workers in job duties, safety procedures and company policies"
12010,Requisition supplies and materials
12010,"Ensure smooth operation of office equipment and machinery, and arrange for maintenance and repair work"
12010,May perform the same duties as workers supervised.
12011,"Implement efficient working processes and coordinate, assign and review the work of clerks engaged in the following duties: administering accounts payable and receivable; processing, verifying and recording financial documents and forms; administering payrolls; processing, verifying and recording insurance claims and forms; and collecting user fees and payments on overdue accounts"
12011,"Examine and verify accuracy of work and authorize routine payments, credits and other transactions"
12011,Establish work schedules and procedures and coordinate activities with other work units or departments
12011,Resolve work-related problems and prepare and submit progress and other reports
12011,Identify training needs and train workers in job duties and company policies
12011,Requisition supplies and materials
12011,Ensure smooth operation of computer systems and equipment and arrange for maintenance and repair work
12011,May perform the same duties as workers supervised.
12012,"Coordinate, assign and review the work of clerks engaged in the following duties: conducting surveys and interviews; collecting and compiling statistics; preparing and issuing licences, passports and other regulatory documents; reshelving books and performing other tasks in libraries; writing correspondence including e-mails and preparing material for translation and publication"
12012,Establish work schedules and procedures and coordinate activities with other work units or departments
12012,"Resolve work-related problems, monitor services provided by clerks and agents, and prepare and submit progress and other reports"
12012,Train workers in job duties and company policies
12012,Requisition supplies and materials
12012,Ensure smooth operation of computer systems and equipment and arrange for maintenance and repair work
12012,May perform the same duties as workers supervised.
12013,"Supervise, plan, assign and review the work of clerks engaged in the following duties: shipping, receiving, storing, distributing and maintaining inventories of materials, parts and products; processing purchasing transactions; coordinating production work; dispatching crews; scheduling transportation crews and routes; and other related activities"
12013,"Ensure compliance with policies, procedures for safety and security, standards and regulations in force and participate in their improvement"
12013,Resolve various problems and related complaints and implement corrective measures and process improvements
12013,Train workers in job duties
12013,Requisition supplies and materials
12013,"Ensure smooth operation of computer systems, equipment and machinery and arrange for maintenance and repair work"
12013,May conduct performance reviews of supervised workers
12013,May perform the same duties as workers supervised.
12100,"Establish and coordinate administrative policies and procedures for officials, committees and boards of directors"
12100,"Analyze incoming and outgoing memoranda, submissions and reports and prepare and coordinate the preparation and submission of summary briefs and reports to executives, committees and boards of directors"
12100,"Prepare agendas and make arrangements for committee, board and other meetings"
12100,"Conduct research, compile data, and prepare papers for consideration and presentation by executives, committees and boards of directors"
12100,"Meet with individuals, special interest groups and others on behalf of executives, committees and boards of directors to discuss issues and assess and recommend various courses of action"
12100,"Liaise with departmental and corporate officials and with other organizations and associations on behalf of executives, committees and boards of directors."
12101,"Identify current and prospective staffing requirements, prepare and post notices and advertisements, and collect and screen applications"
12101,Advise job applicants on employment requirements and on terms and conditions of employment
12101,"Review candidate inventories and contact potential applicants to arrange interviews and transfers, redeployment and placement of personnel"
12101,"Recruit graduates of colleges, universities and other educational institutions"
12101,Coordinate and participate in selection and examination boards to evaluate candidates
12101,Notify applicants of results of selection process and prepare job offers
12101,Advise managers and employees on staffing policies and procedures
12101,Organize and administer staff consultation and grievance procedures
12101,"Determine eligibility to entitlements, arrange staff training and provide information or services such as employee assistance, counselling and recognition programs"
12101,May manage and follow up on the opening of Occupational Health and Safety (OHS) files
12101,May supervise personnel clerks performing filing and record-keeping duties.
12102,Procurement agents and officers
12102,"Evaluate risk, assess, prepare forecasts, scenarios and other factors concerning the supply market, and write reports and recommendations"
12102,Provides research and input into the financial sourcing aspects of contracts and calls for tender when information is not readily available
12102,Identify high impact cost reduction opportunities
12102,"Leverage the organization’s buying power to optimize costs, access new suppliers, reduce lead times, and guarantee supply"
12102,Develop and maintain relationships with existing and potential buyers and suppliers to the organization
12102,Respond to customer service inquiries and clarify requirements and provide information as needed.
12102,Purchasing agents and officers
12102,"Purchase general and specialized equipment and materials, business services and land or access rights for use or for further processing by their establishment"
12102,"Assess requirements of an establishment and develop specifications for equipment, materials and supplies to be purchased"
12102,"Invite tenders, consult with suppliers and review quotations"
12102,"Determine or negotiate contract terms and conditions, award supplier contracts or recommend contract awards"
12102,"Establish logistics of delivery schedules, monitor progress and contact clients and suppliers to resolve problems"
12102,"Negotiate land acquisition or access rights for public or private use, and may conduct field investigations of properties"
12102,"May hire, train or supervise purchasing clerks."
12103,"Meet with trade and professional associations and other groups to promote and discuss conference, convention and trade show services"
12103,"Meet with sponsors and organizing committees to plan the scope and format of events, to establish and monitor budgets and to review administrative procedures and progress of events"
12103,"Coordinate services for events, such as accommodation and transportation for participants, conference and other facilities, catering, signage, displays, translation, special needs requirements, audio-visual equipment, printing and security"
12103,"Organize registration of participants, prepare programs and promotional material, and publicize events"
12103,Plan entertainment and social gatherings for participants
12103,"Hire, train and supervise support staff required for events"
12103,Ensure compliance with required by-laws
12103,"Negotiate contracts for services, approve suppliers' invoices, maintain financial records, review final billing submitted to clients for events and prepare reports."
12104.01,"Audit accounting records to determine income, exemptions, payable taxes, compliance with reporting regulations and existence of fraud"
12104.01,Examine accounting systems and internal controls of organizations
12104.01,Provide advice on reporting and evaluation methods for goods subject to taxation
12104.01,"Prepare briefs and assist in searching and seizing records, and in preparing charges for court cases."
12104.02,"Determine the eligibility of persons applying for government benefits such as Employment Insurance (EI), Canada Pension Plan (CPP) and Old Age Security (OAS)"
12104.02,Ascertain the facts on such issues as reasons for loss of employment and availability for work
12104.02,Monitor the payments of benefits and investigate claimants when there appears to be fraud or abuse.
12110.01,Record verbatim proceedings of courtroom using electronic stenograph machine or stenomask
12110.01,Respond to requests during court sessions to read back verbatim evidence
12110.01,Transcribe recorded proceedings in accordance with established formats
12110.01,Verify accuracy of transcripts by checking copy against original record of proceedings and accuracy of rulings by checking with judge
12110.01,Research and locate quotes to ensure accuracy
12110.01,"Respond to requests for transcripts ordered by judges, lawyers or the public"
12110.01,File and store shorthand notes of court session.
12110.02,"Transcribe recorded dictation in accordance with established formats or written documentation from medical reports, correspondence, health records and patient information"
12110.02,Proofread work for typographical and grammatical errors
12110.02,Edit transcripts for missing or incorrect content and formatting.
12111,Classify and code diseases according to an established classification system
12111,"Collect, code, cross-reference and store health records and related information"
12111,"Abstract, assemble and analyze clinical data and related demographic information from health records according to established policies and procedures"
12111,Operate information systems to maintain indexes for classification systems and to manage and retrieve health records information
12111,"Prepare medical, social and administrative statistics"
12111,Use and maintain software or information technology systems
12111,May implement and update health information systems and also provide support and training
12111,May supervise other health information management technicians and related workers.
12112,"Implement and update records classification, retention and disposal scheduling plans"
12112,"Classify, code, cross-reference, log and store records"
12112,Develop document inventories and maintain indexes for classification systems
12112,Operate information retrieval systems to research and extract records according to established guidelines in response to requests
12112,"Label, prepare and transfer information files according to established records management life-cycle procedures and schedules"
12112,Maintain access lists for security classified records
12112,Compile statistics and reports on activities within records management services.
12113,"Compile tables, charts, graphs and summarized statistics for integration in research papers and reports"
12113,Process data using statistical software to conduct basic analyses of trends in support of research activities
12113,"Collect, consolidate, cross-tabulate and format data from various sources to prepare draft reports for review by supervisors or researchers"
12113,Assist in collection and tracking of data from monitored use of services and provide information to management and client groups
12113,May prepare technical documents and monitoring reports on volumetrics and other trend analyses
12113,May supervise statistical and research support workers.
12200,"Keep financial records and establish, maintain and balance various accounts using manual and computerized bookkeeping systems"
12200,"Post journal entries and reconcile accounts, prepare trial balance of books, maintain general ledgers and prepare financial statements"
12200,"Calculate and prepare cheques for payrolls and for utility, tax and other bills"
12200,"Complete and submit tax remittance forms, workers' compensation forms, pension contribution forms and other government documents"
12200,Prepare tax returns and perform other personal bookkeeping services
12200,"Prepare other statistical, financial and accounting reports."
12201.01,Investigate circumstances surrounding insurance claims to determine validity of claim
12201.01,"Inspect automobile, home or other property damage"
12201.01,"Take statements and consult with claimants, accident witnesses, doctors and other relevant individuals and examine records or reports"
12201.01,Determine amount of loss or damages covered by insurance policies
12201.01,Negotiate settlement of claims
12201.01,Prepare adjustment reports.
12201.02,"Review, examine, calculate and authorize insurance claims investigated by insurance adjusters"
12201.02,Examine adjusters' reports and similar insurance claims or precedents to determine extent of insurance coverage
12201.02,Ensure claims are valid and settlements are made according to company practices and procedures
12201.02,"Consult lawyers, doctors or other relevant individuals to discuss insurance claims"
12201.02,"Approve automobile, fire, life, disability, dental or other insurance claims."
12202,"Review individual and group applications for automobile, fire, health, liability, life, property, marine, aircraft and other insurance"
12202,"Evaluate new and renewal applications to determine insurance risks, insurance premiums, extent of insurance coverage and other conditions of the insurance contract using medical reports, rate tables and other documents and reference materials; adjust premiums, coverage or risk itself to make acceptance of new and renewal applications possible"
12202,Approve sale of insurance policies and ensure compliance with government regulations
12202,Provide recommendations on individual or group insurance plan designs
12202,"Provide underwriting advice and answer inquiries from clients and from insurance agents, consultants and other company personnel"
12202,Prepare underwriting reports and update insurance forms when necessary.
12203.01,"Assess value of land, building, structures, machinery, equipment and property improvements for purposes of taxation, grants and regional planning and prior to sale or purchase"
12203.01,"Review and analyze data such as past sales, title searches, engineering and alignment maps, soil maps, subdivision plans, water and sewer plans, leasing cost data and easements"
12203.01,Explain assessment process to ratepayers.
12203.02,"Collect and analyze financial records of a business, such as financial statements, budgets, projections and sales data, to assess its competitiveness or to estimate its market value"
12203.02,"Prepare reports for estate planning, matrimonial litigation, insurance and business losses"
12203.02,"Appear as an expert witness before courts, security regulators and other regulatory boards and commissions."
12203.03,"Appraise value of property, building, industrial and commercial machinery and equipment and personal and household items"
12203.03,"Prepare appraisal reports for lending agencies, insurance companies, government departments, courts, attorneys, creditors, buyers or auctioneers."
13100,"Oversee and coordinate office administrative procedures and review, evaluate and implement new procedures"
13100,"Establish work priorities, delegate work to office support staff, and ensure deadlines are met and procedures are followed"
13100,Carry out administrative activities associated with admissions to post-secondary educational institutions
13100,Administer policies and procedures related to the release of records in processing requests under government access to information and privacy legislation
13100,"Coordinate and plan for office services, such as accommodation, relocations, equipment, supplies, forms, disposal of assets, parking, maintenance and security services"
13100,"Conduct analyses and oversee administrative operations related to budgeting, contracting and project planning and management processes"
13100,Assist in preparation of operating budget and maintain inventory and budgetary controls
13100,"Assemble data and prepare periodic and special reports, manuals and correspondence"
13100,May supervise records management technicians and related staff.
13101,Negotiate or approve rental or lease of various properties in a portfolio on behalf of property owners and ensure that terms of lease agreement are met
13101,"Prepare and administer contracts for provision of property services, such as cleaning and maintenance, security services and alarm systems"
13101,"Coordinate the implementation of repairs, maintenance and renovations carried out on buildings and monitor progress and cost of work for property owners"
13101,"Compile and maintain records on operating expenses and income, prepare reports and review rents to ensure they are at market value"
13101,Ensure that trouble calls received from clients or tenants are acted upon
13101,Administer damage deposits
13101,"May hire and supervise rental agents, property clerks, building superintendents or other support staff performing operational, clerical or maintenance duties."
13102,"Maintain and update employee information, such as records of employee attendance, leave and overtime to calculate pay and benefit entitlements, in Canadian and other currencies, using manual or computerized systems"
13102,"Prepare and verify statements of earnings for employees, indicating gross and net salaries and deductions such as taxes, union dues, garnishments and insurance and pension plans"
13102,"Prepare, verify and process all employee payroll related payments, including regular pay, benefit payments, and special payments such as bonuses and vacation pay"
13102,"Complete, verify and process forms and documentation for administration of benefits such as pension plans, leaves, share savings, employment and medical insurance"
13102,"Prepare payroll related filings and supporting documentation, such as year-end tax statements, pension, Records of Employment and other statements"
13102,"Provide information on payroll matters, benefit plans and collective agreement provisions"
13102,"Compile, review, and monitor statistical reports, statements, and summaries related to pay and benefits accounts"
13102,Prepare and balance period-end reports and reconcile issued payrolls to bank statements
13102,Identify and resolve payroll discrepancies
13102,"May be responsible for the development or implementation of payroll policies, procedures or processes."
13110,"Prepare, key in, edit and proofread correspondence, invoices, presentations, brochures, publications, reports and related material from machine dictation and handwritten copy"
13110,Open and distribute incoming regular and electronic mail and other material and coordinate the flow of information internally and with other departments and organizations
13110,Schedule and confirm appointments and meetings of employer
13110,Order office supplies and maintain inventory
13110,Answer telephone and electronic enquiries and relay telephone calls and messages
13110,Set up and maintain manual and computerized information filing systems
13110,Determine and establish office procedures
13110,"Greet visitors, ascertain nature of business and direct visitors to employer or appropriate person"
13110,Record and prepare minutes of meetings
13110,Arrange travel schedules and make reservations
13110,"May compile data, statistics and other information to support research activities"
13110,May supervise and train office staff in procedures and in use of current software
13110,May organize conferences.
13111,"Prepare and key in correspondence and legal documents, such as deeds, wills, affidavits and briefs, from handwritten copy, shorthand and machine dictation using computers"
13111,Review and proofread documents and correspondence to ensure compliance with legal procedures and grammatical usage
13111,"Schedule appointments, meetings and conferences for employer"
13111,"Set up and maintain filing systems, utilizing knowledge of legal records and procedures and frequently controlling confidential materials and documents"
13111,Open and distribute regular and electronic incoming mail and other material and coordinate the flow of information internally and with other departments or organizations
13111,Determine and establish office procedures and routines
13111,May supervise and train other staff in procedures and in the use of current software
13111,"May attend court, meetings or conferences to take notes, minutes and dictation"
13111,May perform other general office work as required including preparing financial statements.
13112,Schedule and confirm medical appointments and receive and communicate messages for medical staff and patients
13112,Enter and format electronically based medical reports and correspondence and prepare spreadsheets and documents for review
13112,"Interview patients in order to complete forms, documents and case histories"
13112,Complete insurance and other claim forms
13112,Initiate and maintain confidential medical files and records
13112,"Prepare draft agendas for meetings and take, transcribe and distribute minutes"
13112,Prepare financial statements and billing
13112,Establish and maintain various internal office administrative support procedures such as document tracking and filing and monthly reporting
13112,Order supplies and maintain inventory
13112,Determine and establish office procedures and routines
13112,May supervise and train other staff in procedures and in use of current software.
13200.01,"Prepare and process import/export documents and other forms on behalf of clients according to customs regulations, laws and procedures"
13200.01,"Sign import/export documents on behalf of client, using power of attorney"
13200.01,"Arrange for payment of duties, taxes, storage and transportation of imported goods and bonds to cover duty goods"
13200.01,Quote duty and tax rates on commodities for clients
13200.01,"Provide advice to clients on export and import restrictions, tariff systems, letters of credit, insurance requirements and other custom related matters"
13200.01,May represent client before administrative tribunals or in other dealings with government officials.
13200.02,"Buy and sell cargo space on ships on behalf of individuals, companies and governments"
13200.02,"Consult trade publications and other sources to provide information to clients on available cargo space, destinations, rates and departure locations and times, and arrange ship charters for clients"
13200.02,Negotiate rates and terms and prepare contracts and other papers
13200.02,"Buy and sell ships, yachts and other watercraft on behalf of clients"
13200.02,"Inspect vessels, explain features and negotiate price when purchasing or selling for clients"
13200.02,Arrange for insurance coverage for cargo or for ships
13200.02,Arrange for registration and licensing of ships.
13201.01,Plan and oversee operational logistics of supply-chain work units or departments
13201.01,Consult with production supervisor to schedule production runs in a cost and time-efficient manner
13201.01,"Communicate regularly with other production coordinators, warehouse, production and construction supervisors and purchasing and inventory clerks to coordinate activities between warehouses, production floors, construction sites or other supply chain work units or departments"
13201.01,Maintains inventory of materials and parts needed to complete production
13201.01,"Prepare and maintain various reports on the progress of work, materials used, rates of production and other production information, using manual or computerized systems."
13201.02,"Coordinate and monitor logistics of the movement of parts, supplies and materials within an establishment and ensure that supplies, materials and products are shipped and received on schedule"
13201.02,Prepare and process all customs documents for International & U.S. shipments.
14100.01,"Respond to telephone, in person or electronic enquiries or forward to appropriate person"
14100.01,"Prepare correspondence, reports, statements, forms, presentations, applications and other documents"
14100.01,"Process incoming and outgoing mail, manually or electronically"
14100.01,"Photocopy and collate documents for distribution, mailing and filing"
14100.01,Send and receive messages and documents using fax machine or electronic mail
14100.01,"Maintain inventory of office supplies, order supplies as required and arrange for servicing of office equipment"
14100.01,"Assist in preparing meeting agendas, attend meetings, and record minutes"
14100.01,"Assist with administrative procedures such as budget submissions, contracts administration and work schedules"
14100.01,"May sort, process and verify receipts, expenditures, forms and other documents"
14100.01,May organize the flow of work for other office support workers
14100.01,May perform basic bookkeeping tasks such as preparing invoices and bank deposits.
14100.02,"Scan, sort and file documents according to established guidelines"
14100.02,"Locate, retrieve, or make copies of documents from files as requested and maintain records of filed and removed materials"
14100.02,Track documents removed from files to ensure that loan out documents are returned.
14101.01,"Greet people coming into offices and other establishments, direct them to the appropriate contacts or services, provide general information in person and by phone, and may perform clerical duties and maintain front desk security and security access lists"
14101.01,"Schedule appointments, using manual or computerized systems"
14101.01,"Record bookings, handle credit card checks, receive payment, issue receipts."
14101.02,Interview patients to obtain and process information required to provide hospital and medical services
14101.02,"Greet patients, schedule appointments, using manual or computerized systems, receive and record payment for services, and direct patients to appropriate areas."
14101.03,"Operate a telephone system or switchboard to answer, screen and forward telephone calls, take messages and provide information as required, and may perform clerical duties"
14101.03,Answer telephones and record and relay messages.
14101.04,"Operate telephone systems to advance and complete customers' telephone calls such as long distance, pay telephone, mobile radio/telephone and person to person calls, arrange teleconferences, provide relay phone service to persons with disabilities, and may calculate and record billing information."
14102,"Process, verify and register documentation relating to personnel activities such as staffing, recruitment, training, grievances, performance evaluations and classifications"
14102,"Maintain and update manual and computerized filing and registration systems, and compile and prepare reports and documents relating to personnel activities"
14102,Respond to telephone and written enquiries from staff and the general public regarding personnel matters
14102,"Arrange for advertising or posting of job vacancies, assist in screening and rating of job applicants, and conduct reference checks"
14102,"Administer and score employment tests, such as keyboarding and proofreading tests"
14102,Arrange for in-house and external training activities.
14103,Court clerks
14103,"Call courts of law to order, read charges, take pleas from defendants, swear in witnesses and perform other clerical functions in the courtrooms"
14103,"Prepare court files, court dockets and other documents"
14103,"Record main court proceedings, including pleas, names of witnesses, dates, times and rulings"
14103,Manage care and custody of court exhibits
14103,Prepare documents for and participate in jury selection
14103,Update and maintain court office paper and electronic indexes and files on actions taken by court or in response to court decisions
14103,"Receive, disburse and account for fines, fees and trust monies"
14103,Assist the public in court offices.
14103,Court officers
14103,Stock courtrooms with necessary materials before trials
14103,Escort the judge to the courtroom
14103,Maintain the security and safety of the judge and courtroom
14103,Monitor proceedings and uphold the rules and procedures of the court
14103,Read charges and take pleas from defendants
14103,"Transport prisoners to and from the court house and detention centres, psychiatric hospitals, police divisions, or elsewhere"
14103,"Maintain the security of prisoners in the cell area of courthouses and while escorting them to the courtrooms, or elsewhere"
14103,Maintain prisoner records.
14103,Court administrators
14103,Coordinate administrative services and establish work priorities for court staff
14103,Supervise court clerks and other court services occupations
14103,"Schedule court trials,  pre-trial conferences and hearings"
14103,Oversee the maintenance of judicial court records
14103,Assist in preparing annual budgets
14103,"May assist in the management of personnel, operations, and the court facilities."
14110.01,Contact individuals by telephone or in person and explain the purpose of the interview
14110.01,Ask questions following the outlines of questionnaires and surveys
14110.01,Record responses on paper or enter responses directly into a computer database through computer-assisted interviewing systems.
14110.02,Check information gathered for completeness and accuracy
14110.02,Code information according to established coding manuals and enter data into statistical-based computer programs
14110.02,Conduct routine statistical analysis of data
14110.02,Compile interview and other data into reports and lists.
14111,"Receive and register invoices, forms, records and other documents for data capture"
14111,"Input data into computerized databases, spreadsheets or other templates using a keyboard, mouse, or optical scanner, speech recognition software or other data entry tools"
14111,Import and/or export data between different kinds of software
14111,Verify accuracy and completeness of data
14111,"Identify, label and organize electronic storage media"
14111,Maintain libraries of electronic storage media.
14112.01,"Operate desktop publishing software and equipment to design, lay out and produce camera-ready copy and may perform pre-flight operator duties"
14112.01,Mark copy with computer codes and typographic instructions before it is typeset.
14112.02,"Input copy, codes or commands and subsequent corrections into typesetting device or system"
14112.02,Operate media conversion equipment to process and format copy transmitted through telecommunications
14112.02,"Operate and tend typesetting output devices, load and process photosensitive material and perform routine maintenance."
14200,"Calculate, prepare and issue documents related to accounts such as bills, invoices, inventory reports, account statements and other financial statements using computerized and manual systems"
14200,"Code, total, batch, enter, verify and reconcile transactions such as accounts payable and receivable, payroll, purchase orders, cheques, invoices, cheque requisitions, and bank statements in a ledger or computer system"
14200,Compile budget data and documents based on estimated revenues and expenses and previous budgets
14200,Prepare period or cost statements or reports
14200,"Calculate costs of materials, overhead and other expenses based on estimates, quotations, and price lists"
14200,"Respond to customer inquiries, maintain good customer relations and solve problems"
14200,"Perform related clerical duties, such as word processing, maintaining filing and record systems, faxing and photocopying."
14201.01,"Compile records of deposits, withdrawals, loan and mortgage payments, cheques and purchase, sale and exchange of securities"
14201.01,"Process loan and mortgage applications, loan and mortgage payments, retirement savings plan applications, term deposits, drafts and money orders"
14201.01,"Verify and balance automatic teller machine transactions and ledger entries, calculate service charges and interest payments and notify customers regarding account discrepancies and captured bank cards"
14201.01,"Answer enquiries and provide information on banking products, policies and services"
14201.01,"May sell drafts, money orders, travellers' cheques and foreign currency, rent safety deposit boxes and open and close savings, chequing and other accounts."
14201.02,"Process enrolments, cancellations, claims transactions, policy changes and premium payments"
14201.02,"Review insurance applications and verify insurance coverage, premiums paid and other insurance information"
14201.02,"Calculate insurance premiums, pension benefits and annuity payments"
14201.02,"Compile and maintain claims data, rates and insurance data and records"
14201.02,"Answer enquiries and provide information on insurance products, policies and services."
14201.03,"Compile and maintain rental, sale and other real estate listings"
14201.03,"Compile and maintain stock, bond and other securities listings"
14201.03,"Sort, verify and process real estate, securities and other financial transactions"
14201.03,Answer enquiries and reply to correspondence.
14202,"Notify debtors of overdue payments and accounts by telephone, mail, and registered mail, and continue the notification process if reply is not received"
14202,Resolve collection issues by making payment arrangements by telephone or visit to debtor
14202,Recommend further action or discontinuation of service in cases where payment is not forthcoming
14202,"Trace and locate debtors, and may contact debtors' friends, neighbours, relatives and employers to obtain information"
14202,"Answer correspondence, prepare reports and maintain records and files related to collection work"
14202,May work with on-line accounts and systems.
14300,Issue and receive library books and other materials
14300,Sort and reshelve books and other library materials
14300,Perform clerical activities such as manual and electronic filing and record payments received
14300,Maintain journal subscriptions
14300,"Assist library users in accessing library materials and online resources, and in making interlibrary loans."
14301.01,"Receive customers' orders for classified advertising, write and edit copy, calculate advertising costs and bill customers."
14301.02,"Write business and government correspondence such as replies to requests for information and assistance, damage claims, credit and billing enquiries and service complaints."
14301.03,"Assist in the preparation of periodicals, advertisements, catalogues, directories and other material for publication"
14301.03,Verify facts and conduct research
14301.03,"Read material prior to publication to detect and mark for correction any grammatical, typographical or compositional errors."
14301.04,"Read newspapers, magazines, press releases and other publications to locate and file articles of interest to staff and clients."
14301.05,"Compile, verify, record and process applications, licences, permits, contracts, registrations, requisitions and other forms and documents in accordance with established procedures using processing systems"
14301.05,"Authorize and issue licences, permits, registration papers, reimbursements and other material after requested documents have been processed and approved."
14400,"Determine method of shipment and arrange shipping; prepare bills of lading, customs forms, invoices and other shipping documents manually or by computer"
14400,"Assemble containers and crates, record contents manually or by computer, pack goods to be shipped and affix identifying information and shipping instructions"
14400,Oversee loading and unloading of goods from trucks or other conveyances
14400,"Inspect and verify incoming goods against invoices or other documents, record shortages and reject damaged goods"
14400,"Unpack, code and route goods to appropriate storage areas"
14400,"Maintain internal, manual or computerized record-keeping systems"
14400,"May operate forklift, hand truck or other equipment to load, unload, transport and store goods."
14401,Receive and sort incoming parts and supplies
14401,"Store items in an orderly and accessible manner in a warehouse, tool room, supply room or other area"
14401,Process incoming requisitions and issue or distribute parts and supplies for internal usage
14401,"Maintain records of orders and the amount, kind and location of parts and supplies on hand using manual or computerized inventory system"
14401,Prepare requisition orders to replenish parts and supplies
14401,"Sell spare and replacement parts for motor vehicles, machinery and equipment in a retail setting"
14401,"Advise retail customers or internal users on appropriateness of parts, supplies or materials requested."
14402,"Find, sort or move goods between different sections, unit and departments and receive, unpack and track merchandise"
14402,Compile detailed worksheets and specifications from customer's order
14402,Compare items packed with customer orders and other identifying data for quality control
14402,Compile reports on the progress of work and on any production problems that arise
14402,"Track material inventory, prepare new material orders, monitor order schedules for inventory control and maintain inventory records"
14402,Maintain contact with vendors to ensure that supplies and equipment are shipped on time
14402,Prepare material estimates to ensure enough materials are available to complete production projects.
14403.01,"Review requisition orders for accuracy and verify that materials, equipment and stock are not available from current inventories"
14403.01,Source and obtain price quotations from catalogues and suppliers and prepare purchase orders
14403.01,Calculate cost of orders and charge or forward invoices to appropriate accounts
14403.01,Process purchases within purchasing authority
14403.01,"Contact suppliers to schedule deliveries and to resolve shortages, missed deliveries and other problems"
14403.01,"Prepare and maintain purchasing files, reports and price lists."
14403.02,"Monitor inventory levels as materials, equipment and stock are issued, transferred within an establishment or sold to the public using manual or computerized inventory systems"
14403.02,"Compile inventory reports, recording the quantity, type and value of materials, equipment and stock on hand, using manual or computerized inventory systems"
14403.02,"Prepare requisition orders to replenish materials, equipment and stock"
14403.02,Maintain stock rotation and dispose of and account for outdated stock
14403.02,"Enter data for production scheduling, stock replenishment/relocation and inventory adjustments"
14403.02,Reconcile physical inventories with computer counts.
14404,"Receive requests for emergency assistance or service and contact ambulances, police and fire departments, tow-trucks, and utility crews"
14404,"Process and transmit information and instructions to coordinate the activities of vehicle operators, crews and equipment using a variety of computer-aided communications and dispatching equipment"
14404,"Dispatch personnel according to written schedules and work orders, or as required by emergency situations"
14404,"Advise vehicle operators of route and traffic problems such as construction, accidents, congestion, weather conditions, weight and size restrictions and other information"
14404,"Operate radio equipment to communicate with ships, aircraft, mining crews, offshore oil rigs, logging camps and other remote operations"
14404,Monitor personnel workloads and locations
14404,Maintain vehicle operator work records using computerized or manual methods and ensure time sheets and payroll summaries are completed accurately
14404,"Maintain computer and manual records of mileage, fuel use, repairs and other expenses, and generate reports."
14405,"Review schedule requisitions, passenger counts and cargo, running times, distances, personnel availability and other pertinent information to establish schedule parameters"
14405,Design new or modify existing schedules using computer software or other methods
14405,"Incorporate into route plan factors such as peak travel periods, holidays, special events and construction with emphasis on time and cost efficiency"
14405,Assign personnel to equipment and routes and schedule work shifts
14405,"Compile equipment and personnel records, including hours in service, distances, maintenance, repairs required and other data, to produce operating reports"
14405,May prepare user guides and other public service information.
20010,"Plan, organize, direct, control and evaluate the activities and operations of an engineering department, service or firm"
20010,"Develop and implement policies, standards and procedures for the engineering and technical work performed in the department, service, laboratory or firm"
20010,"Consult and negotiate with clients to prepare specifications, explain proposals and present engineering reports and findings"
20010,"Assign, co-ordinate and review the technical work of the department or project teams"
20010,Recruit personnel and oversee development and maintenance of staff competence in required areas
20010,"May participate directly in the design, development and inspection of technical projects or in the engineering work of the department."
20011.01,"Plan, organize, direct, control and evaluate the activities and operations of an urban planning service or an architectural firm"
20011.01,"Develop and implement policies, standards and procedures for the architectural and urban planning work performed in the department, service, or firm"
20011.01,Recruit personnel and oversee development and maintenance of staff competence in required areas
20011.01,"Assign, coordinate and review the technical work of the department or project teams"
20011.01,"May consult and negotiate with clients to prepare specifications, explain proposals or present architectural research reports and findings"
20011.01,"May participate directly in the design, development and inspection of technical projects  of the department."
20011.02,"Plan, organize, direct, control and evaluate the research, development or production activities of a scientific research and development laboratory or firm"
20011.02,"Develop and implement policies, standards and procedures for the scientific and technical work performed in the laboratory, department, service, or firm"
20011.02,"Assign, coordinate and review the applied scientific work of the department or project teams"
20011.02,"Confer with scientists, engineers, regulators, or others to plan or review projects"
20011.02,"Develop client relationships and communicate with clients to explain proposals, present research findings, establish specifications, or discuss project status"
20011.02,"Review project activities, prepare and review research, testing, or operational reports"
20011.02,Recruit personnel and oversee development and maintenance of staff competence in required areas
20011.02,"May participate directly in the design, development and inspection of the theoretical or applied scientific work of the department."
20012,"Plan, organize, direct, control and evaluate the operations of information systems and electronic data processing (EDP) departments and companies"
20012,Develop and implement policies and procedures for electronic data processing and computer systems development and operations
20012,"Meet with clients to discuss system requirements, specifications, costs and timelines"
20012,"Assemble and manage teams of information systems personnel to design, develop, implement, operate and administer computer and telecommunications software, networks and information systems"
20012,"Control the budget and expenditures of the department, company or project"
20012,"Recruit and supervise computer analysts, engineers, programmers, technicians and other personnel and oversee their professional development and training."
21100.01,Design and conduct research in experimental and theoretical physics
21100.01,Carry out analysis of research data and prepare research reports
21100.01,"Participate as a member of a research or development team in the design and development of experimental, industrial or medical equipment, instrumentation and procedures."
21100.02,"Design and conduct observational surveys, conduct detailed analyses and develop numerical models to extend knowledge of celestial bodies and cosmic radiation"
21100.02,Develop or participate in the development of instrumentation and software for astronomical observation and analysis.
21101,"Analyze, synthesize, purify, modify and characterize chemical or biochemical compounds"
21101,"Develop and conduct programs of analysis to ensure quality control of raw materials, chemical intermediates or final products"
21101,Conduct programs of sample and data collection and analysis to identify and quantify environmental toxicants
21101,Conduct research to develop new chemical formulations and processes and devise new technical applications of industrial chemicals and compounds
21101,"Conduct research to discover, develop, refine and evaluate new products such as those used in nanomedicine, nanoelectronics and other applications of chemistry"
21101,Conduct fundamental and applied research into the synthesis and properties of chemical compounds and the mechanisms of chemical reactions
21101,"Investigate chemical aspects of the mechanisms of drug action, the diagnosis and treatment of disease, organ function and the assessment of health"
21101,"Participate in interdisciplinary research and development projects working with chemical engineers, biologists, microbiologists, agronomists, geologists or other professionals"
21101,Act as technical consultant in a particular field of expertise
21101,May participate in the commercialization of new products
21101,May supervise other chemists and chemical technicians and technologists.
21102.01,"Conduct theoretical and applied research to extend knowledge of surface and subsurface features of the earth, its history and the operation of physical, chemical and biological systems that control its evolution"
21102.01,"Plan, direct and participate in geological, geochemical and geophysical field studies, drilling and geological testing programs"
21102.01,"Plan and conduct seismic, geodetic, electromagnetic, magnetic, gravimetric, radiometric, radar and other remote sensing programs"
21102.01,"Plan, direct and participate in analyses of geological, geochemical and geophysical survey data, well logs and other test results, maps, notes and cross sections"
21102.01,Develop models and applied software for the analysis and interpretation of data
21102.01,"Plan and conduct analytical studies of core samples, drill cuttings and rock samples to identify chemical, mineral, hydrocarbon and biological composition and to assess depositional environments and geological age"
21102.01,"Assess the size, orientation and composition of mineral ore bodies and hydrocarbon deposits"
21102.01,"Identify deposits of construction materials and determine their characteristics and suitability for use as concrete aggregates, road fill or for other applications"
21102.01,"Conduct geological and geophysical studies for regional development and advise in areas such as site selection, waste management and restoration of contaminated sites"
21102.01,"Recommend the acquisition of lands, exploration and mapping programs and mine development"
21102.01,"Identify and advise on anticipated natural risks such as slope erosion, landslides, soil instability, subsidence, earthquakes and volcanic eruptions"
21102.01,"May supervise and coordinate well drilling, completion and work-overs and mining activities."
21102.02,"Conduct theoretical and applied oceanographic research programs and expeditions to extend knowledge of the physical, chemical and biological properties and functioning of oceans"
21102.02,"Plan, direct and participate in sampling and analysis of seawater, plankton, fish, sediments and rocks"
21102.02,"Study physical properties of oceans to develop models, charts and computer simulations of ocean conditions, such as tides, waves, currents and sediment transport"
21102.02,"Explore ocean floor and submarine geological structures, conduct seismic surveys and study formation of ocean basins and other structures to map ocean floor, coastal erosion, sediment accumulation and areas for offshore oil and gas exploration"
21102.02,"Plan and conduct investigations on ocean chemical properties and processes, ocean floor and marine atmosphere and undersea volcanoes to study impacts of environmental changes"
21102.02,Study marine life and interaction with physical and chemical environments to assess impacts of pollutants on marine ecology and to develop ecologically-based methods of seafarming.
21103,"Analyze and interpret data obtained from meteorological stations, radar and satellite imagery and computer model output"
21103,"Produce weather forecasts and provide weather consulting services for industries such as aviation, marine, agriculture and tourism, and to the general public"
21103,"Disseminate weather forecasts and reports to the general public through a variety of media including radio, television, print and the Internet"
21103,"Conduct research and provide consultation on the processes and determinants of atmospheric phenomena, weather and climate, atmospheric dispersion, and physical and chemical transformation of pollutants"
21103,Develop and test mathematical computer models of weather and climate for experimental or operational use
21103,"Analyze the impact of industrial projects and human activity on the climate and quality of the air and work with the social science, engineering and economic communities to develop appropriate mitigation strategies"
21103,Participate in studies of the effect of weather on the environment
21103,"Provide consultation and advice to outside agencies, professionals, or researchers regarding the use and interpretation of climatological information"
21103,"Make scientific presentations, publish reports, articles or popular texts for specialists, users or the general public"
21103,"May engage in the design and development of new equipment and procedures for meteorological data collection, remote sensing, or for related applications."
21109.01,Conduct studies into the properties and production of metals and alloys.
21109.02,"Conduct research into the properties, composition and production of materials such as ceramics and composite materials."
21109.03,"Conduct research into the composition, distribution and evolution of soils."
21109.04,"Command, pilot or serve as crew members of a spacecraft to conduct scientific experiments and research, and participate in space missions as mission specialists to maintain spacecraft, install and repair space station equipment and launch and recapture satellites."
21110.01,"Plan and conduct studies of the environment, and of the population, distribution, structure and functional characteristics and behaviour of plants and animals"
21110.01,Conduct ecological and environmental impact studies and prepare reports
21110.01,"Study, identify and classify plant and animal specimens"
21110.01,"Conduct experiments in plant or animal growth, heredity and breeding"
21110.01,Prepare reports and plans for management of renewable resources
21110.01,May supervise biological technologists and technicians and other scientists.
21110.02,"Conduct research into the structure, function, ecology, biotechnology and genetics of micro-organisms, including bacteria, fungi, protozoans, and algae"
21110.02,"Conduct research into the structure and functioning of human, animal and plant tissues and cells"
21110.02,"Conduct studies into the identification, effects and control of human, plant and animal pathogens and toxins"
21110.02,"Conduct clinical or laboratory studies to test, evaluate and screen drugs, pharmaceuticals and nanoparticles used in biomedical applications"
21110.02,"Conduct molecular or biochemical studies and experiments in genetic expression, gene manipulation and recombinant DNA technology to develop new or alternative methods of producing products"
21110.02,"Conduct research in biotechnology to discover, develop and refine, and evaluate new products"
21110.02,May participate in the commercialization of new products
21110.02,May supervise biological technologists and technicians and other scientists
21110.02,May conduct biostatistical data analysis using computer modelling techniques.
21111,Plan and direct forest surveys and related studies and prepare reports and recommendations
21111,Establish short- and long-term plans for management of forest lands and forest resources
21111,"Plan and direct woodlands harvesting, reforestation, silviculture and fire prevention and fire suppression programs, road building, wildlife management, environmental protection and insect and vegetation control programs"
21111,"Negotiate terms and conditions of agreements and contracts for forest harvesting, forest management and leasing of forest lands"
21111,Monitor contract compliance and results of forestry activities
21111,Ensure adherence to government regulations and company objectives
21111,"Plan and conduct public relations programs, and education and extension programs related to forestry"
21111,Develop and oversee programs for tree seedling production and woodlands nursery operations
21111,"Conduct advanced research in the areas of tree improvement, nursery seedling production, forest soils, forest ecology, forest mensuration, forest operations and other areas"
21111,"Provide advice and recommendations, as a consultant on forestry issues, to private woodlot owners, municipal, provincial or federal governments or to companies."
21112,"Provide counselling and advisory services to farmers on crop cultivation and fertilization, harvesting, animal and poultry care, disease prevention, farm management, farm financing, marketing and other agricultural subjects"
21112,Prepare and conduct advisory information sessions and lectures for farmers and other groups
21112,"Conduct research, analyze agricultural data and prepare research reports"
21112,"Liaise with researchers, educators and government or business managers on matters pertaining to farming and agriculture"
21112,Maintain records of services provided and the effects of advice given
21112,"May operate unmanned aerial vehicle/drone to map drainage, plant seeds, analyze crop health and identify areas of stress and evenly spray fertilizers or pesticides."
21120,"Inspect the sanitary conditions of restaurants, hotels, schools, hospitals and other public facilities or institutions"
21120,Conduct surveys and monitoring programs of the natural environment to identify sources of pollution
21120,"Collect biological and chemical samples and specimens for analysis; measure physical, biological and chemical; and conduct safety and environmental audits"
21120,"Investigate health and safety related complaints, spills of hazardous chemicals, outbreaks of diseases or poisonings"
21120,"Inspect workplaces to ensure that equipment, materials and production processes do not present environmental hazards to the environment or a health and safety hazard to employees or to the general public"
21120,Lead the development and the implementation of public safety and environmental health and safety programs and strategies to mitigate risk and optimize the general public and worker’s health and safety and environmental protection
21120,"Initiate enforcement procedures to fine or to close an establishment contravening municipal, provincial or federal regulations"
21120,"Provide consultation and deliver training programs to employers, employees and the general public on issues of public health, environmental protection or workplace safety."
21200,"Consult with clients to determine the type, style and purpose of renovations or new building construction being considered"
21200,"Conceptualize and design buildings and develop plans describing design specifications, building materials, costs and construction schedules"
21200,Prepare sketches and models for clients
21200,"Prepare or supervise the preparation of drawings, specifications and other construction documents for use by contractors and tradespersons"
21200,"Prepare bidding documents, participate in contract negotiations and award construction contracts"
21200,Monitor activities on construction sites to ensure compliance with specifications
21200,Conduct feasibility studies and financial analyses of building projects.
21201,Confer with clients to determine design needs
21201,"Survey and assess designated sites and develop designs taking into consideration landscape features, buildings, climate, future usage and other aspects"
21201,"Prepare or oversee the preparation of detailed drawings for sites, including features such as trees, shrubs, gardens, lighting, walkways, patios, decks, benches, fences, retaining walls and fountains"
21201,"Prepare or oversee preparation of site plans, reports, sketches, models, photographs, maps, land use studies, design plans such as landscape grading, drainage or planting, and construction details"
21201,"Estimate costs, prepare specifications and evaluate tenders for landscape construction projects"
21201,"Conduct environmental design studies, including environmental assessment, planning and the preservation and re-creation of historical sites"
21201,"Conduct community and neighbourhood physical planning studies, participate in multidisciplinary urban design studies, prepare design guidelines, and develop master plans"
21201,May manage and supervise landscape construction work.
21202,"Compile and analyze data on demographic, economic, legal, political, cultural, sociological, physical and other factors affecting land use"
21202,"Confer with municipal, provincial and federal authorities, civic leaders, social scientists, lawyers, land developers, the public and special interest groups to formulate and develop land use or community plans"
21202,"Prepare and recommend land development concepts and plans for zoning, subdivisions, transportation, public utilities, community facilities, parks, agricultural and other land uses"
21202,"Prepare plans for environmental protection, such as wildlife preserves, national and provincial parks, and protection of watersheds"
21202,"Present plans to civic, rural and regional authorities and hold public meetings to present plans, proposals or planning studies to the general public and special interest groups"
21202,Review and evaluate proposals for land use and development plans and prepare recommendations
21202,Process application for land development permits and administer land use plans and zoning by-laws
21202,Formulate long-range objectives and policies relative to future land use and the protection of the environment
21202,Supervise and coordinate work of urban planning technicians and technologists.
21203,"Develop survey plans, methods and procedures for conducting legal surveys"
21203,"Plan, direct and supervise or conduct surveys to establish and mark legal boundaries of properties, parcels of lands, provincial and Canada Lands, Aboriginal land claims, wellsites, mining claims, utility rights-of-way, roadways and highways"
21203,Survey and lay out subdivisions for rural and urban development
21203,"Determine precise locations using electronic distance measuring equipment, global positioning systems (GPS), and unmanned aerial vehicules (UAV)/drones"
21203,"Analyze, manage and display data using geographic information systems (GIS) and computer-aided design and drafting (CAD)"
21203,Record all measurements and other information obtained during survey activities
21203,"Prepare or supervise the preparation and compilation of all data, plans, charts, records and documents related to surveys of real property boundaries"
21203,Certify and assume liability for surveys made to establish real property boundaries
21203,"Advise, provide consultation and testify as an expert witness on matters related to legal surveys"
21203,"May supervise other land surveyors, and land survey technologists and technicians."
21210.01,"Conduct research to extend mathematical knowledge in traditional areas of mathematics such as algebra, geometry, probability and logic"
21210.01,"Apply mathematical techniques to the solution of problems in scientific fields such as physical science, engineering, computer science or other fields such as operations research, business or management."
21210.02,Conduct research into the mathematical basis of the science of statistics
21210.02,Develop statistical methodology and advise on the practical application of statistical methodology
21210.02,"Apply statistical theory and methods to provide information in scientific and other fields such as biological and agricultural science, business and economics, physical sciences and engineering, and the social sciences."
21210.03,Apply mathematical models to forecast and calculate the probable future costs of insurance and pension benefits
21210.03,"Design life, health, and property insurance policies, and calculate premiums, contributions and benefits for insurance policies, and pension and superannuation plans"
21210.03,May assist investment fund managers in portfolio asset allocation decisions and risk management. They also use these techniques to provide legal evidence on the value of future earnings.
21211,"Implement cutting-edge techniques and tools in machine learning, deep learning and artificial intelligence to make data analysis more efficient"
21211,Perform large-scale experimentation to identify hidden relationships between variables in large datasets
21211,"Create advanced machine learning algorithms such as regression, simulation, scenario analysis, modeling, clustering, decision trees and , neural networks"
21211,Prepare and extract data using programming language
21211,"Implement new statistical, machine learning, or other mathematical methodologies to solve specific business problems"
21211,Visualize data in a way that allows a business to quickly draw conclusions and make decisions
21211,Develop artificial intelligence models and algorithms and implement them to meet the needs of the organization.
21211,Coordinate research and analysis activities using unstructured and structured data and use programming to clean and organize data
21220,"Confer with clients to identify and document requirements, assess physical and technical security risks to data, software and hardware"
21220,"Apply encryption protocols, and manage keys to ensure  security of data is maintained while at rest and in transit"
21220,Monitor access and credentials for information and systems
21220,"Install, test and operate security software and tools such as anti-virus and automated threat detection/prevent systems to ensure security measures are in place and working as intended"
21220,"Monitor for cyber attacks, intrusions and unusual, unauthorised or illegal activity"
21220,"Plan and carry out security measures in response to cybersecurity events and incidents in accordance with an organization's incident response plan to protect information, data and systems"
21220,"Document computer security and emergency measures policies, procedures, and tests."
21221,Confer with clients to identify and document requirements
21221,"Analyze information systems processes, and propose customized solutions to improve performance and efficiency"
21221,"Design, develop, integrate, test and implement information systems business solutions"
21221,"Provide advice on information systems strategy, policy, management, security and service delivery"
21221,"Act as a liaison between the business units, technology teams and support teams"
21221,"Conduct tests to ensure the reliability, accuracy, and functionality of system changes and enhancements"
21222,"Design, develop, test, implement and oversee IT systems"
21222,Collect and analyze data to identify areas for improvement within an organization's IT infrastructure
21222,Review existing IT systems and internal processes
21222,"Develop, implement and apply policies and procedures throughout the software development life cycle to maximize the efficiency, effectiveness and overall quality of software products and information systems, and to ensure that all systems and processes meet organization standards and user requirements"
21222,Develop quality assurance procedures and tests for the development and improvement of new and existing systems
21222,"Identify, analyze and document discrepancies and ensure that appropriate adjustments are made"
21222,Perform preventive maintenance tasks on computer systems.
21223.01,Collect and document user requirements
21223.01,Design and develop database architecture for information systems projects
21223.01,"Design, construct, modify, integrate, implement and test data models and database management systems"
21223.01,"Conduct research and provide advice to other informatics professionals regarding the selection, application and implementation of database management tools"
21223.01,Operate database management systems to analyze data and perform data mining analysis
21223.01,"May lead, coordinate or supervise other workers in this group."
21223.02,"Develop and implement data administration policy, standards and models"
21223.02,"Research and document data requirements, data collection and administration policy, data access rules and security"
21223.02,Develop policies and procedures for network and/or Internet database access and usage and for the backup and recovery of data
21223.02,"Conduct research and provide advice to other information systems professionals regarding the collection, availability, security and suitability of data"
21223.02,Write scripts related to stored procedures and triggers
21223.02,"May lead and coordinate teams of data administrators in the development and implementation of data policies, standards and models."
21230,"Write, modify, integrate and test software code"
21230,Maintain existing computer programs by making modifications as required
21230,"Identify and communicate technical problems, processes and solutions"
21230,"Prepare reports, manuals and other documentation on the status, operation and maintenance of software"
21230,Assist in the collection and documentation of user requirements
21230,Assist in the development of logical and physical specifications
21230,May lead and coordinate teams of computer programmers
21230,May research and evaluate a variety of software products.
21231,Collect and document users' requirements and develop logical and physical specifications
21231,"Research, evaluate and synthesize technical information to design, develop and test computer-based systems including mobile applications"
21231,"Develop data, process and network models to optimize architecture and to evaluate the performance and reliability of designs"
21231,"Plan, design and coordinate the development, installation, integration and operation of computer-based systems including mobile applications"
21231,"Assess, test, troubleshoot, document, upgrade and develop maintenance procedures for operating systems, communications environments and applications software"
21231,"May lead and coordinate teams of information systems professionals in the development of software and integrated information systems, process control software and other embedded software control systems."
21232,"Design, write, read, test, and correct code for new software"
21232,Analyze information to recommend and plan the installation of new systems or modifications of an existing system
21232,Evaluate simple interrelationships between programs such as whether a contemplated change in one part of a program would cause unwanted results in a related part
21232,"Program animation software to predefined specifications for interactive video games, Internet and mobile applications"
21232,"Write, modify, integrate and test software code for e-commerce, Internet and mobile applications"
21232,"Develop, implement, modify and maintain gameplay features that integrate effectively into existing software"
21232,Write documentation for new and updated software.
21233,"Establish design guidelines, standards and optimal design practices"
21233,Maintain the appearance of Web sites by applying content standards
21233,Designing visual imagery for Web sites and ensuring that it is consistent with the organization image
21233,Integrate features and functionalities into Web sites
21233,"Create and optimize content for the Web site using a variety of graphics, database, animation and other software"
21233,Test and improve the design of a Web site
21233,"May lead and coordinate multidisciplinary teams to develop Web site graphics, content, capacity and interactivity"
21234,"Develop, write, modify, integrate and test Web site related code and Web application interfaces"
21234,"Conduct tests and analyze data to monitor quality, security, user interface experiences and to identify areas for improvement"
21234,Develop and implement procedures for ongoing Web site revision
21234,Monitor and maintain Web site functionality
21234,May participate in Web site architecture and design in collaboration with designers or clients
21234,May research and evaluate a variety of interactive media software products.
21300,Confer with clients and other members of the engineering team and conduct research to determine project requirements
21300,"Plan and design major civil projects such as buildings, roads, bridges, dams, water and waste management systems and structural steel fabrications"
21300,Develop construction specifications and procedures
21300,Evaluate and recommend appropriate building and construction materials
21300,"Interpret, review and approve survey and civil design work"
21300,Conduct field services for civil works
21300,Ensure construction plans meet guidelines and specifications of building codes and other regulations
21300,Establish and monitor construction work schedules
21300,"Conduct feasibility studies, economic analyses, municipal and regional traffic studies, environmental impact studies or other investigations"
21300,"Monitor air, water and soil quality and develop procedures to clean up contaminated sites"
21300,"Conduct technical analyses of survey and field data for development of topographic, soil, hydrological or other information and prepare reports"
21300,Act as project or site supervisor for land survey or construction work
21300,Prepare contract documents and review and evaluate tenders for construction projects
21300,"Supervise technicians, technologists and other engineers and review and approve designs, calculations and cost estimates."
21301,"Conduct research into the feasibility, design, operation and performance of mechanisms, components and systems"
21301,"Plan and manage projects, and prepare material, cost and timing estimates, reports and design specifications for machinery and systems"
21301,"Design power plants, machines, components, tools, fixtures and equipment"
21301,Analyze dynamics and vibrations of mechanical systems and structures
21301,"Supervise and inspect the installation, modification and commissioning of mechanical systems at construction sites or in industrial facilities"
21301,"Develop maintenance standards, schedules and programs and provide guidance to industrial maintenance crews"
21301,Investigate mechanical failures or unexpected maintenance problems
21301,Prepare contract documents and evaluate tenders for industrial construction or maintenance
21301,"Supervise technicians, technologists and other engineers and review and approve designs, calculations and cost estimates."
21310,"Conduct research into the feasibility, design, operation and performance of electrical generation and distribution networks, electrical machinery and components and electronic communications, instrumentation and control systems, equipment, and components"
21310,"Prepare material cost and timing estimates, reports and design specifications for electrical and electronic systems and equipment"
21310,"Design electrical and electronic circuits, components, systems and equipment"
21310,"Conduct micro or nanodevices simulations, characterization, process modeling and integration in the development of new electronic devices and products"
21310,"Supervise and inspect the installation, modification, testing and operation of electrical and electronic systems and equipment"
21310,Develop maintenance and operating standards for electrical and electronic systems and equipment
21310,Investigate electrical or electronic failures
21310,Prepare contract documents and evaluate tenders for construction or maintenance
21310,"Supervise technicians, technologists, programmers, analysts and other engineers."
21311.01,"Analyze user requirements, and design and develop system architecture and specifications"
21311.01,"Research, design, develop and integrate computer and telecommunications hardware such as microprocessors, integrated circuit boards and semiconductor lasers"
21311.01,Develop and conduct design verification simulations and prototype bench tests of components
21311.01,"Supervise, inspect and provide design support during the manufacturing, installation and implementation of computer and telecommunications hardware"
21311.01,Establish and maintain relationships with suppliers and clients
21311.01,"May lead and coordinate teams of engineers, technologists, technicians and drafters in the design and development of computer and telecommunications hardware."
21311.02,"Research, design and develop information and communication system network architecture"
21311.02,"Research, evaluate and integrate network system and data communication hardware and software"
21311.02,"Assess, document and optimize the capacity and performance of information and communication system networks"
21311.02,"May lead and coordinate teams of design professionals in the development and integration of information and communication system architecture, hardware and software."
21320,"Conduct economic and technical feasibility studies in areas related to chemical, petroleum, pulp and paper, food or other processing industries"
21320,"Conduct research into the development or improvement of chemical engineering processes, reactions and materials"
21320,Evaluate chemical process technology and equipment and determine production specifications
21320,Design and test chemical processing and associated plants and equipment
21320,"Oversee the construction, modification, operation and maintenance of pilot plants, processing units or processing plants"
21320,"Establish and conduct quality control programs, operating procedures and control strategies to ensure consistency and adherence to standards for raw materials, products and waste products or emissions"
21320,Prepare contract documents and evaluate tenders for the process aspects of industrial construction
21320,"Supervise technicians, technologists and other engineers"
21320,"May work in an administrative capacity, for example, in the development of guidelines and specifications for the handling of dangerous chemicals, environmental protection, or standards for foods, materials and consumer goods."
21321,Plan and design plant layouts and facilities
21321,Study new machinery and facilities and recommend or select efficient combinations
21321,Develop flexible or integrated manufacturing systems and procedures
21321,"Conduct studies and implement programs to determine optimum inventory levels for production and to allow optimum utilization of machinery, materials and resources"
21321,Analyze costs of production
21321,"Design, develop and conduct time studies and work simplification programs"
21321,Determine human resource and skill requirements and develop training programs
21321,"Develop performance standards, evaluation systems and wage and incentive programs"
21321,Conduct studies of the reliability and performance of plant facilities and production or administrative systems
21321,"Develop maintenance standards, schedules and programs"
21321,Establish programs and conduct studies to enhance industrial health and safety or to identify and correct fire and other hazards
21321,Evaluate or assess industrial facilities
21321,"Supervise technicians, technologists, analysts, administrative staff and other engineers."
21322,"Conduct studies and design, develop and specify the processes, and machinery to concentrate, extract, refine and process metals from ores"
21322,"Conduct studies on the properties and characteristics of materials and design, develop and specify processes for moulding, shaping, forming and thermal treatment of metals, alloys and metallic systems, ceramics, semiconducting and other materials"
21322,"Conduct chemical and physical analytical studies, failure analyses and other studies and recommend material selection, design of materials, corrosion control measures, operational testing and other procedures"
21322,"Coordinate production testing and control of metal refining, smelting or foundry operations or non-metallic materials production operations"
21322,"Supervise technologists, technicians and other engineers and scientists."
21330,"Conduct preliminary surveys and studies of ore, mineral or coal deposits to assess the economic and environmental feasibility of potential mining operations"
21330,Determine the appropriate means of safely and efficiently mining deposits
21330,"Determine and advise on appropriate drilling and blasting methods for mining, construction or demolition"
21330,"Design shafts, ventilation systems, mine services, haulage systems and supporting structures"
21330,"Design, develop and implement computer applications such as for mine design, mine modelling, mapping or for monitoring mine conditions"
21330,Plan and design or select mining equipment and machinery and mineral treatment machinery and equipment in collaboration with other engineering specialists
21330,"Plan, organize and supervise the development of mines and mine structures and the operation and maintenance of mines"
21330,"Prepare operations and project estimates, schedules and reports"
21330,Implement and coordinate mine safety programs
21330,"Supervise and coordinate the work of technicians, technologists, survey personnel, and other engineers and scientists."
21331,"Plan, develop and coordinate programs of geotechnical, geological, geophysical or geohydrological data acquisition, analysis and mapping to assist in the development of civil engineering, mining, petroleum and waste management projects or for regional development"
21331,"Analyze and prepare recommendations and reports for construction or improvements to foundations of civil engineering projects such as rock excavation, pressure grouting and hydraulic channel erosion control"
21331,"Analyze and prepare recommendations and reports on settlement of buildings, stability of slopes and fills, and probable effects of landslides and earthquakes to support construction and civil engineering projects"
21331,"Conduct theoretical and applied study of groundwater flow and contamination and develop prescriptions for site selection, treatment and construction"
21331,"Plan, develop, coordinate and conduct theoretical and experimental studies in mining exploration, mine evaluation and feasibility studies relative to the mining industry"
21331,"Conduct surveys and studies of ore deposits, ore reserve calculations and mine design"
21331,"Design, develop and implement computer applications for geophysics, geochemistry, geology, mapping and related fields"
21331,"Supervise technologists, technicians and other engineers and scientists."
21332,Conduct  feasibility assessment studies for developing new oil and gas fields
21332,Direct and monitor oil and gas drilling operations
21332,"Develop drilling programs, select sites and specify drilling fluids, bit selection, drill stem testing procedures and equipment"
21332,"Direct and monitor the completion and evaluation of wells, well testing and well surveys"
21332,"Design and select artificial lift machinery, and well and surface production equipment and systems, and specify programs for corrosion control and oil or gas treatment"
21332,Develop specifications for and monitor and supervise well modification and stimulation programs to maximize oil and gas recovery
21332,Analyze reservoir rock and fluid data to design optimum recovery methods and to predict reservoir performance and reserves
21332,Monitor and forecast oil and gas reservoir performance and recommend oil recovery techniques which extend the economic life of wells
21332,"Design, develop and coordinate the installation, maintenance and operation of subsea well-head and production equipment."
21390,"Design and develop aerospace vehicles, systems and components such as aircraft, spacecraft, missiles, satellites and space-based communication systems"
21390,"Develop and conduct computer simulations of aerospace vehicles, systems and components using advanced mathematical modelling"
21390,"Prepare specifications for materials and processes to be used in aerospace manufacturing, maintenance, repair or modification"
21390,"Supervise and coordinate the manufacturing, assembly, modification, repair and overhaul of aircraft and spacecraft"
21390,Coordinate ground and flight tests of air and spacecraft
21390,"Develop operational specifications, maintenance schedules and manuals for operators"
21390,Develop the technical phases of logistical and operational support for aerospace vehicles and systems
21390,"Investigate and report on structural or other component or system failures, accidents or incidents and prepare recommendations for corrective action."
21399.01,"Design and develop machinery, structures, equipment and systems related to agriculture and food processing."
21399.02,"Design and develop medical diagnostic and clinical instrumentation, equipment and procedures; develop devices to assist persons with disabilities; advise hospital administrators on planning, acquisition and use of medical equipment; and modify and install or supervise installation of equipment."
21399.03,"Conduct research, develop processes, programs and equipment to expand fundamental knowledge in the applied sciences and engineering and to support advanced engineering and scientific applications."
21399.04,"Design and develop marine vessels and floating structures and associated marine power plants, propulsion systems and related systems and equipment and oversee the building, maintenance and repair of vessels and marine systems."
21399.05,"Design and develop processes, equipment and procedures for the production of fibres, yarns and textiles."
22100.01,"Set up and conduct chemical experiments, tests and analyses using techniques such as chromatography, spectroscopy, physical and chemical separation techniques and microscopy"
22100.01,"Operate and maintain laboratory equipment and apparatus and prepare solutions of gas or liquid, reagents, and sample formulations"
22100.01,Compile records and interpret experimental or analytical results
22100.01,"Develop and conduct programs of sampling and analysis to maintain quality standards of raw materials, chemical intermediates and products"
22100.01,"Assist in the development of chemical engineering processes, studies of chemical engineering procurement, construction, inspection and maintenance and the development of standards, procedures and health and safety measures"
22100.01,Operate experimental chemical or petrochemical pilot plants
22100.01,"Conduct or assist in air and water quality testing and assessments, environmental monitoring and protection activities, and development of and compliance with standards"
22100.01,Assist in synthesis of small molecules for the purpose of creating drug candidates
22100.01,Assist in the design and fabrication of experimental apparatus.
22100.02,"Assist in setting up and conducting chemical experiments, tests and analyses"
22100.02,"Operate and maintain laboratory equipment and apparatus and prepare solutions of gas and liquid, reagents and sample formulations"
22100.02,Compile records for analytical studies
22100.02,Assist in developing and conducting programs of sampling and analysis to maintain quality standards
22100.02,"Carry out a limited range of other technical functions in support of chemical research, tests and analyses, and environmental air and water quality monitoring and protection"
22100.02,Assist in the design and fabrication of experimental apparatus.
22101.01,"Conduct or direct geological, geophysical, geochemical, hydrographic or oceanographic surveys, prospecting field trips, exploratory drilling, well logging or underground mine survey programs"
22101.01,"Configure, operate and maintain geophysical survey and well logging instruments and equipment"
22101.01,"Prepare notes, sketches, geological maps and cross sections"
22101.01,"Prepare, transcribe or analyze seismic, gravimetric, well log or other geophysical and survey data"
22101.01,Assist engineers and geologists in the evaluation and analysis of petroleum and mineral reservoirs
22101.01,"Prepare or supervise the preparation of rock, mineral or metal samples and perform physical and chemical laboratory tests"
22101.01,"Conduct or assist in environmental audits, in the design of measures to minimize undesirable environmental effects of new or expanded mining and oil and gas operations, and in the development of waste management and other related environmental protection procedures"
22101.01,"May supervise oil and gas well drilling, well completions and work-overs"
22101.01,"May conduct or supervise studies and programs related to mine development, mining methods, mine ventilation, lighting, drainage and ground control"
22101.01,"May assist engineers and metallurgists in specifying material selection, metal treatments or corrosion protection systems"
22101.01,May assist hydrogeologists in evaluating groundwater and well circulation and in report preparation
22101.01,"May develop specifications for heat treatment of metals or for welding, design welding fixtures, troubleshoot welding processes or quality problems and supervise welding projects"
22101.01,May coordinate crew members' activities during seismic tests.
22101.02,"Participate in geological, geophysical, geochemical, hydrographic or oceanographic surveys, prospecting field trips, exploratory drilling, well logging or underground mine survey programs and in environmental audits and related environmental protection activities"
22101.02,Operate and maintain geophysical survey and well logging instruments and equipment
22101.02,"Prepare notes, sketches, geological maps and cross sections"
22101.02,"Assist in preparing, transcribing or analyzing seismic, gravimetric, well log or other geophysical and survey data"
22101.02,"Assist in the preparation of rock, mineral or metal samples and in conducting physical and chemical laboratory tests"
22101.02,Assist in hydrogeological field and laboratory studies and in preparation of reports
22101.02,"Carry out a limited range of other technical functions in support of geology, geophysics and petroleum and mining engineering."
22110.01,"Set up and conduct biological, microbiological and biochemical tests and laboratory analyses in support of research and quality control in food production, sanitation, pharmaceutical production, biotechnology and other fields"
22110.01,"Apply methods and techniques such as microscopy, histochemistry, chromatography, electrophoresis and spectroscopy"
22110.01,"Perform experimental procedures in agriculture, plant breeding, animal husbandry, biology and biomedical research"
22110.01,"Conduct field research and surveys to collect data and samples of water, soil, and plant and animal populations"
22110.01,"Conduct environmental monitoring and compliance activities for the protection of fisheries stock, wildlife and other natural resources"
22110.01,Analyze data and prepare reports
22110.01,"Conduct or supervise operational programs such as fish hatchery, greenhouse and livestock production programs."
22110.02,"Assist in conducting biological, microbiological and biochemical tests and laboratory analyses"
22110.02,"Perform limited range of technical functions in support of agriculture, plant breeding, animal husbandry, biology, biomedical research and environmental protection"
22110.02,"Assist in conducting field research and surveys to collect data and samples of water, soil, and plant and animal populations"
22110.02,Assist in analysis of data and preparation of reports.
22111.01,"Inspect fish, fish products, fish handling and processing methods and prepare reports and ensure that regulations are followed."
22111.02,Inspect fresh and frozen fruit and vegetables at inspection centres and prepare reports on crop production and market conditions.
22111.03,"Inspect and grade all classes of grain at terminal elevators, monitor the fumigation of infested grain, and examine storage, handling and transportation equipment to ensure that sanitary procedures are followed."
22111.04,Monitor the operations and sanitary conditions of slaughtering and meat processing plants and inspect carcasses to ensure they are fit for human consumption.
22111.05,"Certify seed crops, oversee the quarantine, treatment or destruction of plants and plant products, and the fumigation of plants and plant product imports and exports."
22112,"Conduct, supervise and participate in forest inventory cruises, surveys and field measurements following accepted scientific and operational procedures"
22112,Assist and perform technical functions in the preparation of forest management and harvest plans using photogrammetric and mapping techniques and computerized information systems
22112,Assist in planning and supervise construction of access routes and forest roads
22112,"Implement, supervise and perform technical functions in silvicultural operations involving site preparation, planting, and tending of tree crops"
22112,"Coordinate activities such as timber scaling, forest fire suppression, disease or insect control or pre-commercial thinning of forest stands"
22112,Supervise and perform technical functions in forest harvesting operations
22112,"Monitor activities of logging companies and contractors and enforce regulations such as those concerning environmental protection, resource utilization, fire safety and accident prevention"
22112,"Provide forestry education, advice and recommendations to woodlot owners, community organizations and the general public"
22112,Develop and maintain computer databases
22112,Supervise forest tree nursery operations
22112,"Provide technical support to forestry research programs in areas such as tree improvement, seed orchard operations, insect and disease surveys or experimental forestry and forest engineering research."
22113,Generate public awareness of fish and wildlife conservation and regulations
22113,"Conduct patrols by truck, aircraft, boat, or on foot, to ensure compliance with the provincial and federal statutes relating to fish, wildlife and the environment"
22113,"Investigate complaints, arrest violators, prepare briefs and present evidence in court"
22113,"Issue licences, export documents and special permits and collect royalties assessed on fish, wildlife and timber resources"
22113,Implement and supervise approved techniques in preventing or overcoming damage caused by wildlife
22113,"Perform resource protection duties, such as inspecting fishing gear and equipment and monitoring fishing activities for compliance with regulations"
22113,"Gather resource data by making inventories of fish, collecting water samples and assisting biologists in scientific research"
22113,Supervise or provide firearms safety training courses and trapper education courses.
22114.01,"Examine trees and shrubs to diagnose problems and disease, and apply various treatments such as pruning, spraying, repairing damaged areas and injecting with treatment solutions."
22114.02,"Direct crews who maintain the health and appearance of golf courses and their surrounding landscapes, plant and move trees, and apply fertilizers, fungicides, herbicides and pesticides."
22114.03,"Plan and coordinate the growth and use of plants for landscaping, ornamental uses and other purposes."
22114.04,"Survey and assess sites, prepare drawings, sketches and reports and perform other duties to assist landscape architects in designing landscaped environments."
22114.05,Plant and maintain private and public lawns and gardens.
22114.06,"Plan and construct landscaped environments which may include trees, shrubberies, lawns, fences, decks, patios and other landscape structures."
22114.07,"Visit clients, assess the health of lawns, and apply fertilizer, pesticides and other lawn care products."
22210,Assist in the development of architectural designs
22210,"Analyze building codes, by-laws, space requirements, site requirements and other technical documents and reports"
22210,"Prepare manual and computer-assisted design (CAD) drawings, specifications, cost estimates and listings of quantities of material from conceptual drawings and instructions"
22210,"Construct architectural and display models, and 3-D virtual models of architectural designs"
22210,Prepare contract and bidding documents
22210,"May supervise drafters, technicians and technologists on the architectural team"
22210,"May supervise construction projects and coordinate, monitor and inspect work done by others."
22211,"Consult with client, engineers or production specialists to establish product requirements"
22211,Analyze the intended use of product and user preferences
22211,"Conduct research into cost, properties of production materials and methods of production"
22211,"Develop manual and computer-assisted design (CAD) concepts, sketches or models for approval"
22211,"Prepare manufacturing drawings, specifications and guidelines for production and construct prototype of design"
22211,Consult with engineers and production staff during manufacturing stage.
22212.01,"Develop and prepare engineering designs and drawings from preliminary concepts, sketches, engineering calculations, specification sheets and other data"
22212.01,"Create building information models (BIM), using computer software, to provide digital representations of physical and functional aspects of buildings and other engineering projects"
22212.01,Operate computer-assisted design (CAD) and drafting workstations
22212.01,Develop and prepare design sketches
22212.01,Complete documentation packages and produce drawing sets
22212.01,Check and verify design drawings to conform to specifications and design data
22212.01,Write technical reports
22212.01,Prepare contracts and tender documents
22212.01,"Prepare construction specifications, costs and material estimates"
22212.01,"Supervise and train other technologists, technicians and drafters."
22212.02,"Develop and prepare engineering drawings, plans, diagrams or layouts from sketches"
22212.02,Operate computer-assisted drafting equipment or a conventional drafting station.
22213.01,Assist survey engineers or professional surveyors to develop methods and procedures for conducting field surveys
22213.01,"Conduct field surveys and operate survey instruments and computer equipment to measure distance, angles, elevations and contours"
22213.01,Record measurements and other information obtained during field survey activities
22213.01,Determine precise geographic locations using global positioning system (GPS) equipment or unmanned aerial vehicule (UAV)/drone
22213.01,"Analyze latitude, longitude and angles and compute trigonometric and other calculations to plot features, contours and areas to a specific scale"
22213.01,"Prepare detailed drawings, charts and plans and survey notes and reports"
22213.01,Supervise and coordinate field survey activities.
22213.02,Participate in field surveys and operate survey instruments and devices
22213.02,"Keep records, measurements and other survey information in systematic order"
22213.02,"Assist in the calculation, analysis and computation of measurements obtained during field surveys"
22213.02,"Assist in the preparation of detailed drawings, charts and plans."
22214.01,"Plan map content, format and design and compile required data from aerial photographs, survey notes, records, reports and other maps"
22214.01,"Generate maps and related graphs and charts using digital mapping techniques, computer interactive graphics, computer-assisted design and drafting (CAD) software, traditional drafting methods and computer or traditional scribing tools"
22214.01,Inspect final compositions to ensure completeness and accuracy.
22214.02,"Examine and interpret aerial photographs to prepare topographic maps, aerial-photograph mosaics and related charts"
22214.02,"Operate digitized stereoscopic plotting and computer graphics equipment to provide three-dimensional optical models of terrain, to trace maps, and to prepare charts and tables"
22214.02,Monitor recording quality and adjust equipment as required and inspect quality of recorded images.
22214.03,"Operate analog or digital airborne remote sensing equipment such as survey film or digital cameras, laser or radar sensors and scanners to prepare images, data and graphic reports, maps and charts from airborne or satellite data"
22214.03,Develop specialized analog and computer software specific routines to customize and integrate image analysis
22214.03,"Inspect quality of recorded images, verify the integrity and accuracy of data contained in remote sensing image analysis systems, and adjust equipment as required."
22214.04,"Operate specialized computer hardware and software and peripheral equipment to model, manage, analyze and display geospatial data"
22214.04,"Develop specialized computer software routines, Internet-based GIS, database and business applications to customize geographic information"
22214.04,Work with external organizations on data transfer and systems compatibility issues
22214.04,Perform data entry and editing activities and maintenance operations to systems following predetermined calibration procedures
22214.04,Integrate external software such as spreadsheets and statistical packages with GIS software
22214.04,Train and provide technical support for GIS users.
22214.05,"Observe, record and transmit atmospheric and weather information including air pressure, temperature, humidity, precipitation and cloud, wind and ultraviolet conditions"
22214.05,"Observe, chart and report on ice conditions in navigable waters and snow conditions, and participate in programs to forecast and control avalanches in mountainous terrain"
22214.05,"Maintain climatological databases, analyze and interpret weather data and participate in the production of weather maps, charts and reports"
22214.05,"Install, inspect, monitor, calibrate and maintain meteorological equipment and instruments."
22220.01,"Maintain, troubleshoot, repair and administer local area networks (LANs), wide area networks (WANs), mainframe networks, computer workstations, connections to the Internet and peripheral equipment"
22220.01,"Evaluate and install computer hardware, networking software, operating system software and software applications"
22220.01,Operate master consoles to monitor the performance of computer systems and networks and to coordinate access and use of computer networks
22220.01,Provide problem-solving services to network users
22220.01,Perform routine network start up and close down and maintain control records
22220.01,Perform data backups and disaster recovery operations
22220.01,Conduct tests and perform security and quality controls
22220.01,Perform shell scripting or other basic scripting tasks
22220.01,May supervise other workers in this group.
22220.02,"Install, maintain, troubleshoot and upgrade Web-server hardware and software"
22220.02,"Implement network traffic and security monitoring software, and optimize server performance"
22220.02,"Control and monitor e-mail use, Web navigation, and installed software"
22220.02,Respond to requests for help and information from Web site visitors and Web site designers.
22221,Communicate electronically and in person with computer users experiencing difficulties to determine and document problems experienced
22221,"Consult user guides, technical manuals and other documents to research and implement solutions"
22221,"Reproduce, diagnose and resolve technical problems encountered by users"
22221,Provide advice and training to users in response to identified difficulties
22221,"Provide business systems, network and Internet support to users in response to identified difficulties"
22221,"Collect, organize and maintain a problems and solutions log for use by other technical support analysts"
22221,Participate in the redesign of applications and other software
22221,May supervise other technical support workers in this group.
22222,Develop and document software testing plans
22222,Install software and hardware and configure operating system software in preparation for testing
22222,"Execute, analyze and document results of software application tests and information and telecommunication systems tests"
22222,"Develop and implement software and information system testing policies, procedures and scripts"
22222,"Identify, report, track and propose solutions to product defects."
22230,"Transport, set up and calibrate non-destructive testing equipment"
22230,"Conduct tests to ensure quality or detect discontinuities (defects) using ultrasonic, radiographic, liquid penetrant, magnetic particle, eddy current and other non-destructive testing methods"
22230,"Establish techniques for proper examination of objects under inspection, ensuring strict adherence to safety regulations"
22230,"Interpret radiographs, cathode ray tube (CRT) or digital readouts, conductivity meters and visual indicators"
22230,Apply testing criteria in accordance with applicable specifications or standards and evaluate results
22230,Organize and report test results
22230,"May perform specialized inspections using acoustic emission, vibration analysis, infrared thermography and laser shearography testing methods"
22230,May instruct and supervise trainees.
22231.01,"Conduct motor vehicle and motor vehicle component defect investigations, examinations, tests and defect-related accident investigations"
22231.01,Provide expert advice and testimony on specific motor vehicle performance problems or defects
22231.01,Recommend improvements in vehicle inspection and licensing procedures and vehicle safety standards.
22231.02,"Collect and analyze data from train derailments, collisions, and other accidents to determine the causes"
22231.02,"Inspect and evaluate railway property, structures, rolling stock, signals, track structure and train handling characteristics to ensure compliance to operating standards."
22231.03,"Conduct initial and regular inspections of establishments and individuals holding or applying for air carrier operating certificates and establishments engaged in aircraft maintenance, repair or modification"
22231.03,"Inspect aircraft, advise of any deficiencies and detain aircraft suspected of being unairworthy or unsafe"
22231.04,Conduct inspections and tests of a variety of mechanical and electronic weighing and measuring devices and systems
22231.04,Prepare draft investigative reports of findings
22231.04,Recommend corrective or enforcement action.
22231.05,Conduct onshore and offshore inspections of drilling and well servicing equipment and processes to ensure compliance with regulations and policies and to recommend improvements and corrective action.
22232,"Lead and participate in workplace audits and investigations of safety concerns, incidents and accidents"
22232,"Lead and participate in workplace inspections to ensure that equipment, materials and production processes do not present a safety or health hazard to employees"
22232,"Develop and implement health and safety programs, including standard operating procedures, policies and training to mitigate risk, optimize worker’s health and safety and foster a positive occupational health and safety culture"
22232,Initiate enforcement procedures on workplaces contravening organization and government health and safety standards and regulations
22232,"Provide training to employers, employees and the general public on issues of workplace safety"
22232,"Communicate, engage and influence decision-makers and workers to ensure compliance with health and safety legislation and regulations."
22233,"Examine plans, drawings, and site layouts for new buildings, building renovations and other proposed structures"
22233,"Inspect construction of buildings, bridges, dams, highways and other types of building and engineering construction for conformance to drawings, specifications, building codes or other applicable ordinances"
22233,"Inspect and test electrical or plumbing installations in buildings to ensure compliance with municipal, provincial and federal regulations"
22233,"Inspect steel framework, concrete forms, reinforcing steel mesh and rods, concrete or pre-stressed concrete to ensure quality standards and to verify conformance to specifications and building codes"
22233,Inspect construction of sewer systems and pipelines
22233,Inspect construction sites to ensure that safe working conditions are maintained
22233,"Inspect existing buildings to identify and report on structural defects, fire hazards and other threats to safety"
22233,Inspect new or resale homes on behalf of clients and assess and provide reports on the physical condition of property
22233,Assess the energy performance and potential energy savings of buildings.
22233,"Plan, design, develop, implement, and evaluate workplace activities to ensure that workers comply with company policies and government safety regulations."
22300.01,Develop conventional and computer-assisted design (CAD) engineering designs and drawings from preliminary concepts and sketches
22300.01,"Prepare construction specifications, cost and material estimates, project schedules and reports"
22300.01,"Supervise or conduct field surveys, inspections or technical investigations of topography, soils, drainage and water supply systems, road and highway systems, buildings and structures to provide data for engineering projects"
22300.01,Conduct or supervise inspection and testing of construction materials
22300.01,"May supervise, monitor and inspect construction projects."
22300.02,Assist in developing engineering specifications and drawings
22300.02,"Participate in field surveys, inspections or technical investigations of topography, soils, drainage and water supply systems, road and highway systems, buildings and structures to provide data for engineering projects"
22300.02,Perform other technical functions in support of civil engineering activities.
22301.01,"Prepare and interpret conventional and computer-assisted design (CAD) engineering designs, drawings, and specifications for machines and components, power transmission systems, process piping, heating, ventilating and air conditioning systems"
22301.01,"Prepare cost and material estimates, project schedules and reports"
22301.01,"Conduct tests and analyses of machines, components and materials to determine their performance, strength, response to stress and other characteristics"
22301.01,"Design moulds, tools, dies, jigs and fixtures for use in manufacturing processes"
22301.01,Inspect mechanical installations and construction
22301.01,Prepare contract and tender documents
22301.01,"Supervise, monitor and inspect mechanical installations and construction projects"
22301.01,Prepare standards and schedules and supervise mechanical maintenance programs or operations of mechanical plants.
22301.02,"Assist in preparing conventional and computer-assisted design (CAD) engineering designs, drawings and specifications"
22301.02,"Carry out a limited range of mechanical tests and analyses of machines, components and materials"
22301.02,"Assist in the design of moulds, tools, dies, jigs and fixtures for use in manufacturing processes"
22301.02,Assist in inspection of mechanical installations and construction projects
22301.02,"Participate in the installation, repair and maintenance of machinery and equipment."
22302.01,"Develop and conduct production, inventory and quality assurance programs in manufacturing or in other industries"
22302.01,Design plant layouts and production facilities
22302.01,Develop and carry out work study and related programs
22302.01,"Develop and carry out industrial health, safety and fire prevention plans and programs and conduct safety training programs"
22302.01,"Develop applications using CAD/CAM (computer-assisted drafting, computer-assisted manufacturing) for the control of robots, computer numerical control (CNC) machines and other manufacturing processes and operations."
22302.02,Assist in the design of plant layouts
22302.02,Conduct work measurement or other studies
22302.02,"Collect and compile operational or experimental data and assist in the development of estimates, schedules, specifications and reports"
22302.02,Collect and analyze data and samples in support of quality assurance and industrial health and safety programs
22302.02,"Develop manufacturing and processing procedures and variables, set machine or equipment controls, oversee production and inspect processes."
22303,"Prepare estimates of probable costs of materials, labour and equipment for construction projects based on contract bids, quotations, schematic drawings and specifications"
22303,"Advise on tendering procedures, examine and analyze tenders, recommend tender awards and conduct negotiations"
22303,Establish and maintain tendering process and set up cost monitoring and reporting systems and procedures
22303,Prepare cost and expenditure statements and forecasts at regular intervals for the duration of a project
22303,"Prepare and maintain a directory of suppliers, contractors and subcontractors"
22303,"Liaise, consult and communicate with engineers, architects, owners, contractors and subcontractors, and prepare economic feasibility studies on changes and adjustments to cost estimates"
22303,Manage and coordinate construction projects and prepare construction progress schedules.
22310.01,"Design, develop and test power equipment and systems, industrial process control systems, telecommunication, broadcast, recording and audiovisual systems, microelectronic systems and circuits, computers, computer systems and networks, and computer software"
22310.01,Supervise the building and testing of prototypes according to general instructions and established standards
22310.01,"Conduct or supervise the installation, commissioning, and operation of electrical and electronic equipment and systems other than aircraft electronics or instruments"
22310.01,Carry out applied research in fields of electrical and electronic engineering and physics under the direction of scientists or engineers
22310.01,"Set up and operate specialized and standard test equipment to diagnose, test and analyze the performance of electrical and electronic components, assemblies and systems"
22310.01,"Write specifications, schedules and technical reports and control schedules and budgets."
22310.02,"Assist in the design, development and testing of electrical and electronic components, equipment, and systems"
22310.02,"Assist in inspection, testing, adjusting and evaluation of incoming electrical, electro-mechanical and electronic components and assemblies to ensure conformance with product specifications and tolerances"
22310.02,Conduct life tests (burn-ins) on assemblies and record and analyze results
22310.02,Assist in building and testing prototypes to specifications
22310.02,Carry out a limited range of technical functions in support of research in electrical and electronic engineering and physics
22310.02,"Install, operate and maintain electrical and electronic equipment and systems"
22310.02,Calibrate electrical or electronic equipment and instruments according to technical manuals and written instructions
22310.02,"Collect and compile operational or experimental data and assist in the preparation of estimates, schedules, budgets, specifications and reports."
22311,"Install, maintain and repair household and business electronic equipment, such as televisions, radios, video cassette recorders, stereo equipment, photocopiers, computers and peripherals"
22311,"Inspect and test electronic equipment, components and assemblies using multimeters, circuit testers, oscilloscopes, logic probes and other electronic test instruments, tools and equipment"
22311,"Diagnose and locate circuit, component and equipment faults"
22311,"Adjust, align, replace or repair electronic equipment, assemblies and components following equipment manuals and schematics, and using soldering tools and other hand and power tools"
22311,"Complete work orders, test and maintenance reports"
22311,May supervise other electronic equipment service technicians.
22312,"Consult manufacturer's manuals, circuit diagrams and blueprints to determine tests and maintenance procedures for instruments used for measuring and controlling flow, level, pressure, temperature, chemical composition and other variables in manufacturing and processing"
22312,"Inspect and test operation of instruments and systems to diagnose faults using pneumatic, electrical and electronic testing devices and precision measuring instruments"
22312,"Repair and adjust system components, such as sensors, transmitters and programmable logic controllers, or remove and replace defective parts"
22312,Calibrate components and instruments according to manufacturers' specifications
22312,Perform scheduled preventive maintenance work and complete test and maintenance reports
22312,Install control and measurement instruments on existing and new plant equipment and processes
22312,Consult with and advise process operators.
22313.01,"Repair and overhaul, install, calibrate and test aircraft instruments."
22313.02,"Repair and overhaul, modify, install and test aircraft electrical systems and equipment."
22313.03,"Troubleshoot, repair and overhaul, test, modify, install and inspect aircraft electronic systems and components including communications, navigation, and autoflight equipment."
22313.04,"Inspect and test aircraft instrument, electrical and avionics systems and ensure that the installation, maintenance, repair and overhaul of these systems meet Transport Canada and company standards of performance and safety."
30010,"Plan, organize, direct, control and evaluate the delivery of health care services within a department of a health care institution, or in other settings where health care services are provided"
30010,Consult with boards of directors and senior managers to maintain and establish standards for the provision of health care services
30010,Develop evaluation systems to monitor the quality of health care given to patients
30010,"Monitor the use of diagnostic services, in-patient beds and facilities to ensure effective use of resources"
30010,"Develop and implement plans for new programs, special projects, new material and equipment acquisitions and future staffing levels in their department or establishment"
30010,Plan and control departmental or establishment budget
30010,"Represent the department or establishment at meetings with government officials, the public, the media and other organizations"
30010,Supervise health care supervisors and professionals
30010,Recruit health care staff of the department or establishment.
31100.01,"Administer anesthetics prior to, during, or after surgery or other medical procedures."
31100.02,Diagnose and provide non-surgical treatment of diseases and injuries of internal organ systems. Provide care mainly for adults who have a wide range of problems associated with the internal organs.
31100.03,"Diagnose, treat, and help prevent children's diseases and injuries."
31100.04,"Diagnose, treat, and help prevent disorders of the mind."
31100.05,"Diagnose, treat, and help prevent allergic diseases and disease processes affecting the immune system."
31100.06,"Provide inpatient care predominantly in settings such as medical wards,  intensive care units, rehabilitation centers, or emergency rooms. Manage and coordinate patient care throughout treatment."
31100.07,"Diagnose, treat, and help prevent diseases and disorders of the nervous system involving the brain and spinal cord and other nerve and muscular conditions."
31100.08,"Diagnose and treat diseases using radioactive materials. May monitor radionuclide preparation, administration, and disposition."
31100.09,"Diagnose, treat, and help prevent diseases or other conditions of the skin."
31100.1,"Diagnose and treat disorders requiring physiotherapy to provide physical, mental, and occupational rehabilitation."
31100.11,"Apply knowledge of general preventive medicine and public health issues to promote health care to groups or individuals, and aid in the prevention or reduction of risk of disease, injury, disability, or death. May diagnose and treat patients in the context of clinical health promotion and disease prevention."
31100.12,Examine and diagnose disorders and diseases using x-rays and radioactive materials. May treat patients.
31100.13,"Diagnose and treat diseases and physiological or psychiatric disorders. Order laboratory tests, X-rays and other diagnostic procedures. Prescribe medication and treatment and refer patients for surgery. Act as consultants to other physicians. May conduct medical research."
31100.14,"Diagnose presence and stage of diseases using laboratory techniques and patient specimens. Study the nature, cause and development of diseases in humans and the structural and functional changes caused by diseases. Act as consultants to other physicians. May perform autopsies."
31101.01,"Treat diseases, injuries, and deformities by invasive, minimally-invasive, or non-invasive surgical methods, such as using instruments, appliances, or by manual manipulation."
31101.02,"Provide medical care related to pregnancy or childbirth.  Diagnose, treat, and help prevent diseases of women, particularly those affecting the reproductive system. May also provide general medical care to women. May perform both medical and gynecological surgery functions."
31101.03,"Diagnose, treat, and help prevent diseases and injuries of the eyes and related structures."
31101.04,"Diagnose, treat, and help prevent benign and malignant medical and surgical disorders of the genitourinary system and the renal glands."
31101.05,Assess patients' diseases or disorders to determine appropriate surgical procedures
31101.05,Perform and supervise surgical procedures to correct physical abnormalities and deficiencies and repair injuries
31101.05,Act as consultants to other physicians.
31102,"Examine patients and take their histories, order laboratory tests, X-rays and other diagnostic procedures and consult with other medical practitioners to evaluate patients' physical and mental health"
31102,Prescribe and administer medications and treatments
31102,Perform and assist in routine surgery
31102,Provide emergency care
31102,Provide acute care management
31102,Vaccinate patients to prevent and treat diseases
31102,Deliver babies and provide pre-natal and post-natal care
31102,"Advise patients and their families on health care including health promotion, disease, illness and accident prevention"
31102,Provide counselling and support to patients and their families on a wide range of health and lifestyle issues
31102,Perform patient advocacy role
31102,Coordinate or manage primary patient care
31102,Provide continuous care to patients
31102,Supervise home care services
31102,"Report births, deaths, and contagious and other diseases to governmental authorities."
31103,"Diagnose diseases or abnormal conditions in individual animals, herds and flocks through physical examinations or laboratory tests"
31103,"Treat sick or injured animals by prescribing medication, setting bones, dressing wounds or performing surgery"
31103,Vaccinate animals to prevent and treat diseases
31103,"Perform routine, emergency and post-mortem examinations"
31103,"Advise clients on feeding, housing, behaviour, breeding, hygiene and general care of animals"
31103,"Provide a range of veterinary services including obstetrics, dentistry and euthanasia"
31103,May supervise animal health technologists and animal care workers
31103,"May be responsible for overall operation of animal hospital, clinic or mobile service to farms"
31103,"May conduct veterinary research related to areas such as animal nutrition, health care products development and disease prevention and control"
31103,May enforce government regulations in disease control and food production including animal or animal-based food inspection.
31110.01,"Examine patients' teeth, gums and surrounding tissue to diagnose disease, injury and decay and plan appropriate preventive or corrective treatment"
31110.01,"Provide general dental care such as cleaning teeth, filling cavities, performing root canals, applying veneers, and fitting crowns, bridges and dentures"
31110.01,"Restore, extract and replace diseased and decayed teeth"
31110.01,Instruct patients on oral hygiene and preventive dental care
31110.01,Monitor patient progress to identify changes or the progression of dental disease
31110.01,Prescribe antibiotics or other medication as required
31110.01,"Bleach, clean, or polish teeth to restore natural color"
31110.01,Refer patients to dental specialists as needed for recommended procedures
31110.01,"Supervise dental hygienists, dental assistants and other staff"
31110.01,May provide basic orthodontic treatments with additional training.
31110.02,"Collaborate with other professionals, such as restorative dentists and orthodontists, to plan treatment"
31110.02,Administer general and local anesthetics
31110.02,Perform surgery to prepare the mouth for dental implants orto aid in the regeneration of deficient bone and gum tissues
31110.02,"Remove impacted, damaged, and non-restorable teeth, as well as tumors and other abnormal growths of the oral and facial regions"
31110.02,"Perform surgery on the mouth and jaws to treat conditions, such as cleft lip, palate, and jaw growth problems"
31110.02,"Provide emergency treatment of facial injuries including facial lacerations, intra-oral lacerations, and fractured facial bones"
31110.02,"Treat infections of the oral cavity, salivary glands, jaws, and neck."
31110.03,"Examine patients' teeth, gums and surrounding tissue to assess abnormalities of jaw development, tooth position, and other dental-facial structures"
31110.03,Diagnose teeth and jaw or other dental-facial abnormalities
31110.03,"Propose treatment plan for conditions such as underbites, overbites, crowding and others"
31110.03,"Design and fabricate appliances, such as space maintainers, retainers, and labial and lingual arch wires"
31110.03,Fit dental appliances in patients' mouths to alter the position and relationship of teeth and jaws or to realign teeth
31110.03,Coordinate orthodontic services with other dental and medical professionals
31110.03,"Educate patients about improving and maintaining orthodontic care, and promoting routine dental health care."
31110.04,"Examine patient’s teeth, gums and jaws to diagnose disease, injury and decay, and plan appropriate treatment to enhance patients’ dental and facial aesthetics, or correct orofacial problems"
31110.04,"Replace missing teeth and associated oral structures with permanent fixtures, such as implant-supported prostheses, crowns and bridges, or removable fixtures, such as dentures"
31110.04,"Restore function and improve aesthetics for traumatic injury victims, or individuals with diseases or birth defects"
31110.04,"Design and fabricate dental prostheses, or supervise dental technicians who construct the devices"
31110.04,"Fit prostheses to patients, making any necessary adjustments and modifications"
31110.04,"Restore damaged teeth with materials such as fillings, veneers and crowns"
31110.04,"Collaborate with general dentists, dental specialists, and other health professionals to develop solutions to dental and oral health concerns."
31111,"Examine patients' eyes, conduct tests and use ophthalmoscopes, biomicroscopes and other specialized instruments to determine ocular health and visual efficiency"
31111,"Prescribe and provide treatment (excluding surgery) to maintain, improve and correct vision and manage other ocular diseases and disorders"
31111,"Prescribe, dispense and fit eyeglasses, contact lenses and other visual aids"
31111,"Educate, counsel and advise patients on contact lens use and care, ocular hygiene, surgical and non-surgical options, and preventive care and maintenance related to occupation and lifestyle"
31111,"Refer patients to ophthalmologists or other physicians and surgeons for treatment of ocular diseases or conditions such as cataracts, glaucoma and macular degeneration and systemic conditions such as diabetes and high blood pressure"
31111,Collaborate with ophthalmologists and other healthcare professionals to provide pre- and post-operative care for patients undergoing eye surgeries such as laser vision correction
31111,May prescribe from a limited list of medications
31111,Conduct research and promote advancement in the visual sciences.
31112.01,Develop and administer audiometric tests and examinations using specialized instruments and electronic equipment to diagnose and evaluate the degree and type of patients' hearing impairment
31112.01,"Plan and implement habilitation/rehabilitation programs for patients, including selection, fitting and adjustment of amplification devices, such as hearing aids, balance retraining exercises and teaching speech (lip) reading"
31112.01,"Educate and counsel patients and families regarding the nature, extent, impact and implications of hearing loss and treatment"
31112.01,Establish personalized care plans working as a member of an interdisciplinary team
31112.01,Conduct research related to hearing and hearing disorders
31112.01,"May instruct and supervise audiometric technicians, students and other health care personnel."
31112.02,"Administer tests and examinations and observe patients to diagnose and evaluate speech, voice, resonance, language, fluency, cognitive-linguistic and swallowing disorders"
31112.02,"Develop, plan and implement remedial programs to correct speech, voice, language, fluency, resonance, cognitive-linguistic and swallowing disorders"
31112.02,Establish group and personalized care plans working as a member of an interdisciplinary team
31112.02,Educate and counsel patients and families regarding communication and swallowing disorders
31112.02,Conduct research on speech and other communication disorders and on the development and design of diagnostic procedures and devices
31112.02,"May instruct and supervise communicative disorders assistants, students and other health care personnel."
31120.01,Check prescriptions for proper dosage
31120.01,"Compound prescribed pharmaceutical products by calculating, measuring and mixing the quantities of drugs and other ingredients required and filling appropriate containers with correct quantity"
31120.01,"Dispense prescribed pharmaceuticals to customers or to other health care professionals and advise them on indications, contra-indications, adverse effects, drug interactions and dosage"
31120.01,Maintain medication profiles of customers including registry of poisons and narcotic and controlled drugs
31120.01,"Ensure proper preparation, packaging, distribution and storage of vaccines, serums, biologicals and other drugs and pharmaceuticals"
31120.01,Order and maintain stock of pharmaceutical supplies
31120.01,Advise customers on selection and use of non-prescription medication
31120.01,Renew existing prescriptions in limited circumstances
31120.01,"May adapt the formulation, regimen, duration or route of administration of medication"
31120.01,"May supervise and coordinate the activities of other pharmacists, pharmacy assistants, pharmacy technicians and other staff."
31120.02,Participate in research for the development of new drugs
31120.02,Formulate new drug products developed by medical researchers
31120.02,Test new drug products for stability and to determine absorption and elimination patterns
31120.02,Coordinate clinical investigations of new drugs
31120.02,"Control the quality of drug products during production to ensure that they meet standards of potency, purity, uniformity, stability and safety"
31120.02,"Develop information materials concerning the uses, properties and risks of particular drugs"
31120.02,"Evaluate labelling, packaging and advertising of drug products"
31120.02,Promote pharmaceutical products to health professionals.
31121,"Develop, implement and evaluate nutrition programs and services for individuals, communities and populations"
31121,"Manage food service systems in hospitals, long-term care facilities, schools, privately owned-food service outlets or similar settings"
31121,"Provide nutrition guidance, label interpretation and consultation services to health professionals, individuals, dietetic interns, community groups, government and the media"
31121,Evaluate nutritional status of individuals and aid in the prevention and/or treatment of inadequate nutrition
31121,"Plan, evaluate and conduct nutrition education programs and develop educational materials for various audiences"
31121,"Practice on an individual basis or as a member of an interdisciplinary team to determine nutritional needs of patients and to plan, implement and evaluate normal and therapeutic diets to maintain and enhance general health"
31121,"Analyze current scientific nutritional studies, conduct research and evaluate program effectiveness to improve the nutritional value, taste, appearance and preparation of food"
31121,"Work within industry in the development, testing and evaluation, and marketing of food and nutrition products or as a company representative supplying product related information to health professionals"
31121,"Confer with other health professionals, community groups, government and the media to provide consultation and advice in areas of nutrition interpretation, intervention and policy"
31121,Supervise training of dietetic interns.
31200,"Examine and assess behaviour, diagnose behavioural, emotional and cognitive disorders, counsel clients and provide therapy"
31200,Help clients manage physical illness and disorders
31200,"Counsel individuals and groups to achieve more effective personal, social and vocational development and adjustment, and offer mediation services"
31200,Use standard psychological tests for assessment
31200,Plan intervention programs and conduct program evaluation
31200,"Apply psychological theory and principles regarding behaviour and mental processes such as learning, language development, memory and perception to develop treatment programs"
31200,"Formulate hypotheses and experimental designs, review literature, conduct studies and publish research papers, educational texts and articles"
31200,"Deliver presentations at conferences, workshops or symposia"
31200,Provide consultation services to government and other organizations
31200,Conduct applied psychology and/or experimental research.
31201,Conduct patient interviews and take medical histories
31201,"Conduct an examination including postural assessment, range of motion tests, neurological and orthopedic examination, and palpation of joints and soft tissues"
31201,Prescribe and/or perform X-rays and other imaging and tests as required to diagnose patient's condition
31201,"Diagnose neuromuscular-skeletal disorders of the spinal column, pelvis, extremities and associated tissues"
31201,"Define and implement a treatment plan including spinal and joint adjustment or manipulations, soft tissue work and/or the use of complementary therapies such as electrotherapy, acupuncture, heat therapy and massage"
31201,Communicate and collaborate with other health care professionals
31201,"Advise patients on alternate treatment modalities such as corrective exercises, posture,  nutritional and lifestyle counselling, that have positive effects on the spine, joints, muscles and nervous system"
31201,Refer patients to other health care professionals when appropriate.
31202,Assess clients' physical abilities through evaluative procedures such as functional ability tests and make a physiotherapy diagnosis
31202,Establish treatment goals with patients based on  diagnoses
31202,"Develop and implement physiotherapy treatment plans including therapeutic exercise, manipulations, massage, education, electrotherapy, hydrotherapy and other modalities"
31202,Evaluate effectiveness of treatment plans and modify accordingly
31202,Provide advice on exercise and strategies to implement at home to enhance and or maintain treatment
31202,"Communicate with referring physician and other health care professionals regarding clients' problems, needs and progress"
31202,Maintain clinical and statistical records and confer with other health care professionals
31202,"Develop and implement health promotion programs for clients, staff and the community"
31202,May conduct research in physiotherapy
31202,Provide consulting or education services as required.
31203,"Analyse clients' capabilities and expectations related to life activities through observation, interviews and formal assessments"
31203,"Develop intervention programs to address clients' needs related to self-care, work and leisure activities"
31203,Maintain clients' records
31203,Establish personalized care plans working as a member of an interdisciplinary team
31203,Consult and advise on health promotion programs to prevent disabilities and to maximize independent function in all activities of life
31203,May supervise support personnel and students and provide training.
31204.01,"Assess patients and review reports from physicians, physiotherapists, psychiatrists, counsellors, teachers and other professionals to determine patients' capabilities and needs."
31204.01,"Prepare individualized and group treatment plans either independently or through a multidisciplinary team approach, based on health concerns and on recommendations from physicians or other health professionals"
31204.01,"Design and carry out specialized therapy sessions employing techniques such as art, athletic, dance, music or recreational therapy or remedial gymnastics to meet specific physical or psychological needs of patients"
31204.01,"Co-ordinate, initiate, design and implement specialized therapy programs for the general patient population and in the community"
31204.01,Advise patients on how to deal with their mental and physical abilities and help them integrate into the community
31204.01,"Observe, analyze and record, patients' participation, reactions, and progress during treatment sessions and consult with other health care professionals to evaluate and modify treatment plans as needed"
31204.01,May conduct research in therapeutic recreation.
31204.02,Assess clients to determine their current and potential functioning level and to aid in the development of individualized recovery or rehabilitation programs
31204.02,"Design specialized therapy programs to maintain, rehabilitate or enhance movement, musculoskeletal functioning and performance in sports, work and recreation"
31204.02,"Implement therapeutic programs by employing approaches and techniques such as exercise, sports or other movement therapy"
31204.02,Instruct clients on techniques to rehabilitate physical injuries or improve physical performance
31204.02,"Observe, record observations and analyze clients during treatment sessions, write progress reports and consult with other health professionals to evaluate and modify treatment plans as required"
31204.02,"May advise clients regarding health promotion and injury prevention, management and treatment"
31204.02,May conduct research in respective field of specialization.
31209.01,"Diagnose diseases, deformities and injuries of the human foot and communicate diagnoses to patients"
31209.01,"Treat patients using braces, casts, shields, orthotic devices, physical therapy, or prescribed medications"
31209.01,May also perform surgery on the bones of the forefoot and the subcutaneous soft tissues of the foot.
31209.02,"Diagnose diseases, deformities and injuries of the human foot"
31209.02,"Treat patients using braces, casts, shields, orthotic devices, physical therapy and subcutaneous soft-tissue foot surgery."
31209.03,Diagnose patients' diseases and disorders
31209.03,"Employ natural methods of healing such as acupuncture and acupressure, spinal manipulation, reflexology, hydrotherapy, herbal medicines, biochemical therapy, clinical nutrition, homeopathy and counselling in their treatment."
31209.04,"Diagnose disorders and injuries of the musculoskeletal, circulatory and nervous systems"
31209.04,"Treat patients with manipulative therapy, medications or surgery."
31300,"Supervise registered nurses, licensed practical nurses and other nursing personnel"
31300,Evaluate patients' needs and ensure that required nursing care is delivered
31300,Set up and coordinate nursing services in conjunction with other health services
31300,Ensure quality nursing care is provided and appropriate administrative procedures are followed
31300,Assist in the establishment of unit policies and procedures
31300,Administer nursing unit budget and ensure that supplies and equipment are available
31300,"Assist in the selection, evaluation and professional development of nursing personnel"
31300,Collaborate on research projects related to nursing and medical care and multidisciplinary services
31300,May provide direct patient care.
31301.01,Assess patients to identify appropriate nursing interventions
31301.01,"Collaborate with members of an interdisciplinary health team to plan, implement, coordinate and evaluate patient care in consultation with patients and their families"
31301.01,Administer medications and treatments as prescribed by a physician or according to established policies and protocols
31301.01,"Monitor, assess, address, document and report symptoms and changes in patients' conditions"
31301.01,Operate or monitor medical apparatus or equipment
31301.01,Assist in surgery and other medical procedures
31301.01,May supervise licensed practical nurses and other nursing staff
31301.01,May develop and implement discharge planning process on admission of patients
31301.01,May teach and counsel patients and their families on health-related issues in collaboration with other health care providers.
31301.02,Develop and implement employee health education programs and provide registered nursing care in private businesses and industry.
31301.03,"Provide health education and registered nursing care in public health units and through home visits, manage complex home care cases, participate in community needs assessment and program development, conduct disease screening and deliver immunization programs."
31301.04,"Provide nursing care, supportive counselling and life skills programming to patients in psychiatric hospitals, mental health clinics, long-term care facilities and community-based settings."
31301.05,"Engaged in research activities related to nursing, as self-employed or as employed by hospitals, public and private organizations and governments"
31301.05,"Provide consultative services to institutes, associations and health care organizations regarding issues and concerns relevant to the nursing profession and nursing practice."
31301.06,"Provide leadership, advice and counsel on the provision of research-based care for specific patient groups within the care of particular health care organizations."
31302,Examine patients and take their medical histories and consult with physicians and other medical practitioners to evaluate patients' physical and mental health
31302,"Order laboratory tests, X-rays and other diagnostic procedures"
31302,Inoculate and vaccinate patients
31302,"Advise patients and their families on health care including health promotion, disease, illness and accident prevention"
31302,"Collaborate with members of an interdisciplinary health team such as family physicians, therapists and nutritionists to plan, implement, coordinate and evaluate patient care in consultation with patients and their families"
31302,Perform a patient advocacy role
31302,Prescribe and administer medications
31302,May co-ordinate or manage primary patient care.
31303.01,"Conduct patient interviews, physical assessments and take medical histories"
31303.01,Perform or order diagnostic tests and interpret results
31303.01,"In consultation with a supervising physician, formulate and implement treatment plans and monitor patients' progress"
31303.01,Perform and assist in minor surgery
31303.01,Provide health maintenance education
31303.01,May participate in research activities
31303.01,May prescribe from a limited list of medications.
31303.02,"Provide primary, full-course, care to women and their babies during pregnancy, such as physical examinations, screening and diagnostic tests to monitor the health of mother and baby and make referrals to medical specialists as required"
31303.02,Manage labour and spontaneous normal deliveries
31303.02,"Care for, assess and monitor the health of newborns and refer infants to appropriate medical services as required"
31303.02,Provide advice and guidance regarding care for newborns and young infants.
31303.03,Provide information and support to families affected by or at risk of a genetic disorder
31303.03,"Gather and analyze family history and inheritance patterns, calculate risks of recurrence, and provide information about genetic testing and related procedures"
31303.03,"Develop, implement or coordinate action plans and refer individuals and families to other health professionals"
31303.03,Design and conduct genetics training programs for other healthcare professionals or the general public
31303.03,May conduct research in the field of medical genetics and genetic counselling.
31303.04,Work alongside ophthalmologists to diagnose and treat eye disorders by performing specialized eye tests to measure and assess defective binocular vision or abnormal eye movement in patients
31303.04,Prescribe treatment such as eye exercises or patching regimens.
31303.05,Prepare for autopsies by obtaining patients' medical records and arranging for radiographic examinations
31303.05,"Prepare, assist with or perform autopsies and surgical specimen examinations under pathologists' supervision"
31303.05,Assist with preparation of provisional autopsy report
31303.05,"Dissect, examine, weigh, photograph and X-ray organs and specimens, collect tissue samples for chemical analysis and record findings"
31303.05,Discard specimens according to established safety procedures
31303.05,"Clean and maintain instruments, equipment and supplies"
31303.05,Develop and maintain processes for laboratory quality control
31303.05,May prepare bodies for release to funeral homes following completion of autopsies
31303.05,May supervise and train junior resident pathologists and morgue attendants.
32100,"Obtain specifications for eyeglasses or contact lenses from a prescription prepared by an ophthalmologist or optometrist or by analyzing the client's eyeglasses or contact lenses and take necessary measurements including the curvature of the eyes, the accurate position of the pupils and bridge width, using optical measuring devices"
32100,"Advice clients on eyeglasses selection by informing them of different products such as lens materials, frames, tints and anti-reflection coating"
32100,Adjust contact lenses and inform client on use and care
32100,"Grind, polish, cut and edge lenses or have them made by a laboratory before inserting them into the frame"
32100,Adjust finished eyeglasses to fit client
32100,May supervise or manage the activities of other opticians or student opticians.
32101.01,"Provide nursing services, within defined scope of practice, to patients based on patient assessment and care planning procedures"
32101.01,"Perform nursing interventions such as taking vital signs, applying aseptic techniques including sterile dressing, ensuring infection control, monitoring nutritional intake and conducting specimen collection"
32101.01,Administer medication and observe and document therapeutic effects
32101.01,Provide pre-operative and post-operative personal and comfort care
32101.01,Monitor established respiratory therapy and  intravenous therapy
32101.01,"Monitor patients' progress, evaluate and document effectiveness of nursing interventions and collaborate with appropriate members of health care team"
32101.01,Provide safety and health education to individuals and their families.
32101.02,"Prepare patients for surgery by washing, shaving and sterilizing the patients' operative areas"
32101.02,"Assist in surgery by laying out instruments, setting up equipment, assisting surgical teams with gowns and gloves and passing instruments to surgeons"
32101.02,"Monitor patients' status during surgery, such as intake, output and loss of blood, and communicate and document any changes"
32101.02,Clean and sterilize the operating room and instruments.
32102,"Assess extent of injuries or medical illnesses of trauma victims, patients with respiratory disease and stress, overdose and poisoning victims, industrial accident victims and other ill or injured individuals to determine emergency medical treatment"
32102,"Administer pre-hospital emergency care to patients such as oxygen therapy, cardiopulmonary resuscitation (CPR), spinal immobilization, bandaging and splinting"
32102,"Establish and maintain intravenous treatment (IV), apply adjunctive equipment for ventilation and circulation complications, administer medications and provide other advanced emergency treatment to patients"
32102,"Transport patients by air, land or water to hospital or other medical facility for further medical care"
32102,"Collaborate with ambulance dispatch centres, hospital staff, police, firefighters and family members to ensure relevant information is collected and proper treatment is administered"
32102,Document and record nature of injuries and illnesses and treatment provided
32102,"Assist hospital personnel with provision of medical treatment, if necessary"
32102,Maintain emergency care equipment and supplies
32102,May train and supervise other workers in this unit group
32102,May assist with triage of emergency patients.
32103.01,"Perform diagnostic tests, such as arterial blood gas analysis and cardiopulmonary functions tests"
32103.01,"Operate and monitor respiratory equipment to administer treatments such as oxygen, oxygen-air mixtures, humidified air or specialty medical gases"
32103.01,"Operate, monitor, maintain and test a variety of diagnostic and therapeutic equipment"
32103.01,"Perform or assist with interventions such as airway maintenance, line insertions, inductions and intubations, and manage patients and associated equipment"
32103.01,Execute anesthesia assistance services
32103.01,Perform artificial respiration and external cardiac massage
32103.01,Evaluate and monitor patients’ cardiorespiratory conditions
32103.01,Provide and optimize patients’ mechanical ventilation
32103.01,Assist with transport of high-risk patients
32103.01,May prepare and administer authorized medications
32103.01,Supervise and train students and other respiratory therapists
32103.01,Participate in home care programs for chronic respiratory patients and provide patient and family education
32103.01,Participate in research related to cardiac and pulmonary disorders.
32103.02,"Assemble, maintain and operate extracorporeal circulation equipment, intra-aortic balloon pumps and other heart assist devices to support or temporarily replace patients' cardiopulmonary functions during open-heart surgery"
32103.02,"Administer blood products, drugs and other substances through heart-lung machines and other devices as directed by cardiac surgeons and anaesthetists to maintain adequate flow of oxygenated blood to all organs of the body"
32103.02,Monitor vital signs to support and maintain patients' physiological functions and metabolic needs during cardiopulmonary surgery
32103.02,"Participate in routine maintenance, calibration and inspection of all perfusion related equipment"
32103.02,Supervise and train student clinical perfusionists and other clinical perfusionists.
32103.03,"Perform diagnostic tests, such as pulmonary function and asthma stress, or assist physicians with cardiac and cardiopulmonary stress tests and bronchoscopies"
32103.03,Determine patients' blood characteristics such as activated clotting time and oxygen saturation
32103.03,"Operate, monitor, maintain, calibrate and test diagnostic and therapeutic equipment"
32103.03,Monitor patients and advise physician of any changes in patients' condition
32103.03,Prepare medications and administer inhaler and other treatments under supervision of cardiologist
32103.03,Provide information and care for patients during tests
32103.03,"Assist with the preparation of cardiac catheterization room, prepare specialized catheters and assist cardiologists during catheterization"
32103.03,"Perform analysis, programming and monitoring of implanted devices such as pacemakers and defibrillators during surgery"
32103.03,Supervise and train students and other cardiopulmonary technologists
32103.03,Provide technical support for research.
32104,Provide nursing care and rehabilitation therapy for animals
32104,"Handle, restrain and care for animals undergoing treatment and surgery"
32104,"Produce radiographs, collect and analyse samples and perform other laboratory tests to assist in diagnosis of animal health problems"
32104,"Assist veterinarian with animals before, during and following surgery by preparing surgical equipment, administering and monitoring anaesthetics and cleaning up after surgery"
32104,Prepare and administer medications and vaccines under direction of a veterinarian
32104,Administer treatments as prescribed by a veterinarian
32104,Provide wound and bandage care
32104,Conduct specialized procedures such as animal identification and hoof trimming
32104,Educate and advise clients on animal health care including nutrition and home care
32104,Assist in laboratory research
32104,Perform routine animal dental procedures and assist veterinarians with animal dentistry
32104,May perform a variety of office management and clerical duties.
32109.01,Examine adult clients to assess hearing loss using diagnostic evaluation and electro acoustic testing
32109.01,Recommend and dispense or sell appropriate type of hearing instrument
32109.01,Take earmold impressions for use in the manufacture of hearing devices
32109.01,"Fit, adjust and make minor modifications to hearing instruments"
32109.01,"Educate clients in appropriate use, care and maintenance of hearing instruments"
32109.01,Communicate with audiologist or other health care professionals regarding patients' condition
32109.01,Perform follow-up examinations and readjustments.
32109.02,Assist speech-language pathologists and audiologists during assessment of patients
32109.02,"Carry out treatment programs, document results and develop materials for use with patients, under the supervision of speech-language pathologists or audiologists"
32109.02,Document patient rehabilitation progress
32109.02,Check and maintain therapeutic equipment and materials.
32109.03,Take patients' general medical and ophthalmic history
32109.03,"Conduct specialized testing such as refractometry, ultrasonography, fluorescein angiography or ocular motility testing  to aid ophthalmologists in assessing patients' vision"
32109.03,"Instruct patient on diagnostic test and record, interpret and troubleshoot results"
32109.03,"Assist ophthalmologists in performing ophthalmic procedures, and surgeries"
32109.03,Prepare specimens for culture and staining
32109.03,Administer topical ophthalmic or oral medications as directed by ophthalmologists
32109.03,Maintain ophthalmic instruments or equipment
32109.03,May instruct and supervise other ophthalmic staff and perform various administrative duties
32109.03,May participate in research activities.
32109.04,Collect and analyse information from clients' file upon referral from the physiotherapist or physician
32109.04,"Develop, implement and monitor treatment plans of clients in collaboration with the physiotherapist or physician"
32109.04,"Use a variety of therapeutic modalities such as manual techniques (e.g. massage), exercises, electrotherapy, hydrotherapy and thermotherapy (ice or heat) to achieve treatment objectives"
32109.04,"Advise clients on postures, lifestyle and exercises to help them improve their physical condition."
32109.05,"Under the direction of physiotherapists and/or occupational therapists, carry out treatment programs such as thermotherapy, traction, hydrotherapy and electrotherapeutic techniques to rehabilitate patients with various injuries or disabilities to maximize their ability to independently manage daily activities."
32110,Measure patients' jaws to determine size and shape of dentures required
32110,"Make impressions of patients' teeth, gums and jaws"
32110,Design and construct dentures or direct other workers to construct dentures
32110,"Insert, fit and modify new dentures"
32110,Repair dentures
32110,"Reline, rebase and adjust dentures"
32110,"Fabricate mouth protectors, anti-snoring prostheses and removable prostheses on implants"
32110,May order radiographs
32110,May prepare partial dentures
32110,May perform denture whitening and cleaning.
32111.01,"Conduct patient screening and oral health assessments, including taking vital signs and documenting patient medical and health history"
32111.01,Take dental impressions
32111.01,Take and develop X-rays
32111.01,"Perform preventative dental procedures such as teeth cleaning, scaling, gum stimulation and fluoride and sealant applications"
32111.01,"Provide oral care instructions such as oral hygiene procedures, strategies to maintain and improve oral health and on the impact of nutrition on oral health"
32111.01,Consult with dentists on patient care
32111.01,May perform restorative and orthodontic procedures under the direction of a dentist
32111.01,May supervise dental assistants in their health care functions
32111.01,May participate in community- or school-based oral health initiatives such as oral screening.
32111.02,"Perform routine dental check-ups, oral cancer examinations and emergency dental examinations"
32111.02,Take dental impressions
32111.02,Take and develop X-rays
32111.02,"Perform preventative dental procedures such as teeth cleaning, gum stimulation and fluoride and sealant applications"
32111.02,"Provide oral care instructions such as oral hygiene procedures, strategies to maintain and improve oral health and on the impact of nutrition on oral health"
32111.02,Perform routine teeth restorations and uncomplicated extractions and provide post extraction oral care instructions
32111.02,Refer patients to other dental professionals for care beyond the scope of the dental therapist
32111.02,Provide oral health promotion activities
32111.02,May supervise dental assistants in their health care functions.
32112,"Design, fabricate, modify or repair dental devices including full or partial dentures, orthodontic appliances, crowns, bridges, inlays, onlays, clasps and bands, and implants"
32112,"Ensure proper handling and control of hazardous materials, and adhere to laboratory infection control procedures as required."
32112,May consult with dentists or other specialists on problematic dental cases
32112,May train and supervise other dental technicians and dental laboratory assistants in fabricating dentures and other dental devices
32112,"May conduct research in the science, techniques and practice of dental technology"
32112,May perform administrative functions for the dental laboratory.
32120,"Set up, operate and maintain laboratory equipment"
32120,"Conduct and interpret chemical analyses of blood, urine, and cerebrospinal and other body fluids"
32120,Study blood cells and other tissues to determine their relation to various physiological and pathological conditions
32120,Prepare tissue sections for microscopic examinations using techniques to demonstrate special cellular tissue elements or other characteristics
32120,"Perform and interpret blood group, type and compatibility tests for transfusion purposes"
32120,"Validate, document and report test results"
32120,Establish procedures for the analysis of specimens and for medical laboratory experiments
32120,Conduct quality control assessment of testing techniques
32120,"May supervise and train other medical laboratory technical staff, students and helpers"
32120,May assist pathologists during autopsies.
32121.01,"Operate X-ray, radiographic and fluoroscopic equipment, computerized tomography (CT) scanners and mammography units to produce radiographs or anatomic images of the human body for the diagnosis by radiologists of disease or injury"
32121.01,Record and process patient data
32121.01,Perform basic verification and quality control checks on radiographic and film processing equipment
32121.01,Provide appropriate care and monitoring of the patient during the radiographic examination
32121.01,"Explain procedures, position patient and equipment and apply radiation protection measures"
32121.01,May train and supervise student radiographers or supervise other radiological technologists.
32121.02,"Prepare and administer radiopharmaceuticals, such as radionuclides and other tracer materials to patients or to biological samples"
32121.02,"Operate radiation detection equipment, such as gamma cameras, scanners, scintillation counters, tomodensitometers and ionization chambers, to acquire data for use by nuclear medicine physicians in the diagnosis of disease"
32121.02,"Perform diagnostic procedures using radioactive materials on biological specimens, such as blood, urine and faeces"
32121.02,Record and process results of procedures
32121.02,Check equipment to ensure proper operation
32121.02,Provide appropriate care and monitoring of the patient during the examination
32121.02,Apply radiation protection measures
32121.02,May train and supervise student nuclear medicine technologists or supervise other nuclear medicine technologists.
32121.03,"Operate linear accelerators, cobalt 60, X-ray and other radiation therapy equipment to administer radiation treatment prescribed by radiation oncologists"
32121.03,Check radiation therapy equipment to ensure proper operation
32121.03,Assist radiation oncologists and clinical physicists with preparation of radiation treatment plan
32121.03,"Assist in the preparation of sealed radioactive materials such as cobalt, radium, cesium and isotopes and the construction of devices such as plaster casts and acrylic moulds to assist with administration of radiation treatment"
32121.03,Provide appropriate care and monitoring of the patient's physical and psychological well-being during the entire course of treatment
32121.03,Explain procedures and side effects of radiation
32121.03,May train and supervise student radiotherapy technologists or supervise other radiotherapy technologists.
32121.04,Operate magnetic resonance imaging (MRI) scanners to produce anatomic images of the human body for diagnosis by radiologists of disease or injury
32121.04,Record and process patient data
32121.04,Perform verification and quality control checks on magnet equipment
32121.04,Safety screen all patients for contra-indicators present that could harm the patient or would exclude the patient from having the examination
32121.04,Provide appropriate care and monitoring of the patient during the magnetic resonance imaging (MRI) examination
32121.04,"Administer and follow the necessary safety precautions for entry to the magnet room to protect themselves, the patient, their colleagues, other members of the health care team and any other individuals who may be present"
32121.04,May train and supervise student magnetic resonance technologists or supervise other magnetic resonance technologists.
32122,Operate ultrasound imaging equipment that transmits high frequency sound pulses through the body to produce images of those parts of the body requiring examination
32122,"Monitor examination by viewing images on video screen, to evaluate quality and consistency of diagnostic images, and make adjustments to equipment, as required"
32122,"Record, store and process scanned images by using camera unit connected to ultrasound equipment"
32122,Observe and care for patients throughout examinations to ensure patient safety and comfort
32122,"Prepare examination reports for physicians to aid in the monitoring of pregnancies and the diagnosis of cardiac, abdominal, ophthalmic, vascular and other disorders"
32122,Perform quality control checks on ultrasound equipment to ensure proper operation and perform minor repairs and adjustments as required
32122,May supervise and train students and other medical sonographers.
32123.01,Operate electrocardiogram and other electronic equipment to record cardiac activity of patients
32123.01,"Perform non-invasive cardiovascular procedures and tests, such as electrocardiograms, exercise tolerance tests, ambulatory monitoring and scanning of tapes, holter arrhythmia scanning, pacemaker analysis and follow-up"
32123.01,Record and assess cardiac activity and provide preliminary reports of tests
32123.01,Provide patients with care during procedures and tests
32123.01,Prepare reports for interpretation by cardiologists
32123.01,Reprogram pacemakers according to required standards
32123.01,"Check, calibrate and perform routine maintenance of cardiology equipment to ensure proper operation"
32123.01,May analyze tests and notify physician or other health care professionals of abnormalities
32123.01,May administer certain drugs under direct supervision of physician
32123.01,May document and record pacemaker implant threshold measurements under direct supervision of cardiac surgeon
32123.01,"May supervise and train students, other cardiology technologists and nurses."
32123.02,Review patient's case history and assess nature of problem to determine procedures and tests required
32123.02,Attach diagnostic equipment to patients and ensure their comfort and safety
32123.02,Operate diagnostic equipment such as electroencephalographic and evoked potential equipment to record the electrical activity of the brain and cranial and central nervous systems
32123.02,Operate electromyographic equipment to conduct electrophysiological nerve conduction velocity tests and to assist physicians in conducting electrophysiological tests such as muscle strength and repetitive stimulation
32123.02,Take notes on the recorded graph to identify interference such as poor electrode contact or patient movement
32123.02,Prepare recordings and reports of findings for physicians to aid in the diagnosis of neurological disorders
32123.02,"Check, calibrate and perform routine maintenance of diagnostic equipment"
32123.02,"Train and supervise students, technicians or other electroencephalograph technologists."
32124,Assist pharmacists to maintain inventories of medications and prescription records of pharmaceutical products
32124,Assess prescriptions for completeness and ensure information is accurate
32124,Gather and enter client information in databases and prepare medications for clients in collaboration with pharmacists
32124,"Compound pharmaceutical products such as intravenous injections, oral solutions, ointments and creams"
32124,Process payment of prescriptions and other pharmacy services including direct billing to third party insurers
32124,"Provide instructions on how to use health aids, and medical devices such as drug administration devices and monitoring devices"
32124,May help with scheduling and workflow.
32129.01,Assist dietitians or nutritionists to plan and supervise food service operations
32129.01,Plan menus and diet for individuals or groups under the direction of a dietitian or nutritionist
32129.01,Assist in the supervision of personnel who prepare and serve food
32129.01,Help patients select menu items
32129.01,"Assist dietitians with research in food, nutrition and food service systems."
32129.02,"Design, fabricate and fit ocular prostheses and conformers, and may design and fabricate implants"
32129.02,Paint the iris and pupil of artificial eyes
32129.02,Clean and restore ocular prostheses
32129.02,Advise patients concerning the loss of depth perception and the care and use of ocular prostheses
32129.02,Repair and maintain fabrication and laboratory equipment
32129.02,Consult with ophthalmologists concerning insertion of ocular prostheses.
32129.03,"Design, fabricate and fit prosthetic and orthotic appliances such as artificial limbs, braces or supports"
32129.03,Interpret physicians' specifications and examine and measure patients to develop working sketches of appliances
32129.03,Make and modify plaster casts of areas to receive prostheses or orthoses
32129.03,"Fit, adjust and repair appliances"
32129.03,Advise patients in the use and care of prostheses and orthoses
32129.03,Supervise and direct the activities of prosthetic and orthotic technicians.
32129.04,Prosthetic and orthotic technicians
32129.04,"Assemble or build prosthetic and orthotic appliances according to drawings, measurements and plaster casts using a variety of materials such as metals, plastics and leathers"
32129.04,"Repair, rebuild and modify prosthetic and orthotic appliances or orthopaedic footwear"
32129.04,May take the body or limb measurements of patients.
32200.01,"Diagnose within the framework of Traditional Chinese Medicine the diseases, physiological disorders and injuries of patients"
32200.01,"Explain procedures, risks and benefits of treatments to patients"
32200.01,"Prescribe and administer treatment such as acupuncture, electro-acupuncture, Transcutaneous Electrical Nerve Stimulation (TENS), scraping (Gua Sha), cupping therapy, moxibustion, acupressure, and auriculotherapy"
32200.01,"May prescribe and administer Chinese manipulative therapy (Tui Na), energy control therapy (Qi Gong) and laser therapy"
32200.01,"May suggest home care instructions and provide information about life therapies including energy control therapy (Qi Gong), Chinese shadow boxing (Tai Ji Quan) and Chinese food cure recipes (Shi Liao)"
32200.01,Maintain patient records
32200.01,Prescribe and administer treatment using raw or granule herbs and other medicines or dietary supplements
32200.01,"May collaborate with other health care professionals such as physiotherapists, chiropractors, physicians and psychologists when developing treatment plans for patients."
32200.02,"Diagnose symptoms, imbalances, physiological disorders and injuries of patients according to Chinese medicine traditions"
32200.02,Educate patients on risks and benefits of treatments
32200.02,"Develop and implement treatment plans including acupuncture, acupressure, moxibustion, cupping, scraping or electrical current"
32200.02,Evaluate and document patients' progress
32200.02,May provide dietary and lifestyle advice including information on life therapies such as energy control therapy (Qi Gong)
32200.02,May develop treatment plans in collaboration with other health care professionals.
32201,Assess clients by conducting range of motion and muscle tests and propose treatment plans
32201,"Explain procedures, risks and benefits to clients"
32201,"Administer massage techniques, treating soft tissues and joints of the body through soft tissue manipulation, relaxation techniques, hydrotherapy, trigger point therapy, joint pain and lower grade mobilizations, remedial exercise programs and client self-help programs"
32201,"Suggest home care instructions and provide information about techniques for further postural improvement and stretching, strengthening, relaxation and rehabilitative exercises"
32201,Maintain records of treatments given
32201,"May consult with other health care professionals such as physiotherapists, chiropractors, physicians and psychologists when developing treatment plans for clients."
32209.01,"Assess patients and advise them on the use of herbs for the treatment of conditions such as arthritis, rheumatism, asthma, skin disorders and stomach ailments"
32209.01,May cultivate herbs and manufacture and sell herbal compounds.
32209.02,"Assess, treat and manage musculoskeletal and other related disorders of the body's structure by moving, stretching, and massaging a patients' muscles and joints to correct biomechanical dysfunctions."
32209.03,"Assess illnesses and treat them by administering, in chemical or herbal form, a small dosage of a remedy made from natural substances or by suggesting lifestyle changes."
32209.04,"Assess clients’ physical, mental and emotional health"
32209.04,Provide advice and feedback to support clients’ wellbeing
32209.04,"Apply gentle pressure with thumb and fingers to stimulate specific reflex points or areas, usually on the clients' feet, hands, ears and/or face to relieve tension, improve circulation, and promote better health and well-being."
32209.05,Evaluate the overall health and wellness of clients and recommend nutritional and life style adjustments to address their health issues and to support health goals.
32209.06,"Assess and treat illness and injury through the use of holistic approaches such as herbal remedies, massage, as well as counselling in nutrition and exercise."
33100.01,Prepare patients for dental examination and assist the dentist during examinations and dental treatments
33100.01,Sterilize and maintain instruments and equipment
33100.01,"Prepare dental instruments,  fillings, compounds and various dental materials"
33100.01,Take and develop X-rays
33100.01,Polish teeth and clinical crowns and apply fluoride and sealant
33100.01,Take preliminary impressions for diagnostic casts
33100.01,Educate patients concerning oral hygiene
33100.01,"Perform clerical duties such as prepare invoices, process payments, schedule patient appointments, record dental procedures performed and order dental and office supplies"
33100.01,"May perform intra-oral duties such as remove sutures, take and record vital signs, apply desensitizing agents, topical anaesthetic, anticariogenic agents and coronal whitening, fabricate, place, and remove temporary crowns and restorations, and apply and remove rubber dams"
33100.01,May also perform pulp vitality testing as well as periodontal screening and recording.
33100.02,Prepare plaster models and moulds from dental impressions
33100.02,Prepare wax bite-blocks and impression trays
33100.02,Cast gold or metal alloys for bridges and denture bases
33100.02,Pack plastic material in moulds to form full or partial dentures
33100.02,Mould wax over denture set-up to form full contours of artificial gums
33100.02,"Make orthodontic bands from gold, silver, stainless steel or other metals"
33100.02,Finish metal framework of dentures and polish and buff dentures to obtain natural finish.
33101,"Collect, label, sort and prepare blood, tissue and other samples from patients"
33101,Log and validate patient samples and prepare them for testing
33101,Set up medical laboratory equipment
33101,Prepare chemical reagents to be combined with biological samples for testing
33101,Conduct routine laboratory tests and sample analyses
33101,Perform quality assurance of testing techniques and record results
33101,Clean and maintain medical laboratory and medical laboratory equipment.
33102,"Answer call signals; supply and empty bed pans; bathe, dress and groom patients; serve meal trays, feed or assist in feeding of patients and assist patients with menu selection; weigh, lift, turn, and position patients; shave patients prior to operations; supervise patients' exercise routines, set up and provide leisure activities for patients, accompany patients on outside recreational activities and perform other duties related to patient care and comfort"
33102,"Take patients' blood pressure, temperature and pulse; report or record fluid intake and output; observe or monitor patients' status and document patient care on charts; collect specimens such as urine, faeces or sputum; administer suppositories, colonic irrigations and enemas and perform other procedures as directed by nursing and hospital staff"
33102,"Administer, in emergency situations, first aid to injured or ill individuals within the scope of competencies"
33102,Transport patients by wheelchair or stretcher for treatment or surgery
33102,"Carry messages, reports, requisitions and specimens between departments"
33102,Make beds and maintain patients' rooms
33102,Maintain inventory of supplies
33102,"May perform maintenance tasks such as assisting with the set-up and maintenance of traction equipment, cleaning or sterilizing equipment, maintaining and repairing equipment, and assembling, setting-up and operating job-related equipment"
33102,May transport patients between care facilities.
33103,Assess prescriptions for completeness
33103,Enter clients’ information and prescription details in databases
33103,"Help pharmacists and other pharmacy staff with preparing, packaging and labelling of pharmaceutical products"
33103,Assist in maintaining inventories of medications and pharmaceutical products
33103,"Compound oral solutions, ointments and creams"
33103,May process medical billing information
33103,May price and stock items on shelves.
33109.01,"Under the supervision of audiologists, administer tests such as pure tone hearing screening, impedance tests and noise level measurements using equipment such as audiometers and sound level meters to determine hearing thresholds of patients"
33109.01,Instruct patients on test procedures and record results
33109.01,"Monitor, check and calibrate auditory equipment"
33109.01,May take earmold impressions and fit and adjust hearing instruments.
33109.02,"Assist orthopedic surgeons in the treatment of orthopedic diseases and injuries by applying and adjusting casts, splints, bandages and other orthopedic devices"
33109.02,"Assist in the application, maintenance and adjustment of traction equipment"
33109.02,Clean and dress wounds
33109.02,"Remove casts, sutures, staples and pins"
33109.02,Instruct patients and their families and other health care professionals with respect to orthopedic matters.
33109.03,Prepare and maintain equipment and supplies
33109.03,Assist in activities for the rehabilitation of patients as directed by health care professionals
33109.03,May perform routine office functions.
33109.04,Take patients' general medical and ophthalmic history
33109.04,Operate ophthalmic testing and measuring instruments to aid ophthalmologists in assessing patients' vision
33109.04,Instruct patient on diagnostic test and record results
33109.04,Assist ophthalmologists in minor office surgery
33109.04,"Administer eye drops, ointments and medications as directed by ophthalmologists"
33109.04,Clean and maintain ophthalmic instruments and equipment
33109.04,Perform various administrative duties
33109.05,"Operate laboratory equipment to grind, cut, polish and edge lenses for eyeglasses according to prescriptions received and fit lenses into frames"
33109.05,Make minor repairs for customers such as replacing frame screws or straightening frames
33109.05,Maintain and repair optical laboratory equipment or machinery.
33109.06,"Operate and maintain sterilization equipment such as instrument washers, sonic sinks, cart washers and steam autoclaves to clean and disinfect trays, carts, linens, supplies, instrumentation and equipment for re-use according to standardized safety practices"
33109.06,Reassemble equipment and assemble packs of sterile supplies and instruments for delivery to hospital departments.
33109.07,Set up and dismantle equipment
33109.07,Prepare and maintain cleanliness of collection areas
33109.07,Maintain supplies
33109.07,Monitor donors throughout procedure and assist with post-donation care and donor reaction care as assigned under the supervision of a registered nurse
33109.07,Record information on donors
33109.07,Label and process donated blood.
33109.08,Assist pathologists at autopsies by laying out surgical instruments
33109.08,Prepare solutions for preservation of specimens
33109.08,Transfer bodies from morgue to examining table
33109.08,"Remove organs and tissue specimens, as instructed by attending pathologist, and placing them in preservative solutions"
33109.08,Clean and sew up bodies for release to funeral home.
40010,Participate in the development of health or social policies by providing advice to senior  government managers
40010,Organize departmental unit and establish procedures to meet departmental objectives set by senior management
40010,"Direct and advise health or social policy researchers, consultants or program officers who conduct research, prepare documents or administer programs for individuals and communities in areas such as health and social services, employment and immigration, labour or housing"
40010,"Plan, administer and control budgets for research and administration, support services and equipment and supplies"
40010,"Organize and direct committees and working groups to plan, manage or evaluate health and social services projects and programs"
40010,"Interview, hire and provide training for staff."
40011,"Plan, organize, direct, control and evaluate the development of economic policy research projects and economic programs"
40011,Participate in the development of departmental policies by providing advice to senior government managers
40011,Organize departmental unit and establish procedures to meet departmental objectives set by senior management
40011,"Direct and advise economists and other professional staff who conduct economic research, prepare reports or administer programs in areas of government activity such as taxation, international trade, labour, transportation or agriculture"
40011,Direct and advise economic development officers or other staff administering programs to promote industrial and commercial business investment in urban or rural areas
40011,"Plan, administer and control research and administration budgets for projects, support services, equipment or supplies"
40011,Organize and direct committees evaluating departmental or agency projects or programs
40011,"Interview, hire and oversee training and professional development."
40012,Participate in the development of education policy by providing advice to senior government managers
40012,Organize departmental unit and establish procedures to meet departmental objectives set by senior management
40012,"Direct and advise policy researchers or program officers conducting research, preparing documents or administering educational programs for elementary and secondary school systems"
40012,"Plan, administer and control budgets for projects, programs, support services, equipment and supplies"
40012,"Organize and direct committees and working groups to plan, manage or evaluate education projects and programs"
40012,"Interview, hire and provide training for staff."
40019,Participate in the development of policies and programs by providing advice to senior government managers of legislatures or departments or agencies involved in activities unique to government
40019,Organize government unit or agency and establish procedures to meet objectives set by senior management
40019,"Direct and advise professional and non-professional staff conducting research, preparing documents or providing administrative support"
40019,"Plan, administer and control research and administration budgets for projects, programs, equipment and supplies"
40019,"Organize and direct committees and working groups to plan, manage or evaluate projects and programs"
40019,"Interview, hire and provide training for staff."
40020.01,"Plan, organize, direct, control and evaluate academic and related activities of a college or university faculty"
40020.01,Recommend and approve faculty appointments
40020.01,Recommend curriculum revisions and additions and approve scheduling of courses
40020.01,"Direct, through subordinate staff, activities such as research and curriculum development"
40020.01,"Plan, administer and control budgets for projects, programs, support services and equipment"
40020.01,Advise president or rector of university or college
40020.01,Participate in activities of various faculty and college committees.
40020.02,"Plan, organize, direct, control and evaluate the registration activities and academic records system of a college or university"
40020.02,Review registration statistics and consult with faculty officials to develop registration policies
40020.02,"Direct activities of staff and others engaged in compiling information on courses, schedules and requirements for admission and graduation."
40020.03,"Plan, organize, direct, control and evaluate the activities of a private college or institute specializing in trades, technology or business"
40020.03,Develop curriculum for training programs
40020.03,Consult with government regulatory and licensing agencies to ensure conformance to provincial standards
40020.03,"Plan, administer and control budgets for projects, programs, support services and equipment"
40020.03,May recruit and hire teachers and other staff
40020.03,May teach.
40021.01,"Plan, organize, direct, control and evaluate, through department heads or supervisors, the activities of teachers and support staff"
40021.01,Review programs to ensure conformance to school board or provincial standards and develop programs within limits of authority
40021.01,"Co-ordinate teaching activities of the institution by making personnel assignments, determining class size and preparing timetables"
40021.01,Organize and maintain procedures for the keeping of records
40021.01,Prepare and administer institution or program budget
40021.01,Direct and co-ordinate school maintenance services and the use of school facilities
40021.01,May recruit and hire teachers and other staff
40021.01,May teach.
40021.02,"Plan, organize, direct, control and evaluate, through school principals, the academic affairs of a school district"
40021.02,"Evaluate curriculum, teaching methods and community participation in programs for a school district and revise programs as required"
40021.02,Develop and administer programs for the education and training of students and adults
40021.02,Make recommendations concerning the annual operating budget of a school district
40021.02,"Direct or supervise the recruitment, appointment, training, evaluation and promotion of teaching personnel."
40030,"Plan, organize, direct, control and evaluate the delivery of social and community service programs such as income maintenance, children's aid and emergency housing services"
40030,"Manage the operations and activities of social and community centres, correctional facilities and detention centres"
40030,"Administer the programs of non-governmental organizations involved with social issues such as health care, human rights, consumer protection, international development and environmental protection"
40030,"Administer programs of membership organizations such as political parties, labour organizations, business and professional associations"
40030,Establish administrative procedures to meet objectives set by board of directors or senior management
40030,Direct and advise professional and non-professional staff delivering services and programs to the general public and to the organization or association membership
40030,"Plan, administer and control budgets for programs, equipment and support services"
40030,Represent their respective organizations for the purpose of government liaison and media relations
40030,Participate in policy development by preparing reports and briefs for management committees and working groups
40030,Hire and provide training for professional and non-professional staff.
40040,"Plan, organize, direct, control and evaluate the activities of a police force or division of a police force"
40040,Develop and implement police force policies and procedures
40040,Oversee police investigations and ensure that procedures are conducted in accordance with laws and regulations
40040,"Assess performance of subordinates and authorize promotions, transfers and disciplinary actions"
40040,Co-ordinate and monitor budget and departmental resources.
40041,"Develop, implement and evaluate policies and procedures for the operation of a municipal fire department, a district fire region or an industrial firefighting service"
40041,"Plan, direct and co-ordinate firefighting strategies for fire departments"
40041,"Evaluate the type of fire, the extent of damage to buildings and the danger to nearby establishments"
40041,Direct activities at the scene of a fire
40041,Determine damage estimates and investigate the potential causes of a fire after extinguished
40041,Develop and oversee the implementation of security and fire prevention campaigns
40041,"Represent the fire department in communications with government, the media and the public"
40041,Direct the training of personnel in firefighting methods
40041,Co-ordinate and monitor budget and departmental resources.
40042,"Allocate material, human and financial resources to implement military policies and programs, establish administrative controls, and approve overall personnel planning"
40042,"Plan, organize and command the activities of the Canadian Armed Forces combat units and military strategic units in the Army, Royal Canadian Air Force, and Royal Canadian Navy at home and when deployed overseas during operations in conflict territory"
40042,"Plan, organize and command units engaged in non-military disaster relief,  humanitarian and peacekeeping operations at the national and international level"
40042,"Set objectives of the organization in accordance with legislation and government policy, formulate or approve and evaluate programs and procedures, alone or in collaboration with senior government committees"
40042,Coordinate the work of various military strategic units employing appropriate levels of military force for specific tasks
40042,Develop and implement military procedures and policies that are geared to the capabilities and performance of each unit.
41100,"Preside over courts of law, interpret and enforce rules of procedure and make rulings regarding the admissibility of evidence"
41100,Instruct the jury on laws that are applicable to the case
41100,Weigh and consider evidence in non-jury trials and decide legal guilt or innocence or degree of liability of the accused or defendant
41100,Pass sentence on persons convicted in criminal cases and determine damages or other appropriate remedy in civil cases
41100,Grant divorces and divide assets between spouses
41100,Determine custody of children between contesting parents and other guardians
41100,Enforce court orders for access or support
41100,Supervise other judges and court officers.
41101,Advise clients of their legal rights and all matters related to law
41101,Research legal precedents and gather evidence
41101,"Plead clients' cases before courts of law, tribunals and boards (lawyers only)"
41101,"Draw up legal documents such as real estate transactions, wills, divorces and contracts, and prepare statements of legal opinions"
41101,Negotiate settlements of civil disputes (lawyers only)
41101,Perform administrative and management functions related to the practice of law
41101,"May act as mediator, conciliator or arbitrator"
41101,"May act as executor, trustee or guardian in estate and family law matters."
41200,Teach one or more university subjects to undergraduate and graduate students
41200,Prepare and deliver lectures to students and conduct laboratory sessions or discussion groups
41200,"Prepare, administer and grade examinations, laboratory assignments and reports"
41200,Advise students on course and academic matters and career decisions
41200,Direct research programs of graduate students and advise on research matters
41200,Conduct research in field of specialization and publish findings in scholarly journals or books
41200,"May serve on faculty committees dealing with such matters as curriculum planning and degree requirements, and perform a variety of administrative duties"
41200,May represent their universities as speakers and guest lecturers
41200,"May provide professional consultative services to government, industry and private individuals."
41201.01,"Organize reference materials, visual aids and other materials as required by university professors or college teachers for lectures"
41201.01,"Conduct seminars, discussion groups and laboratory sessions to supplement lectures"
41201.01,Assist in the preparation and administration of examinations
41201.01,"Grade examinations, term papers and laboratory reports."
41201.02,"Conduct literature reviews, surveys, laboratory experiments and other research for use in scholarly publications"
41201.02,Compile research results and assist professors in the analysis of results and the preparation of journal articles or papers.
41210,"Teach students using a systematic plan of lectures, demonstrations, discussion groups, laboratory work, shop sessions, seminars, case studies, field assignments and independent or group projects"
41210,Develop curriculum and prepare teaching materials and outlines for courses
41210,"Prepare, administer and mark tests and papers to evaluate students' progress"
41210,Advise students on program curricula and career decisions
41210,Provide individualized tutorial or remedial instruction to students who require it
41210,"Supervise independent or group projects, field placements, laboratory work or hands-on training"
41210,Supervise teaching assistants
41210,"May provide consultation services to government, business and other organizations"
41210,"May serve on committees concerned with matters such as budgets, curriculum revision, and course and diploma requirements."
41220,Prepare subject material for presentation to students according to an approved curriculum
41220,"Teach students using a systematic plan of lectures, discussions, audio-visual presentations, and laboratory, shop and field studies"
41220,Assign and correct homework
41220,"Prepare, administer and correct tests"
41220,"Evaluate progress, determine individual needs of students and discuss results with parents and school officials"
41220,Prepare and implement remedial programs for students requiring extra help
41220,"Participate in staff meetings, educational conferences and teacher training workshops"
41220,May teach and evaluate students through distance or online courses
41220,May advise students on course selection and on vocational and personal matters
41220,May supervise student teachers.
41221,Prepare courses for presentation to students according to approved curriculum
41221,"Teach students using a systematic plan of lessons, discussions, audio-visual presentations and field trips"
41221,"Lead students in activities to promote their physical, mental and social development and their school readiness"
41221,Assign and correct homework
41221,"Prepare, administer and correct tests"
41221,"Evaluate the progress of students and discuss results with students, parents and school officials"
41221,Identify children's individual learning needs
41221,Prepare and implement remedial programs for students requiring extra help
41221,"Participate in staff meetings, educational conferences and teacher training workshops"
41221,May supervise teachers' aides and student teachers.
41300,"Interview clients individually, in families, or in groups, to assess their situation and problems and determine the types of services required"
41300,Provide counsel and therapy to assist clients in developing skills to deal with and resolve their social and personal problems
41300,"Plan programs of assistance for clients including referral to agencies that provide financial assistance, legal aid, housing, medical treatment and other services"
41300,Investigate cases of child abuse or neglect and take authorized protective action when necessary
41300,Serve as members on interdisciplinary teams of professionals working with client groups
41300,"Act as advocates for client groups in the community, lobby for solutions to problems directly affecting client groups and develop prevention and intervention programs to meet community needs"
41300,"Develop or advise on social policy legislation, conduct social research and assist in community development"
41300,Provide mediation services and psychosocial assessments
41300,Evaluate the effectiveness of counselling and social programs
41300,"May provide public education and consultation to professionals or groups regarding counselling services, issues and methods"
41300,May supervise other social workers.
41301,"Interview clients, prepare case histories and assess problems"
41301,Develop and implement counselling and intervention programs to assist clients in determining goals and means of attaining them
41301,"Counsel clients, provide therapy and mediation services, and facilitate group sessions"
41301,"Liaise with community agencies or partners,  and identify additional or alternative services and provide referrals"
41301,"Evaluate the effectiveness of counselling programs and interventions, and clients' progress in resolving identified problems and movement toward defined objectives"
41301,Follow up on results of counselling programs and clients' adjustments
41301,"Prepare assessment, progress, follow-up and court reports"
41301,"May supervise other counsellors, social service staff and assistants"
41301,"May provide public education and consultation to other professionals or groups regarding counselling services, issues and methods"
41301,May provide witness testimony in court proceedings
41301,"May conduct research, publish research papers, educational texts and articles and deliver presentations at conferences"
41301,May collaborate with employee assistance programs or with government organizations in health and safety or with victims of crime
41301,May participate in fundraising activities.
41302,Conduct regular religious services
41302,Administer rites of faiths such as marriages and funerals
41302,Pray and promote spirituality by delivering sermons and other talks
41302,Provide spiritual and moral guidance to members of a religious faith
41302,"Supervise, plan and administer programs of religious education"
41302,May participate in humanitarian endeavours and delivery of social services and welfare activities
41302,May share in the administrative and financial operation of a religious community
41302,May provide consultation services to government and other organizations.
41310.01,"Interviews persons in connection with criminal incidents, including victims, witnesses and suspects"
41310.01,Exchange information and coordinate activities with other law enforcements agencies
41310.01,Prepare investigation reports and testify in courts concerning criminal investigations
41310.01,"Search and collect physical evidence from crimes scenes, such as fingerprints, and attend autopsies"
41310.01,Perform surveillance by using investigative technologies
41310.01,"Obtain search warrants, conduct searches and arrest suspects"
41310.01,May conduct investigation on online networks and computer systems to detect cyber crimes or to recover data.
41310.01,May supervise and coordinate the work of police officers.
41310.02,"Conduct death investigations to determine the identity of the deceased, date and location of death, medical cause of death, and manner of death"
41310.02,Order or perform autopsies and other medical tests
41310.02,"Consult with and request assistance from law enforcement, physicians, and family"
41310.02,"Issue death certificates, including assigning cause and manner of death"
41310.02,Identify and educate the public on dangerous practices or conditions that may lead to death
41310.02,May testify or produce evidence in proceedings about observations made during investigations
41310.02,May supervisor and coordinator work of other employees.
41311,Interview inmates to assess adjustment problems and develop suitable rehabilitation programs
41311,"Prepare reports for the recommendation of security level, penitentiary placement, type of incarceration and types of interventions considered most beneficial for the rehabilitation of the inmates"
41311,"Interview offenders, police, family, friends, school authorities and employers to prepare pre-sentence reports and assess offenders' prospects for successful reintegration into the community"
41311,"Plan rehabilitation programs with inmates, establishing rules of conduct, goals and objectives"
41311,"Refer inmates and offenders to community and social service programs, as required"
41311,Supervise the terms of a probation order and attend court
41311,Interview probationers and parolees regularly to evaluate their progress in accomplishing goals and maintaining the terms specified in their probation contracts and rehabilitation plans
41311,Recommend remedial action or initiate court action when terms of probation or parole are violated
41311,Attend court proceedings to provide expert testimony on an inmate’s case as well as detention and dangerous offenders status court rulings
41311,May perform administrative duties and supervise support staff
41311,May participate in policy development.
41320,"Counsel students regarding educational issues such as course and program selection, time tables and scheduling, school adjustment, attendance problems and study skills"
41320,"Counsel students regarding career or vocational issues including career exploration and planning, résumé preparation, job interview skills and job search strategies and make available to them a wide range of educational and occupational information"
41320,"Coordinate co-op and school-to-work transition programs, and the provision of counselling and information services, such as career information, professional development sessions and exchanges with other educational institutions, to students, parents, teachers, faculty and staff"
41320,"Consult with teachers and parents or faculty and other professionals such as psychologists, speech therapists and social workers regarding various issues and concerns, and with administrators and community agencies regarding programs and referrals"
41320,"Administer and interpret standardized intelligence, personality, vocational, aptitude and interest tests"
41320,"Develop and coordinate study skills groups or workshops in high schools, colleges and universities on topics such as note-taking, test or examination anxiety and preparation strategies and time management skills"
41320,"Visit colleges and secondary schools to provide academic information to prospective students, their parents and educational counsellors"
41320,Coordinate or participate in student orientation programs in colleges or universities
41320,"Arrange for employers to recruit graduating college and university students, and students for co-op education work terms"
41320,"Counsel students regarding personal and social issues such as substance abuse, depression, sexuality, eating disorders, anxiety, self-esteem, family problems, relationship and interpersonal skills and anger management"
41320,"Counsel students in crisis situations such as dealing with the death of a friend or family member, suicidal tendencies and abuse situations"
41320,May supervise peer counselling programs in school settings
41320,May supervise field experience for graduate students in counselling
41320,May teach regular classes.
41321,"Interview clients to obtain employment history, educational background and career goals"
41321,"Identify barriers to employment and assist clients with such matters as job readiness skills, job search strategies, writing résumés and preparing for job interviews"
41321,"Assess need for assistance such as rehabilitation, financial aid or further training and refer clients to the appropriate services"
41321,"Provide established workers with information and strategies for maintaining a job or moving within an organization, dealing with job dissatisfaction, making mid-career changes and adjusting to workplace transitions"
41321,"Collect labour market information for clients regarding job openings, entry and skill requirements and other occupational information"
41321,Advise employers on human resource and other employment-related issues
41321,"Provide consulting services to community groups and agencies, businesses, industry and other organizations involved in providing community-based career planning support or resources"
41321,"May administer and interpret tests designed to determine the interests, aptitudes and abilities of clients"
41321,May provide advocacy and adjudication services related to employment legislation or contractual agreements
41321,"May arrange for, or conduct physical, mental, academic, vocational, and other evaluations to obtain information for assessing clients' needs and to developing employment and rehabilitation plans."
41400.01,"Conduct research and advise on, and intervene in the physical, social and psychological interrelationships between persons, their equipment and working or living environments to ensure that the design, configuration and use of equipment, procedures and environmental conditions maximize safety, productivity and comfort."
41400.02,"Study, evaluate and control physical, chemical and biological hazards and stresses in the workplace"
41400.02,Report and document investigations and conclusions
41400.02,Suggest changes to work environments and processes
41400.02,Provide information to workers and managers or employers on methods to reduce the risk of injury or illness from specific occupational hazards
41400.02,"May teach safe work procedures, participate in emergency response planning, testify at hearings and report findings at scientific conferences or in scientific journals."
41400.03,Advise clients on elements of patent law and on the patentability of inventions
41400.03,Conduct patent searches
41400.03,Prepare patent applications
41400.03,Represent clients before the patent office.
41400.04,"Conduct research and advise on policies or develop or administer programs related to transportation, emergency preparedness, communications, natural resources, agriculture, the environment, traditional and alternative energy technologies, land use, recycling and other scientific fields"
41400.04,"Promote public awareness and education on issues such as utilization of natural resources, the environment, and reprocessing and reduction of waste."
41400.05,"Transfer and integrate new technologies, usually from university or government research and development environments, to commercial and industrial applications and ensure the protection of intellectual property of researchers and developers."
41401,"Conduct research and develop models to analyze, explain and forecast economic behaviour and patterns, and devise methods for collection and analysis of data"
41401,Forecast production and consumption of specific products and services based on records of past production and consumption and general economic and industry-specific conditions
41401,"Prepare forecasts of income and expenditure, interest rates and exchange rates"
41401,Analyze factors which determine economic growth and advise government agencies on policies to increase economic activities
41401,"Analyze factors which determine labour force participation, employment, wages, unemployment and other labour market outcomes"
41401,Study mathematical formulae and statistical techniques and apply them to the testing and quantifying of economic theories and the solution of economic problems
41401,"Study the nature of money, credit and the operation of banks and other financial institutions to develop monetary policies and forecasts of financial activity"
41401,"Monitor economic data to assess the effectiveness, and advise on the appropriateness, of monetary and fiscal policies"
41401,Examine problems related to the economic activity of individual companies
41401,"Examine financial methods, production costs and techniques and marketing policies to recommend possible improvements"
41401,Examine statistical data on the exchange of goods and services among nations
41401,"Forecast production and consumption of renewable resources and supply, consumption and depletion of non-renewable resources"
41401,"Conduct research on market conditions in local, regional or national area to set sales and pricing levels for goods and services, to assess market potential and future trends and to develop business strategies"
41401,Monitor regional and local economic trends
41401,Study regulatory processes and provide material in support of legal proceedings with government and other parties.
41402,Develop policies and administer programs to promote industrial and commercial business investment in urban and rural areas
41402,Design market research questionnaires
41402,"Conduct social or economic surveys on local, regional or national areas to assess development potential and future trends"
41402,"Plan development projects and coordinate activities with representatives of a wide variety of industrial and commercial enterprises, community and business associations and government agencies"
41402,Assess business opportunities and develop strategies to attract venture capital
41402,Respond to enquiries from members of the business community and general public concerning development opportunities
41402,Review and evaluate commercial or industrial development proposals and provide advice on procedures and requirements for government approval
41402,Conduct surveys and analyze data on the buying habits and preferences of wholesale or retail consumers
41402,Evaluate customer service and store environments
41402,"Conduct research on consumers, competitors and the market place to identify trends to optimize marketing strategies for industrial and commercial products"
41402,Analyze promotional and marketing campaigns to identify improvements
41402,Develop social and economic profiles of urban and rural areas to encourage industrial and commercial investment and development.
41402,"Prepare reports, research papers, educational texts or articles"
41402,Develop and apply E-commerce strategies
41402,Provide consultation on planning and starting of new businesses.
41403.01,"Develop social programs and policies, social legislation, or proposals based on demographic, social and economic research, analysis and the evaluation of pilot projects."
41403.02,"Advise and assist consumers on the selection and proper use of food products, textiles and other consumer goods and teach household management skills. They may also provide consultative services in the areas of development and promotion of new food products, retail buying, social program administration and small business endeavours."
41403.03,"Identify and assess economic, demographic, and social developments and report on their implications for housing policy."
41403.04,"Conduct research, advise clients and prepare immigration, citizenship and visas applications. They may also represent clients at tribunals and before administrative bodies."
41403.05,"Plan, organize and administer foreign aid and international development policies and programs."
41403.06,"Develop questionnaires, coordinate and conduct surveys, analyse data, and compile and interpret statistics on social issues and policy areas."
41403.07,"Conduct research, develop social programs, assess, coordinate and develop awareness of existing social services, and ensure that duplication of services is avoided. They may also work with land use planners to determine the impact of major land use plans for transportation, housing and recreational facilities projects."
41404,"Assist in developing government health policy by reviewing relevant literature, conducting interviews, collecting and analysing statistical data, and providing advice to senior managers and officials on issues such as health promotion, regulation, standards and financing"
41404,Design and implement health projects or programs
41404,"Maintain, update and manage health information databases"
41404,Compile and analyse statistical information provided by private and public health care institutions and organizations and produce reports
41404,Monitor and evaluate health care programs operated by government departments and agencies or private organizations
41404,Assess compliance with health standards and identify remedial action if necessary
41404,Conduct evaluations and assessments of health projects and programs
41404,Provide consulting services to clients in private establishments or government departments or agencies
41404,Respond to internal and external program and policy information requests
41404,"Produce newsletters, magazines and other documents to provide information to association or organization members or the general public"
41404,"Present the views of an association or organization to politicians, government officials, the media or the general public."
41405,"Conduct research, produce reports and administer education policies and programs"
41405,Evaluate curriculum programs and recommend improvements
41405,"Develop the structure, content and objectives of new programs"
41405,Conduct statistical analyses to determine cost and effectiveness of education policies and programs
41405,"Provide ongoing professional development, training and consultative services to teachers and other professionals throughout the public and private sector"
41405,Develop teaching materials and other resources for program delivery
41405,"Deliver presentations at conferences, workshops and symposia"
41405,"May supervise the work of other education policy researchers, consultants or program officers"
41405,May administer specialized testing and assessment programs.
41406.01,"Provide expert advice and consulting services to communities, corporations, institutions, sports associations, community groups, corporations, schools and other organizations in the design, development and administration of sports programs and activities"
41406.01,"They may write proposals and public relations statements for corporations, industry and the fitness community."
41406.02,"Conduct research and develop government policies related to recreation, sports, fitness and athletic safety and standards."
41406.03,"Develop, plan and coordinate sports, fitness and recreation programs, and special sporting events."
41407,"Advise politicians or diplomats on the social, economic and political effects of government decisions on other governments in Canada or abroad"
41407,"Explain Canadian foreign and domestic policies to governments and nationals of foreign countries, and act on behalf of Canada abroad"
41407,"Collect, monitor and analyze international pressures, issues and communications and brief on intelligence and security matters"
41407,"Plan intergovernmental meetings and conferences with officers of other municipal, provincial or federal governments"
41407,Coordinate the logistics and administration of elections within constituencies and ensure that electoral and voting procedures are followed
41407,"Coordinate administrative support services for legislative committees, royal commissions or tribunals"
41407,Participate as a member of a board or tribunal
41407,Plan logistics and oversee diplomatic protocol of official visits to Canada by foreign politicians and dignitaries.
41409.01,"Conduct studies of the origin, development and functioning of human societies and cultures and of human evolution, changing physical characteristics and geographical distribution."
41409.02,"Study artifacts (objects and structures) to reconstruct past economic, social, political and intellectual life."
41409.03,"Study and analyse the spatial distribution and interrelationship of physical, biological, cultural and social patterns."
41409.04,Conduct research into one or more phases or aspects of past human activity and interpret and document findings.
41409.05,"Study the origin, structure and development of languages and apply linguistic theory to problems in teaching, translation and communications."
41409.06,"Conduct research into the theory, origin, development, interrelationships and functioning of political institutions, political movements and individual political behaviour."
41409.07,"Develop psychological tests, scales and measures, and may administer or apply and interpret such tests, scales and measures. Psychometrists administer and score psychological tests, usually under the supervision of a registered psychologist."
41409.08,"Study the development, structure, social patterns and interrelationships of human society."
41409.09,"Specialize in particular areas of social sciences and humanities disciplines. These include gerontologists (specialists in the phenomena and problems of aging), graphoanalysts (specialists in handwriting analysis) and others."
42100,"Respond to emergency calls and complaints, execute search warrants and arrest criminal suspects"
42100,"Patrol assigned areas on foot, horseback, bicycle and motorized vehicles to maintain public safety and order and to enforce laws and regulations"
42100,Prepare reports to record incidents and patrol activities and to provide testimony in courts of law
42100,"Provide emergency assistance to victims of accidents, crimes and natural disasters"
42100,Monitor traffic to ensure motorists observe traffic regulations and test persons suspected of driving under the influence of alcohol and drugs
42100,Control crowds at public events and protests and monitor suspicious and violent behaviour
42100,"Participate in crime prevention, public information, safety and community relations programs"
42100,"Perform daily administrative tasks in support of law enforcement activities, such as maintaining equipment and information files"
42100,May assist police investigators in criminal investigations
42101,"Respond to fire alarms and other calls for assistance, such as automobile and industrial accidents, bomb threats and other emergencies"
42101,Rescue victims from burning buildings and accident sites
42101,"Control and extinguish fires using manual and power equipment, such as axes, water hoses, aerial ladders and hydraulic equipment and various firefighting chemicals"
42101,Administer first aid and other assistance
42101,Ensure proper operation and maintenance of firefighting equipment
42101,Prepare written reports on fire incidents
42101,Inform and educate the public on fire prevention
42101,Train to maintain high level of physical fitness
42101,"Assist the public, the police and emergency organizations during times of major disasters"
42101,May participate as members of a trauma or emergency response team and provide paramedical aid to accident victims or ill persons
42101,May supervise and coordinate the work of other firefighters
42101,May conduct building inspections to ensure compliance with fire code.
42102,"Certify ammunition, explosive items, munitions and non-munitions scrap to different degrees of classification"
42102,"Inspect, test, identify faults, adjust, repair, recondition and modify electrical, electromechanical, electronic, electro-optic and mechanical equipment, optical instruments, and control systems for weapons and missiles"
42102,"Maintain and repair machine-guns and non-guided anti-tank weapons, grenade projectors, mortars and launcher systems"
42102,"Test, inspect and repair air weapons systems"
42102,"Compile test logs, evaluation reports, equipment maintenance documentation and read and interpret electronic drawings"
42200.01,"Assist lawyers by interviewing clients, witnesses and other related parties, assembling documentary evidence, preparing trial briefs, and arranging for trials"
42200.01,Assist lawyers in preparation for mediation and judicial dispute resolutions
42200.01,"Under the supervision of a lawyer, prepare wills, real estate transactions and other legal documents, court reports and affidavits"
42200.01,"Research records, court files and other legal documents"
42200.01,Draft legal correspondence and perform general office and clerical duties.
42200.02,"Represent clients in small claims court and in other lower court proceedings, at tribunals and before administrative bodies"
42200.02,"Advise clients and take legal action on landlord and tenant matters, traffic violations, name changes and other issues within their jurisdictions."
42200.03,Administer oaths and take affidavits and depositions
42200.03,Witness and certify the validity of signatures on documents
42200.03,"May draft contracts, prepare promissory notes and draw up wills, mortgages and other legal documents"
42200.03,May arrange probates and administer the estates of deceased persons.
42200.04,Advise clients on intellectual property matters and represent clients before the Registrar of Trade-Marks on matters including prosecution of applications for registration of trademarks
42200.04,"Advise on the registrability of trademarks, trademark licensing requirements, transfer of intellectual property and protection of existing trademark rights"
42200.04,Represent clients at proceedings before the Trade Marks Opposition Board and in related proceedings
42200.04,May represent clients internationally in consultation with foreign associates and attorneys.
42200.05,"Issue subpoenas, summonses and warrants, including search warrants"
42200.05,"Receive affidavits, declarations and affirmations"
42200.05,Administer oaths
42200.05,Conduct bail hearings
42200.05,Release defendants on judges' orders and explain rights and obligations
42200.05,"Hear evidence at trials on summary conviction offences and may preside over trials of criminal offences at the discretion of the chief judge of the jurisdiction or as provided for in federal, provincial or territorial statutes"
42200.05,Perform civil marriages
42200.05,"Register wills, probate, bankruptcy, etc."
42201,"Review client background information, interview clients to obtain case history and prepare intake reports"
42201,Assess clients' relevant skill strengths and needs
42201,Assist clients to sort out options and develop plans of action while providing necessary support and assistance
42201,Assess and investigate eligibility for social benefits
42201,"Refer clients to other social services or assist clients in locating and utilizing community resources including legal, medical and financial assistance, housing, employment, transportation, day care and other services"
42201,"Counsel clients living in group homes and halfway houses, supervise their activities and assist in pre-release and release planning"
42201,Participate in the selection and admission of clients to appropriate programs
42201,"Implement life skills workshops, substance abuse treatment programs, behaviour management programs, youth services programs and other community and social service programs under the supervision of social services or health care professionals"
42201,"Meet with clients to assess their progress, give support and discuss any difficulties or problems"
42201,Assist in evaluating the effectiveness of treatment programs by tracking clients' behavioural changes and responses to interventions
42201,Advise and aid recipients of social assistance and pensions
42201,Provide crisis intervention and emergency shelter services
42201,Implement and organize the delivery of specific services within the community
42201,Maintain contact with other social service agencies and health care providers involved with clients to provide information and obtain feedback on clients' overall progress
42201,"Mobilise and coordinate volunteer resources and activities for a range of organizations such as human service agencies, health care facilities, arts and sports, etc."
42201,May maintain program statistics for purposes of evaluation and research
42201,May supervise social service support workers and volunteers.
42202.01,"Develop and implement child-care programs that support and promote the physical, cognitive, emotional and social development of children"
42202.01,"Lead activities by telling or reading stories, teaching songs, taking children to local points of interest and providing opportunities to express creativity through the media of art, dramatic play, music and physical activity"
42202.01,"Plan and maintain an environment that protects the health, security and well-being of children"
42202.01,"Assess the abilities, interests and needs of children and discuss progress or problems with parents and other staff members"
42202.01,"Observe children for signs of potential learning or behavioural problems and prepare reports for parents, guardians or supervisor"
42202.01,"Guide and assist children in the development of proper eating, dressing and toilet habits"
42202.01,Establish and maintain collaborative relationships with co-workers and community service providers working with children
42202.01,May plan and organize activities for school-age children in child-care programs before and after regular school hours
42202.01,May supervise and coordinate activities of other early childhood educators and early childhood educator assistants.
42202.02,"Support early childhood educators in carrying out programs that promote the physical, cognitive, emotional and social development of children"
42202.02,"Engage children in activities by telling stories, teaching songs and preparing crafts"
42202.02,Prepare snacks and arrange rooms or furniture for lunch and rest periods
42202.02,"Assist with proper eating, dressing and toilet habits"
42202.02,Submit written observations on children to early childhood educators or supervisors
42202.02,Maintain daycare equipment and assist in housekeeping and cooking duties
42202.02,Attend staff meetings to discuss progress and problems of children
42202.02,May assist early childhood educators or supervisors in keeping records.
42203,Develop individualized education and intervention plans based on special needs of client to facilitate their readaptation and independence objectives
42203,"Assess individuals in areas such as physical limitations, orientation and mobility skills, and cognitive, social and emotional barriers to establish client rehabilitation or adaptation goals"
42203,"Assist individuals with physical, intellectual, visual and hearing disabilities or multiple disorders to develop life skills and provide job training"
42203,"Instruct individuals with disabilities and their families in the use of rehabilitative techniques, prosthetic devices, wheelchairs and other equipment designed to maximize clients' independence and potential"
42203,"Instruct persons with a visual impairment in reading and writing braille and in the use of special equipment or supports such as human or animal guides, long canes and other adaptive mobility devices"
42203,"Instruct persons who are hard of hearing or deaf in lip-reading, finger spelling and sign language according to individual communication needs"
42203,"Instruct persons who are hard of hearing or deaf in the formation and development of sounds for speech using hearing aids, and other devices and techniques"
42203,"Collaborate with specialists, such as rehabilitation counsellors, speech-language pathologists and occupational therapists, to develop programs for clients' special needs"
42204,Assist at services of public worship and religious rites
42204,"Provide religious education, spiritual guidance and moral support to members of a religious community"
42204,Conduct outreach activities and facilitate community involvement
42204,"Administer programs providing food, clothing and shelter"
42204,"May plan, organize and lead worship services and church activities for a specific audience."
43100,Assist students with integration into the classroom and school setting
43100,Help students individually or in small groups with assignments and reinforce learning and retention concepts under the supervision of the classroom teacher
43100,"Assist students with special needs using techniques such as sign language, braille and remedial programs"
43100,Monitor and report student progress to classroom teacher
43100,"Accompany and supervise students during activities in school gymnasiums, laboratories, libraries, resource centres and on field trips"
43100,"May assist teacher in the operation of projectors, tape recorders and other audio-visual or electronic equipment"
43100,May assist in school library or office and perform other duties assigned by the school principal
43100,"May monitor students during recess, at noon hour or during the day."
43109.01,Instruct individuals on proper motor vehicle driving skills and traffic regulations
43109.01,Demonstrate and explain the handling and mechanical operation of motor vehicles
43109.01,Supervise individuals during practice driving.
43109.02,Conduct road test examinations
43109.02,Evaluate the driving ability of applicants for driver's licences.
43109.03,"Give instruction to students in techniques and skills of sewing, tailoring and dressmaking."
43109.04,Give instruction on modelling techniques for fashion shows and magazine advertising.
43200,"Serve statements of claims, summonses, warrants, jury summonses, orders to pay spousal support, and other court orders"
43200,Serve writs of execution by seizing and selling property and distributing the proceeds according to court decisions
43200,Locate property and make seizures and removals under various acts of Parliament
43200,Provide courthouse security for judges and perimeter security for the courthouse
43200,Escort prisoners to and from courts and correctional institutions
43200,Prepare comprehensive reports and affidavits and maintain records
43200,"Attend court, escort witnesses and assist in maintaining order"
43200,Ensure security support services for sequestered juries
43200,"Issue warrants for imprisonment, arrest or apprehension."
43201,Observe conduct and behaviour of offenders and detainees to prevent disturbances and escapes
43201,"Supervise offenders during work assignments, meals and recreation periods"
43201,Patrol assigned area and report any problems to supervisor
43201,"Conduct security checks and scanning of visitors, inmates and their cells, working areas and recreational activity areas"
43201,Observe behaviour of offenders and prepare reports
43201,Escort detainees in transit and during temporary leaves
43201,"Prepare admission, program, release, transfer and other reports"
43201,May supervise and coordinate work of other correctional service officers.
43201,"May develop offenders’ correctional plan and facilitate their participation in reintegration programs in collaboration with psychologists, behavioral counsellors, parole officers and others."
43202.01,"Respond to citizen complaints concerning stray domestic animals, livestock and wildlife"
43202.01,Issue warnings and citations to owners
43202.01,"Impound lost, homeless and dangerous animals."
43202.02,Enforce municipal and provincial regulations
43202.02,Investigate complaints
43202.02,Issue warnings and citations to commercial and residential property owners and occupants.
43202.03,"Inspect commercial vehicles to ensure compliance with regulations governing load restrictions, the transportation of hazardous materials and public safety."
43202.04,Investigate complaints concerning infractions of garbage collection by-laws.
43202.05,Conduct inspections of licensed establishments
43202.05,Advise licensees on laws and regulations
43202.05,Report contravention of laws and regulations to provincial liquor control boards and agencies.
43202.06,"Enforce parking by-laws on city streets, regional roads and municipal properties."
43202.07,"Inspect taxicabs for mechanical reliability, cleanliness, licensing and meter accuracy"
43202.07,"Investigate public complaints, issue citations and prepare reports"
43202.07,"Give evidence to city councils, taxi commissions and in court."
43202.08,"Investigate properties in violation of zoning and related by-laws, after receiving requests for licence clearances pertaining to zoning and related by-laws, and on receipt of building permit applications."
43203.01,"Conduct interviews, using inspections and information-seeking techniques at border points as part of primary and secondary inspections for immigration, food, plant and animals, and customs program functions"
43203.01,"Apply applicable legislation, policies, and procedure when screening and/or inspecting people and goods"
43203.01,"Inspect baggage to detect undeclared merchandise, or contraband"
43203.01,Inform manufacturers and shippers of customs and laws and procedures
43203.01,Observe fabrication of articles affected by customs laws and conduct appraisals
43203.01,Board carriers arriving from foreign countries to determine nature of cargo to ensure compliance with customs and commerce laws
43203.01,Inspect goods imported by mail
43203.01,Operate firearms and use defensive tactics and physical force when necessary in the performance of duties
43203.01,"May conduct an arrest, detention, or conduct personal search of individuals suspected of having committed a criminal offence under the Customs Act or certain other designated Criminal Code offences until police intervention is possible."
43203.02,Determine admissibility of persons seeking entry into Canada by examining documents and conducting interviews
43203.02,"Grant landed-immigrant status, admit persons or order detention or deportation"
43203.02,Locate and apprehend persons presumed to be infringing on immigration laws
43203.02,Assist in the removal of deported people by seeking authorization from receiving countries and securing necessary travel documents
43203.02,Appear as a witness in cases related to immigration appeals.
43204,Analyze equipment and system performance on all combat information equipment
43204,"Maintain and operate engineering equipment, including weapons, vehicles, heavy equipment and supplies"
43204,"Inspect motors in operation, road test motor vehicles, and test automotive systems and components using computerized diagnostic and other testing devices to diagnose and isolate faults"
43204,"Configure and operate intelligence, surveillance and recognizance systems"
43204,Oversee the construction of tools and devices to enable infantry soldiers to cross natural and man-made obstacles and break through enemy defenses
43204,Operate weapons and missile related equipment for defense.
44100.01,Supervise and care for children in employer's or own residence
44100.01,"Bathe, dress and feed infants and children"
44100.01,Prepare formulas and change diapers for infants
44100.01,"Plan, prepare and serve meals for children and may perform other housekeeping duties"
44100.01,"Oversee children's activities, such as meals and rest periods, as instructed by employer"
44100.01,Maintain a safe and healthy environment in the home
44100.01,Instruct children in personal hygiene
44100.01,Tend to the emotional well-being of children and support their social development
44100.01,Discipline children according to the methods requested by the parents
44100.01,"Provide age-appropriate educational training through organized activities such as games, crafts, reading and outings"
44100.01,Take children to and from school and appointments
44100.01,May be required to keep records of daily activities and health information regarding each child.
44100.02,"Care for foster children, usually on an emergency or temporary basis, as a primary guardian under general direction of foster parent agency"
44100.02,Consult foster parent agency supervisors for advice and when problems arise
44100.02,"Administer foster care programs for foster children, as directed by foster parent agency social workers."
44101,"Provide care and companionship for individuals and families during periods of incapacitation, convalescence or family disruption"
44101,"Administer bedside and personal care to clients such as aid in ambulation, bathing, personal hygiene, and dressing and undressing"
44101,"Plan and prepare meals and special diets, and feed or assist in feeding clients"
44101,"May perform routine health-related duties such as changing non-sterile dressings, assisting in the administration of medications and collecting specimens under the general direction of home care agency supervisor or nurse"
44101,"May perform routine housekeeping duties such as laundry, washing dishes and making beds."
44200,"Provide assistance in emergency situations, such as civil disorder, natural disasters and major accidents"
44200,"Operate armoured vehicles, artillery, hand-held weapons and other military combat equipment and defense systems"
44200,Engage in non-combat operations for humanitarian efforts
44200,"Participate in drills and other training in preparation for peacekeeping, combat and natural disaster relief"
44200,"Maintain weapon systems, vehicles, survival gear and personal defensive equipment"
44200,Perform underwater search and recovery operations
44200,"Use tactics of camouflage and concealment, patrol, attack, defense, and evasion when engaged in combat missions."
45100.01,Monitor school buildings and grounds to help ensure the security of the students and the school
45100.01,Monitor student’s lockers and lunch areas
45100.01,"Monitor students during recess, at noon hour or during the day on school grounds"
45100.01,"Record and report students' absences, accidents, behaviours and issues"
45100.01,May monitor security cameras and report incidents and infractions
45100.01,"May supervise tests, school detention, and other related activities"
45100.01,May prepare classroom equipment such as projectors and other audio-visual or electronic equipment for special activities.
45100.02,Coordinate the flow of pedestrians across selected intersection with the flow of vehicles.
45100.02,Direct and assist students at school crossing locations.
50010,"Plan, organize, direct, control and evaluate the activities of a library or library system, archive or archive system, museum or art gallery or a technical department within such an institution"
50010,Develop and administer policies and programs
50010,Prepare and administer budgets
50010,"Develop, promote and implement public relations and promotional programs"
50010,Prepare funding and grant applications and proposals
50010,"Prepare operational and financial reports, analyses and recommendations"
50010,"Recruit and provide training for professional, technical and clerical staff"
50010,"May perform the duties of a librarian, archivist or curator in smaller institutions."
50011,"Establish procedures and implement policies in newspaper and publishing firms, in film, theatre, record and video production companies, and in radio and television stations"
50011,"Plan and maintain production schedules for publications, films, broadcasts, and theatre, record and video productions"
50011,Prepare and control budgets
50011,Hire and supervise staff
50011,"Consult with government regulatory agencies to evaluate and review programs and policies, and to ensure conformance with regulations"
50011,"Initiate or approve development of articles, books, films, broadcasts, musical recordings and theatre productions, and liaise with authors, composers, producers and directors."
50012,"Plan, organize, direct, control and evaluate the operations of recreation, sports and fitness programs and services"
50012,"Provide technical and professional advice on recreation, sports and fitness matters"
50012,Prepare budget estimates and develop policies and procedures to implement programs
50012,Manage the operations of a sports governing agency
50012,"Organize and administer national and provincial training, coaching, officiating and other programs associated with a particular sport"
50012,Manage the operations of a professional athletic team
50012,Recruit professional coaches and athletes
50012,Direct fundraising drives and arrange for sponsorships from public and private organizations
50012,Develop long range plans and negotiate business contracts.
51100,"Recommend acquisition of books, periodicals and audio-visual, interactive media and other materials for inclusion in library collection"
51100,Provide reference services
51100,"Select, classify, catalogue and weed library materials"
51100,"Prepare bibliographies, indexes, reading lists, guides and other finding aids"
51100,Develop systems to access library collections
51100,"Perform manual, on-line and interactive media reference searches to assist users in accessing library materials and arrange for interlibrary loans"
51100,Develop taxonomies using various information and data sources
51100,"Provide specialized programs for children, seniors and other groups"
51100,Conduct library information and orientation training programs and tours
51100,"Perform related administrative duties and supervise library technicians, assistants and clerks."
51101.01,"Examine artifacts, determine their condition, suggest methods for treating them and recommend preventive conservation techniques to their owners"
51101.01,"Restore and conserve paintings, photographs, books, papers, sculptures, furniture, pottery or other museum and art gallery artifacts as per particular field of specialization"
51101.01,Provide advice on display and storage of museum and gallery artifacts to ensure proper maintenance and preservation
51101.01,Explore new conservation and restoration techniques
51101.01,"Provide consultation to museums, art galleries or private individuals"
51101.01,Supervise conservation technicians and other museum technicians.
51101.02,"Recommend the acquisition of paintings, photographs, sculptures, documents and other museum and art gallery artifacts"
51101.02,"Conduct research into objects' methods of construction techniques, structure and materials to understand its physical and chemical makeup"
51101.02,Develop storylines and themes and organize displays and exhibitions
51101.02,Coordinate the storage of collections and the setting up of displays and exhibitions
51101.02,"Oversee the conservation, display and circulation of collections"
51101.02,Supervise curatorial assistants and other museum technicians.
51102,"Develop policies and procedures for managing current and semicurrent archives, in particular corporate cataloguing systems, records scheduling and disposal, and finding aids"
51102,"Design programs for managing, disseminating and storing archives of all types (documents, photographs, maps, audio-visual materials, manuscripts, etc.)"
51102,Plan the computerized management of archives and the management of electronic archives
51102,Appraise and acquire archival materials to build and develop an archival collection for research purposes
51102,"Authenticate documents and records, and research the origins and significance of archival materials"
51102,Organize noncurrent archives and develop cataloguing and retrieval systems to allow access to archival materials
51102,Assist people with their searches.
51110,"Evaluate suitability of manuscripts, articles, news copy and wire service dispatches for publication, broadcast or electronic media and recommend or make changes in content, style and organization"
51110,"Read and edit copy to be published or broadcast to detect and correct errors in spelling, grammar and syntax, and shorten or lengthen copy as space or time requires"
51110,"Confer with authors, staff writers, reporters and others regarding revisions to copy"
51110,Plan and implement layout or format of copy according to space or time allocations and significance of copy
51110,Plan and coordinate activities of staff and assure production deadlines are met
51110,Plan coverage of upcoming events and assign work accordingly
51110,"Write or prepare introductions, marketing and promotional materials, bibliographic references, indexes and other text"
51110,May negotiate royalties with authors and arrange for payment of freelance staff.
51111.01,"Conceive and write novels, plays, scripts, poetry and other material for publication or presentation"
51111.01,May conduct research to establish factual content and to obtain other necessary information.
51111.02,"Write e-copy, blog posts, e-books, podcasts and other forms of Web-based content"
51111.02,Conduct research on a variety of topics to inform writing and may consult with clients to determine the goals of the writing.
51111.03,Study and determine selling features of products and services and write text for advertisements and commercials.
51112,"Analyze material, such as specifications, notes and drawings"
51112,Conduct interviews and research to gather information on a specific field
51112,"Write, review and update manuals, user guides and other documents to provide instruction and to explain clearly and concisely the installation, operation and maintenance of software and electronic, mechanical and other equipment"
51112,Develop and maintain help documentation
51112,May design and develop training course material
51112,"May help create content for software products, such as on-screen instructions and error messages."
51113,"Collect local, national and international news through interviews, investigation and observation"
51113,Write news stories for publication and broadcast
51113,"Receive, analyze and verify news and other copy for accuracy"
51113,Arrange for and conduct interviews as part of research and for radio and television programs
51113,"Research and report on developments in specialized fields such as medicine, science and technology"
51113,Prepare regular feature columns and stories on specialized topics
51113,Write editorials and commentaries on topics of current interest to stimulate public interest and express the views of a publication or broadcasting station
51113,"Write critical reviews of literary, musical and other artistic works based on knowledge, judgement and experience."
51114.01,"Translate a variety of written material such as correspondence, reports, legal documents, technical specifications and textbooks from one language to another, maintaining the content, context and style of the original material to the greatest extent possible"
51114.01,Localize software and accompanying technical documents to adapt them to another language and culture
51114.01,Revise and correct translated material
51114.01,May train and supervise other translators.
51114.02,Identify the terminology used in a field of activity
51114.02,"Conduct terminological research on a given subject or in response to inquiries for the preparation of glossaries, terminology banks, technological files, dictionaries, lexicons and resource centres, and add to terminological databases"
51114.02,"Manage, update and circulate linguistic information collected from terminological databases"
51114.02,"Provide consultative services to translators, interpreters and technical writers preparing legal, scientific or other documents that require specialized terminologies."
51114.03,"Interpret oral communication from one language to another aloud or using electronic equipment, either simultaneously (as the speaker speaks), consecutively (after the speaker speaks) or whispered (speaking in a low whisper to one or two persons as the speaker is talking)"
51114.03,Provide interpretation services in court or before administrative tribunals
51114.03,May interpret language for individuals and small groups travelling in Canada and abroad
51114.03,May interpret for persons speaking an Aboriginal or foreign language in a variety of circumstances
51114.03,May train other interpreters.
51114.04,Translate sign language to a spoken language and vice versa either simultaneously or consecutively.
51120.01,"Plan, organize and control the various stages and scheduling involved in the production of presentations, motion pictures, television shows and radio programs; engage directors and other production personnel and supervise all technical personnel, and determine the treatment, scope and scheduling of production; maintain production archives, negotiate royalties, and may plan and control the budget pertaining to a particular production."
51120.02,"Interpret scripts and direct the mise-en-scène; select and direct the actors, extras and technical crew; advise the cast and crew on the interpretation and delivery of the performance; direct rehearsals, filmings, broadcasts and performances; and confer with crew and specialists throughout production and post-production to achieve desired presentation."
51120.03,"Create dances for film, theatre and television performances that convey stories, ideas and moods, and direct rehearsals for dancers to achieve desired interpretation."
51120.04,"Plan, organize and direct the artistic aspects of motion pictures, video games, stage productions and television shows by overseeing the design of sets, costumes, furnishings and props to create portrayals of period and setting."
51120.05,"Edit motion picture film and arrange film segments into sequences to achieve continuity and desired dramatic, comedic and thematic effects."
51120.06,"Plan and coordinate the production of musical recordings, direct musicians and singers during rehearsals and recordings and manage technicians involved in duplicating, dubbing and mastering of recordings."
51120.07,"Coordinate and direct the photography of motion pictures, supervise camera operators and other crews and determine lighting, lenses, camera angles, backgrounds and other elements to achieve desired visual effect."
51121.01,"Select and interpret musical works and lead bands, orchestras and choirs during rehearsals and performances."
51121.02,"Create musical compositions such as television and film scores, theme music, songs, symphonies and music for interactive products such as video games."
51121.03,Adapt and modify musical compositions to convey desired themes and to suit particular instrumental and vocal performances.
51122.01,Play one or more instruments as soloists or as members of a musical group before audiences or for recording purposes.
51122.02,Sing musical arrangements as soloists or as members of vocal groups before audiences or for recording purposes.
51122.03,"Teach technique, interpretation and music theory to students through private or group lessons."
52100.01,"Assist library users in accessing books, films, photographs, maps, documents, electronic materials and other library materials"
52100.01,Catalogue new library acquisitions under the direction of a librarian
52100.01,Perform manual and on-line reference searches and make interlibrary loans for users
52100.01,Assist librarians in giving tours and providing children's and other specialized library programs.
52100.02,"Assist in developing inventories, forms and finding aids"
52100.02,Implement and update classification plans and records scheduling and disposal plans
52100.02,Apply standards and policies for storage of records and archival materials
52100.02,Codify and classify archival materials
52100.02,Put archival materials on microfilm or in databases
52100.02,Transfer materials from current to semi-current status or put into permanent storage
52100.02,"Purge, sort, reduce and sample archives"
52100.02,Research and retrieve archival materials
52100.02,Participate in instructing and assisting users
52100.02,Ensure that proper procedures are followed in the use of computerized document management systems.
52110,"Meet with director and senior members of camera crew to discuss assignment and determine filming sequences, camera movements and picture composition"
52110,"Select and set up camera equipment to be used and attach lens, filters and film magazine to camera"
52110,"Adjust focus, exposure, lighting and other camera settings"
52110,"Operate film or video camera to record news, live events, films, videos and television broadcasts"
52110,"Label and record contents of exposed film, and complete report sheets"
52110,"Test, maintain and store equipment"
52110,May operate unmanned aerial vehicle/drone to capture aerial films of the landscape or any subject.
52111,Review the graphic designer's instructions
52111,Produce or assist in developing and producing design concepts
52111,"Capture elements such as titles, text, drawings, illustrations, graphics, lettering and colour harmonization, using a computer"
52111,Produce computerized images and drawings
52111,"Digitize images using peripherals and transform them using retouching systems, graphic palettes or specialized software"
52111,"Perform the layout, page make-up and placement using the conceptual mock-ups provided"
52111,Produce proofs and camera-ready materials and prepare film and any other prepress materials
52111,Paint or ink individual cells of 2-D or 3-D animated drawings according to animator's specifications using an electronic palette
52111,"Lay out, draw or paint letters, figures, logos and designs for windows, advertisements, billboards, vehicles, books and publications using specialized software or painting equipment"
52111,Work in an interdisciplinary environment.
52112,Monitor broadcast quality of live and taped radio and television programs
52112,"Operate and monitor radio and television broadcasting systems to broadcast, receive signals and to regulate clarity and range of sounds and colours of recordings or broadcasts"
52112,Operate broadcast equipment to produce audio and video streaming broadcasts for the Internet
52112,Make emergency repairs to equipment and substitute programs in case of signal failure
52112,"Maintain, install and troubleshoot a wide variety of broadcast hardware and software"
52112,Set up and operate consoles to pick up and select feed sources from different locations and to air radio or television programs and commercials
52112,May supervise other broadcast technicians.
52113,"Set up, prepare, operate and adjust audio, recording, editing and reproducing equipment to record, edit and reproduce sound input or feed of pre-recorded material from tapes, records, compact discs, digital audio devices, and input from live microphones, satellites or microwave trucks for films, videos, radio and television programs and recordings"
52113,"Prepare and operate videotape recording and playback equipment to record videos, television programs, concerts and live events, and to edit video tape after production"
52113,"Operate electronic equipment to generate program titles, credits, sub-titles, graphic backgrounds or animation for television programs"
52113,"Operate audio consoles or computers, tape machines, microphones and sound processing equipment to mix, combine and edit music and sound at concerts and live events"
52113,"Operate dubbing machines to play back edited dialogue, music and sound effect tracks from different sources, in synchronization with motion picture film"
52113,May supervise and coordinate the work of other audio and video recording technicians.
52114,"Select and introduce music, videos and other entertainment material for broadcast, and make commercial and public service announcements"
52114,"Act as host/hostess or master of ceremonies, introduce and interview guests and conduct proceedings of shows or programs"
52114,"Read news, sports and weather for radio and television"
52114,Report on weather conditions using information provided by weather forecasting services
52114,Report on traffic conditions by maintaining contact with external sources of information or by observing traffic from air or land vehicle
52114,May present own material or material prepared by others.
52119.01,"Coordinate the work of camera operators and other technical staff, and cue announcers, actors and performers during news broadcasts and television program tapings."
52119.02,"Supervise grips, gaffers and stagehands who rig, place, move and dismantle lights, sets, backdrops, scenery and other stage equipment."
52119.03,"Set up, operate and make repairs to lights and other electrical equipment in studios and on sets and stages."
52119.04,"Design and coordinate special effects such as fires, explosions and crashes."
52119.05,Apply cosmetic and special effects make-up on actors and other performers.
52119.06,"Study scripts to determine the necessary costumes and oversee the acquisition, fitting and maintenance of costumes."
52119.07,Assist in preparing the construction specifications for sets
52119.07,Identify and list the necessary props and place them during rehearsals and performances.
52120.01,"Consult with clients to establish the overall look, graphic elements and content of communications materials in order to meet their needs"
52120.01,Determine the medium best suited to produce the desired visual effect and the most appropriate vehicle for communication
52120.01,Develop the graphic elements that meet the clients' objectives
52120.01,"Prepare sketches, layouts and graphic elements of the subjects to be rendered using traditional tools, multimedia software and image processing, layout and design software"
52120.01,Estimate cost of materials and time to complete graphic design
52120.01,Use existing photo and illustration banks and typography guides or hire an illustrator or photographer to produce images that meet clients' communications needs
52120.01,Establish guidelines for illustrators or photographers
52120.01,"Coordinate all aspects of production for print, audio-visual or electronic materials, such as Web sites, CDs and interactive terminals"
52120.01,Coordinate sub-contracting
52120.01,Work in a multidisciplinary environment
52120.01,Supervise other graphic designers or graphic arts technicians.
52120.02,Consult with clients to determine the nature and content of illustrations in order to meet their communications needs
52120.02,"Develop and produce realistic or representational sketches and final illustrations, by hand or using computer-assisted design (CAD) software, for printed materials such as books, magazines, packaging, greeting cards and stationery"
52120.02,"Assist in developing storyboards for electronic productions such as multimedia, interactive and digital products and television advertising and productions"
52120.02,Produce 2-D and 3-D animated drawings or computer illustrations
52120.02,May adapt existing illustrations.
52121,"Consult with clients to determine needs, preferences, safety requirements  and purpose of space"
52121,"Develop detailed plans and 3-D models showing arrangement of walls, dividers, displays, lighting and other fixtures using computer-assisted design (CAD) software and graphics software"
52121,"Develop plans, elevations, cross sections and detailed drawings, and advise on selection of colours, finishes and materials, floor and wall coverings, window treatments, interior and exterior lighting, furniture and other items, taking into account ergonomic and occupational health standards"
52121,"Estimate costs and materials required and may advise on leasing, real estate and marketing"
52121,Prepare plans and specifications for the final interior designs in accordance with current practices and codes
52121,Work in a multidisciplinary environment
52121,May direct site work crews and subcontractors.
53100.01,Assist in the restoration and conservation of artifacts under the direction of a conservator.
53100.02,"Construct displays and dioramas, build models, install artifacts in displays and prepare artifacts for storage and shipping"
53100.02,"Fabricate custom frames, measure and cut mats, mat enhancements and glass, and mount paintings, photographs and other art work."
53100.03,"Conduct tours of museums, gallery exhibitions and historical, heritage and other sites, answer inquiries and provide information concerning exhibits or sites."
53100.04,"Assist in the research, handling and storage of artifacts"
53100.04,Assist with the planning and development of travelling exhibitions and special events
53100.04,"Protect and care for cultural artifacts and collections during exhibitions, while in transit and in storage"
53100.04,Classify and assign registration numbers to artifacts and supervise inventory control.
53100.05,"Prepare, stuff and mount skins of animals for preservation, scientific or display purposes."
53110,"Study requirements of a particular assignment and decide on type of camera, film, lighting and background accessories to be used"
53110,"Determine picture composition, make technical adjustments to equipment and photograph subject"
53110,May operate scanners to transfer photographic images to computers
53110,May operate computers to manipulate photographic images
53110,May adapt existing photographic images and create new digitized images to be included in multimedia/new media products
53110,"May use delicate instruments, such as optical microscopes attached to cameras"
53110,May process exposed film
53110,"May use airbrush, computer or other techniques to retouch negatives"
53110,May operate unmanned aerial vehicle/drone to capture aerial photographs of the landscape or any subject.
53111.01,"Set up, assemble, adjust, maintain and replace reels and projector equipment; detect and repair mechanical and electrical problems; and change and install an electronic control panel using automated equipment."
53111.02,"Check the condition of the copy; set up and load film reels on movie theatre projection systems, adjust focus, sound levels and other projector and theatre settings; and maintain projection equipment."
53111.03,"Assemble, repair, place, build and oversee props."
53111.04,"Distribute scripts to actors; keep detailed notes of all actions, positions and camera angles; and photograph and date scenes."
53111.05,"Rig, place, move and dismantle sets, backdrops, scenery and other stage equipment."
53111.06,"Clean, maintain, transport and store costumes, and assist performers to dress in costumes."
53111.07,"Provide support to the director and producer, and are responsible for various aspects of production such as preparing schedules, setting up equipment, and making travel arrangements to various shooting locations."
53120.01,Practise and rehearse dance routines under direction or instruction to achieve desired interpretation and presentation
53120.01,Perform dances as soloists or as members of groups before live audiences or for film or television
53120.01,Train and exercise to maintain the required levels of ability and fitness
53120.01,May choreograph their own performances.
53120.02,Teach dance technique and artistic interpretation to amateur and professional individuals and groups
53120.02,"Teach the techniques, cultural origins and symbolic meanings of Aboriginal, ethnic and folkloric dances"
53120.02,Teach recreational dancing lessons such as ballroom dancing
53120.02,Prepare dance students for specific auditions and performances.
53121.01,"Study and rehearse lines, gestures and expressions to interpret a role"
53121.01,"Portray roles in video or motion picture productions, television shows, theatre productions, radio dramas, commercials and other productions or perform the narration"
53121.01,Sing or dance as required by specific roles
53121.01,Perform comedy acts in nightclubs alone or as members of comedy troupes
53121.01,Improvise a role.
53121.02,"Train students in interpretation of scripts, speech, movement, and dramatic theory"
53121.02,Prepare acting students for specific auditions and performances.
53121.03,"perform a variety of acts intended to amaze, thrill, and engage audiences"
53121.03,conceptualize and choreograph original performances
53121.03,study and perform acrobatic and aerial skills required by specific circus shows
53121.03,may participate in the development of a director or ringmaster’s vision.
53122.01,"Create drawings, paintings and other artwork using oils, pastels, watercolours, charcoal, ink and other media."
53122.02,"Create sculptures, statues and other three-dimensional artwork by shaping, carving and working with materials such as clay, ice, paper, stone, wood or metal."
53122.03,"Teach students the techniques and methods of drawing, painting, sculpting and other forms of artistic expression."
53123.01,"Design and create settings, scenic environments, properties, costumes and lighting for theatre, film and video productions, operas and ballets."
53123.02,"Design and create clothing and accessories for men, women and children."
53123.03,"Plan and develop permanent and temporary or moveable exhibits and displays for museum exhibitions, trade shows, conventions, and other exhibitions."
53124.01,"Use hand tools and woodworking machines to produce carvings from wood, stone and other materials and to carve ornamental designs into wooden furniture and other objects."
53124.02,Design and create glass objects using blowpipes and artisan's hand tools and equipment.
53124.03,"Design metal jewellery, utensils, implements, wall hangings and other objects and create them from gold, silver, copper, pewter and other metals."
53124.04,"Design ornamental and ceramic functional earthenware pieces and create them using clay, moulds, potter's wheels and other equipment, glazing materials and kilns."
53124.05,"Design stained glass windows, lampshades and other objects and cut, paint, fire and assemble pieces of stained glass to create such products."
53124.06,"Construct instruments by applying their knowledge of wood, ebonite, metal properties and other materials and instrument design using hand and power tools."
53124.07,"Use hands or loom to interlace strips of flexible material such as wool, cotton, silk, grasses, bark and rawhide to make baskets, wreaths, wall hangings, clothing, rugs, blankets and other objects."
53124.08,"Prepare craftmaking lessons, gather the required working materials and demonstrate and teach craftmaking techniques."
53124.09,"Design bouquets, corsages, sprays, wreaths and other floral arrangements and select natural and artificial flowers, foliage and decorative accessories to create arrangements or other floral items to suit customers' requirements."
53125,"Examine sketches, samples of articles and specifications of designs to determine number, size and shape of pattern parts and assess the amount of cloth required to make a product"
53125,"Draw, lay out and cut master patterns of products"
53125,"Outline parts of patterns on paper and mark patterns to indicate details such as the placement of pockets and pleats on garments, decorative stitching on shoe parts or eyelets on canvas products"
53125,"Create pattern size variations from master patterns using computer or drafting instruments, or forward patterns to computer operator to create pattern size variations"
53125,Lay out master patterns on fabric and cut sample patterns
53125,"Mark size, identification, style and sewing instructions on sample patterns."
53200,Attend scheduled practice and training sessions
53200,"Participate in local, regional, provincial, national or international competitions and sporting events"
53200,Train under the direction of a coach or trainer to qualify for competition
53200,Assess performance after an event to identify strengths and weaknesses.
53201.01,Identify strengths and weaknesses of athletes or teams
53201.01,"Plan, develop and implement training and practice sessions"
53201.01,Nurture and develop athletes' potential skills and abilities
53201.01,"Develop, plan and coordinate competitive schedules and programs"
53201.01,Motivate and prepare athletes or teams for competitive events or games
53201.01,"Formulate competitive strategies, develop game plans and direct athletes and players during games or athletic events"
53201.01,Analyse and evaluate athletes' or teams' performances and modify training programs.
53201.02,Identify and recruit developing athletes for professional sports teams
53201.02,"Observe and evaluate prospective athletes' skills and performance, and review their past records"
53201.02,File reports on scouting assessments and recommendations with professional team employers.
53202,Officiate at sporting events or athletic competitions to maintain standards of play and to ensure that game rules and safety regulations are observed
53202,Record lapsed time and keep scores during events or competitions
53202,"Judge the performance of competitors, award points, impose penalties for infractions and determine results"
53202,Compile scores and other athletic records
53202,"Establish and maintain rapport with coaches, players and organizing committees"
53202,"Verify credentials of athletes or animals engaged in sports or related special events, and respond to written protests."
54100.01,"Plan and carry out recreational, athletic, fitness and sports activities"
54100.01,Assemble supplies and sports and game equipment
54100.01,"Demonstrate and instruct athletic, fitness or sports activities and techniques"
54100.01,"Instruct groups and individuals in arts, crafts and similar activities and lead groups and individuals in recreational or leisure programs"
54100.01,Attend to clients with special needs
54100.01,Provide lifestyle awareness information
54100.01,Conduct therapeutic recreational or athletic activities
54100.01,"Monitor recreational, sports or fitness activities to ensure safety and provide emergency or first aid assistance when required"
54100.01,Enforce safety rules and regulations
54100.01,Assist with coordination of special events
54100.01,"Schedule activities, keep logs, maintain records and prepare reports"
54100.01,May train and supervise staff
54100.01,May maintain and repair sports equipment.
54100.02,Assess individual’s physical fitness through fitness tests and assessments and design fitness programs based on results
54100.02,Provide information to the public and individuals on lifestyle and methods to improve and maintain physical fitness and weight
54100.02,"Measure and record individuals' bodily proportions, weight and body mass index"
54100.02,Handle equipment to conduct fitness tests and assessments and deliver exercise programs.
55109.01,"Entertain passers-by on sidewalks and in parks with magic tricks, juggling acts, short dramatic works, music and other entertaining displays."
55109.02,"Perform sleight-of-hand tricks, disappearing acts and other illusions."
55109.03,"Display clothing and merchandise in commercials, advertisements and fashion shows"
55109.03,"Pose for artists, photographers and videographers."
55109.04,Share ideas and advice on a broad range of topics.
55109.04,Create personal and branded content for social media or other digital platforms.
60010,"Plan direct and evaluate the activities of sales departments in commercial, industrial, wholesale and retail and other establishments"
60010,Organize regional and divisional sales operations
60010,Establish organizational policies and procedures in relation to sales
60010,Determine strategic planning related to new product lines
60010,Lead sales team in building relationships with business clients and manage negotiations of sales contracts
60010,"Recruit, organize, train and manage staff"
60010,May work with the marketing department to understand and communicate marketing messages to the field.
60020,"Plan, direct and evaluate the operations of establishments engaged in wholesale and retail sales or of departments in such establishments"
60020,Manage staff and assign duties
60020,"Study market research and trends to determine consumer demand, potential sales volumes and effect of competitors' operations on sales"
60020,"Determine merchandise and services to be sold, and implement price and credit policies"
60020,Source and negotiate with vendors when necessary to procure merchandise for resale
60020,Develop and implement marketing strategies
60020,"Plan budgets, authorize expenditures, and monitor revenues"
60020,Evaluate and improve customer service and respond to customer requests and issues
60020,"Address staffing requirements, including the hiring, development and retention of staff"
60030,"Plan, organize, direct, control and evaluate the operations of a restaurant, bar, cafeteria or other food or beverage service"
60030,Determine type of services to be offered and implement operational procedures
60030,Recruit staff and oversee staff training
60030,Set staff work schedules and monitor staff performance
60030,"Control inventory, monitor revenues and modify procedures and prices"
60030,Resolve customer complaints and ensure health and safety regulations are followed
60030,Negotiate arrangements with suppliers for food and other supplies
60030,Negotiate arrangements with clients for catering or use of facilities for banquets or receptions.
60031,"Develop, implement and evaluate policies and procedures for the operation of the department or establishment"
60031,Prepare budgets and monitor revenues and expenses
60031,Participate in the development of pricing and promotional strategies
60031,Negotiate with suppliers for the provision of materials and supplies
60031,"Recruit and supervise staff, oversee training and set work schedules"
60031,"Negotiate with clients for the use of facilities for conventions, banquets, receptions and other functions"
60031,Resolve customer complaints.
60040,"Plan, organize, direct, control and evaluate the operations of an establishment providing services such as dry cleaning, hairdressing or residential cleaning, or a school providing non-vocational instruction in driving, languages, music, dance, art, cooking or fashion"
60040,Establish or implement policies and procedures for staff
60040,Plan and control budget and inventory
60040,Respond to inquiries or complaints and resolve problems
60040,Manage contracts for advertising or marketing strategies
60040,"Hire, train and supervise staff."
62010,Supervise and coordinate sales staff and cashiers
62010,Assign sales workers to duties and prepare work schedules
62010,Authorize payments and the return of merchandise
62010,"Resolve issues that may arise, including customer requests, complaints and supply shortages"
62010,Maintain specified inventory and order merchandise
62010,"Prepare reports regarding sales volumes, merchandising and personnel matters"
62010,Hire and train or arrange for the training of new sales staff and monitor and report on performance
62010,"Ensure the visual standards and image of the store are maintained, such as store displays, signage and cleanliness"
62010,May perform the same duties as workers supervised
62010,"May perform key holding and managerial duties if required, such as opening and closing the store, managing escalated complaints, developing and implementing marketing strategies, and signing for deliveries."
62020,"Supervise, coordinate and schedule the activities of staff who prepare, portion and serve food"
62020,Estimate and order ingredients and supplies required for meal preparation
62020,"Prepare food order summaries for chef according to requests from dieticians, patients in hospitals or other customers"
62020,Establish work schedules and procedures
62020,"Maintain records of stock, repairs, sales and wastage"
62020,"Train staff in job duties, and sanitation and safety procedures"
62020,Supervise and check assembly of regular and special diet trays and delivery of food trolleys to hospital patients
62020,Ensure that food and service meet quality control standards
62020,"May participate in the selection of food service staff and assist in the development of policies, procedures and budgets"
62020,May plan cafeteria menus and determine related food and labour costs.
62021,Manage the operations of the housekeeping department
62021,Plan and co-ordinate the activities of housekeeping supervisors and their crews
62021,Conduct inspections to ensure that departmental standards and health and safety regulations are being met
62021,"Select and purchase equipment and supplies, and maintain inventory"
62021,Arrange for maintenance and repair of equipment and machinery
62021,"Hire, train and supervise housekeeping staff"
62021,"Maintain financial records and prepare budgets, payroll and employee schedules."
62022,"Coordinate, assign and review the work of hotel, motel and other accommodation services clerks, casino workers, reservation clerks and other travel and accommodations workers not elsewhere classified"
62022,Establish work schedules and procedures and coordinate activities with other work units or departments
62022,Resolve work-related problems and prepare and submit progress and other reports
62022,"Hire and train staff in job duties, safety procedures and company policies"
62022,Requisition supplies and materials
62022,"Ensure smooth operation of computer systems, equipment and machinery, and arrange for maintenance and repair work"
62022,May perform the same duties as workers supervised.
62023.01,Customer service representatives supervisors - financial services
62023.01,"Supervise, coordinate, assign and review the work of clerks engaged in the following duties: providing information and customer service; and serving customers in banks, trust companies and other financial institutions"
62023.01,Examine and verify accuracy of work and authorize routine deposits and withdrawals
62023.01,Establish work schedules and procedures
62023.01,Coordinate activities with other work units or departments
62023.01,Resolve work-related problems and prepare and submit progress and other reports
62023.01,Identify training needs and train workers in job duties and company policies
62023.01,Ensure smooth operation of computer systems and equipment and arrange for maintenance and repair work
62023.01,May perform the same duties as workers supervised.
62023.02,"Supervise, coordinate, assign, and review the work of clerks and agents engaged in conducting surveys and interviews, collecting and compiling statistics, providing information and customer service, and writing correspondence including emails and preparing materials"
62023.02,Establish work schedules and procedures
62023.02,Coordinate activities with other units and departments
62023.02,Prepare and submit progress reports and other documentation
62023.02,Identify training needs and train workers in job duties and company policies
62023.02,Ensure the smooth operation of computer systems and equipment and arrange for maintenance and repair work
62023.02,May perform the same duties as workers supervised.
62024,"Supervise and coordinate the work of light duty, industrial or specialized cleaners and janitors"
62024,Inspect sites or facilities to ensure established safety and cleanliness standards are met
62024,"Recommend or arrange for additional services required such as painting, repair work, renovations or replacement of furnishings and equipment"
62024,Hire and train cleaning staff
62024,Prepare work schedule and coordinate activities with those of other departments
62024,"Prepare budget, estimate costs and keep financial records"
62024,Receive payment for specialized cleaning jobs
62024,May perform certain cleaning duties.
62029,"Coordinate, assign and review the work of dry cleaning, laundry, ironing, pressing and finishing workers, theatre ushers and attendants, spa, sports and recreation club workers, commissionaires, security guards and other service workers not elsewhere classified"
62029,Establish work schedules and procedures and coordinate activities with other work units or departments
62029,Resolve work-related problems and prepare and submit progress and other reports
62029,"Hire and train staff in job duties, safety procedures and company policies"
62029,Requisition supplies and materials
62029,"Ensure smooth operation of computer systems, equipment and machinery, and arrange for maintenance and repair work"
62029,Monitor quality and production levels
62029,May perform the same duties as workers supervised.
62100,Maintain and grow sales relationships with existing clients
62100,Identify and solicit potential clients
62100,"Assess clients' needs, recommend or assist in the selection of appropriate goods or services, and negotiate prices or other sales terms"
62100,Provide input into product design where goods or services must be tailored to suit clients' needs
62100,"Develop sales presentations, proposals, or other materials to illustrate benefits from use of good or service"
62100,Estimate costs of installing and maintaining equipment or service
62100,Prepare and administer sales contracts and maintain customer records
62100,Consult with clients after sale to resolve problems and to provide ongoing support
62100,Troubleshoot technical problems related to equipment
62100,Develop and maintain technical product or service knowledge to explain features to clients and answer questions about goods or services
62100,"Develop, implement and report on sales strategies to achieve business goals"
62100,Assess market conditions and competitors' activities and develop an awareness of emerging markets and trends
62100,May offer training in the operation and maintenance of equipment
62100,May supervise the activities of other technical staff and sales specialists.
62101,Purchase merchandise for resale by retail or wholesale establishments
62101,Review requirements of establishment and determine quantity and type of merchandise to purchase
62101,"Study market reports, trade periodicals and sales promotion materials and visit trade shows, showrooms, factories and product design events"
62101,Select the merchandise which best fits the establishment's requirements
62101,"Interview suppliers and negotiate prices, discounts, credit terms and transportation arrangements"
62101,Oversee distribution of merchandise to outlets and maintain adequate stock levels
62101,Establish and maintain contact with suppliers
62101,May supervise the work of other retail buyers.
62200.01,"Plan and direct food preparation and cooking activities of several restaurants in an establishment, restaurant chains, hospitals or other establishments with food services"
62200.01,"Consult with clients regarding weddings, banquets and specialty functions"
62200.01,Plan menus and ensure food meets quality standards
62200.01,Estimate food requirements and may estimate food and labour costs
62200.01,"Supervise activities of sous-chefs, specialist chefs, chefs and cooks"
62200.01,Arrange for equipment purchases and repairs
62200.01,Recruit and hire staff
62200.01,"May prepare and cook food on a regular basis, or for special guests or functions."
62200.02,"Supervise activities of specialist chefs, chefs, cooks and other kitchen workers"
62200.02,Demonstrate new cooking techniques and new equipment to cooking staff
62200.02,May plan menus and requisition food and kitchen supplies
62200.02,May prepare and cook meals or specialty foods.
62200.02,"Instruct cooks in preparation, cooking, garnishing and presentation of food"
62200.03,"Prepare and cook complete meals or specialty foods, such as pastries, sauces, soups, salads, vegetables and meat, poultry and fish dishes, and create decorative food displays for special events such as banquets"
62200.03,"Instruct cooks in preparation, cooking, garnishing and presentation of food"
62200.03,Create new recipes
62200.03,Supervise cooks and other kitchen staff
62200.03,May plan menus
62200.03,May requisition food and kitchen supplies.
62201.01,"Consult with the family of the deceased regarding the nature of the funeral service, the disposition of the remains and funeral costs"
62201.01,"Transfer, or arrange for the transfer of, the remains from the place of death to the funeral home"
62201.01,Inform survivors of benefits for which they may be eligible
62201.01,Issue death notices to newspapers
62201.01,"Oversee the preparation of the remains, plan and schedule funeral services, coordinate burials and cremations and complete legal documents"
62201.01,Discuss and negotiate prearranged funerals with clients
62201.01,"Manage funeral home operations including hiring and directing staff, maintaining financial records, preparing accounts and ordering merchandise"
62201.01,"Supervise embalmers, funeral home attendants and other funeral home staff"
62201.01,May perform same duties as embalmers.
62201.02,"Preserve, sanitize and prepare human remains for funeral services"
62201.02,Perform cosmetic and restorative work on human remains
62201.02,Supervise funeral home attendants and other funeral home staff.
62202.01,"Fabricate and repair precious and semi-precious metal jewellery, such as rings, brooches, pendants, bracelets and lockets"
62202.01,"Examine, cut, shape and polish diamonds using optical instruments, lathes and laps"
62202.01,"Examine, cut, shape and polish precious and synthetic gems using optical instruments, cutting disks and laps"
62202.01,"Appraise gemstones and diamonds to differentiate between stones, identify rare specimens and to detect peculiarity affecting stone values"
62202.01,"Set precious and semi-precious stones in jewellery mountings, according to specifications"
62202.01,May supervise other jewellers.
62202.02,Fabricate or fit parts to make watches and clocks
62202.02,"Examine clocks and watches, disassemble and check for defective and misaligned parts or rust"
62202.02,Replace or repair worn or broken parts
62202.02,"Test, adjust and regulate timepiece movements"
62202.02,Clean all parts using special cleaning and rinsing solutions and ultrasonic or mechanical cleaning machines to remove dirt and dried lubricants
62202.02,May supervise other watch repairers.
63100,"Sell automobile, fire, health, life, property, marine, aircraft and other types of insurance to clients"
63100,"Establish client insurance coverage, calculate premiums and establish method of payment"
63100,"Provide information concerning group and individual insurance packages, the range of risk coverage, benefits paid and other policy features"
63100,"Ensure appropriate forms, medical examinations and other policy requirements are completed"
63100,Monitor insurance claims and respond to clients' enquiries
63100,Identify and solicit potential clientele.
63101,Solicit property sales listings from prospective vendors
63101,"Assist vendors in selling property by establishing asking price, advertising the property, listing the property with listing services and conducting open houses for prospective buyers"
63101,"Assist prospective buyers in selecting, visiting, inspecting and making offers of purchase on real estate properties"
63101,"Advise clients on market conditions, prices, mortgages, legal requirements and related matters"
63101,Draw up sales agreements for approval of purchaser and seller
63101,May rent or lease properties on behalf of clients.
63102,"Open new personal and non-personal accounts, and provide access to automated banking machine, telephone banking and online banking services"
63102,"Interview applicants for personal, mortgage, student and business loans"
63102,"Promote the sale of deposit, investment, credit and loan products and services"
63102,"Assist clients by proposing solutions to address financial objectives such as business expansion, debt management, investment and other financial goals"
63102,"Research and evaluate loan applicant's financial status, references, credit and ability to repay the loan"
63102,Complete credit and loan documentation
63102,Submit credit and loan applications to branch or credit manager with recommendations for approval or rejection; or approve or reject applications within authorized limits ensuring that credit standards of the institution are respected
63102,Prepare statements on delinquent accounts and forward irreconcilable accounts for collector action
63102,Review and update credit and loan files
63102,Act as joint custodian for cash and securities.
63200,Prepare and cook complete meals or individual dishes and foods
63200,Prepare and cook special meals for patients as instructed by dietitian or chef
63200,Schedule and supervise kitchen helpers
63200,Oversee kitchen operations
63200,"Maintain inventory and records of food, supplies and equipment"
63200,May set up and oversee buffets
63200,May clean kitchen and work area
63200,"May plan menus, determine size of food portions, estimate food requirements and costs, and monitor and order supplies"
63200,May hire and train kitchen staff.
63201,"Cut, trim, bone and otherwise prepare custom and/or standard cuts of meat, poultry, fish and shellfish for sale at self-serve counters or according to customers' orders"
63201,Prepare meat for special displays and/or delivery
63201,"Shape, lace and tie roasts and other meats, poultry or fish and may wrap or package fresh or frozen or prepared meats"
63201,"Manage inventory, keep records of sales and determine amount, product line and freshness of products according to company and customer requirements"
63201,"Adhere to Hazard Analysis and Critical Control Points (HACCP), Canadian Food Inspection Agency (CFIA) and food safety standards"
63201,Ensure food storage conditions are adequate
63201,"May supervise, direct work or train other butchers, meat cutters or fishmongers."
63202,"Prepare dough for pies, bread, rolls and sweet goods, batters for muffins, cookies and cakes and icings and frostings according to recipes or special customer orders"
63202,Bake mixed doughs and batters
63202,Frost and decorate cakes or other baked goods
63202,Ensure quality of products meets established standards
63202,Draw up production schedule to determine type and quantity of goods to produce
63202,Purchase baking supplies
63202,May oversee sales and merchandising of baked goods
63202,"May hire, train and supervise baking personnel and kitchen staff."
63210.01,Suggest hairstyle compatible with client's physical features or determine style from client's instructions and preferences
63210.01,"Cut, trim, taper, curl, wave, perm and style hair"
63210.01,"Apply bleach, tints, dyes or rinses to colour, frost or streak hair"
63210.01,Analyze hair and scalp condition and provide basic treatment or advice on beauty care treatments for scalp and hair
63210.01,Clean and style wigs and hair pieces
63210.01,Apply hair extensions
63210.01,May shampoo and rinse hair
63210.01,May perform receptionist duties and order supplies
63210.01,"May train or supervise other hairstylists, hairstylist apprentices and helpers."
63210.02,Barbers
63210.02,Cut and trim hair according to client's instructions or preferences
63210.02,Shave and trim beards and moustaches
63210.02,"May shampoo hair and provide other hair treatment, such as waving, straightening and tinting and may also provide scalp conditioning massages"
63210.02,May book appointments and order supplies
63210.02,May train and supervise other barbers and barber apprentices.
63211.01,Estheticians
63211.01,Give facial and other body treatments using specialized products and techniques.
63211.02,Advise customers on the use of make-up and other beauty products and apply make-up to customers; may specialize in applying make-up to models or other individuals for special occasions.
63211.03,Electrologists
63211.03,"Remove unwanted hair permanently from client's face or body using needle only specialized electrical hair removal equipment, laser or other equipment."
63211.04,"Clean, shape and polish fingernails and toenails and provide related treatments."
63211.05,Apply medicated lotions to treat scalp conditions and hair loss.
63211.06,"Clean and sterilise tattoo equipment and work areas; consult with and advise clients with respect to size, color, design and placement of body art; use a demographer to permanently pigment the client’s skin with chemical dyes; maintain health and safety procedures; and may apply temporary designs to client’s skin."
63211.07,"Prepare and apply custom-made hair pieces to customer's scalp, weave customer's hair to hair pieces and provide scalp treatments."
63220.01,Discuss type of footwear to be made and obtain measurements from customer
63220.01,Select patterns and leather or other material and outline and cut patterns
63220.01,"Select or assemble lasts, fasten insoles to lasts and sew or glue other parts into place"
63220.01,"Trim, dress and otherwise finish boots or shoes"
63220.01,Estimate custom footwear costs and receive payment from customers
63220.01,May supervise other shoemakers and shoe repairers.
63220.02,"Repair soles, heels and other parts of footwear using sewing, buffing and other shoe repair machines, materials and equipment"
63220.02,"Repair belts, luggage, purses and similar products"
63220.02,Estimate footwear repair costs and take payment.
63221,"Discuss upholstery fabric, colour, and style with customers and provide cost estimate for upholstering furniture or other items"
63221,"Lay out, measure and cut upholstery materials according to sketches or design specifications"
63221,"Replace worn-out webbing, springs and other furniture parts using hand and power tools"
63221,Operate sewing machines or sew upholstery materials by hand to seam cushions and join sections of covering materials
63221,Install padding and underlays and fasten covering materials to furniture frames
63221,"Tack, glue or sew ornamental trim, braids or buttons on upholstered items"
63221,"Lay out, cut, fabricate and install upholstery in aircrafts, motor vehicles, railway cars, boats and ships"
63221,May repair furniture frames and refinish wood surfaces
63221,"May make upholstery patterns from sketches, customer descriptions or blueprints"
63221,"May install, fabricate, maintain and repair interior components of aircraft, such as seats, coverings, drapes, cargo nets, flooring, closets, bins and panels."
64100.01,"Greet customers and discuss type, quality and quantity of merchandise or services sought for purchase, rental or lease"
64100.01,"Advise customers on use and care of merchandise, and provide advice concerning specialized products or services"
64100.01,"Estimate or quote prices, credit terms, trade-in allowances, warranties and delivery dates"
64100.01,"Prepare merchandise for purchase, rental or lease"
64100.01,"Prepare sales, rental or leasing contracts and accept cash, cheque, credit card or automatic debit payment"
64100.01,Assist in display of merchandise
64100.01,Maintain sales records for inventory control
64100.01,Operate computerized inventory record keeping and re-ordering systems
64100.01,May conduct sales transactions through Internet-based electronic commerce.
64100.02,Design and implement window and interior displays
64100.02,"Assemble visual retail displays to promote products, promotional events and seasonal change overs"
64100.02,"Ensure visual displays comply with brand guidelines and standards, including organization's culture, image and target market"
64100.02,Set up lighting systems to create a visual atmosphere
64101,Promote sales to existing clients
64101,Identify and solicit potential clients
64101,Provide clients with presentations on the benefits and uses of goods or services
64101,"Estimate or quote prices, credit or contract terms, warranties and delivery dates"
64101,Prepare or oversee preparation of sales or other contracts
64101,Consult with clients after sale or signed contracts to resolve problems and to provide ongoing support
64101,"Review and adapt to information regarding product innovations, competitors and market conditions"
64101,Represent companies that export and import products or services to and from foreign countries
64101,May conduct sales transactions through Internet-based electronic commerce
64101,May supervise the activities of other sales representatives.
64200.01,"Make made-to-measure garments, such as suits and coats according to customers' and clothing manufacturers' specifications and fit"
64200.01,"Design, select and/or modify commercial patterns to customers' and clothing manufacturers' specifications"
64200.01,"Mark, cut and sew fabric"
64200.01,"Fit, alter and repair garments according to customers' requests by hand or using sewing machines."
64200.02,"Make, alter, restyle and repair natural fur garments and accessories."
64200.03,"Design, lay out, cut, sew and press fabric, leather and other materials into hats and related accessories."
64201.01,"Advise clients on hair colour, hairstyles, make-up, clothing and accessories; may advise on posture, general appearance and manners, and provide courses and seminars on business and social etiquette"
64201.01,"Advise clients on type, colour and application of make-up"
64201.01,Advise clients on choice of colours for clothing that will complement their appearance.
64201.02,"Advise clients on the selection of wedding gowns, floral arrangements, banquet facilities, wedding invitations and other items related to weddings."
64201.03,"Administer commercial weight-loss programs, advise clients on diet and exercise and provide related support services."
64300,Receive and record patrons' reservations and assign tables
64300,Greet patrons and escort them to tables or other seating areas
64300,"Speak with patrons to ensure satisfaction with food and service, and attend to complaints"
64300,Order dining room supplies and equipment
64300,Inspect dining and serving areas and equipment
64300,Supervise and coordinate activities of food and beverage servers and other serving staff
64300,Accept payment from patrons for food and beverages
64300,Maintain financial statements and records
64300,Prepare work schedules and payrolls
64300,Interview candidates for food and beverage server positions and train new employees
64300,May be responsible for marketing and advertising the dining establishment.
64301,Take beverage orders from serving staff or directly from patrons
64301,"Mix liquor, soft drinks, water and other ingredients to prepare cocktails and other drinks"
64301,"Prepare mixed drinks, wine, draft or bottled beer and non-alcoholic beverages for food and beverage servers or serve directly to patrons"
64301,Collect payment for beverages and record sales
64301,Maintain inventory and control of bar stock and order supplies
64301,Clean bar area and wash glassware
64301,Ensure compliance with provincial/territorial liquor legislation and regulations
64301,May train and supervise other bartenders and bar staff
64301,May hire and dismiss staff.
64310,"Provide travel information to clients regarding destinations, transportation and accommodation options and travel costs, and recommend suitable products"
64310,Plan and organize vacation travel for individuals or groups
64310,Make transportation and accommodation reservations using computerized reservation and ticketing system
64310,Sell single fare tickets and package tours to clients
64310,"Promote particular destinations, tour packages and other travel services"
64310,"Investigate new travel destinations, hotels and other facilities and attractions"
64310,"Provide travel tips regarding tourist attractions, foreign currency, customs, languages and travel safety."
64311.01,"Greet passengers, explain and demonstrate safety procedures, check the general condition of the aircraft cabin, ensure that all necessary supplies are on board"
64311.01,"Attend to safety of passengers during take-offs, landings and emergencies"
64311.01,Serve food and beverages to passengers and make flight announcements.
64311.02,"Coordinate the activities of flight attendants, provide service to passengers during flight and complete reports."
64311.03,Supervise ship attendants and arrange activities for passengers
64311.03,"Conduct ship's business, such as signing on crew, maintaining payroll records, assisting passengers in preparing customs declarations and supervising baggage storage."
64312.01,"Help customers plan travel time and routes, prepare and issue tickets, assign seats, prepare boarding passes, check baggage, attend boarding gates"
64312.01,Assist pre-boarding passengers and provide information on fares and flight schedules and routes
64312.01,"Trace lost, delayed or misdirected baggage for customers."
64312.02,"Weigh cargo and compute freight costs, calculate charges for services and insurance, process bills of lading, cargo manifests and other documents"
64312.02,Trace lost or misdirected cargo and maintain shipping and other records
64312.02,"Complete pre-flight documents regarding passenger and cargo load, catering count, special requests and other flight information"
64312.02,Relay operational messages to operations control and downline stations
64312.02,Calculate load weights for compartments of aircraft using charts and computers
64312.02,Plan load to distribute and balance cargo.
64312.03,"Reserve seats for tour companies, travel agencies, wholesalers and the general public using computerized systems"
64312.03,Provide information on airline passengers and process mileage points.
64313.01,"Answer customer inquiries, quote fares and assist clients in planning travel times and routes"
64313.01,"Reserve seats for tour companies, travel agencies, wholesalers and the general public"
64313.01,"Issue tickets, handle cash transactions and check baggage"
64313.01,Receive and record bookings for package tours from retail travel agencies and supply information regarding available vacancies when working for wholesale travel companies.
64313.02,Quote fare and rates for cargo shipment
64313.02,Compute shipment costs including charges for services and insurance using rate tables and schedules and prepare and maintain shipping and other documents
64313.02,"Check in passenger baggage and sort for loading by baggage handlers or may load baggage directly into buses, railway cars or cruise ships"
64313.02,Trace lost or misdirected passenger baggage or cargo shipment.
64314,"Maintain an inventory of vacancies, reservations and room assignments"
64314,Register arriving guests and assign rooms
64314,"Answer enquiries regarding hotel services and registration by letter, by telephone and in person, provide information about services available in the community and respond to guests' complaints"
64314,"Compile and check daily record sheets, guest accounts, receipts and vouchers using computerized or manual systems"
64314,Present statements of charges to departing guests and receive payment.
64320.01,"Transport or escort individuals or groups on tours of cities, waterways and industrial and other establishments"
64320.01,"Describe points of interest, answer questions and supply information"
64320.01,Provide historical and cultural facts related to the site
64320.01,May collect admission fees and sell souvenirs.
64320.02,Escort individuals and groups on vacation and business trips
64320.02,Ensure that reservations for transportation and accommodations are confirmed and that prepared itineraries are met
64320.02,Visit and describe points of interest and plan and carry out recreational activities
64320.02,"Resolve problems with itineraries, service and accommodations."
64321,"Operate gaming tables and games such as roulette, blackjack, keno, baccarat and poker"
64321,Monitor and assist patrons using slot machines
64321,Explain rules of games to patrons and ensure that rules are followed
64321,Accept keno wagers and issue computerized tickets for selection
64321,Determine winners or announce winning numbers
64321,"Calculate and pay out winning bets and jackpots, collect losing bets and maintain related reports"
64321,Replenish and reset slot machines
64321,May perform minor adjustments or repairs to slot machines.
64322,Plan itinerary for trip or expedition and arrange transportation or transport individuals or group to site
64322,"Assemble and inspect necessary equipment and supplies, such as camping gear, hot air balloon, rafts, life jackets, fishing tackle and food"
64322,"Lead or escort individuals or groups and advise on safety and emergency measures, techniques and the use of equipment"
64322,"Provide instruction for activities such as canoeing, rafting and mountain climbing"
64322,"Advise on specific laws and regulations for activities such as hunting, fishing and boating"
64322,Follow environmental guidelines and prevent violations
64322,Provide first aid in emergency situations
64322,May prepare meals for group and set up camp.
64400,"Process customer cash deposits and withdrawals, cheques, transfers, bills and credit card payments, money orders, certified cheques and other related banking transactions"
64400,"Obtain and process information required for the provision of services, such as opening accounts and savings plans and purchasing bonds"
64400,"Sell travellers' cheques, foreign currency and money orders"
64400,Answer enquiries and resolve problems or discrepancies concerning customers' accounts
64400,Inform customers of available banking products and services to address their needs.
64401,"Calculate and affix the correct postage on letters, parcels and registered mail and receive payment from customers"
64401,"Sell stamps, prepaid mail and courier envelopes and money orders"
64401,Route mail to the proper delivery stream
64401,Sign or obtain signatures from recipients for registered or special delivery mail and keep records
64401,"Answer inquiries and complete forms regarding change of address, theft or loss of mail"
64401,Record and balance daily transactions.
64409,"Answer, in person or on the phone, enquiries from customers"
64409,"Arrange for refunds, exchange and credit for returned merchandise"
64409,Receive account payments
64409,Receive credit and employment applications.
64409,Take customer orders for goods or services
64409,Promote goods or services
64409,Respond to enquiries and emergencies
64409,Investigate complaints and update accounts.
64409,"Provide information to customers and the public concerning goods, services, schedules, rates, regulations and policies in response to telephone and in-person enquiries."
64409,Explain the type and cost of services offered
64409,"Update accounts, initiate billing and process claim payments, and receive payment for services."
64410.01,"Control access to establishments, operate security control-room equipment and patrol assigned areas to guard against theft, vandalism and fire"
64410.01,Enforce regulations to maintain order and resolve conflicts and to monitor establishment activities
64410.01,Ensure safety and emergency procedures are followed
64410.01,Issue passes and direct visitors to appropriate areas and check age identification of patrons.
64410.02,"Drive and guard armoured trucks, pick-up and deliver cash and valuables to banks, automated teller machines and retail establishments."
64410.03,Investigate unlawful acts of employees or patrons of establishments
64410.03,Recommend security systems such as electronic detection devices and access devices.
64410.04,Conduct investigations to locate missing persons
64410.04,Obtain information for use in civil and criminal litigation matters or for other purposes
64410.04,May also conduct polygraph tests (integrity surveys) for clients.
64410.05,Prevent and detect shoplifting and theft in retail establishments.
65100,Greet customers
65100,"Establish or identify price of goods, services or admission and tabulate total payment required using electronic or other cash register, optical price scanner or other equipment"
65100,Weigh produce and bulk foods
65100,"Receive and process payments by cash, cheque, credit card or automatic debit"
65100,Wrap or place merchandise in bags
65100,Provide information to customers
65100,Assist sports spectators and theatre patrons with seat selection
65100,Calculate foreign currency exchange
65100,Calculate total payments received at end of work shift and reconcile with total sales
65100,"Verify the age of customers when selling lottery tickets, alcohol or tobacco products"
65100,May accept reservations and take-out orders
65100,May also stock shelves and clean check-out counter area.
65101,"Perform minor service and maintenance such as washing the windshield, checking fluid levels and air pressure, and replacing parts such as tires, light bulbs and windshield-wiper blades"
65101,"Perform minor property maintenance duties such as sweeping service station lot, trimming shrubs, scrubbing service bays and painting curbs"
65101,May pick up and deliver customers' cars for service station automotive repair department.
65101,Refuel boats and/or vehicles
65101,Pump boat's marine septic system
65101,"Rent boats, life jackets and other equipment and record rental data"
65101,Receive payment from customers
65101,Maintain dock area and marina facilities and assist in seasonal moving of ramps and docks.
65102,"Bag, box or parcel purchases for customers at stores or for shipment and delivery to customers"
65102,Carry customers' purchases to parking lot and pack in vehicles
65102,"Unpack products received by store and count, weigh or sort items"
65102,"Use barcode scanning equipment to record incoming stock, verify pricing and maintain computerized stock inventory"
65102,Price items using stamp or stickers according to price list
65102,Attach protective devices to products to protect against shoplifting
65102,Stock shelves and display areas and keep stock clean and in order
65102,"Label and document orders, and prepare shipping, customs and courier documentation when required"
65102,Obtain articles for customers from shelf or stockroom
65102,Direct customers to location of articles sought and assist with inquiries
65102,"Enter, track and process customer orders and generate inventory reports"
65102,"May operate carts, dollies, forklifts, hand trucks, order pickers and other powered industrial trucks (PIT)"
65102,"May sweep aisles, dust display racks and perform other general cleaning duties"
65102,May operate cash register and computer for electronic commerce transactions
65102,May order stock.
65109.01,Contact potential customers by phone or through personal contacts
65109.01,"Arrange sales demonstration appointments, and show, describe and sell goods or services at wholesale, retail and industrial establishments, at exhibitions, trade shows or directly to individual customers or at sales parties and private homes"
65109.01,Deliver purchased goods to customers.
65109.02,Solicit sales and sell merchandise to residents of private homes
65109.02,Set up and display merchandise on sidewalks or at public events to sell to the public.
65109.03,"Contact businesses or private individuals, by telephone, to solicit sales for goods or services."
65200,"Greet patrons, present menus, make recommendations and answer questions regarding food and beverages"
65200,Take orders and relay to kitchen and bar staff
65200,Recommend wines that complement patrons' meals
65200,Serve food and beverages
65200,Prepare and serve specialty foods at patrons' tables
65200,Present bill to patrons and accept payment
65200,May order and maintain inventory of wines and wine glassware
65200,May perform sensory evaluation of wines.
65201.01,Take customers' orders
65201.01,"Clean, peel, slice and trim foodstuffs using manual and electric appliances"
65201.01,"Use deep fryer, grill, oven, dispensers and other equipment to prepare fast food items such as sandwiches, hamburgers, fries, salads, ice cream dishes, milkshakes and other beverages"
65201.01,"Portion, assemble, and wrap food or place it directly on plates for service to patrons, and package take-out food"
65201.01,Use equipment to prepare hot beverages such as coffee and tea specialties
65201.01,Serve customers at counters or buffet tables
65201.01,Stock refrigerators and salad bars and keep records of the quantities of food used
65201.01,May receive payment for food items purchased.
65201.02,Wash and peel vegetables and fruit
65201.02,"Wash work tables, cupboards and appliances"
65201.02,Remove trash and clean kitchen garbage containers
65201.02,"Unpack and store supplies in refrigerators, cupboards and other storage areas"
65201.02,"Sweep and mop floors, and perform other duties to assist cook and kitchen staff."
65201.03,Clear and clean tables and trays in eating establishments
65201.03,"Bring clean dishes, flatware and other items to serving areas and set tables"
65201.03,Replenish condiments and other supplies at tables and in serving areas
65201.03,Remove dishes before and after courses
65201.03,"Perform other duties such as scraping and stacking dishes, carrying linen to and from laundry area and running errands."
65201.04,"Wash dishes, glassware, flatware, pots and pans using dishwasher or by hand"
65201.04,Place dishes in storage area
65201.04,"Scour pots and pans, and may clean and polish silverware."
65202,grind meats and slice cooked meats using powered grinders and slicing machines
65202,"cut, weigh, package, label and price meat, meat products, fish and seafood for sale"
65202,suggest complementary and/or alternative meat or fish products to consumers
65202,"inspect the quality of meat, fish and seafood, expiry dates and ensure proper product rotation"
65202,"ensure the maintenance of equipment, displays and work area"
65202,receive and store merchandise in accordance with the company's established standards
65202,comply with government health and safety standards and occupational health and safety standards.
65210.01,"Carry luggage for hotel guests, escort incoming guests to their rooms"
65210.01,Check rooms to ensure they are in order
65210.01,"Offer information regarding features of rooms, services of hotel and points of interest"
65210.01,Assist guests with special needs
65210.01,Attend to group arrivals and departures
65210.01,Receive and deliver items and messages for guests
65210.01,Handle guest complaints and requests and maintain luggage storage areas
65210.01,Convey travellers' luggage at railway stations and airports by hand or hand truck and arrange for ground transportation.
65210.02,"Set and clear tables, serve food and beverages, clean sleeping cars and cabins, make beds, wash dishes and maintain washroom supplies"
65210.02,Carry luggage for passengers aboard ships
65210.02,Ensure customer satisfaction and comfort.
65210.03,"Set-up, install, reconfigure, relocate and dismantle temporary partitions and furnishings of rooms"
65210.03,"Assemble, rotate and disassemble window displays, showcases and signage according to floor plans or instructions"
65210.03,Assist with installation of audiovisual equipment and help in resolving problems during use
65210.03,May perform minor repairs on installations and routine maintenance of audiovisual equipment.
65211.01,"Drive trucks, vans and other vehicles to transport amusement rides, games and other attractions to amusement attraction sites"
65211.01,"Set up rides, fun houses, game concessions and other amusement attractions"
65211.01,Perform routine maintenance and safety inspections of attraction equipment
65211.01,"Operate rides and other attractions, oversee game activities and ensure safety of participants"
65211.01,May sell tickets.
65211.02,"Collect tickets and fees, and rent or sell sports and accessory equipment"
65211.02,"Schedule the use of recreational facilities such as golf courses, tennis courts, bowling alleys, fitness clubs, campgrounds and other similar facilities"
65211.02,"Operate recreational facility equipment such as ski lifts, ice rink equipment and snow making machines"
65211.02,"Assist patrons on and off ski lifts and amusement park rides, secure and release safety belts and bars and monitor equipment to detect wear and damage"
65211.02,Clean and maintain recreational facilities and grounds.
65220,"Prepare food and feed animals, fish or birds at scheduled intervals"
65220,"Clean and disinfect cages, pens and surrounding areas"
65220,"Shampoo, clip and groom animals"
65220,Assist veterinarians and animal health technologists and technicians to inoculate and treat animals
65220,Assist animal breeders to handle and nurture animals
65220,Assist scientists and researchers in conducting laboratory tests with animals
65220,Monitor and document animal behaviour
65220,Train dogs to obey commands and perform specific duties in response to signals.
65229,Chart and interpret stellar and planetary positions on a horoscope to predict future events and trends for a client or the general public.
65229,Provide personal advice to clients based on various schools of thought.
65229,Offer a wide variety of personal services not elsewhere classified.
65310.01,"Sweep, mop, wash, wax and polish floors"
65310.01,"Clean, disinfect and polish kitchen and bathroom fixtures and appliances"
65310.01,"Clean and disinfect public areas such as changing rooms, showers and elevators"
65310.01,Disinfect operating rooms and other hospital areas
65310.01,"Wash windows, walls and ceilings."
65310.01,May handle complaints.
65310.02,"Dust furniture and vacuum carpeting and area rugs, draperies and upholstered furniture"
65310.02,"Make beds, change sheets and distribute clean towels and toiletries"
65310.02,Attend to guests' requests for extra supplies
65310.02,Stock linen closets and other supplies' areas
65310.02,Report and store lost and found items
65310.02,May provide basic information on facilities
65311.01,"Operate cleaning machines to clean carpets, rugs and upholstered furniture on customers' premises or in carpet and upholstery cleaning establishments."
65311.02,Clean soot and creosote from chimneys and fireplaces using hand tools and industrial vacuum cleaners
65311.02,"Clean building exteriors, tanks and industrial equipment using sandblasting, pressurized steam or hydroblasting equipment."
65311.03,"Clean ducts, vents and filters of furnaces in residences and commercial buildings using hand tools and industrial vacuum cleaners."
65311.04,"Clean the interior and exterior of automobiles, buses, streetcars, railway cars and subway cars."
65311.05,Wash and clean interior and exterior windows and other glass surfaces in low-rise and highrise buildings.
65312,"Operate industrial vacuum cleaners to remove scraps, dirt, heavy debris and other refuse"
65312,"Wash windows, interior walls and ceilings"
65312,Empty trash cans and other waste containers
65312,"Sweep, mop, scrub and wax hallways, floors and stairs"
65312,Clean snow and ice from walkways and parking areas
65312,Cut grass and tend grounds and plants
65312,Clean and disinfect washrooms and fixtures
65312,"May move heavy furniture, equipment and supplies."
65320.01,"Operate dry cleaning machines to dry-clean dresses, suits, coats, sweaters and other garments, draperies, cushion covers and other articles"
65320.01,"Sort garments and operate washing machines and dryers to clean and dry clothing, sheets, blankets, towels and other articles"
65320.01,Operate machines to clean and blow-dry fur garments
65320.01,"Operate machines to dry-clean, dye, spray, re-oil, and re-buff suede and leather garments"
65320.01,"Mix and add detergents, dyes, bleaches, starches and other solutions and chemicals."
65320.02,Check finished garments and other articles to ensure that they are properly dry-cleaned or laundered
65320.02,Record damaged or improperly dry-cleaned or laundered garments and other articles
65320.02,Use hand-held steam iron to touch up finished garments and other articles
65320.02,Assemble and bag finished garments and other articles
65320.02,Match invoices with tags on garments or other articles.
65320.03,"Operate finishing equipment such as steam pressers, and use hand irons to finish pants, jackets, shirts, skirts and other dry cleaned and laundered articles"
65320.03,Hand iron laundered fine linens or dry-cleaned silk garments
65320.03,Operate fur ironing and glazing equipment to finish fur garments and other fur articles
65320.03,Fold and bag dry cleaned and laundered articles
65320.03,May operate laundering equipment.
65329.01,"Shampoo, condition and dry customers' hair and assist hair stylists as directed"
65329.01,Keep work areas clean.
65329.02,"Assist persons entering or leaving residential buildings, theatres and similar establishments"
65329.02,May call taxis and assist with parcels.
65329.03,Drive hearses
65329.03,Arrange lights and floral displays
65329.03,Escort mourners and act as pallbearers
65329.03,Clean funeral parlours and chapels.
65329.04,Replenish vending machines
65329.04,Provide change
65329.04,Explain operation of machines to customers
65329.04,Clean the laundromat and arrange for the repair of broken machines
65329.04,"May wash, dry and fold laundry for customers"
65329.04,May operate dry cleaning machines for customers.
65329.05,Collect parking fees and issue ticket stubs
65329.05,Direct customers to parking spaces and park cars.
65329.06,Collect admission tickets or passes from patrons at entertainment events and direct patrons to their seats.
65329.07,Perform services specific to the establishments in which their occupations are found.
70010,"Plan, organize, direct, control and evaluate construction projects from start to finish according to schedule, specifications and budget"
70010,Prepare and submit construction project budget estimates
70010,Plan and prepare construction schedules and milestones and monitor progress against established schedules
70010,"Prepare contracts and negotiate revisions, changes and additions to contractual agreements with architects, consultants, clients, suppliers and subcontractors"
70010,Develop and implement quality control programs
70010,Represent company on matters such as business services and union contracts negotiation
70010,Prepare progress reports and issue progress schedules to clients
70010,Direct the purchase of building materials and land acquisitions
70010,Hire and supervise the activities of subcontractors and subordinate staff.
70011,"Plan, organize, direct, control and evaluate the activities of a residential home building or renovating company"
70011,Prepare bids for home construction or renovation projects
70011,"Consult with customers, architects and engineers regarding plans and specifications"
70011,"Select, hire and supervise trade subcontractors to do specialized work, such as plumbing, heating and electrical work"
70011,Plan and prepare work schedules and co-ordinate the activities of subcontractors
70011,Inspect work performed by subcontractors to ensure quality and conformity with plans and specifications
70011,Prepare and maintain a directory of suppliers and trade subcontractors
70011,Develop and implement marketing and advertising strategies to promote company's products and services
70011,May perform carpentry or other trade work during home construction or renovation activities.
70012.01,"Plan, organize, direct, control and evaluate the operations of commercial, transportation and recreational facilities and the included real estate"
70012.01,Oversee the leasing of space in the facility and the included real estate and the development of marketing strategies
70012.01,"Plan, organize and direct administrative services such as signage, cleaning, maintenance, parking, safety inspections, security and snow removal"
70012.01,"Plan, organize, direct, control and evaluate construction projects to modify commercial, transportation and recreational facilities and real estate"
70012.01,"Oversee the installation, maintenance and repair of real estate infrastructures including machinery, equipment and electrical and mechanical systems"
70012.01,Plan and manage the facility's operations budget
70012.01,Prepare or oversee the preparation of reports and statistics related to areas of responsibility
70012.01,Hire and oversee training and supervision of staff.
70012.02,"Direct the maintenance and repair of an establishment's machinery, equipment and electrical and mechanical systems"
70012.02,Develop and implement schedules and procedures for safety inspections and preventive maintenance programs
70012.02,"Coordinate cleaning, snow removal and landscaping operations"
70012.02,Administer contracts for the provision of supplies and services
70012.02,Plan and manage a facility's maintenance budget
70012.02,Hire and oversee training and supervision of staff.
70020.01,"Plan, organize, direct, control and evaluate the operations of a transportation company"
70020.01,"Set operations policies and standards, including determination of safety procedures for the handling of dangerous goods, and ensure compliance with transport regulations"
70020.01,"Oversee the dispatch, maintenance and service of vehicles, vessels or aircraft"
70020.01,"Control the company or departmental budget, including acquisitions"
70020.01,"Monitor company's or department's performance, prepare reports for senior management, and plan for changes to schedules and policies"
70020.01,Recruit personnel and oversee their training.
70020.02,"Plan, organize, direct, control and evaluate the operation of or department responsible for co-ordinating, arranging and monitoring the transportation and movement of goods"
70020.02,"Arrange shipping documentation and oversee the schedule, dispatch and tracking of goods"
70020.02,Set transportation service rates and performance indicators
70020.02,Develop plans and procedures for the transportation and storage of goods
70020.02,"Negotiate with carriers, warehouse operators and insurance company representatives for services and preferential rates"
70020.02,Control the departmental budget
70020.02,Recruit personnel and oversee their training.
70021,"Plan, organize, direct, control and evaluate the activities and operations of postal facilities and courier service companies, or of operational divisions within Canada Post and courier service companies"
70021,Co-ordinate the duties of supervisors and other staff
70021,Manage the accurate and expedient movement of mail and parcels through postal and parcel sorting facilities
70021,Review effectiveness of assigned operations and implement changes to postal and courier operations
70021,Prepare and submit budget estimates and administer the expenditures of postal and courier facilities
70021,"Interview, hire and provide training for staff."
72010,"Supervise, coordinate and schedule the activities of workers who shape, form and join metal parts or products to specified dimensions, machine metal into parts, products, tools and dies or moulds with precise measurements and erect light and heavy metal products and structures"
72010,Establish methods to meet work schedules and coordinate work activities with other departments
72010,Requisition materials and supplies
72010,Resolve work problems and recommend work measures to improve productivity
72010,Train or arrange for training of workers
72010,Recommend personnel actions such as hirings and promotions
72010,Ensure standards for safe working conditions are observed
72010,Prepare production and other reports
72010,Set up machines and equipment and write programs for computer numerically controlled (CNC) machine tools
72010,May manage the operations of their own companies
72010,"May also supervise, coordinate and schedule the activities of related apprentices, machine operators, helpers and labourers."
72011,"Supervise, coordinate and schedule the activities of workers who install, repair and maintain electrical wiring, fixtures and control devices, power systems, telecommunication systems and cablevision systems"
72011,Establish methods to meet work schedules and coordinate work activities with other departments or subcontractors
72011,Requisition materials and supplies
72011,Resolve work problems and recommend work measures to improve productivity
72011,Train or arrange for training of workers
72011,Recommend personnel actions such as hirings and promotions
72011,Ensure standards for safe working conditions are observed
72011,Prepare work progress reports
72011,May manage the operations of their own companies
72011,"May also supervise, coordinate and schedule the activities of related apprentices, helpers and labourers."
72012,"Supervise, coordinate and schedule the activities of workers who install, repair and maintain piping systems used for the transmission of steam, heat, water, oil and other liquids and gases in residential, commercial, industrial and other installations"
72012,Establish methods to meet work schedules and coordinate work activities with other departments
72012,Requisition materials and supplies
72012,Resolve work problems and recommend measures to improve productivity
72012,Train or arrange for training of workers
72012,Recommend personnel actions such as hirings and promotions
72012,Ensure standards for safe working conditions are observed
72012,Prepare schedules and other reports
72012,May manage the operations of their own companies
72012,"May supervise, coordinate and schedule the activities of related apprentices, helpers and labourers."
72013,"Supervise, coordinate and schedule the activities of carpenters who construct, renovate and maintain structures of wood and other building materials and build and install interior finishing in residential, commercial and industrial buildings; and of cabinetmakers who construct and repair custom wooden cabinets, furniture, fixtures and related products"
72013,Establish methods to meet work schedules and coordinate work activities with other departments
72013,Requisition materials and supplies
72013,Resolve work problems and recommend work measures to improve productivity
72013,Train or arrange for training of workers
72013,Recommend personnel actions such as hirings and promotions
72013,Ensure standards for safe working conditions are observed
72013,Prepare schedules and other reports
72013,May manage the operations of their own companies
72013,"May also supervise, coordinate and schedule the activities of related apprentices, helpers and labourers."
72014,"Supervise, coordinate and schedule the activities of construction workers engaged in bricklaying, roofing, cement finishing, tilesetting, plastering, drywall installation, glazing, insulating and painting, and workers who install and service prefabricated products in residential and commercial properties, as well as workers who repair a wide variety of products, such as musical instruments, sports equipment, vending machines, bicycles and cameras"
72014,Establish methods to meet work schedules and coordinate work activities with other subcontractors
72014,Resolve work problems and recommend measures to improve productivity and product quality
72014,Requisition materials and supplies
72014,"Train workers in job duties, safety procedures and company policies"
72014,Recommend personnel actions such as hirings and promotions
72014,Prepare work progress reports
72014,May manage the operations of own company
72014,"May also supervise, coordinate and schedule the activities of related apprentices, helpers and labourers."
72020,"Supervise, coordinate and schedule the activities of workers who repair and maintain aircraft, railway locomotives and cars, industrial machinery and equipment, construction and other heavy equipment, textile equipment, printing machines, heating equipment and furnaces, transformers and other electrical equipment, motor vehicles, air conditioning and refrigeration equipment, electric appliances and other equipment, such as motorcycles, outboard motors and snowmobiles"
72020,Establish methods to meet work schedules and coordinate work activities with other departments
72020,Requisition materials and supplies
72020,Resolve work problems and recommend work measures to improve productivity
72020,Train or arrange for training of workers
72020,Recommend personnel actions such as hiring and promotions
72020,Ensure that standards for safe working conditions are observed
72020,Prepare production and other reports
72020,May manage the operations of their own companies
72020,"May also supervise, coordinate and schedule the activities of related apprentices, helpers and labourers."
72021,"Supervise, coordinate and schedule the activities of workers who operate cranes and construction, paving, drilling, railway maintenance and other similar heavy equipment"
72021,Establish methods to meet work schedules and coordinate work activities with other project supervisors or managers
72021,Requisition materials and supplies
72021,Resolve work problems and recommend measures to improve productivity
72021,Train or arrange for training of workers
72021,Recommend personnel actions such as hirings and promotions
72021,Prepare production and other reports
72021,May manage the operations of own company
72021,"May also supervise, coordinate and schedule the activities of related apprentices, helpers and labourers."
72022,"Supervise, coordinate and schedule activities of workers who produce camera work and printing plates and cylinders; process film; and print, bind and finish books, newspapers, business forms and other printed products"
72022,Establish methods to meet work schedules and coordinate work activities with other departments
72022,Review and approve all job proofs or samples in order to ensure quality of work meets client specifications
72022,Requisition materials and supplies
72022,"Resolve work problems, provide technical advice and recommend measures to improve productivity and product quality"
72022,"Train staff in job duties, safety procedures and company policies"
72022,Recommend personnel actions such as hiring and promotions
72022,Prepare production and other reports
72022,May set up machines or equipment.
72023,"Supervise, coordinate and schedule the activities of workers who operate trains, drive locomotives in railway yards and perform other duties related to railway operations"
72023,Establish methods to meet work schedules and coordinate work activities with other departments
72023,Resolve work problems and recommend measures to improve performance
72023,Requisition materials and supplies
72023,"Train staff in job duties, safety procedures and company policy"
72023,Recommend personnel actions such as hiring and promotions
72023,Prepare work reports.
72024,"Supervise, coordinate and schedule the activities of workers who operate trucks, buses, subway trains, light rail transit, street cars, taxis and other transport vehicles"
72024,Establish methods to meet work schedules and coordinate work activities with other departments
72024,Resolve work problems and recommend measures to improve performance
72024,Requisition materials and supplies
72024,"Train staff in job duties, safety procedures and company policies"
72024,Recommend personnel actions such as hiring and promotions
72024,Dispatch bus drivers and monitor routes to ensure schedules are met and to resolve operating problems
72024,Monitor and operate signal and track switch control panel of subway systems
72024,"Prepare work reports and budgets, and monitor expenditures."
72025,"Co-ordinate, assign and review the work of postal clerks, couriers and letter carriers engaged in the collecting, sorting and delivering of mail, parcels and other material"
72025,Establish work schedules and procedures and co-ordinate activities with other work units or departments
72025,Resolve work-related problems and prepare and submit progress and other reports
72025,"Train workers in job duties, safety procedures and company policies"
72025,Requisition supplies and materials
72025,Ensure smooth operation of computer systems and equipment and arrange for maintenance and repair work
72025,May perform the same duties as workers supervised.
72100.01,"Read and interpret engineering drawings, blueprints, charts and tables or study sample parts to determine machining operation to be performed, and plan best sequence of operations"
72100.01,Compute dimensions and tolerances and measure and lay out work pieces
72100.01,"Set up, operate and maintain a variety of machine tools including computer numerically controlled (CNC) tools to perform precision, non-repetitive machining operations such as sawing, turning, milling, boring, planing, drilling, precision grinding and other operations"
72100.01,Fit and assemble machined metal parts and subassemblies using hand and power tools
72100.01,Verify dimensions of products for accuracy and conformance to specifications using precision measuring instruments
72100.01,May set up and program machine tools for use by machining tool operators.
72100.02,"Verify dimensions of machined parts or tooling using micrometers, verniers, callipers, height gauges, optical comparators, coordinate measuring machines (CMM) or other specialized measuring instruments"
72100.02,"Maintain, repair and calibrate precision measuring instruments such as dial indicators, fixed gauges, height gauges and other measuring devices"
72100.02,Report deviations from specifications and tolerances to supervisor
72100.02,Complete and maintain inspection reports.
72101.01,"Read and interpret engineering drawings and specifications of tools, dies, prototypes or models"
72101.01,"Prepare templates and sketches, and determine work processes"
72101.01,Compute dimensions and tolerances and set up machine tools
72101.01,"Position, secure, measure and work metal stock or castings to lay out for machining"
72101.01,"Set up, operate and maintain a variety of conventional and computer numerically controlled (CNC) machine tools to cut, turn, mill, plane, drill, bore, grind or otherwise shape workpiece to prescribed dimensions and finish"
72101.01,"Verify machined parts for conformance to specifications using precision measuring instruments such as verniers, callipers, micrometers, coordinate measuring machines (CMM) and electronic measuring devices"
72101.01,Fit and assemble or disassemble parts using hand tools
72101.01,"Test completed tools, dies, jigs or fixtures for proper operation"
72101.01,May program CNC machine tools.
72101.02,"Machine, fit and assemble castings and other parts to make precision models of required shape such as metal patterns, core boxes and match plates"
72101.02,"Machine, fit and assemble parts to make metal moulds and cores for plastic injection moulding, or other production processes"
72101.02,"Lay out, shape and assemble patterns of metal, wood, plastic and other materials from blueprints, models or templates"
72101.02,May program CNC machine tools.
72102,"Read engineering and architectural drawings, sketches and work specifications to be performed, and lay out, measure and mark sheet metal according to drawings or templates"
72102,Develop patterns for sheet metal using computer-assisted design and drafting (CAD) software package
72102,"Operate light metalworking machines such as shears, brakes, punches, and drill presses, including computer numerical control (CNC) equipment  to cut, bend, punch, drill, shape or straighten sheet metal"
72102,Operate computerized laser or plasma cutting equipment to cut sheet metal
72102,Install and use rigging and hoisting equipment
72102,"Fit and join sheet metal parts using riveting, welding, soldering and similar equipment to fabricate products such as ventilation shafts, exhaust hoods, eavestroughs, partition frames, air and heat ducts, material handling systems, roof decking and sheet metal buildings"
72102,Install sheet metal products according to specifications and building codes
72102,"Grind and buff seams, joints and rough surfaces"
72102,Inspect product quality and installation to ensure conformance to specifications.
72103,Read blueprints or specifications to plan sequence of operation
72103,"Lay out plate, sheet steel or other heavy metal and mark bending and cutting lines on work piece using protractors, compasses and drawing instruments or templates"
72103,"Set up and operate heavy-metal working machines such as brakes, rolls, shears, flame cutters and drill presses to cut, shape and form metal into parts or sections"
72103,"Fit and weld metal parts or sections together to fabricate boilers, vessels, tanks, heat exchangers, piping and other heavy-metal products"
72103,Erect and install boilers and other heavy-metal products according to specifications using hand and power tools
72103,Repair and perform maintenance work on boilers and other heavy-metal products
72103,"Direct activities of hoist or crane operators and other workers during fabrication, assembly, installation or repair of structures"
72103,Test finished structures using a variety of methods.
72104,"Study engineering drawings and blueprints, determine the materials required, and plan the sequence of tasks to cut metal most efficiently"
72104,Construct patterns and templates as guides for layouts
72104,Lay out reference points and patterns on heavy metal according to component specifications
72104,"Rig, hoist and move materials to storage areas or within worksite"
72104,"Assemble and fit metal sections and plates to form complete units or subunits using tack welding, bolting, riveting or other methods"
72104,"Set up and operate various heavy-duty metal-working machines such as brake presses, shears, cutting torches, grinders and drills, including computer numerical control (CNC) equipment, to bend, cut, form, punch, drill or otherwise form heavy-metal components"
72104,Install fabricated components in final product.
72105,Read blueprints and specifications to lay out work
72105,Unload and position steel units so each piece can be hoisted as needed
72105,"Erect and install scaffolding, hoisting equipment and rigging"
72105,Signal crane operator to position steel units according to blueprints
72105,Align and weld or bolt steel units in place
72105,"Erect structural and architectural precast concrete components for buildings, bridges, towers and other structures"
72105,Assemble and erect prefabricated metal structures
72105,Position and secure steel bars or metal mesh in concrete forms to reinforce concrete structures
72105,"Install ornamental and other structural metalwork such as curtain walls, metal stairways, railings and power doors"
72105,"Examine structures and equipment for deterioration, defects or non-compliance with specifications"
72105,May dismantle structures and equipment.
72106.01,Read and interpret blueprints or welding process specifications
72106.01,"Operate manual or semi-automatic welding equipment to fuse metal segments using processes such as gas tungsten arc welding (GTAW), gas metal arc welding (GMAW), flux-cored arc welding (FCAW), plasma arc welding (PAW), shielded metal arc welding (SMAW), oxy-acetylene welding (OAW), resistance welding and submerged arc welding (SAW)"
72106.01,Operate manual or semi-automatic flame-cutting equipment
72106.01,Operate brazing and soldering equipment
72106.01,"Operate metal shaping machines such as brakes, shears and other metal straightening and bending machines"
72106.01,Repair worn parts of metal products by welding on extra layers.
72106.02,"Operate previously set up welding machines such as spot, butt and seam resistance or gas and arc welding machines to fabricate or repair metal parts"
72106.02,"Operate previously set up brazing or soldering machines to bond metal parts or to fill holes, indentations and seams of metal articles with solder"
72106.02,"Start up, shut down, adjust and monitor robotic welding production line"
72106.02,"Assist with the maintenance and repair of welding, brazing and soldering equipment"
72106.02,May adjust welding heads and tooling according to work specifications.
72200,"Read and interpret drawings, circuit diagrams and electrical code specifications to determine wiring layouts for new or existing installations"
72200,Pull wire through conduits and through holes in walls and floors
72200,Install brackets and hangers to support electrical equipment
72200,"Install, replace and repair lighting fixtures and electrical control and distribution equipment, such as switches, relays and circuit breaker panels"
72200,"Splice, join and connect wire to fixtures and components to form circuits"
72200,"Test continuity of circuits using test equipment to ensure compatibility and safety of system, following installation, replacement or repair"
72200,Troubleshoot and isolate faults in electrical and electronic systems and remove and replace faulty components
72200,"Connect electrical power to audio and visual communication equipment, signalling devices and heating and cooling systems"
72200,Conduct preventive maintenance programs and keep maintenance records.
72201,"Read and interpret drawings, blueprints, schematics and electrical code specifications to determine layout of industrial electrical equipment installations"
72201,"Install, examine, replace or repair electrical wiring, receptacles, switch boxes, conduits, feeders, fibre-optic and coaxial cable assemblies, lighting fixtures and other electrical components"
72201,"Test electrical and electronic equipment and components for continuity, current, voltage and resistance"
72201,"Maintain, repair, install and test switchgear, transformers, switchboard meters, regulators and reactors"
72201,"Maintain, repair, test and install electrical motors, generators, alternators, industrial storage batteries and hydraulic and pneumatic electrical control systems"
72201,"Troubleshoot, maintain and repair industrial, electrical and electronic control systems and other related devices"
72201,Conduct preventive maintenance programs and keep maintenance records
72201,"May install, maintain and calibrate industrial instrumentation and related devices."
72202,"Install and maintain electrical power distribution equipment such as transformers, generators, voltage regulators, switches, circuit breakers, capacitors, inductors, and supervisory control and data acquisition (SCADA) systems"
72202,Install and maintain electrical equipment and apparatus in generating stations or powerhouses
72202,"Inspect and test installed electrical equipment and apparatus to locate electrical faults and check their operation, using volt meters, ammeters and other electrical test instruments and equipment"
72202,Repair or replace faulty electrical equipment and apparatus
72202,Complete test and maintenance reports.
72203,"Install, maintain, troubleshoot and repair electrical distribution and transmission systems including overhead and underground power lines and cables, insulators, conductors, lightning arrestors, switches, transformers and other associated equipment"
72203,"Erect and maintain steel, wood or concrete poles, towers and guy wires"
72203,"Splice, solder and insulate conductors and related wiring to connect power distribution and transmission networks using splicing tools, related electrical equipment and tools"
72203,Inspect and test overhead and underground power lines and cables and auxiliary equipment using electrical test equipment
72203,"Climb ladders or operate hydraulic buckets when working aloft on poles and towers, or work in confined spaces such as trenches and tunnels to install power lines and cables and associated equipment"
72203,Install and maintain street lighting systems
72203,Communicate with other workers to coordinate the preparation and completion of work assignments.
72204,"Install, remove, maintain and repair aerial and underground telephone, coaxial and fibre optic cable television, and other telecommunication transmission and distribution lines, cables and associated hardware"
72204,"Splice and repair various types and sizes of telephone and other telecommunication cables including single line, coaxial and fibre optic"
72204,"Repair or replace faulty cables, power supplies, amplifiers and other associated transmission and distribution equipment"
72204,"Inspect, monitor, test and adjust telecommunication transmission lines and cables and distribution systems"
72204,Analyze and record test results
72204,"Climb and work aloft on poles, ladders or other support structures or work in confined spaces such as trenches, tunnels and crawl spaces"
72204,Communicate with other workers to co-ordinate the preparation and completion of work assignments
72204,"Assist in the erection and removal of telecommunication poles, towers and associated support structures"
72204,May operate excavation machinery and other heavy equipment.
72205.01,"Install, arrange, remove and maintain telephone equipment, wiring and associated hardware"
72205.01,Test installed telephone systems to locate transmission faults
72205.01,"Repair or replace defective and damaged telephones, wire and associated equipment."
72205.02,"Install electromechanical, analog and digital trunking systems, circuits and equipment in telecommunications central offices and switching centres"
72205.02,"Inspect and test trunking systems, circuits and equipment"
72205.02,"Analyze test results and adjust, change or repair switching system, network, associated equipment and software."
72205.03,Operate computerized testing systems to conduct service tests on customer lines and equipment
72205.03,"Determine the nature, cause and location of service trouble"
72205.03,Dispatch appropriate repair personnel
72205.03,Complete test reports and maintain test and service records
72205.03,"May assist repair personnel to test lines, circuits and systems, isolate and clear cable faults and verify records."
72205.04,"Install, remove and maintain various telecommunications equipment and related systems such as telex and facsimile machines, teletypewriters, mobile radios, cellular telephones, pagers and other telecommunications equipment"
72205.04,Configure operating systems and install software for access to the Internet
72205.04,Inspect and test operation of telecommunications equipment
72205.04,"Diagnose and locate equipment faults, and adjust, replace or repair telecommunications equipment."
72205.05,Communicate with subscribers and company personnel to determine work assignments
72205.05,"Connect, disconnect and relocate cable outlets, install splitters, converters, decoders, terminals, digital boxes and satellite equipment, and install other cable or wireless modems, routers and software to enable Internet access at subscriber’s premises"
72205.05,"Inspect, test and repair cable and satellite television signals and associated equipment at subscriber’s premises"
72300,"Read blueprints, drawings and specifications to determine layout of plumbing system, water supply network and waste and drainage systems"
72300,"Install, repair and maintain domestic, commercial or industrial plumbing fixtures and systems"
72300,"Locate and mark positions for pipe connections, passage holes and fixtures in walls and floors"
72300,Cut opening in walls and floors to accommodate pipe and pipe fittings
72300,"Measure, cut, bend and thread pipes using hand and power tools or machines"
72300,"Join pipes using couplings, clamps, screws, bolts, cement or soldering, brazing and welding equipment"
72300,Test pipes for leaks using air and water pressure gauges
72300,May prepare cost estimates.
72301.01,"Read and interpret drawings, blueprints and specifications to determine layout requirements"
72301.01,"Cut openings for pipe in walls, floors and ceilings using hand or power tools or machines"
72301.01,Select type and size of pipe required
72301.01,"Measure, cut, thread and bend pipe to required shape using hand and power tools"
72301.01,"Weld, braze, cement, solder and thread joints to join pipes and fabricate sections of piping system"
72301.01,"Install supports, valves, piping and control systems"
72301.01,Test system for leaks using testing equipment
72301.01,Clean and maintain pipe units and fittings and flush system
72301.01,Remove and replace worn components and reactivate system
72301.01,May prepare cost estimates for clients.
72301.02,"Read and interpret drawings, specifications and fire codes to determine layout requirements"
72301.02,"Install clamps, brackets and hangers to support piping system and sprinkler and fire protection equipment, using hand and power tools"
72301.02,"Select, measure, cut, ream and thread pipe, install sprinkler heads and mount prepared pipe in supports"
72301.02,Join pipes and piping sections using soldering and welding equipment
72301.02,"Connect piping system to water mains, supply tanks, pumps, compressors and control equipment"
72301.02,"Installs valves, alarms and associated equipment"
72301.02,Test system for leaks using air or liquid pressure equipment
72301.02,Service and repair sprinkler system
72301.02,May prepare cost estimates for clients.
72302,Study drawings and specifications to determine the layout of the installation and materials required
72302,Measure and mark reference points for installation of gas lines and equipment
72302,Install and maintain gas meters and regulators and gas lines between gas unit and gas meter
72302,"Install, maintain and service gas heating units and their components, such as burners, valves and automatic controls"
72302,Test and replace defective equipment or components
72302,Test and adjust control mechanisms and check pipes and piping connections for gas leaks using gas detecting devices
72302,Attend to gas escape calls and assist in the investigation of gas fires and explosions
72302,Prepare reports on work performed and condition of facilities
72302,"Advise clients regarding standards, safety features and maintenance of gas units and systems"
72302,Convert motor vehicles or appliances to use natural gas fuels
72302,May repair and service gas appliances and related equipment.
72310,"Read and interpret blueprints, drawings and sketches to determine specifications and calculate requirements"
72310,"Prepare layouts in conformance to building codes, using measuring tools"
72310,"Measure, cut, shape, assemble and join materials made of wood, wood substitutes, lightweight steel and other materials"
72310,"Build foundations, install floor beams, lay subflooring and erect walls and roof systems"
72310,"Fit and install trim items, such as doors, stairs, moulding and hardware"
72310,"Maintain, repair and renovate residences and wooden structures in mills, mines, hospitals, industrial plants and other establishments"
72310,Supervise apprentices and other construction workers
72310,May prepare cost estimates for clients.
72311,"Study plans, specifications or drawings of articles to be made, or prepare specifications"
72311,Mark outlines or dimensions of parts on wood
72311,"Operate woodworking machines, such as power saws, jointers, mortisers and shapers, and use hand tools to cut, shape and form parts and components"
72311,"Trim joints and fit parts and subassemblies together to form complete unit using glue and clamps and reinforce joints using nails, screws or other fasteners"
72311,"Sand wooden surfaces and apply veneer, stain or polish to finished products"
72311,"Repair or restyle wooden furniture, fixtures and related products"
72311,"May estimate amount, type and cost of materials required."
72320,Read sketches and blueprints to calculate materials required
72320,Cut and trim bricks and concrete blocks to specification using hand and power tools
72320,"Prepare and lay bricks, concrete blocks, stone, structural tiles and similar materials to construct or repair walls, foundations and other structures in residential, industrial and commercial construction"
72320,Lay bricks or other masonry units to build residential or commercial chimneys and fireplaces
72320,Lay radial bricks to build masonry shells of industrial chimneys
72320,Lay or install firebricks to line industrial chimneys and smokestacks
72320,"Line or reline furnaces, kilns, boilers and similar installations using refractory or acid-resistant bricks, refractory concretes, plastic refractories and other materials"
72320,"Lay bricks, stone or similar materials to provide veneer facing to walls or other surfaces"
72320,Construct and install prefabricated masonry units
72320,"Lay bricks or other masonry units to build patios, garden walls and other decorative installations"
72320,"May restore, clean or paint existing masonry structures."
72321,Read and interpret drawings and specifications to determine insulation requirements and select type of insulation required
72321,Measure and cut insulating material to required dimensions using hand and power tools
72321,"Apply and secure insulation using spraying, blowing, pasting, strapping, taping and other application and installation methods"
72321,Fit insulation around obstructions and between studs and joists
72321,Install vapour barriers
72321,Apply waterproofing cement over insulating materials to finish surfaces
72321,Remove asbestos or urea-formaldehyde insulation from buildings when required.
72400.01,"Read blueprints, diagrams and schematic drawings to determine work procedures"
72400.01,"Install, align, dismantle and move stationary industrial machinery and mechanical equipment, such as pumps, fans, tanks, conveyors, furnaces and generators according to layout plans using hand and power tools"
72400.01,"Operate hoisting and lifting devices such as cranes, jacks and tractors to position machinery and parts during the installation, set-up and repair of machinery"
72400.01,Inspect and examine machinery and equipment to detect and investigate irregularities and malfunctions
72400.01,"Install, troubleshoot and maintain power transmission, vacuum, hydraulic and pneumatic systems, and programmable logic controls"
72400.01,Adjust machinery and repair or replace defective parts
72400.01,"Operate machine tools such as lathes and grinders to fabricate parts required during overhaul, maintenance or set-up of machinery"
72400.01,"Clean, lubricate and perform other routine maintenance work on machinery"
72400.01,Construct foundations for machinery or direct other workers to construct foundations
72400.01,Assemble machinery and equipment prior to installation using hand and power tools and welding equipment.
72400.02,Apply mechanical repair principles and procedures to make sure that machinery runs properly
72400.02,Detect defects and excessive wear in machinery and identify slight differences in dimensions and shapes of component parts
72400.02,Repair and overhaul electrical and mechanical systems on textile machinery and replace and align moving parts as required
72400.02,Set-up and adjust complex machinery for new patterns and products
72400.02,"Analyze information to perform maintenance such as cleaning and lubrication of textile machinery, troubleshooting, and to test running and proper operation of machines"
72400.02,Confer with management to recommend equipment changes and modifications and in evaluating new equipment.
72401,"Check bulldozers, cranes, graders and other heavy construction, agricultural, logging and mining equipment for proper performance and inspect equipment to detect faults and malfunctions"
72401,Diagnose faults or malfunctions using computerized and other testing equipment to determine extent of repair required
72401,"Adjust equipment and repair or replace defective parts, components or systems, using hand and power tools"
72401,Test repaired equipment for proper performance and to ensure that work meets manufacturers' specifications
72401,"Clean, lubricate and perform other routine maintenance work on equipment"
72401,"Service attachments and working tools such as harvesting and tillage equipment, blades, ploughs, winches and side booms"
72401,May perform repair work on heavy trucks
72401,May attach components and adjust new farm equipment.
72402,"Read and interpret blueprints, drawings or other specifications"
72402,Measure and lay out reference points for installation
72402,"Assemble and install refrigeration or air conditioning components such as motors, controls, gauges, valves, circulating pumps, condensers, humidifiers, evaporators and compressors using hand and power tools"
72402,"Measure and cut piping, and connect piping using welding and brazing equipment"
72402,"Install, troubleshoot and overhaul entire heating, ventilation, air handling, refrigeration and air conditioning systems"
72402,Start up system and test for leaks using testing devices
72402,"Recharge system with refrigerant, check and test regulators, calibrate system and perform routine maintenance or servicing"
72402,"Repair and replace parts and components for entire refrigeration, air conditioning, ventilation or heat pump systems"
72402,"May install, maintain and repair equipment in refrigerated trucks used to transport food or medical supplies"
72402,May prepare work estimates for clients.
72403,"Inspect interior and exterior components of freight, passenger and urban transit rail cars to determine defects and extent of wear and damage"
72403,"Repair and install railway car parts such as compressors, air valves, bearings, couplings, air cylinders and piping"
72403,Repair and maintain electrical and electronic controls for propulsion and braking systems
72403,"Repair defective or damaged metal and wood components, using hand and power tools"
72403,Repair and repaint wooden fixtures
72403,Replace damaged windows and repair upholstery
72403,Test and adjust parts using testing gauges and other test equipment
72403,Perform and document routine maintenance.
72404.01,"Troubleshoot aircraft structural, mechanical or hydraulic systems to identify problems and adjust and repair systems according to specifications, technical drawings, manuals and established procedures"
72404.01,"Repair and overhaul aircraft structural, mechanical or hydraulic systems"
72404.01,"Install or modify aircraft engines and mechanical, hydraulic, flight control, fuel and pneumatic systems"
72404.01,"Dismantle airframes, aircraft engines or other aircraft systems for repair, overhaul and cleaning, and reassemble"
72404.01,Perform and document routine maintenance
72404.01,Order and maintain inventory of parts and supplies.
72404.02,Inspect structural and mechanical systems of aircraft and ensure that these systems meet Transport Canada and company standards of performance and safety
72404.02,"Inspect work of aircraft mechanics performing maintenance, repair and overhaul, or modification of aircraft and aircraft mechanical systems to ensure adherence to standards and procedures"
72404.02,"Maintain detailed repair, inspection and certification records of aircrafts."
72405,"Read and interpret blueprints, sketches and diagrams to determine assembly operations"
72405,"Fit and assemble prefabricated metal parts to build heavy industrial machinery and equipment such as construction, farming, and processing machinery, railway vehicles and aircraft engines"
72405,Move and align subassemblies and components using lifting and transporting devices such as overhead cranes
72405,"Install major components such as gears, pumps, motors or hydraulic assemblies"
72405,"Inspect parts, subassemblies and finished products to ensure quality."
72406,Read and interpret blueprints to determine layout of system components
72406,"Perform preparatory construction work including steel work, wiring and piping"
72406,"Install elevators, escalators, moving walkways, dumbwaiters and related equipment according to specifications"
72406,Connect car frames to counterweights with cables and assemble elevator cars
72406,Install and wire electric and electronic control system devices
72406,"Install, test and adjust safety control devices"
72406,Test operation of newly installed equipment
72406,Troubleshoot electrical or mechanical systems failures
72406,Disassemble defective units and repair or replace worn or suspect parts
72406,"Adjust valves, ratchets, seals, brake linings and other components"
72406,Carry out preventative maintenance programs to ensure public safety.
72410.01,Review work orders and discuss work with supervisor
72410.01,"Inspect motor in operation, road test motor vehicle, and test automotive systems and components using computerized diagnostic and other testing devices to diagnose and isolate faults"
72410.01,"Adjust, repair or replace parts and components of automotive systems including fuel system, brakes, steering and suspension, engine and drive train, emission control and exhaust, cooling and climate control, and electrical and electronic systems using hand tools and other specialized automotive repair equipment"
72410.01,Test and adjust repaired systems to manufacturer's performance specifications
72410.01,"Perform scheduled maintenance service, such as oil changes, lubrications and tune ups"
72410.01,"Advise customers on work performed, general vehicle condition and future repair requirements."
72410.02,"Inspect and test mechanical units, such as engines, transmissions, axles and brake systems, to locate faults and malfunctions"
72410.02,Diagnose faults or malfunctions and confirm findings with supervisor to determine whether to repair or replace unit
72410.02,Repair or replace mechanical units or components using hand and power tools
72410.02,Test and adjust units to specifications for proper performance
72410.02,Complete reports to record problems and work performed.
72410.03,"Adjust, repair or replace parts and components of commercial transport truck systems including chassis, frame, cab, body, engine and drive train, air brakes, steering, and fuel, hydraulic, electrical and electronic systems"
72410.03,"Adjust, repair or replace parts and components of truck-trailer systems including structural, brake and electrical systems."
72411,Inspect vehicle and estimate the costs and times for the repair and restoration of the vehicle
72411,Write report on damage and cost estimate
72411,Plan and coordinate work processes with the technicians
72411,Follow automobile industry safety norms and standards
72411,"Provide customer service, such as answering all customer inquiries and explaining the complete repair process"
72411,Follow up with insurance companies for claim related correspondence
72411,Order parts and material
72411,Maintain accurate documentation and obtain customer signatures
72411,Oversee final repairs for appearance and quality of work.
72411,Review damage report and estimates of repair cost and plan work to be performed
72411,"Repair and replace front end components, body components, doors and frame and underbody components"
72411,"Hammer out dents, buckles and other defects using blocks and hammers"
72411,"Operate soldering equipment or use plastic filler to fill holes, dents and seams"
72411,"Remove damaged fenders, panels and grills using wrenches and cutting torch and bolt or weld replacement parts into place"
72411,Straighten bent frames using frame and underbody pulling and anchoring equipment
72411,"File, grind and sand repaired body surfaces using hand and power tools"
72411,Mask and tape auto body surfaces in preparation for painting
72411,"Mix paint, blend and match colours"
72411,Apply primers and repaint surfaces using brush or spray guns
72411,"Repair and replace glass components such as windshields, windows and sunroofs"
72411,"Repair or replace interior components, such as seat frame assembly, carpets and floorboard insulation"
72411,Inspect repaired vehicles and test drive vehicles for proper handling.
72420,Read and interpret drawings or specifications to determine work to be performed
72420,Lay out oil burner heating system components and assemble components using hand and power tools
72420,"Install oil burner components such as thermostats, motors, piping and safety devices, and connect to fuel supply, ventilation and electrical system"
72420,Test installed unit and adjust controls for proper functioning
72420,"Troubleshoot and repair malfunctioning oil burners, and their components and controls"
72420,"Install, maintain and repair coal and wood heating systems"
72420,Perform scheduled maintenance service on oil and solid fuel heating systems.
72421.01,"Repair small electrical appliances, such as lawn and garden equipment and power tools"
72421.01,Consult customer or refer to work order to establish nature of the appliance malfunction
72421.01,"Observe operation of appliance and conduct voltage, resistance and other tests using electrical test equipment"
72421.01,Refer to schematic drawings or product manuals and replace or repair parts or components using hand tools and soldering equipment
72421.01,Prepare estimates and written accounts of work performed.
72421.02,"Repair major electrical or gas appliances, such as domestic and commercial dishwashing equipment, stoves, laundry equipment and refrigerators in customer's home, in customer's place of business or in repair shop"
72421.02,Consult customer or refer to work order to establish nature of the appliance malfunction
72421.02,"Diagnose faults by checking controls, condensers, timer sequences, fans and other components using test equipment such as meters and gauges to measure resistance, current, voltage, pressure, temperature, flue gases and flow rates"
72421.02,Refer to schematic diagrams or product manuals and disassemble appliance using hand tools
72421.02,"Use shop equipment and specialized diagnostic and programming apparatus to repair, adjust and reprogram appliances"
72421.02,Replace components and subcomponents and reassemble appliance using hand tools and soldering and brazing equipment
72421.02,Prepare estimates and written accounts of work performed
72421.02,May plan service routes.
72422,"Test and observe electrical, electronic and mechanical components and systems using testing and measuring instruments"
72422,"Troubleshoot and repair electric motors, transformers, switchgear, generators and other electro-mechanical equipment"
72422,"Replace or recondition shafts, bearings, commutators and other components"
72422,"Wind, assemble and install various types of coils for electric motors or transformers"
72422,"Perform static or dynamic balancing of armatures or rotors by welding, brazing or soldering electrical connections and by aligning and adjusting parts"
72422,Test and repair or replace faulty wiring or components in electrical switchgear
72422,"Test repaired motors, transformers, switchgear or other electrical apparatus to ensure proper performance"
72422,"Perform some machining to recondition or modify shafts, commutators or other parts"
72422,Perform on-site servicing and repair.
72423.01,Inspect and test engine and other mechanical components using test devices to diagnose and isolate faults
72423.01,"Adjust, repair or replace mechanical or electrical system parts and components using hand tools and equipment"
72423.01,Advise customers on work performed and general condition of equipment
72423.01,Determine estimates of repair cost
72423.01,May repair and rebuild hoisting mechanism and other mechanical systems on industrial trucks and forklifts.
72423.02,Review work orders and discuss work to be performed with supervisor
72423.02,Test and adjust repaired systems for proper performance
72423.02,Perform scheduled maintenance service on equipment
72423.02,"Repair or replace electrical wiring, plumbing, propane gas lines, appliances, windows, doors, cabinets and structural frames in recreational vehicles"
72429,Review work orders and discuss work to be performed with supervisor
72429,Inspect and test engines and other mechanical components using test devices to diagnose and isolate faults
72429,"Adjust, repair or replace mechanical or electrical system parts and components using hand tools and equipment"
72429,Test and adjust repaired equipment for proper performance
72429,Perform scheduled maintenance service on equipment
72429,Advise customers on work performed and general condition of equipment
72429,Determine estimates of repair cost.
72500,"Operate mobile and tower cranes to lift, move, position or place equipment and materials"
72500,"Perform pre-operational inspection, and calculate crane capacities and weight to prepare for rigging and hoisting"
72500,Operate pile driving cranes to drive pilings into earth to provide support for buildings and other structures
72500,Operate cranes equipped with dredging attachments to dredge waterways and other areas
72500,Operate gantry cranes to load and unload ship cargo at port side
72500,Operate locomotive cranes to move objects and materials at railway yards
72500,"Operate bridge or overhead cranes to lift, move and place plant machinery and materials"
72500,Operate offshore oil rig cranes to unload and reload supply vessels
72500,"Operate cranes mounted on boats or barges to lift, move and place equipment and materials"
72500,Operate dragline cranes to expose coal seams and ore deposits at open pit mines
72500,May assemble tower cranes on site
72500,Perform routine maintenance work such as cleaning and lubricating cranes.
72501,Review client requirements and proposed locations for water wells
72501,"Operate water well drilling rigs and other equipment to drill, bore and dig for residential, commercial and industrial water wells or environmental assessment, and install well screens, casings and other well fixtures"
72501,Document geological formations encountered
72501,Clean and disinfect wells in preparation for use
72501,Perform routine mechanical maintenance work on water well drilling rigs and equipment
72501,"Install, test, maintain and repair water well pumps, piping systems and equipment and perform pumping tests to assess well  performance"
72501,"May provide other drilling services, such as repair or dismantling of existing water well structure, elevator shaft drilling and hydro pole drilling."
72600.01,Conduct pre-flight inspection of aircraft and check passenger and cargo distribution to ensure that weight and balance specifications are met
72600.01,"Coordinate flight activities with ground crews and air-traffic control, inform crew members of flight and test procedures and direct activities of aircraft crew during flights"
72600.01,"Contact control towers for takeoff clearances, arrival instructions and other information"
72600.01,"Conduct in-flight tests and monitor functioning of aircraft equipment and systems during flights, maintain communications with flight dispatchers and weather forecasters and respond to and report in-flight emergencies and malfunctions"
72600.01,Prepare flight evaluation reports
72600.01,"Train pilots to use new equipment, or prepare them for examinations to revalidate or upgrade existing licences"
72600.01,May fly new or experimental planes to examine their flight performance and safety
72600.01,"May participate in search and rescue operations, forest firefighting, aerial surveying, crop dusting and other services."
72600.02,Inspect aircraft prior to takeoff according to pre-flight checklist and verify passenger and cargo distribution to ensure that weight and balance specifications are met
72600.02,"Assist air pilots in monitoring aircraft systems, equipment and functions during flight"
72600.02,"Make in-flight repairs, such as replacing fuses and adjusting instruments, and follow emergency procedures to compensate for equipment malfunction or failure"
72600.02,"Perform post-flight inspections, record equipment malfunctions and corrective actions taken during flight and report required repairs to ground maintenance personnel."
72600.03,"Instruct student pilots in procedures and techniques of flying aircraft and in ground-school subjects such as navigation, radio procedures and flying regulations"
72600.03,Train licensed pilots for additional certification.
72601.01,"Control flow of air traffic within assigned airspace using radar monitors, radio and other communication equipment and visual references"
72601.01,"Issue aircraft takeoff and landing instructions to pilots and relay meteorological, navigational and other information to pilots in flight"
72601.01,"Maintain radio and telephone contact with adjacent control towers, terminal control units and other area control centres, and coordinate movement of aircraft into adjoining areas"
72601.01,Alert airport emergency services when aircraft are experiencing difficulties and report missing aircraft to search and rescue services
72601.01,Direct activities of all moving aircraft and service vehicles on or near airport runways.
72601.02,Analyze environmental conditions and assess aircraft for load and fuel capacity and other factors to determine flight routes
72601.02,"Brief flight crew before takeoff on weather conditions, status of navigational facilities and airports while on route"
72601.02,Co-sign flight authorization with aircraft captain
72601.02,Monitor progress of flight and communicate as required with aircraft during flight
72601.02,Delay or cancel flights if conditions warrant
72601.02,"Prepare and maintain flight plans, flight logs and other reports."
72601.03,"Provide pre-flight information concerning current and forecast weather conditions, radio frequencies, terrain, airports and related data to assist pilots in preparation of flight plans"
72601.03,Check flight plans for completeness and accuracy and forward flight plans to air traffic services facility
72601.03,"Respond to radio calls from aircraft preparing for takeoff or landing and supply information such as weather conditions, wind speed and direction and presence of local air traffic"
72601.03,"Support air traffic control operations by relaying radio requests for flight clearances, arrival and departure information and position reports"
72601.03,Alert airport emergency services of aircraft experiencing difficulties and initiate communication searches when aircraft become overdue
72601.03,"Observe, record and report weather conditions at airports."
72602,"Command and operate ships or other self-propelled vessels, such as barges or oil rigs, to transport passengers and cargo"
72602,"Command and operate coast guard vessels to provide ice-breaking and search and rescue services, and to maintain control over ships operating in Canadian waters"
72602,"Board vessels at berth or from pilot boats to advise ships' captains on the course to steer for safe passage into and out of ports, seaways or other waterways under pilotage authority"
72602,Plan and execute safe navigational passage using navigational aids
72602,"Determine geographical position using navigational instruments, maps and charts"
72602,"Guide vessels in rivers, canals, and other confined or hazardous waters and waterways"
72602,Maintain vessels' navigational instruments and equipment
72602,Direct and oversee the loading and unloading of cargo
72602,Supervise and coordinate the activities of deck crews
72602,"Record vessel progress, crew activities, weather and sea conditions in the ship's log."
72603,"Operate main engines, machinery and all auxiliary equipment aboard ships, such as boilers, steering and deck machinery, motors, pumps, generators and condensers"
72603,"Stand engine room watch, monitoring and noting performance of engines, machinery and all auxiliary equipment"
72603,"Inspect and conduct maintenance and emergency repairs to engines, machinery and all auxiliary equipment"
72603,Supervise and coordinate the activities of the engine room crew
72603,Maintain records and prepare reports on engine performance and failures.
72604.01,Operate and monitor centralized traffic control systems to coordinate and follow railway traffic
72604.01,"Chart train movements, calculate arrival and departure times and record rail traffic information"
72604.01,Issue instructions to control the movement of passenger and freight train traffic and on-track mobile maintenance equipment
72604.01,"Receive, record and relay train instructions to train crew by hand or radio telephone"
72604.01,May supervise and train other railway traffic controllers.
72604.02,"Direct and monitor vessel movements using radar or closed circuit monitors, remote radio systems and other telecommunication equipment"
72604.02,"Obtain position, course, speed and estimated arrival time of vessels and monitor vessel progress through traffic zone"
72604.02,"Issue clearance instructions to vessels, advise vessels of traffic volumes and weather conditions, and relay information to next marine traffic control sector"
72604.02,"Report accidents, distress signals, navigational hazards and other emergencies to authorities"
72604.02,Maintain radio and telephone contact with adjacent marine control sectors and with vessels within area of jurisdiction
72604.02,"Maintain log of vessel movements, size and structure."
72999.01,Fabricate guns and repair and modify firearms according to blueprints or customers' specifications.
72999.02,"Repair, install and adjust locks, make keys and change lock combinations."
72999.03,"Install, repair and maintain safes and vaults in banks and other establishments."
72999.04,"Repair, set and sharpen band saws, chain saws, circular saws and other types of saw blades according to specifications."
72999.05,Select dies for forging according to work order and specifications; position align and bolt dies to ram and anvil of power presses and hammers.
72999.06,"Perform underwater activities related to construction, inspection, search, salvage, repair and photography."
73100,"Check formwork, granular base and steel reinforcement materials and direct placement of concrete into forms or onto surfaces according to grade"
73100,Fill hollows and remove high spots to smooth freshly poured concrete
73100,Operate power vibrator to compact concrete
73100,Level top surface of concrete according to grade and depth specifications using straightedge or float
73100,Impart desired finish to concrete surfaces using hand and power tools
73100,"Install anchor bolts, steel plates, door sills and other fixtures in freshly poured concrete"
73100,Apply hardening and sealing compounds to cure surface of concrete
73100,"Waterproof, damp-proof and restore concrete surfaces"
73100,"Repair, resurface and replace worn or damaged sections of floors, walls, roads and other concrete structures."
73101,"Prepare, measure and mark surface to be covered"
73101,"Build underbeds and install anchor bolts, wires and brackets"
73101,"Mix, apply and spread mortar, cement, mastic, glue or other adhesives using hand trowel"
73101,Set tiles in position and apply pressure to affix tiles to base
73101,"Align and straighten tile using levels, squares and straightedges"
73101,Cut and fit tiles around obstacles and openings using hand and power cutting tools
73101,Pack grout into joints between tiles and remove excess grout
73101,Install tile strips
73101,"Lay and set mosaic tiles to create decorative wall, mural and floor designs"
73101,"Mix, lay and polish terra surfaces"
73101,"Cut, polish and install marble and granite"
73101,Remove and replace cracked or damaged tiles
73101,May prepare cost estimates and orders.
73102.01,Clean and prepare surfaces
73102.01,Mix plaster ingredients in trough to desired consistency
73102.01,"Apply, level and smooth coats of plaster using trowels, floats, brushes and spraying equipment"
73102.01,Trowel or spray coats of stucco over exteriors of buildings to form weatherproof surfaces
73102.01,"Finish corners and angles and create decorative designs in finish coat, if required"
73102.01,Cure freshly plastered surfaces
73102.01,"Mould and install ornamental plaster panels, cornices and trim"
73102.01,Spray acoustic materials or texture finish over walls and ceilings.
73102.02,"Measure, cut and fit drywall sheets for installation on walls and ceilings"
73102.02,Position and secure sheets to metal or wooden studs or joists
73102.02,Cut and install metal corner beads to protect exterior corners
73102.02,"Fill joints, nail indentations, holes and cracks with joint compound using trowel and broad knife"
73102.02,Tape over joints using taping machine and embed tape in compound
73102.02,Smooth out excess compound and allow coat to dry
73102.02,Apply successive coats of compound and sand seams and joints
73102.02,Fabricate and install suspended metal ceiling grids and place in panels to form acoustical and coffered ceilings.
73102.03,Prepare wall and ceiling layouts
73102.03,"Install metal stud framing and furring for interior drywall or plaster walls and ceilings, using hand and power tools"
73102.03,"Attach metal or gypsum lath to studs or furring using nails, screws, clips or wire ties"
73102.03,"Cut openings in lath for heating and ventilation piping, ducts and electrical outlets"
73102.03,Install corner beads and wire mesh around beams to which plaster is to be applied
73102.03,"May install acoustic tile, hangers for suspended ceilings and metal studs for composition wallboard or lath."
73110.01,"Install, repair or replace built-up roofing systems using materials such as asphalt saturated felts and hot asphalt and gravel"
73110.01,"Install, repair or replace single-ply roofing system using waterproof sheet materials such as modified plastics, elastomeric or other asphaltic compositions"
73110.01,"Install, repair or replace shingles, shakes and other roofing tiles on sloped roofs of buildings"
73110.01,Install sheet metal flashings
73110.01,Apply waterproof coatings to concrete or other masonry surfaces below or above ground level
73110.01,Install and repair metal roofs using hand and power tools
73110.01,Set up scaffolding to provide safe access to roofs
73110.01,May estimate materials required and quote costs.
73110.02,"Install or replace asphalt shingles, wood shingles and shakes and masonry or baked clay roofing tiles on sloped roofs of buildings"
73110.02,Set up scaffolding to provide safe access to roofs.
73111,"Read and interpret blueprints and specifications to determine type and thickness of glass, frame, installation procedure and materials required"
73111,Measure and mark glass and cut glass using glass cutters or computerized cutter
73111,"Tint glass and create patterns on glass by etching, sandblasting or painting designs"
73111,"Assemble, erect and dismantle scaffolds, rigging and hoisting equipment"
73111,"Position glass panes into frames and secure glass using clips, points or mouldings"
73111,"Assemble and install prefabricated glass, mirrors or glass products on walls, ceilings or exteriors of building"
73111,Fabricate metal frames for glass installation
73111,"Install, fit, fabricate and attach architectural metals or related substitute products in commercial and residential buildings"
73111,Install pre-cut mirrors and opaque and transparent glass panels in frames to form exterior walls of buildings
73111,Replace glass in furniture and other products
73111,"Prepare and install skylights, showcases and aquariums and stained or other special glass in churches, museums, sports and other establishments"
73111,"Repair and service residential windows, commercial aluminum doors and other glass supporting structures, and replace damaged glass or faulty sealant"
73111,May prepare cost estimates for customers or clients.
73112,Read specifications to determine quantities of materials required
73112,"Prepare and clean surfaces using methods such as scraping, sanding, sandblasting, hydro-blasting and steam-cleaning; remove old wallpaper and loose paint; repair cracks and holes in walls; and sandpaper and apply sealer"
73112,Mix and thin paint to obtain desired colour and texture
73112,"Apply paint or other materials, such as stains, lacquer, enamel, oil, varnish,  fibreglass, metal coating or fire retardant using brushes, rollers or spray equipment"
73112,"Measure, cut and apply wallpaper or fabric to walls"
73112,Assemble and erect scaffolding and swing stages
73112,May advise customer on selection of colour schemes and choice of wall coverings
73112,May provide cost estimates to clients.
73113,"Inspect, measure and mark surfaces to be covered"
73113,"Measure, cut and fasten underlay and underpadding"
73113,"Measure, cut and install carpeting using hand or machine stitcher, seaming iron, bonding tape or other bonding materials"
73113,Stretch carpeting using knee-kicker or power stretcher and secure carpeting to floor or other surfaces using staple gun or other devices
73113,"Measure, cut and install resilient floor covering using adhesive, rollers and other hand tools"
73113,"Install hardwood floors, such as strip floors, block floors or plank floors, using glue, staples, nails or other means"
73113,Inspect and repair damaged floor coverings
73113,May estimate material and labour costs.
73200,Read blueprints or work order specifications to determine layout and installation procedures
73200,Measure and mark guidelines to be used for installations
73200,"Install, repair and service interior prefabricated products such as doors, windows, kitchen cupboards, bathroom vanities, water heaters and household appliances using hand and power tools"
73200,"Install, repair and service exterior prefabricated products such as siding, shutters, awnings, fencing, decks, septic and irrigation systems, signs and play structures using hand and power tools."
73201,"Make adjustments and minor repairs to heating, cooling, ventilating, plumbing and electrical systems, and contact tradespersons for major repairs"
73201,perform other routine maintenance jobs such as painting and drywall repair
73201,maintain inventory of supplies and equipment and make minor purchases as required
73201,respond to requests from residents for minor repairs
73201,perform daily inspections on the building systems
73201,"provide general assistance to skilled trade persons such as mechanics, electricians, carpenters and plumbers"
73201,coordinate the preparation of housing units prior to the arrival of new residents
73201,ensure that security and safety measures are in place in the establishment
73201,"may advertise vacancies, show apartments and offices to prospective tenants and collect rent"
73201,"may process lease or rental applications, including completion of background and credit checks"
73201,"May move heavy furniture, equipment and supplies"
73201,May supervise other workers.
73202,Inspect buildings and outside areas at regular intervals or at specific request of property owner to detect signs of infestation
73202,Determine type of treatment required and provide estimate of costs to clients
73202,"Prepare and spray chemical mixture on infested areas using mechanical or electric sprayer to kill insects, rodents and other pests"
73202,Fumigate households
73202,"Place and set traps to capture and remove animals, such as skunks or raccoons"
73202,"Install animal control barriers such as needle strips, netting and other devices to keep animals off property"
73202,"Clean out areas that harbour pests using rakes, shovels, brooms or mops"
73202,Advise clients on how to prevent pest infestation.
73209,Inspect products to determine the requirement for repair
73209,"Repair or replace defective or worn-out parts and components using hand, power or specially designed tools"
73209,Test and adjust repaired products for proper functioning
73209,Perform routine maintenance
73209,May calibrate products using hand tools.
73300.01,"Operate and drive primarily tractor-trailor, long-combination vehicle and straight-body trucks weighing over 4500 kg to transport goods and materials over long distances"
73300.01,Plan trip logistics and obtain required documentation to transport goods
73300.01,"Perform pre-trip, en route and post-trip inspection of vehicle systems, equipment and accessories such as tires, lights and turning signals, brakes and cold storage"
73300.01,Ensure cargo is secured properly in accordance with safety requirements and follow safety procedures for transporting dangerous goods
73300.01,Obtain special permits and other documents required to transport cargo on international routes
73300.01,"Record cargo information, hours of service, distance travelled and fuel consumption"
73300.01,Administer bills of lading and manually or electronically maintain log books
73300.01,"Communicate with dispatcher, other drivers and customers using communication devices and on-board computers"
73300.01,May perform emergency roadside repairs
73300.01,May drive as part of a two-person team or convoy
73300.01,May transport hazardous products or dangerous goods.
73300.02,Operate and drive primarily straight trucks to transport goods and materials mainly on local routes and short interurban routes
73300.02,"Perform pre-trip, en route and post-trip inspection and oversee all aspects of vehicle such as condition of equipment, and loading and unloading of cargo"
73300.02,"May drive special purpose trucks such as tow trucks, dump trucks, hydrovac trucks or cement mixing trucks."
73301.01,Drive buses or streetcars to transport passengers along established routes to local destinations
73301.01,Drive buses to transport passengers and goods to intercity or long distance destinations
73301.01,Drive sightseeing tour buses to transport passengers locally or over long distances
73301.01,"Drive buses equipped for wheelchair accessibility, and aid passengers in boarding"
73301.01,"Provide passengers with information on fares, schedules and stops"
73301.01,"Collect fares, issue and validate transfers, check bus passes and record transactions"
73301.01,Conduct pre-trip and post-trip inspections of vehicle
73301.01,"Communicate with passengers, dispatchers or other drivers using two-way radio systems"
73301.01,"Report delays, mechanical problems and accidents"
73301.01,May provide information on points of interest during sightseeing tours
73301.01,May load and unload passengers' luggage and express freight.
73301.02,Drive school buses to transport children between school and home or on excursions
73301.02,Ensure children's safety when boarding and leaving buses and crossing street while bus is stopped
73301.02,Maintain control of student activities during travel to prevent distractions or behaviours that could compromise safety
73301.02,May transport adults outside of school hours on chartered trips.
73301.03,Operate subway or rail transit vehicles as part of two-person crew
73301.03,Observe signals at crossings and arrival and departure points
73301.03,Operate controls to open and close transit vehicle doors
73301.03,"Report delays, malfunctions and accidents to control unit"
73301.03,"Ensure passenger safety and welfare in emergencies, and direct passengers during evacuation procedures."
73310.01,Operate locomotives to transport passengers and freight on railways
73310.01,Operate communication systems to communicate with train crews and traffic controllers to ensure safe operation and scheduling of trains
73310.01,Inspect assigned locomotives and test operating controls and equipment.
73310.02,"Operate locomotives to switch, couple and uncouple cars for loading and unloading"
73310.02,Perform switching operations according to written switching orders or dispatched instructions
73310.02,"Inspect locomotives, replenish fuel or perform routine maintenance on locomotives."
73311.01,"Supervise and coordinate the activities of passenger and freight train crew members (except locomotive engineers) to ensure train operations are in accordance with schedule, train orders and code of operating rules"
73311.01,"Receive train orders and explain orders to brakemen/women, locomotive engineer and other crew members"
73311.01,"Communicate with train crew members by radio, signals or by other means to give and receive train operation information"
73311.01,"Collect fares on board passenger trains, announce approaching train stops and answer passenger enquiries"
73311.01,Prepare train run reports.
73311.02,"Check train systems and equipment such as air conditioning and heating systems, brakes and brake hoses prior to train run"
73311.02,"Communicate with train crew members by radio, signals or by other means to aid in the movement and operation of train"
73311.02,"Receive orders from traffic controllers, observe signals and track conditions and open and close track switches"
73311.02,"Set and release hand brakes and connect air brake hoses to couple and switch passenger or freight cars, making minor repairs to couplings, air hoses and wheel-bearing boxes as required"
73311.02,Assist in collecting fares and helping passengers on and off train.
73400,"Operate heavy equipment such as backhoes, bulldozers, loaders and graders to excavate, move, load and grade earth, rock, gravel or other materials during construction and related activities"
73400,Operate bulldozers or other heavy equipment to clear brush and stumps prior to logging activities and to build roads at logging and surface mining sites
73400,"Operate heavy equipment with pile driver head to drive piling into earth to provide support for buildings, bridges or other structures"
73400,Operate heavy dredging equipment to deepen waterways or reclaim earth fill
73400,"Operate heavy paving and surfacing equipment to lay, spread or compact concrete, asphalt and other surface materials during highway and road construction"
73400,"Operate power shovels to excavate rock, ore or other materials from open-pit mines, strip mines, quarries or construction pits"
73400,"Operate heavy equipment to move, load and unload cargo"
73400,"Conduct pre-operational checks on equipment and clean, lubricate and refill equipment."
73401,"Review job orders to determine job specifications such as production time, colour sequence and quantities required, and advise press crew of these specifications"
73401,Mount plates or cylinders and make necessary adjustments
73401,"Fill ink fountains and take measurements, make adjustments and determine settings to control colour and viscosity"
73401,"Set up press and check samples for ink coverage, alignment and registration"
73401,Monitor regular press runs for quality and consistency using computer control console and make adjustments as required
73401,Remove and clean plates and cylinders at end of press run
73401,Direct activities of press crew and ensure that safety procedures are adhered to.
73402.01,"Drive and operate tracked or truck-mounted rotary drilling, air-track or other drilling machines to bore large blast holes to specified depths at staked positions in open-pit mine or quarry"
73402.01,Operate drilling machines to drill blast holes in rock at road or other construction sites
73402.01,Operate tracked or truck-mounted drill equipped with auger or other attachment to drill holes for building foundations or pilings
73402.01,"May measure location and stake out pattern of holes to be drilled, load blast holes with explosives and detonate explosives to dislodge coal, ore or rock."
73402.02,"Read instructions or diagrams, lay out drill pattern and determine depth and diameter of blast holes and conduct field tests to determine type and quantity of explosives required"
73402.02,"Assemble or direct other workers to assemble primer charges using selected detonators, fuses, detonating cords and other materials"
73402.02,Load explosives in blast holes by hand or direct movement of bulk explosives trucks to load holes
73402.02,"Connect electrical wires, detonating cords or fuses into series and connect series to blasting machines; press handle or button to detonate charges"
73402.02,"Handle, store and transport explosives and accessories in accordance with regulations and ensure that safety procedures are observed"
73402.02,"May operate air-track, rotary, down-the-hole or other drilling machines to drill blast holes or may direct drilling of blast holes."
74100.01,Sort mail according to destination
74100.01,"Bundle, label, bag and route sorted mail to the proper delivery stream"
74100.01,Operate vehicles and material handling equipment in order to sort mail and load postal trucks
74100.01,Search directories to find the correct address for redirected mail.
74100.02,"Receive, process, sort and distribute incoming and outgoing mail, faxes, messages and courier packages manually or electronically"
74100.02,Maintain address databases and produce personalized mailings
74100.02,"Print and photocopy material, stuff envelopes and affix address labels"
74100.02,"Weigh outgoing mail, calculate and affix proper postage, and bundle by postal code"
74100.02,May operate and maintain print shop and mailing house equipment.
74101,Organize mail by address and load into mailbag
74101,"Deliver letters, small parcels and other printed matter along established routes"
74101,"Deliver telegrams, special delivery and express mail"
74101,Collect payment for cash-on-delivery service
74101,Record delivery of registered mail
74101,Leave notices indicating that items could not be delivered and the location where they can be picked up
74101,Return undeliverable mail to postal station.
74102,"Pick up messages, letters, envelopes, parcels, airline tickets, legal documents, packages, bonds, cheques, securities and other items from customers, and hand-deliver them to addresses within an establishment or in other establishments by walking, cycling or driving within prescribed time periods"
74102,Collect payment for items delivered
74102,Keep record of items received and delivered using delivery information acquisition devices.
74200.01,Operate control panel switches from railway yard tower to set traffic signals and to activate train switches that regulate railway traffic in railway yards
74200.01,"Operate car retarders, turntables and track switches to align locomotives and cars as required for coupling, uncoupling or servicing"
74200.01,"Switch cars according to instructions which indicate the location, disposition and number of cars"
74200.01,Lubricate moving parts of railway cars and locomotives.
74200.02,"Operate machines and equipment such as sleeper sliders, anchors, rail lifters, drag drills, drag diggers, rail saws and tie-bar cranes to lay, maintain, repair and align railway tracks to transfer, spread, level and tamp ballast around ties and rails and to clear snow from tracks"
74200.02,Clean and make minor repairs to machines and equipment
74200.02,Patrol assigned track sections to identify and report damaged or broken track
74200.02,Perform other track maintenance duties as directed.
74201.01,"Assist ship engineer officers in performing routine maintenance work and repair to ship's engine, machinery and auxiliary equipment"
74201.01,"Monitor engine, machinery and equipment indicators, record variables and report abnormalities to ship engineer officer on watch"
74201.01,"Lubricate moving parts of engines, machinery and auxiliary equipment"
74201.01,Operate and maintain off-loading liquid pumps and valves
74201.01,Maintain engine parts and keep engine room clean.
74201.02,Stand watch and steer ship or self-propelled vessel under the direction of the officer on watch
74201.02,"Operate, maintain and repair deck equipment such as winches, cranes, derricks and hawsers"
74201.02,"Clean, chip and paint deck surfaces"
74201.02,"Handle mooring lines, and splice and repair ropes, wire cables and other cordage"
74201.02,"Load, discharge and secure ship cargo."
74202,"Drive and operate ramp-servicing vehicles and equipment such as towing tractors, food service trucks, de-icer sprayers and lavatory servicing trucks"
74202,Position passenger loading stairs and operate aircraft cargo doors
74202,Marshal or tow aircrafts to gate positions for passenger boarding and deplaning and for loading and unloading of cargo
74202,Sort and load cargo and passenger baggage according to instructions forwarded by load planner to achieve proper balance
74202,"Unload, sort and route cargo and baggage"
74202,Transport freight between aircraft and airport warehouse
74202,Clean and prepare aircraft interior for passengers and wash aircraft exterior.
74203,"Change engine oil and lubricate running gears or moving parts of automobiles, trucks and heavy equipment"
74203,"Grease booms, pulleys, buckets and other components of heavy equipment"
74203,"Replace oil, air and fuel filters on motor vehicles, trucks and heavy equipment"
74203,"Install replacement mufflers, exhaust pipes, shock absorbers or radiators on motor vehicles, trucks and heavy equipment"
74203,Repair and balance tires
74203,"Add or replace hydraulic and transmission fluids in motor vehicles, trucks and heavy equipment"
74203,Assist mechanics and perform other duties as directed
74203,"Drive automobile or service truck to location of construction, logging or other industrial sites to provide services."
74204.01,"Check, clean and lubricate waterworks equipment, such as pumping equipment, chlorination equipment and compressors"
74204.01,Adjust and repair waterworks equipment under the direction of qualified tradesperson
74204.01,"Search and locate reported water leaks and repair water-mains, valves or outlets"
74204.01,Install water meters using hand and power tools.
74204.02,Check and lubricate gas pipeline valves
74204.02,Conduct routine survey of gas mains and distribution lines to detect and locate escaping gas using gas detecting devices
74204.02,Investigate reports of gas leaks to determine the exact location and extent of leaks
74204.02,Dig ground to expose gas lines and repair damaged pipes
74204.02,Keep record of work performed and location and condition of pipelines
74204.02,Provide information on underground gas distribution lines and observe excavation work to ensure that underground gas facilities are protected.
74205,Operate garbage trucks to remove garbage and other refuse and dump loads at designated sites
74205,"Operate street cleaning equipment such as street sweepers or other vehicles equipped with rotating brushes to remove sand, litter and trash"
74205,"Operate snowplows or trucks fitted with plow blades to remove snow from streets, highways, parking lots and similar areas"
74205,Operate sewer maintenance equipment such as rodders and sewer jet cleaners to maintain and repair sewer systems
74205,"Operate trucks equipped with apparatuses for spreading sand, salt or abrasives on roadways"
74205,Operate chainsaws and other clearing equipment to fell trees and cut back vegetation close to power lines
74205,"Check, lubricate, refuel and clean equipment and report any malfunctions to supervisor."
75100,"Operate industrial trucks, tractors and other mobile equipment to transfer cargo, such as containers, crated items, automobiles and pallet-mounted machinery, around dock to within range of cranes and hoists"
75100,Operate winches or other hoisting devices to load and unload cargo onto and from ships and other vessels
75100,Operate mechanical towers to load vessels with materials such as coal and ore
75100,"Operate equipment to transfer bulk materials, such as grain, to hold of vessels"
75100,Connect hoses and operate equipment to transfer liquid materials into storage tanks on vessels
75100,"Perform other activities such as lashing and shoring cargo aboard ships, opening and closing hatches, cleaning holds of ships and rigging cargo."
75101.01,"Load, unload and move products and materials by hand or using basic material handling equipment"
75101.01,"Perform other material handling activities such as counting, weighing, sorting, packing and unpacking."
75101.01,"May perform other activities, such as opening containers and crates, filling warehouse orders, assisting in taking inventory and weighing and checking materials."
75101.02,Move household appliances and furniture onto and off moving trucks or vans
75101.02,"Operate winches and other loading devices to load and unload materials onto and off trucks, railway cars and loading docks of warehouses and industrial establishments"
75101.02,"Operate industrial trucks, tractors, loaders and other equipment to transport materials to and from transportation vehicles and loading docks and to store and retrieve materials in warehouses"
75101.02,"Connect hoses or pipes and operate equipment to load and unload liquid petroleum, chemical or other products into or from tank cars, tank trucks or storage tanks"
75101.02,"Operate equipment to dump materials such as coal, ore and grain into or to remove materials from railway cars, trucks or other vehicles"
75101.02,"Operate conveyors and equipment to transfer grain or other materials from transportation vehicles to elevators, bins or other storage areas"
75110,"Load and unload construction materials, and move materials to work areas"
75110,"Erect and dismantle concrete forms, scaffolding, ramps, catwalks, shoring and barricades required at construction sites"
75110,"Mix, pour and spread materials such as concrete and asphalt"
75110,"Assist tradespersons such as carpenters, bricklayers, cement finishers, roofers and glaziers in construction activities"
75110,"Assist heavy equipment operators to secure special attachments to equipment, signal operators to guide them in moving equipment and provide assistance in other activities"
75110,Assist in aligning pipes and perform related activities during oil and gas pipeline construction
75110,Assist in drilling and blasting rock at construction sites
75110,Assist miners in excavating and in setting up and operating various drills and other surface mining machinery
75110,Level earth to fine grade specifications using rake and shovel
75110,"Assist in demolishing buildings using prying bars and other tools, and sort, clean and pile salvaged materials"
75110,"Remove rubble and other debris at construction sites using rakes, shovels, wheelbarrows and other equipment"
75110,"Operate pneumatic hammers, vibrators and tampers as directed"
75110,"Tend or feed machines or equipment used in construction such as mixers, compressors and pumps"
75110,"Clean up chemical spills and other contaminants, and remove asbestos and other hazardous materials"
75110,Oil and grease hoists and similar equipment
75110,Direct traffic at or near construction sites
75110,"Perform other activities at construction sites, as directed."
75119,"Move tools, equipment and other materials to and from work areas"
75119,Assist in splicing overhead and underground communications and electric power transmission cables
75119,"Assist in repairing, maintaining and installing industrial machinery and equipment"
75119,"Assist in repairing, maintaining and installing refrigeration, heating and air conditioning equipment"
75119,"Assist in repairing, maintaining and installing elevators"
75119,Assist in repairing and maintaining stationary electric power generating and distribution equipment
75119,"Assist in mechanical, electrical and body repairs of aircraft, railway cars, automobiles, trucks, buses, heavy equipment and motorcycles"
75119,"Assist in repairing electrical appliances, small engines or other similar equipment"
75119,"Mix fertilizers, herbicides and pesticides and load mixture into airplane for aerial spraying"
75119,"Assist in land surveying activities, such as holding or moving stakes and rods, clearing brush and debris from line of survey and transporting surveying tools to work area"
75119,Perform other labouring and elemental tasks as required.
75200.01,Pick up passengers and drive them to destinations in taxicabs or limousines
75200.01,Help passengers with luggage and with boarding and exiting vehicles and assist passengers with special needs
75200.01,Collect flat-rate or taximeter fares
75200.01,Maintain travel logs and record cash and credit transactions
75200.01,Maintain contact with taxi dispatch unit
75200.01,Clean and make minor repairs to vehicle or take vehicle for servicing
75200.01,May provide pick up and delivery services on request.
75200.02,"Pick up or meet employer according to request, appointment or schedule"
75200.02,Drive employer to destinations in automobile or limousine
75200.02,"Perform business and personal errands for employer such as delivering and picking up mail, business documents and parcels"
75200.02,Clean and make minor repairs to vehicle or take vehicle for servicing.
75201,"Operate and drive automobiles, vans and light trucks to pick up and deliver various products, such as food, newspapers, magazines, bakery and dairy products, and items such as dry cleaning"
75201,"Deliver newspapers, flyers, handbills, telephone directories and similar items to residences and businesses"
75201,Perform pre-trip and post-trip inspection of vehicle
75201,Plan delivery travel schedules and service routes
75201,"Load and unload cargo, goods or merchandise"
75201,"Provide customer service by selling products, delivering over established routes and accepting or making payments for goods"
75201,"Record information on pick-ups and deliveries, vehicle mileage and fuel costs and report any incidents or problems encountered"
75201,May scan and sort freight or cargo for delivery
75201,"May assemble, install or set-up delivered goods or merchandise"
75201,May communicate with central dispatch using mobile communications equipment.
75210.01,Operate telecommunication equipment or use portable loudspeakers to direct movements of vessels in lock area
75210.01,Operate controls to open or close lock gates
75210.01,"Operate controls to raise, lower or turn bridges"
75210.01,Observe progress of vessels passing through locks.
75210.02,Signal passengers and motor vehicles to embark and disembark
75210.02,Operate cable ferry across narrow waterway
75210.02,"Perform routine maintenance and repairs to engine, cables and winches."
75210.03,"Operate controls to adjust landing bridge, position or remove gangplank, open or close doors and gates, and secure or remove docking devices"
75210.03,Signal passengers and motor vehicles to embark and disembark
75210.03,May collect tickets or fares from passengers.
75210.04,"Operate motorboats, launches, small ferry boats and other similar vessels to transport passengers or freight"
75210.04,"Maintain boats and equipment on board, such as engines, winches, derricks, fire extinguishers and life preservers"
75210.04,"May perform other duties, such as checking for oil spills or other pollutants around ports and harbours, patrolling beaches and measuring depth of water."
75211.01,"Transport tools and equipment on push or hand car and perform other duties to assist railway track maintenance workers to lay, maintain and repair railway tracks"
75211.01,Cut vegetation growth from railway tracks using scythes and mowers
75211.01,Check freight cars for physical damage and cleanliness.
75211.02,Assist truck and delivery drivers to load and unload vehicles
75211.02,Perform labouring duties in warehouses.
75212,"Clean and maintain sidewalks, streets, roads and public grounds of municipality and other areas, working as member of crew"
75212,"Sweep debris and remove snow from streets, sidewalks, building grounds and other areas, and load snow and debris into carts or trucks"
75212,"Shovel cement and other materials into cement mixers, spread concrete and asphalt on road surfaces using shovels, rakes and hand tampers, and perform other activities to assist in maintenance and repair of roads"
75212,Spread sand or salt on sidewalks for snow and ice control
75212,Dig ditches and trenches using shovels and other hand tools
75212,Operate jackhammers and drills to break up pavement
75212,Load and unload trucks with supplies and equipment
75212,Collect money from coin boxes of parking meters along established route
75212,Collect and load refuse on garbage trucks
75212,Assist equipment operators to secure attachments to equipment or trucks
75212,Assist in routine maintenance and repair of equipment
75212,"Assist skilled tradespersons such as carpenters, plumbers and mechanics"
75212,May operate mobile sidewalk-cleaning equipment.
80010,"Oversee and analyze operations in forestry, logging, mining, quarrying, or oil and gas operations or in services to logging, mining and oil and gas industries, or in commercial fishing"
80010,Recommend operational changes to senior management when necessary to ensure that production quotas and procedures are met
80010,Prepare production reports for review by senior management
80010,"Confer with other managers to set production quotas, to plan extraction sites and to develop policies for the removal of raw materials"
80010,"Evaluate efficiency of production sites to determine adequacy of personnel, equipment and technologies used, and make changes to work schedule or equipment when necessary"
80010,Ensure adherence to safety regulations
80010,Hire personnel and oversee training needs of staff
80010,May direct peripheral activities such as the construction of access roads or temporary living quarters.
80020,"Manage the overall operations of a farm, ranch or orchard"
80020,Determine the amount and kinds of crops to be grown and livestock to be raised
80020,"Organize and co-ordinate planting, cultivating and crop harvesting activities; raising and breeding of livestock and poultry"
80020,Hire and manage farm personnel
80020,Establish a marketing program
80020,Develop and keep financial and production records
80020,"Purchase farm machinery, livestock, seed, feed and other supplies"
80020,"Maintain farm machinery, equipment and buildings"
80020,Perform farming duties.
80020,May collect data and use digital technology tools and equipment to enhance the sustainability of the farm.
80021,"Plan, organize, direct and control the operations of nurseries and greenhouses"
80021,"Establish the environmental conditions required to grow trees, shrubs, flowers and plants, and design planting and care schedules accordingly"
80021,Determine type and quantity of stock to grow
80021,"Supervise staff in planting, transplanting, feeding and spraying stock"
80021,"Identify and control insect, disease and weed problems"
80021,Develop marketing plans
80021,"Provide information to customers on gardening and on the care of trees, shrubs, flowers, plants and lawns"
80021,"Order materials such as fertilizer, garden and lawn care equipment, and other nursery and greenhouse related accessories"
80021,"Hire and manage staff, oversee training and set work schedules"
80021,"Maintain records on stock, finances and personnel."
80022,"Manage the overall operation of a fish hatchery, fish farm or other aquatic farm"
80022,Identify requirements of the species and select and oversee preparation of site for species cultivation
80022,Co-ordinate selection and maintenance of brood stock
80022,Determine food requirements and structure feeding regimes
80022,Monitor environment and maintain optimum conditions
80022,"Conduct and supervise stock examination to identify disease or parasites, and apply prescribed medicinal substances to control and prevent infection"
80022,Operate and maintain cultivating and harvesting equipment
80022,Collect and record growth and production data
80022,Manage and train aquaculture and fish hatchery support workers and supervise technicians and technologists
80022,"Maintain financial records and establish market strategies, inventory and quality control methods"
80022,May scuba dive to inspect sea farm operations
80022,"May design and construct pens, floating stations and collector strings or fences for sea farms."
82010,"Supervise and coordinate the activities of logging and forestry workers in woodland operations, often in several work locations over several square kilometres"
82010,"Oversee silvicultural activities such as scarification, planting and vegetation control"
82010,"Schedule work crews, equipment and transportation for several work locations"
82010,Resolve work problems and recommend measures to improve work methods
82010,"Instruct workers in safety, recognize unsafe work conditions and modify work procedures"
82010,Ensure that government regulations are met
82010,"Communicate with forestry technical, professional and management personnel regarding forest harvesting and forest management plans, procedures and schedules"
82010,Prepare production and other reports
82010,Hire and train new workers.
82020,"Supervise, coordinate and schedule the activities of workers who extract coal, minerals and ore; operate underground conveyances; and perform other services in support of underground mining, or of heavy equipment operators, drillers, blasters and other workers in surface mining and quarrying"
82020,"Establish methods to meet work schedules and confer with managerial and technical personnel, other departments and contractors to resolve problems and coordinate activities"
82020,Oversee the safety of the mining or quarrying operations
82020,Resolve work problems and recommend measures to improve productivity
82020,Requisition materials and supplies
82020,"Train workers in job duties, safety procedures and company policies"
82020,Recommend personnel actions such as hirings and promotions
82020,Prepare production and other reports.
82021,"Supervise, coordinate and schedule the activities of workers who drill for oil and gas, operate service rigs or provide oil and gas well services"
82021,Establish methods to meet work schedules and coordinate work activities with other departments
82021,Requisition and procure materials and supplies
82021,Ensure appropriate control measures are in place to protect the health and safety of workers
82021,Resolve work problems and recommend measures to improve productivity and safety
82021,"Train workers in job duties, safety procedures and company policies"
82021,Recommend personnel actions such as hirings and promotions
82021,"Review, audit and approve workers’ paperwork and complete proper documentation"
82021,Prepare production and other reports
82021,May set up machines and equipment.
82030.01,Agricultural service contractors
82030.01,"Provide agricultural livestock services such as artificial insemination, spraying or shearing of livestock or disinfecting pens, barns or poultry houses"
82030.01,"Provide agricultural crop services such as plowing, irrigating, cultivating, spraying or harvesting"
82030.01,Assist in the development and implementation of farm safety and bio-security procedures
82030.01,Hire and train workers
82030.01,Negotiate the terms of services to be provided
82030.01,Maintain financial and operational records
82030.01,May participate in the provision of services or in the operation of machinery and equipment
82030.01,"May operate and repair digital technology and communication tools and equipment, such as robotic milking systems and global positioning systems  (GPS)."
82030.02,Farm supervisors
82030.02,"Coordinate, assign and supervise the work of specialized livestock workers, farm machinery operators, livestock labourers and harvesting labourers"
82030.02,Supervise and oversee breeding and other livestock-related programs
82030.02,"Supervise, monitor and enforce procedures to maintain animal and crop health and welfare"
82030.02,Supervise and oversee growing and other crop-related operations
82030.02,"Supervise maintenance of infrastructure, equipment, and supplies"
82030.02,Develop work schedules and establish procedures
82030.02,"Ensure farm safety, food safety and security and bio-security procedures are followed"
82030.02,Maintain quality control and production records
82030.02,May perform general farm duties
82030.02,"May operate and repair digital technology and communication tools and equipment, such as robotic milking systems and global positioning systems  (GPS)."
82031,"Supervise and coordinate the activities of workers who maintain lawns, gardens, athletic fields, golf courses, cemeteries, parks, interior plantscapes and other landscaped areas"
82031,Tender bids on contracts for landscaping and grounds maintenance work
82031,Plan and estimate the materials and labour requirements for individual contracts
82031,"Organize the planting and maintenance of trees, gardens, lawns, shrubs and hedges and the construction and installation of fences, decks, patios, walkways and retaining walls"
82031,Establish work schedules and procedures and coordinate activities with other work units
82031,Resolve work-related problems and prepare and submit progress and other reports
82031,Requisition supplies and materials
82031,Maintain financial and personnel records
82031,Hire staff and train workers in job duties and company policies
82031,May manage operations of own company
82031,May provide snow removal services during winter months
82031,May perform the same duties as workers supervised.
83100,Set up and operate drills and drilling machines to produce a designated pattern of blasting holes
83100,Operate diamond drills or other specialized drills such as raise boring machinery to test geological formations or to produce underground passageways
83100,"Set up and operate mining machinery to shear coal, rock or ore from the working face"
83100,"Load explosives, set fuses, and detonate explosives to produce desired blasting patterns and rock fragmentation in underground mines"
83100,"Operate scooptram, load-haul-dump (LHD) machine or mucking machine to load and haul ore from stopes, drifts and drawpoints to ore passes"
83100,"Perform duties required to ensure safety and to support the mining advance, such as scaling loose rock from walls and roof, drilling and installing rock bolts, extending and installing air and water pipes, operating ore loading machinery, inspecting mine shafts, operating hoists that transport people, equipment and materials through mine shafts, and constructing timber supports and cribbing if required"
83100,Perform routine maintenance of mining machinery.
83101.01,Oil and gas well drillers and well servicers
83101.01,"Direct rig crew in setting up rigs and drilling, completing or servicing oil and gas exploration and producing wells"
83101.01,Operate controls of drill or service rig drilling and hoisting machinery
83101.01,Train or arrange for training of crew
83101.01,Maintain records of drilling and servicing operations
83101.01,Ensure safety procedures are followed.
83101.02,"Oil and gas well loggers, testers and related workers"
83101.02,Drive well service or wireline truck to well site
83101.02,"Assemble and attach equipment, tools or recorders to drill stem or wireline to conduct required procedures and tests"
83101.02,"Operate or direct the operation of wireline or unit controls to lower, position and retrieve equipment and instruments"
83101.02,Operate recorders and computers in mobile testing or logging unit to collect data
83101.02,May perform limited data interpretation.
83110,Cable yarding system operators
83110,Operate machines to transport trees from logging areas to landing or log loading sites in mountainous terrain in western Canada.
83110,Mechanical harvester and forwarder operators
83110,"Assess site and terrain and drive heavy equipment to perform a combination of felling, slashing, bucking, bunching and forwarding operations at logging areas."
83110,Mechanical tree processor and loader operators
83110,"Operate a variety of machines which perform a combination of slashing, bucking, chipping, sorting and loading logs or trees at landing sites."
83120,Command fishing vessels to catch fish and other marine life
83120,"Determine areas for fishing, plot courses and compute navigational positions using compasses, charts, tables and other aids"
83120,Steer vessels and operate navigational instruments and electronic fishing aids such as echo sounders and chart plotters
83120,Direct fishing operations and supervise crew activities
83120,"Record fishing progress, crew activities, weather and sea conditions on ship's log"
83120,Select and train vessel crews.
83121,Operate fishing vessel to pursue and catch fish and other marine life
83121,"Select area for fishing, plot courses and compute navigational positions using compasses and charts or electronic fishing aids"
83121,Steer vessel and operate navigational instruments
83121,"Operate fishing gear, direct fishing operation and supervise fishing crew members"
83121,"Maintain engine, fishing gear and other on-board equipment"
83121,"Record fishing activities, weather and sea conditions"
83121,Estimate costs of operations and plan budget for each fishing season
83121,Establish fish marketing plan and keep records of all financial transactions
83121,May transport fish to processing plants or fish buyers.
84100,Operate and maintain ore chutes or conveyor systems to control flow of ore or coal in underground mine
84100,"Operate construction equipment such as bulldozer, grader or backhoe to build and maintain underground passages and haulageways"
84100,"Construct and repair wood or metal supports and structures such as bulkheads, platforms, drift doors and chutes using construction and mining tools"
84100,Attach and extend ventilation and water pipes and related mine services
84100,Assist miners in setting up and operating various drills and other mining machinery
84100,"Supply and maintain backfill distribution of sand, rock or other materials"
84100,Operate diesel or electric track haulage equipment such as ore trains to distribute personnel and supplies and to convey ore from orepass to primary crusher or skip
84100,"Maintain supply storage areas and maintain equipment and supplies such as explosives, drill bits, fire extinguishers, lamps and batteries"
84100,Perform routine maintenance of machinery.
84101.01,"Use specialized equipment, information and maps to determine and document the location of buried pipelines and other utilities in preparation for seismic exploration and drilling activities"
84101.01,"Align and manipulate sections of pipe or drill stem from platform on  rig derrick during removal and replacement of strings of pipe, or drill stem and drill bit"
84101.01,"Operate and maintain drilling mud systems and pumps during drilling, and mix mud, chemicals and additives"
84101.01,Record mud flows and volumes and take samples
84101.01,"Operate and maintain drilling rig diesel motors, transmissions and other mechanical equipment"
84101.01,"Assist in setting up, taking down and transporting drilling and service rigs"
84101.01,Supervise floorhands and labourers.
84101.02,Drive well services truck to well site
84101.02,Assemble pumping equipment and attach pumps and hoses to wellhead
84101.02,"Operate hydraulic pumping systems to pump chemicals, gases, sand, cement or other material into well"
84101.02,"Read gauges to monitor pressure, density, rate and concentration and adjust pumping procedure as required"
84101.02,May mix chemicals and cements.
84110,"Operate chain saw to fell, delimb and buck trees at the logging site and loading area"
84110,"Operate cable, or grapple skidder to move or yard the felled trees from the logging site to the landing area for processing and transportation"
84110,"Assess site, terrain and weather conditions before felling and yarding trees"
84110,May work as member of a team rotating between chain saw operation and skidder operation
84110,"May maintain and perform minor repairs on skidders, chain saws and other equipment."
84111,"Assess site, select seedlings and plant trees using manual planting tools in reforestation areas"
84111,Operate power thinning saw to thin and space trees in reforestation areas
84111,Operate chain saw to thin young forest stands
84111,Control weeds and undergrowth in regenerating forest stands using manual tools and chemicals
84111,Complete firefighting reports and maintain firefighting equipment
84111,"Dig trenches, cut trees, pump water on burning areas to fight forest fires under direction of fire suppression officer or forestry technician"
84111,"Operate and maintain a skidder, bulldozer or other prime mover to pull a variety of scarification or site preparation equipment over areas to be regenerated"
84111,"Perform other silviculture duties such as collecting seed cones, pruning trees, assisting in planting surveys and marking trees for subsequent operations."
84120.01,Perform or assist in performing animal husbandry activities
84120.01,Implement pasture or pen breeding programs
84120.01,Develop and implement  feeding programs
84120.01,Follow safety and bio-security  procedures
84120.01,Detect and treat certain diseases and health problems in livestock
84120.01,Maintain livestock performance records
84120.01,Select livestock for sale
84120.01,"Set and monitor water lines, air flow and temperature in barns, pens and chicken coops"
84120.01,Train horses
84120.01,Maintain inventory and order materials as required
84120.01,May be responsible for the collection of semen and the insemination of donor females
84120.01,May supervise general farm labourers.
84120.02,"Operate farm equipment and machinery to till soil, plant, cultivate and harvest crops, and load and unload crops or containers of materials"
84120.02,Perform equipment and machinery maintenance
84120.02,Monitor equipment and machinery operations to detect malfunctions
84120.02,Follow safety procedures
84120.02,May perform minor repairs to farm equipment and machinery.
84121,"Prepare nets, lines and other fishing tackle, and operate fishing gear to catch fish and other marine life"
84121,"Sort, return protected species to the water, clean and pack fish in ice and stow catch in hold"
84121,"Repair nets, splice ropes and maintain fishing gear and other deck equipment"
84121,Clean deck surfaces and fish hold
84121,Handle anchors and mooring lines during docking and undocking procedures
84121,May steer vessels to and from fishing areas
84121,May prepare and cook meals for crew members.
85100,"Feed and tend livestock, poultry and other animals"
85100,"Milk animals such as cows and goats, manually or with a machine"
85100,"Sort, brand and handle animals"
85100,"Maintain or assist in the maintenance of facilities and farm infrastructure including cleaning stables, barns, barnyards and pens"
85100,Assist with breeding activities
85100,May monitor health of animals and provide care
85100,May prepare animals for transportation
85100,May operate and maintain farm machinery and equipment.
85101,Prepare and irrigate soil
85101,"Plant, fertilize, thin and harvest crops"
85101,Pick row and orchard crops
85101,"Sort, weigh and pack fruit and vegetables at the farm"
85101,"Load, unload and transfer crates, supplies, farm produce and products for transport"
85101,"Clean up racks, trays, and harvest bins and general clean up of growing, producing and packing areas"
85101,Assist with general farm maintenance and maintenance of equipment and tools
85101,May assist in preparing garden beds for planting
85101,May write daily progress reports of inventory harvested.
85102,Assist aquaculture technicians in the operation of fish hatcheries or other aquatic farms
85102,"Feed aquaculture stocks, vaccinate stocks, perform culling and marking or banding techniques and report any observed irregularities in stocks"
85102,"Operate, maintain and clean pumps, filters, tanks and other aquaculture equipment and clean and maintain aquaculture enclosures"
85102,"Keep daily records of water flow and fish, shellfish and marine plant samples"
85102,Grade and weigh aquaculture stocks
85102,Prepare aquaculture stocks for market
85102,"Rake seaweed, dulse or Irish moss from beach, rocks or shallow water and load into a cart, wagon or other receptacles"
85102,Spread gatherings to dry and remove foreign objects
85102,Transport gatherings to processing plant
85102,"Dig clams from beds with spades, forks or other instruments, or collect other mollusks"
85102,"Clean, sort and transport mollusks to market"
85102,May operate boats for aquaculture operations.
85103,"Prepare soil; plant bulbs, seeds and cuttings; graft and bud plants; and transplant seedlings and rooted cuttings"
85103,"Monitor plants for healthy growth and potential weed, insect, disease, and fertilizer problems in greenhouse crops"
85103,"Spray trees, shrubs, flowers and plants to prevent disease and pests"
85103,Position and regulate greenhouse and outdoor irrigation systems to water plants and fields
85103,"Dig, cut and transplant trees, shrubs, flowers and plants and prepare them for sale"
85103,"Provide information to customers on gardening, the use of various garden tools and products and the care of trees, shrubs, flowers, plants and lawns"
85103,"May operate tractors and other machinery and equipment to fertilize, cultivate, harvest and spray fields and plants"
85103,Maintain inventory and order materials as required
85103,Clean working areas.
85104,Set traps with bait and position traps along trails
85104,"Operate boats or snowmobiles or travel on foot, snowshoes or skis to patrol trapline or to reach hunting areas"
85104,"Pursue animals by observing and recognizing tracks, trails, animal droppings or broken foliage"
85104,Remove catch and reset traps and snares
85104,"Kill and skin catch for pelts, and treat and pack pelts for marketing or for transport to public auctions"
85104,Kill wild animals using firearms or other weapons
85104,Trap live animals for sale to buyers or for relocation purposes
85104,Maintain and repair trapping and hunting equipment
85104,Maintain trails and access to trapping lines or hunting regions
85104,Trap designated animals for bounty or other control programs
85104,May train dogs for hunting
85104,May monitor animal population in the trapping or hunting regions to ensure future sustainability.
85110,Assist other mine workers in maintaining or constructing underground installations
85110,"Clean underground rooms, roadways, working areas and mining equipment and conveyances using hand tools"
85110,"Load, move, sort and pile materials and supplies"
85110,Clear spills of ore or coal using hand and power tools
85110,May cut core and prepare core sample boxes in support of mine exploration
85110,Assist other workers in prospecting for mineral deposits and perform various tasks related to general geophysical surveys.
85111,Manipulate sections of pipe or drill stem at the rig floor during drilling and during the removal and replacement of strings of pipe or drill stem and drill bit
85111,Maintain drilling equipment on the drill floor
85111,"Handle, sort and move drill tools, pipe, cement and other materials"
85111,Clean up rig areas
85111,"Assist in setting up, taking down and transporting drilling and service rigs and service equipment"
85111,May drive trucks to transport materials and well service equipment.
85120,Assist other workers at logging sites
85120,Attach chokers or cables to felled trees for yarding
85120,Plant trees using manual tools
85120,Spray herbicides from the ground using manual spraying equipment
85120,Clear trails through woodlands using chain saws
85120,Clean up landing areas at logging sites.
85121,"Spread top soil, lay sod, plant flowers, grass, shrubs and trees and perform other duties to assist with the construction of a landscape and related structures"
85121,"Cut grass, rake, aerate, dethatch, fertilize and water lawns, weed gardens, prune shrubs and trees and perform other maintenance duties as directed by supervisor"
85121,Maintain lawns and grass along roadsides
85121,"Operate and maintain power mowers, tractors, chain saws, electric clippers, sod cutters, pruning saws, snowblowers and other landscape maintenance equipment"
85121,"Spray and dust trees, shrubs, lawns and gardens, as directed, to control insects and disease"
85121,Perform other manual duties to clean and maintain landscaped environments.
90010,"Plan, organize, direct, control and evaluate the operations of a manufacturing establishment or the operations or production department of a manufacturing establishment"
90010,"Develop and implement plans to efficiently use materials, labour and equipment to meet production targets"
90010,Plan and manage the establishment of departmental budget
90010,Develop production schedules and maintain an inventory of raw materials and finished products
90010,"Plan and implement changes to machinery and equipment, production systems and methods of work"
90010,Direct quality control inspection system and develop production reporting procedures
90010,Develop equipment maintenance schedules and recommend the replacement of machines
90010,"Hire, supervise and train or oversee training of employees in the use of new equipment or production techniques."
90011.01,"Manage water filtration, purification processes and pumping operations, schedule and oversee the maintenance of plant equipment and prepare reports on water supply and water quality."
90011.02,"Manage the operations of electrical power distribution systems including generating stations, transmission stations and distribution networks. They may also plan and direct the distribution activities of a municipal electrical power establishment."
90011.03,"Manage the delivery of gas to consumers, monitor supply inventories and control the recording of injections and withdrawals"
90011.03,Plan and direct the distribution of heating oil products to retail distributors and regional storage sites.
90011.04,"Manage the operations of a sewage treatment plant, schedule and direct maintenance of plant equipment, and prepare reports on water quality."
90011.05,"Manage solid or liquid waste collection and disposal systems, train drivers in how to handle waste and ensure safe operation of disposal facilities."
92010,"Supervise, coordinate and schedule the activities of workers engaged in the following duties: operating single or multi-function mineral and metal processing machinery and equipment; operating mouldmaking and coremaking machines or manually make moulds and cores; operating glass process control, forming and finishing machines; operating concrete, clay and stone forming and finishing machines; and operating cement process control machines and equipment"
92010,Establish methods to meet work schedules and coordinate work activities with other departments
92010,Requisition materials and supplies
92010,Resolve work problems and recommend work measures to improve productivity and product quality
92010,"Train staff in job duties, safety procedures and company policies"
92010,Recommend personnel actions such as hirings and promotions
92010,Prepare production and other reports
92010,May set up machines and equipment.
92011,"Supervise, coordinate and schedule the activities of workers who operate petroleum refineries, chemical plants, water and waste treatment plants and equipment, pipelines, heating plants and power stations and systems"
92011,"Identify, investigate, correct and document potential environmental and safety problems"
92011,Establish methods to meet work schedules and coordinate work activities with other departments
92011,Resolve work problems and recommend measures to improve productivity and product quality
92011,Provide information for maintenance plans to ensure that maintenance and production objectives are met
92011,Requisition materials and supplies
92011,"Train staff in job duties, safety procedures and company policy"
92011,Recommend personnel actions such as hirings and promotions
92011,Prepare production and other reports and develop and manage operating budget for area of responsibility
92011,"May also supervise, coordinate and schedule the activities of trades workers, labourers or other workers."
92012,"Supervise, coordinate and schedule the activities of workers who process, package, test and grade food and beverage products"
92012,Establish methods to meet work schedules and coordinate work activities with other departments
92012,Resolve work problems and recommend measures to improve productivity and product quality
92012,Requisition materials and supplies
92012,"Train staff in job duties, safety procedures and company policy"
92012,Recommend personnel actions such as hirings and promotions
92012,Prepare production and other reports.
92013,"Supervise, coordinate and schedule the activities of production workers who operate processing machines and who fabricate, assemble, finish or inspect plastic or rubber parts and products"
92013,Establish methods to meet work schedules and coordinate work activities with other departments
92013,Resolve work problems and recommend measures to improve productivity and product quality
92013,Requisition materials and supplies
92013,"Train staff in job duties, safety procedures and company policies"
92013,Recommend personnel actions such as hirings and promotions
92013,Prepare production and other reports
92013,May set up machines and equipment.
92014,"Supervise, coordinate and schedule the activities of workers who operate pulp and paper mills, paper converting mills, sawmills, planing mills, plywood, waferboard and other wood and paper products mills"
92014,Ensure that systems and equipment are operating efficiently and that proper maintenance and repairs are performed
92014,Establish methods to meet work schedules and coordinate work activities with other departments
92014,Resolve work problems and recommend measures to improve productivity and product quality
92014,Requisition materials and supplies
92014,"Train staff in job duties, safety procedures and company policies"
92014,Recommend personnel actions such as hirings and promotions and administer the collective agreement
92014,Prepare production and other reports
92014,Monitor safety conditions
92014,May set up machines and equipment.
92015,"Supervise, coordinate and schedule the activities of production workers who operate machines to process natural, synthetic and hybrid textile fibre, yarn and thread; bleach, dye and finish textiles; operate manufacturing machines to cut, stitch and produce fabric, fur or leather garments and other products; and inspect textile products"
92015,Establish methods to meet work schedules and coordinate work activities with other departments
92015,Resolve work problems and recommend measures to improve productivity and product quality
92015,Requisition materials and supplies
92015,"Train staff in job duties, safety procedures and company policies"
92015,Recommend personnel actions such as hirings and promotions
92015,Prepare production and other reports
92015,May set up machines and equipment.
92020,"Supervise, coordinate and schedule the activities of workers in motor vehicle manufacturing production departments such as body shop, chassis, paint, trim and hardware and final assembly"
92020,Establish methods to meet work schedules and coordinate work activities with other departments
92020,Resolve work problems and recommend measures to improve productivity and product quality
92020,"Train staff in job duties, safety procedures and company policies"
92020,Requisition materials and supplies
92020,Recommend personnel actions such as hirings and promotions
92020,Prepare production and other reports.
92021,"Supervise, coordinate and schedule the activities of workers who assemble, fabricate, inspect and test electronic and electromechanical assemblies, subassemblies, parts and components or activities of workers who assemble, fabricate and inspect various types of electrical apparatus and equipment such as electrical appliances, batteries, electric motors, transformers and generators and electrical switchgear and control equipment"
92021,Establish methods to meet work schedules and coordinate work activities with other departments
92021,Resolve work problems and recommend work measures to improve productivity
92021,Requisition materials and supplies
92021,"Train workers in job duties, safety procedures and company policies and recommend personnel actions such as hirings and promotions"
92021,Ensure safety rules and regulations are followed
92021,Prepare production and other reports
92021,May set up machines and equipment
92021,"Supervise, coordinate and schedule the activities of related helpers and labourers."
92022,"Supervise, coordinate and schedule the activities of workers who assemble furniture and fixtures of any materials, operate woodworking machines and finish furniture to specified colour or finish"
92022,Establish methods to meet work schedules and coordinate work activities with other departments
92022,Resolve work problems and recommend work measures to improve productivity and product quality
92022,Requisition materials and supplies
92022,"Train staff in job duties, safety procedures and company policy"
92022,Recommend personnel actions such as hirings and promotions
92022,Prepare production and other reports.
92023,"Supervise, coordinate and schedule activities of workers who assemble and inspect products such as aircraft, buses, heavy trucks, transmissions, automobile engines and refrigeration and heating equipment"
92023,Establish methods to meet work schedules and coordinate work activities with other departments
92023,Resolve work problems and recommend measures to improve productivity and product quality
92023,Requisition materials and supplies
92023,"Train staff in job duties, safety procedures and company policies"
92023,Recommend personnel actions such as hirings and promotions
92023,Prepare production and other reports
92023,May set up machines and equipment.
92024,"Supervise, coordinate and schedule activities of workers who assemble, fabricate and inspect products, such as jewellery, clocks, watches, bicycles, millwork, sporting goods and toys"
92024,Establish methods to meet work schedules and coordinate work activities with other departments
92024,Resolve work problems and recommend measures to improve productivity and product quality
92024,Requisition materials and supplies
92024,"Train workers in job duties, safety procedures and company policies"
92024,Recommend personnel actions such as hirings and promotions
92024,Prepare production and other reports
92024,May set up machines and equipment.
92100.01,Power engineers
92100.01,"Operate automated or computerized control systems, stationary engines and auxiliary equipment such as reactors, boilers, turbines, generators, pumps, compressors, pollution control devices and other equipment to generate electrical power and to provide light, heat, ventilation and refrigeration for buildings, industrial plants and other work sites"
92100.01,"Start up and shut down power plant equipment, control switching operations, regulate water levels and communicate with systems operators to regulate and coordinate transmission loads, frequency and line voltages"
92100.01,"Monitor and inspect plant equipment, computer terminals, switches, valves, gauges, alarms, meters and other instruments to measure temperature, pressure and fuel flow to detect leaks or other equipment malfunctions and to ensure plant equipment is operating at maximum efficiency"
92100.01,Analyze and record instrument readings and equipment malfunctions
92100.01,Troubleshoot and perform corrective action and minor repairs to prevent equipment or system failure
92100.01,Respond to emergency situations if required
92100.01,"Clean and lubricate generators, turbines, pumps and compressors and perform other routine equipment maintenance duties using appropriate lubricants and hand, power and precision tools"
92100.01,"Maintain a daily log of operation, maintenance and safety activities, and write reports on plant operation and non-compliance"
92100.01,"May assist in the development of operation, maintenance and safety procedures."
92100.02,Power systems operators
92100.02,Operate and monitor computerized switchboards and auxiliary equipment in electrical control centres to control the distribution and to regulate the flow of electrical power in the transmission network
92100.02,"Coordinate, schedule and direct generating station and substation power loads and line voltages to meet distribution demands during daily operations, system outages, repairs and importing or exporting of power"
92100.02,"Monitor and visually inspect station instruments, meters and alarms to ensure transmission voltages and line loadings are within prescribed limits and to detect equipment failure, line disturbances and outages"
92100.02,"Issue work and test permits to electrical and mechanical maintenance personnel, assist maintenance and technical personnel to locate and isolate system problems, and assist during routine system testing"
92100.02,"Complete and maintain station records, logs and reports."
92101.01,Water treatment plant operators
92101.01,Operate and monitor computerized control systems and related equipment in water filtration and treatment plants to regulate the treatment and distribution of water
92101.01,Monitor and inspect plant equipment and systems to detect equipment malfunctions and to ensure plant systems are operating normally
92101.01,"Read flow meters, gauges and other recording instruments to measure water output and consumption levels, bacterial content, chlorine and fluoride levels"
92101.01,"Collect and test water samples for chemical and bacterial content, analyze test results and instrument readings and make adjustments to plant equipment and systems to ensure quality control"
92101.01,Provide verbal or written instructions for process control changes to waterworks system to ensure water produced meets standardized quality requirements
92101.01,Perform security checks in plant and on grounds
92101.01,Respond to public enquiries regarding water quality issues and emergencies
92101.01,"Complete and maintain plant logs, reports and statistics"
92101.01,May perform minor maintenance or assist skilled tradespersons with installation and repair of plant machinery
92101.01,"May measure, mix and transport chemicals to maintain feed stocks."
92101.02,Liquid waste plant operators
92101.02,"Operate and monitor computerized control systems and related equipment in wastewater treatment, sewage treatment and liquid waste plants to regulate the flow of sewage through settling, aeration and digestion tanks, and to treat and dispose of sewage and wastes"
92101.02,"Patrol plant to check pumps, motors, filters, chlorinators and other plant equipment; monitor and read gauges, meters and other recording instruments to detect equipment malfunctions and ensure plant systems and equipment are operating within prescribed limits"
92101.02,Test and adjust chemical feed rates to ensure that disinfection processes meet quality standards
92101.02,"Collect waste and sewage samples, test and analyze results and make adjustments to plant equipment and systems as required"
92101.02,Perform security checks in plant and on grounds
92101.02,Complete and maintain plant logs and reports
92101.02,Perform preventive maintenance on plant equipment to ensure that the facility operates in accordance with required standards
92101.02,May assist skilled tradespersons with installation and repair of plant machinery.
93100,"Coordinate and monitor the operation of a particular aspect of mineral ore, metal and cement processing production through control panels, computer terminals or other control systems, usually from a central control room"
93100,"Operate multi-function central process control machinery to grind, separate, filter, melt, roast, treat, refine or otherwise process mineral ores"
93100,"Observe computer printouts, video monitors and gauges to verify specified processing conditions and to make necessary adjustments"
93100,"Coordinate and supervise production crew such as machine and process operators, tenders, assistants and helpers"
93100,Start up and shut down the production system in cases of emergency or as required by schedule
93100,Provide or organize training for members of production crew
93100,Maintain shift log of production and other data and prepare production and other reports.
93101,Operate electronic or computerized control panel from a central control room to monitor and optimize physical and chemical processes for several processing units
93101,"Control process start-up, shut-down and troubleshooting"
93101,Monitor outside process equipment
93101,"Adjust equipment, valves, pumps and controls and process equipment"
93101,Authorize or co-sign maintenance work orders
93101,"Shut down, isolate and prepare process units or production equipment for maintenance"
93101,"Sample products, perform tests, record data, carry out statistical process control on process operations, and write production logs"
93101,"Develop operating procedures for normal operation, start-up or shut-down of unit"
93101,Participate in safety audits and programs and provide emergency response when required
93101,Ensure adherence to safety and environmental regulations
93101,May rotate between different processing units during shift cycles
93101,May work in a team with shared supervisory responsibilities and participate in training other workers
93101,May be cross-trained in a skilled trade and work in the trade during shift cycles.
93102,"Operate, coordinate and monitor pulping, papermaking and papercoating process equipment from central control room or machine consoles and control panels in equipment cabins to control process operations and machinery in the production of pulp and paper"
93102,"Control the processing of wood, scrap pulp, recyclable paper, cellulose materials, pulp paper and paperboard and monitor the chemical and physical process operations using a distributed control system and process computers"
93102,"Observe panel indicators, gauges, video monitors and other instruments to detect equipment malfunctions and ensure pulping, papermaking and coating processes are operating according to process specifications"
93102,"Analyze instrument readings and production test samples and make adjustments or direct other pulp mill, papermaking and finishing machine operators to make adjustments to pulp production, papermaking and coating process and equipment as required"
93102,Complete and maintain production reports.
93200.01,Aircraft assemblers
93200.01,Read and interpret aircraft assembly diagrams
93200.01,"Assemble and fit pre-fabricated parts to form subassemblies, working at benches or directly on an aircraft structure"
93200.01,"Assemble, fit and install pre-fabricated parts and subassemblies such as aircraft skins, flight controls, rigging, hydraulics and other mechanical systems."
93200.02,Aircraft assembly inspectors
93200.02,"Inspect aircraft assemblies, using measuring and testing equipment, for adherence to engineering specifications"
93200.02,"Inspect assemblies for alignment, symmetry, dimensions, fit and quality of workmanship"
93200.02,Complete detailed inspection documentation.
94100,"Set up, prepare and adjust mineral ore, metal and cement processing machinery to carry out one step in the overall mineral ore or metal processing operation"
94100,"Operate single-function machinery to grind, separate, filter, mix, treat, cast, roll, refine or otherwise process mineral ores"
94100,"Observe gauges, meters, computer printouts, video monitors and products to ensure correct operation of machinery and verify processing conditions"
94100,Make adjustments to machinery as required
94100,Record production information and complete reports
94100,May assist with machinery maintenance or repair.
94101.01,"Make and repair sand moulds using patterns, moulding boxes, sand and hand tools following bench, floor or pit moulding methods"
94101.01,Operate ovens to dry moulds
94101.01,"Make cores for use inside moulds to form holes or void spaces in castings using core boxes, sand, hammer and wire or other reinforcing material"
94101.01,Coat cores with protective materials and bake cores in oven
94101.01,"Set up, adjust and operate various mouldmaking and coremaking machines to make sand and ceramics moulds and cores"
94101.01,May pour molten metal into moulds to produce metal castings.
94101.02,Set up and operate various casting machines to cast ferrous and non-ferrous metal products; hand ladle and pour molten metal into moulds to produce castings.
94101.03,Foundry furnace operators
94101.03,Operate furnaces used to melt metals for moulding and casting.
94102.01,Glass process control operators
94102.01,"Operate multi-function process control machinery through control panels, computer terminals or other control systems to mix and melt raw materials; heat, anneal, temper or form float glass or glass products; and coat glass with silver or other metals and materials"
94102.01,"Observe gauges, computer printouts and video monitors to verify specified processing conditions and make adjustments as necessary"
94102.01,Maintain shift log of production and other data
94102.01,May operate process control machinery to cut glass or assemble glass window units
94102.01,May clean and maintain process machinery
94102.01,"May ensure adequate levels of oil, soap, talc or other materials used in machine production of glass."
94102.02,Glass forming machine operators
94102.02,"Set up and adjust automatic glass feeding, flowing and forming machines"
94102.02,"Operate and maintain machines that press or blow molten glass in moulds to form or shape containers, such as bottles, jars and drinking glasses"
94102.02,Operate electric kilns that heat glass sheets and mould to the shape and curve of metal jigs
94102.02,Spray or swab moulds with oil solutions to prevent adhesion of glass
94102.02,"Weigh, measure and check production samples to assess conformance to specifications using scales and gauges and by visual verification."
94102.03,Glass finishing machine operators
94102.03,Set up and adjust glass and glass-product finishing machines
94102.03,"Operate and maintain finishing machines to grind, drill, sand, bevel, decorate, wash or polish glass or glass products"
94102.03,Visually inspect products for quality
94102.03,"Record manufacturing information such as quantity, size and type of goods produced."
94102.04,Glass cutters
94102.04,"Jig, measure and mark glass or place pattern on or under glass for cutting"
94102.04,Examine and mark defective glass to obtain best cut
94102.04,Cut glass along marked outlines or around pattern using hand tools
94102.04,Smooth rough edges using belt sander or smoothing wheels
94102.04,"Set up, operate and adjust computerized or robotic glass cutting equipment"
94102.04,Monitor process for product quality.
94103.01,"Set up, adjust and operate single-function machines to mix, drill, grind and cut concrete to specifications in the manufacture of concrete products"
94103.01,"Check products for quality control, repair flaws and perform ongoing machine adjustments and minor maintenance as necessary"
94103.01,"Move products using forklift, crane or hydraulic hoist"
94103.01,"Record manufacturing information such as quantity, size and type of goods produced"
94103.01,Construct clay models and moulds by hand and with hand tools for use in casting concrete products
94103.01,Build and repair wooden forms used to mould concrete products
94103.01,Position reinforcing rods or wire mesh in moulds and fill moulds with concrete from suspended pouring buckets
94103.01,"Start vibrating tables to settle concrete, or tamp concrete using electric vibrator"
94103.01,"Remove castings from mould with crane or forklift, and finish surfaces of castings using screed or trowel"
94103.01,"Cut cured concrete pipe sections with saw or chisel, and cement sections together to form odd shaped fittings."
94103.02,"Set up and operate automatic machines that mix ingredients, extrude tempered clay mixture and cut extruded clay into sections to make products such as bricks, drain tiles and porcelain insulators"
94103.02,Operate mechanical or hydraulic ram and hot-presses to form pottery and porcelain ware
94103.02,"Prepare and mix slip and fill moulds with slip to form pottery and porcelain ware such as jugs, cups, sinks and toilet bowls"
94103.02,Operate kiln to bake clay products to specified hardness.
94103.03,Operate blade or wire saws to cut blocks of stone to specified dimensions
94103.03,"Operate machines to grind and polish surfaces of stone blocks, slabs or other stone products to specific shape or design and to produce smooth finish"
94103.03,Operate sandblasting equipment to cut inscriptions or decorative designs in stone monuments
94103.03,Finish stone products with spray paint and by mounting plaques or installing concrete bases
94103.03,Operate stone-dressing lathe to sharpen and dress grindstones that grind logs into pulp
94103.03,Operate machine to drill holes in blocks or slabs of stone according to specifications.
94104,"Inspect mineral ore, metal, cement, glass, clay or concrete products at various stages of processing to ensure adherence to specifications"
94104,"Grade and label raw materials or finished products according to size, thickness, composition or other classification standards"
94104,Take samples of products during or after processing operation for routine analysis or for subsequent laboratory analysis
94104,"Test product for strength, density, durability and conformance to specifications"
94104,Advise supervisor or central control operator and process machine operators of problems and product deficiencies
94104,Complete inspection and test reports.
94105.01,Read specifications or follow verbal instructions
94105.01,"Lay out, set up and operate one or more light or heavy metalworking machines such as shears, power presses, saws, plate rolls, drills, brakes, slitters, punch presses, computer numerically controlled (CNC) equipment, and other hand tools to cut, bend, roll, ream, punch and drill, weld or otherwise shape and form metal stock into parts or products"
94105.01,"Operate machines or equipment which weld, solder, bolt, screw or rivet metal parts together"
94105.01,"Check products for correct shapes, dimensions and other specifications"
94105.01,Troubleshoot and perform corrective action or minor repairs
94105.01,May select and transport material to work area manually or using crane or hoist
94105.01,May document work completed
94105.01,May build staging or erect scaffolding as required for heavy metalworking jobs
94105.01,May clean or lubricate equipment and replace parts as required.
94105.02,Operate gas or oil fired furnaces to heat metal to proper temperature prior to forging
94105.02,"Place metal pieces in furnace using hand tongs or overhead cranes and remove from furnace when colour of metal indicates proper forging temperature, or load and unload furnace with automatic conveyor"
94105.02,"Position heated or cold metal pieces, on die of press or other forging machinery"
94105.02,"Operate presses or other forging machines to perform hot or cold forging by flattening, straightening, twisting, forming, drawing, upsetting, splitting, cutting, punching, piercing, bending, coining, or other operations to shape or form metal"
94105.02,Position and adjust dies on anvil of forging machinery using overhead cranes or other hoisting devices and hand tools.
94106,Study job orders and interpret blueprints to determine machining operations to be performed
94106,"Set up and operate machine tools to perform repetitive machining operations, such as turning, milling, drilling, boring, planing, honing, broaching, grinding or other machining operations"
94106,"Verify dimensions of parts machined using micrometers, callipers and other precision measuring instruments"
94106,Prepare etching solution and immerse metal parts or workpiece in etching solution to remove unwanted portions
94106,Perform routine maintenance on equipment and machinery
94106,"May enter codes specifying speed, feed and cut of the toolpath for computer numerical controlled (CNC) machine tools."
94107,"Operate or tend automatic or multi-purpose machines including wire looms to produce metal parts and metal products such as wire screening, fencing, tinware, metal baskets, racks, hooks, metal tubing and similar articles"
94107,Fit and assemble components using hand and power tools
94107,"Clean, polish, file or otherwise finish products"
94107,Check products for quality and other specifications
94107,May clean and lubricate machinery.
94110,"Monitor meters, gauges and electronic instrumentation on one or more chemical processing or formulation units, such as mixers, kettles, blenders, dryers, tabletting, encapsulation, granulation and coating machines"
94110,"Measure, weigh and load chemical ingredients following formulation cards"
94110,"Start up, shut down, troubleshoot and clean equipment"
94110,Adjust processing machines and equipment
94110,Monitor reaction processes and transfers of products in conformance with safety procedures
94110,Take samples and perform routine chemical and physical tests of products
94110,Record production data
94110,May operate equipment from a control room or from control consoles located near the production units.
94111.01,"Weigh resins, colorants and other chemicals according to formula"
94111.01,Place weighed materials in mixing machine and operate machine to blend plastic and other chemicals to a specified consistency or viscosity
94111.01,"Monitor operation, regulate material supply and add chemicals and colorants to mixture"
94111.01,"Operate controls to regulate temperature, speed and other processing conditions"
94111.01,Unload mixture into container or conveyor for further processing
94111.01,Maintain and perform minor repairs on machinery as required
94111.01,Maintain inventory of material and clean working area.
94111.02,Set up and operate calendering machines which transform dough-consistent plastic mass into continuous sheets or films of specified thickness
94111.02,"Troubleshoot, maintain and make minor repairs to equipment and adjust calender rollers for production line change"
94111.02,Monitor quality of material produced
94111.02,Maintain inventory of material and clean working area.
94111.03,Set up and operate one or more extruding machines which extrude plastic composites products through a nozzle or die
94111.03,Change dies on extruding machines according to production line change
94111.03,"Troubleshoot, maintain and make minor repairs to equipment"
94111.03,Monitor quality of material produced
94111.03,Maintain inventory of material and clean working area.
94111.04,Set up and operate one or more moulding machines which mould plastic products according to specifications
94111.04,Change moulds and adjust equipment for production line change
94111.04,"Troubleshoot, maintain and make minor repairs to equipment"
94111.04,Monitor quality of material produced and adjust machine settings as required
94111.04,Follow formulation card to mix ingredient batches for injection moulding process
94111.04,Maintain inventory of material and clean working area.
94112.01,"Set up, operate and tend machinery used for mixing, calendering, extruding, moulding and curing rubber materials or rubber products"
94112.01,"Load or feed rubber, pigments, filler, oil and chemicals into machines"
94112.01,Check and monitor processing conditions and product quality
94112.01,Adjust machines to proper setting as required
94112.01,Train or assist in training new workers.
94112.02,Lay out and prepare rubber materials for assembly
94112.02,"Operate machines or equipment or use hand tools to cut, shape, splice, fit and cement rubber materials to form rubber parts or finished rubber products"
94112.02,"Operate finishing machines or equipment to trim, grind, or buff rubber products into final form"
94112.02,Train or assist in training new workers.
94112.03,"Inspect finished rubber products for defects and conformance to specifications and quality standards, visually or using instruments"
94112.03,Affix seals or tags to approved products and mark and reroute defective products for repair or recycle
94112.03,Fill out product inspection report
94112.03,May make minor adjustments or repairs to products.
94120,Operate front-end loaders and stationary deck cranes to feed logs into the sawmill
94120,"Examine logs and rough lumber to determine size, condition, quality and other characteristics to decide best lumber cuts to carry out, or use automated equipment to convey logs through laser scanners which determine the most productive and profitable cutting patterns"
94120,"Operate automated lumbermill equipment from control rooms or consoles to saw logs into rough lumber; saw, trim and plane rough lumber into dressed lumber of various sizes; and saw or split shingles and shakes"
94120,Start conveyor system to move logs and lumber to and from saws
94120,"Set up and adjust saw equipment and replace blades or bands using wrenches, gauges and other hand tools"
94120,"Operate equipment to sort and stack lumber by length and thickness, move stacks to storage areas or drying kilns, and feed lumber through planers"
94120,"Monitor movement of lumber and computer screens to ensure cuts are made according to specifications, and print production reports"
94120,Clean and lubricate sawmill equipment.
94121,"Operate and monitor paper mill, papermaking and finishing process machinery and equipment such as screening equipment, bleaching equipment, digesters, mixing tanks and washers to carry out one or more cellulose processing steps and equipment such as dryers, laminators, cutters, coaters, calenders and hoists to carry out one or more papermaking and finishing process steps"
94121,"Observe equipment and machinery panel indicators, gauges, level indicators and other equipment instruments to detect machinery and equipment malfunctions and ensure process steps are carried out according to specifications"
94121,"Communicate with pulping, papermaking and coating control operator to make process adjustments and start up or shut down machinery and equipment as required"
94121,"Collect processing samples and conduct titration tests, pH readings, specific density tests and other routine tests on pulp and solutions"
94121,"Inspect paper visually for wrinkles, holes, discolouration, streaks or other defects and take corrective action"
94121,Complete and maintain production reports.
94122,"Operate machines which cut, fold, glue or clip paper and cardboard to make boxes, corrugated cartons and other articles"
94122,Operate machines which glue paper to cardboard and cut it into required lengths
94122,Operate machines which press paper to form drinking cups and other containers
94122,"Operate machines which cut, glue and fold paper to make envelopes or paper bags"
94122,"Operate other paper converting machines to form products such as paper tubes, cards, paper towels or diapers"
94122,Clean and lubricate machine and perform other routine machine maintenance
94122,Set up machines.
94123.01,"Examine lumber visually for knots, holes, splits and other defects and sort for further drying, trimming or remanufacturing"
94123.01,"Measure lumber using callipers, gauges and tape measures to ensure specified thickness, length and width"
94123.01,"Classify and sort lumber according to industry standards and stamp lumber to indicate grade, wood type, moisture level and other characteristics"
94123.01,Tally lumber
94123.01,Complete and maintain reports.
94123.02,"Inspect plywood panels, veneer sheets, panelboards, shingles and similar wood products visually for knots, holes, splits, straightness and other defects"
94123.02,Mark defects and sort for repair or reprocessing
94123.02,Measure wood products to ensure conformance to specifications using standard measuring instruments
94123.02,Grade and label wood products according to quality standards
94123.02,Complete and maintain inspection and grading reports.
94124,"Set up, program and operate one or more computer numerically controlled (CNC) or manual woodworking machines such as saws, moulders, lathes, routers, planers, edgers, pressing machines, shapers, drills and sanders to fabricate or repair wooden parts for furniture, fixtures and other wood products"
94124,Operate gluing machines to glue pieces of wood together or press and affix wood veneer to wood surfaces
94124,"Operate preset special-purpose woodworking machines to fabricate wood products such as coat hangers, mop handles, clothes pins and other products"
94124,Read and interpret specifications or follow verbal instructions
94124,"May clean and lubricate equipment, and replace parts as necessary."
94129,"Operate and tend various wood processing equipment and machines to remove bark, knots and dirt from logs; reduce logs or sawmill waste into wood chips or flakes; stack and band lumber; screen wood chips; and produce waferboards, particleboards, hardboards and insulation boards"
94129,"Operate and tend conveyors, lathes, sanding machines and other equipment to peel and slice veneer from logs and log sections, and to glue, press, trim, sand and splice veneer sheets"
94129,"Operate and tend kilns, treating tanks and other equipment to dry lumber and other wood products, and to treat chemically and impregnate wood products with preservatives"
94129,"Observe equipment, panel indicators, video monitors, and other instruments to detect malfunctions and ensure that processes are operating according to specifications"
94129,Assemble plywood panels and repair plywood and veneer mechanically or manually
94129,"Start up, shut down, set up, adjust and assist in maintaining processing equipment and machines as required"
94129,Complete and maintain production reports.
94130.01,"Operate and feed machines that wash, mix, blend, pick, card, lap, comb, draw or finish fibers, yarns, hides or pelts"
94130.01,"Operate spinning, twisting, winding or reeling machines"
94130.01,"Operate a variety of machines to clean, bleach, dye, coat or finish fabric, thread, yarn, hide, pelt and other textile products"
94130.01,Mix dyes or chemicals according to established formulas
94130.01,Operate machinery to print designs onto textile products
94130.01,"Oversee work area, examine products for defects and ensure adherence to quality standards"
94130.01,Investigate machine stoppages and notify supervisor or mechanic in the event of equipment malfunction
94130.01,May set up machines and assist with maintenance and minor repairs to machinery.
94130.02,Set up machines for proper processing
94130.02,"Operate machines to bleach, dye, coat and finish fabric, thread, other textile products, hide or pelt"
94130.02,Operate machines to print designs onto textile products or hide
94130.02,Examine products for defects and ensure adherence to quality standards
94130.02,Mix dyes and chemicals according to established formulas
94130.02,Notify supervisors and mechanics of equipment malfunctions.
94131,Set up looms or other processing machines
94131,Read loom patterns and prepare loom pattern mechanisms for processing
94131,Operate looms to weave yarn or thread into textile fabrics or products
94131,"Operate machines that produce twine, ropes or nets"
94131,"Operate batteries of knitting machines to produce knitted fabric, hosiery, garments or other products"
94131,"Operate carpet tufting machines, felt making needle-punch machines and other machines to produce textile products"
94131,"Operate large automatic multi-needle machines to embroider material or to sew lengths of several layers of material to make yard goods, quilts or mattress coverings"
94131,Patrol machines and check fabrics or products for defects and to verify efficient operation
94131,Investigate machine stoppages
94131,Repair minor mechanical problems such as broken or defective needles
94131,Notify supervisor or repairers of mechanical malfunctions.
94132,Assemble pieces of garments by matching patterns and dye lots
94132,"Operate single, double or multi-needle serging, flat bed felling, banding and other sewing machines, to join sections of garments or other articles into finished products on a piece-work or production basis"
94132,Operate fur sewing machines to join fur pelt strips to required size and shape and join pelts into garment sections or shells
94132,"Operate stitching machines to sew leather parts together for leather garments, handbags, shoes and other leather articles"
94132,Operate serging machines to sew and overcast edges of material simultaneously
94132,"Operate tackers, pocketsetters, buttonhole makers and fusing, hemmer and other machines to perform various operations in the fabrication of garments and other articles"
94132,"Examine garments and operate sewing machines, sergers and other machines to repair garments and other articles during the manufacturing process"
94132,Complete production reports
94132,May perform minor maintenance and repairs on sewing machine.
94133,"Examine natural, synthetic and hybrid textile, fabric, fur and leather garments or products for conformity to quality standards"
94133,"Inspect and grade animal hides and pelts according to size, condition and weight"
94133,Verify fit or size of finished garments and products by measuring or comparing products with samples and patterns
94133,"Mark defects, repair minor imperfections, cut excess materiel using scissors, and remove lint and spots using brushes, lint removers and cleaning solutions"
94133,"Grade and sort finished products and tag according to size, style and quality"
94133,Record information on products inspected
94133,May package products.
94140.01,"Operate multi-function process control machinery through control panels, computer terminals or other control systems to grind, extract, mix, blend, cook or otherwise process food products and to bag, box or otherwise package food products"
94140.01,"Operate multi-function process control machinery to grind, extract, mix, blend, distill, ferment or otherwise process alcoholic or non-alcoholic beverages and to bottle, can or otherwise package beverages"
94140.01,"Observe gauges, computer printouts and video monitors to verify specified processing conditions and make adjustments to process variables such as cooking times, ingredient inputs, flow rates and temperature settings"
94140.01,Maintain shift log of production and other data.
94140.02,Set up and adjust food or beverage processing and packaging machines
94140.02,"Operate single-function machines to grind, extract, mix, blend, dry, freeze, cook or otherwise process food or beverage products"
94140.02,"Operate single-function machines to box, can or otherwise package food or beverage products"
94140.02,Check products to ensure conformance to company standards and clear machine blockages as required
94140.02,"Record production information such as quantity, weight, size, date and type of products packaged"
94140.02,"Perform corrective machine adjustments, clean machines and immediate work areas."
94141.01,Slaughter livestock using stunning devices and knives
94141.01,"Skin, clean and trim carcasses"
94141.01,Remove viscera and other inedible parts from carcasses
94141.01,Split carcasses into smaller portions to facilitate handling
94141.01,"May slaughter cattle, calves and sheep as prescribed by religious laws."
94141.02,"Cut beef, lamb, pork or veal carcasses or sides or quarters of carcasses into primal cuts for further cutting, processing or packaging"
94141.02,Remove bones from meat
94141.02,"Cut meat and poultry into specific cuts for institutional, commercial or other wholesale use"
94141.02,"Remove skin, excess fat, bruises or other blemishes from carcasses or meat portions."
94141.03,Slaughter poultry and remove inedible parts
94141.03,Remove feathers and singe and wash poultry to prepare for further processing or packaging.
94142.01,"Set up and operate machines to clean, cut, cook, smoke, brine, dehydrate or otherwise process fish or seafood products"
94142.01,"Set up and operate machines to can, bag, box or otherwise package fish and seafood products"
94142.01,Check products and packaging for defects and to ensure conformance to company standards and perform corrective machine adjustments as required
94142.01,"Record production information such as quantity, weight, date and type of products packaged."
94142.02,Fish and seafood plant cutters and cleaners
94142.02,"Cut, clean and trim fish or seafood prior to marketing or further processing"
94142.02,"Scrape away scales, cut fish, separate fillets and remove scrap parts using knife"
94142.02,"Check fish fillets to determine optimal number and size of fillet sections, cut sections according to specifications and place in container for weighing"
94142.02,Disjoint and remove meat from lobsters or other crustaceans preparatory to canning or further processing.
94143,Take samples of products at various stages of processing
94143,"Examine ingredients or finished products by sight, touch, taste and smell or weigh materials to ensure conformance to company standards"
94143,"Conduct routine tests for product specifications such as colour, alcohol content, carbonation, moisture content, temperature, fat content and packaging"
94143,Grade or sort raw materials or finished products
94143,Ensure hygiene and sanitation practices conform to policies and regulations
94143,Advise supervisors of ingredient or product deficiencies.
94150,"Review work order to determine job specifications, such as ink colour and quantity required"
94150,"Set up and make adjustments to printing machine, such as filling ink or paint reservoirs and loading stock"
94150,Input codes and key in programming data on console keyboard of computerized machines
94150,Operate and monitor printing machines during print run and make adjustments as required
94150,Clean machines and replace worn parts.
94151.01,Set up and adjust black and white or colour separation process cameras to convert graphic art and photographs into film for assembly and exposure onto printing plates or cylinders
94151.01,"Operate computerized scanning machines or digital cameras to make colour separations and corrections from colour copy or transparencies for use in preparing film, digital files, printing plates or cylinders"
94151.01,"Assemble and position, either using automated equipment or by hand, pieces of film containing all parts of a printing job to produce flats or composite negatives for preparing printing plates or cylinders."
94151.02,"Examine the text, design, or pattern to determine how it will be etched or engraved onto the workpiece"
94151.02,"Prepare surface of workpiece for etching or engraving by cleaning, polishing, treating, and applying additional methods"
94151.02,"Etch or engrave the text, design or pattern onto the workpiece using hand tools, etching machines, photogravure or laser processes."
94151.03,"Operate various computer-controlled studio systems to perform colour separation, retouching and editing that allow changes to be made to a colour negative for printing purposes, plan page layouts and electronically alter shape, size and positions of illustrations and text"
94151.03,"Prepare and initiate the development of printing plates for the offset process and are responsible for the maintenance of plate flasher type devices (CTP, Computer to plate)"
94151.03,"Operate vacuum frames, plate processors and step and repeat machines to produce printing plates for various types of presses"
94151.03,"Operate computerized equipment to prepare film, laser or dylux proofs for quality control purposes and for customers' review."
94152,"Set up and operate specialized equipment and machines that cut, fold, gather and bind or finish brochures, pamphlets, business forms, magazines, books and other printed material"
94152,"Set up and operate specialized equipment and machines that die cut, emboss, imprint, laminate, heat stamp and perform other finishing operations on printed material"
94152,Perform pre-production runs of binding or finishing jobs to verify output and to ensure that product specifications are met
94152,Operate automatic and semi-automatic equipment and machines to bind or finish print material according to specifications
94152,"Pack, weigh and stack bound and finished products on pallet for shipment"
94152,May repair and rebind damaged or worn books.
94153,"Operate equipment to develop negatives and slides, and to print black and white and colour photographs"
94153,Operate photographic enlarging equipment to produce prints and enlargements from negatives
94153,Operate equipment to develop motion picture film
94153,"Tend automatic equipment in retail establishments to develop colour negatives, prints and slides"
94153,Operate equipment to transfer film to video tape
94153,Retouch photographic negatives or original prints to correct defects
94153,Splice film and mount film on reels
94153,Measure and mix chemicals required for processing
94153,Inspect rolls of photographic prints for conformance to specifications; or motion picture film to detect defects in developing and printing.
94200.01,"Read electrical schematics, blueprints and other technical diagrams"
94200.01,"Bolt, screw, clip, weld, solder or otherwise fasten motor vehicle parts and components together using hand and power tools and equipment"
94200.01,Operate and tend automated assembling equipment such as robotic and fixed automation equipment
94200.01,"Connect cables, tubes and wires to complete assemblies and installations"
94200.01,"Position and install parts, subassemblies and accessories such as engines, transmissions, door panels or instrument panels using hand and power tools and other aids such as overhead hoists"
94200.01,"Fit and adjust parts such as doors, hoods and trunk lids."
94200.02,"Check motor vehicle exterior priming and colour coats, sealers and glazers, and mark, record and report defects to be repaired"
94200.02,"Test motor vehicle electrical assemblies, equipment and wiring for proper performance using testing devices such as meters, analyzers and timing lights"
94200.02,Inspect auto parts and fully assembled motor vehicles for defects to ensure that the defects have been corrected
94200.02,"Drive and test motor vehicles on roll testing device to ensure that transmission, axle, engine and brakes function properly."
94201.01,"Solder and manually assemble various electronic components such as resistors, diodes, transistors, capacitors, integrated circuits, switches, wires and other electronic parts to designated locations on printed circuit boards"
94201.01,"Assemble microcircuits requiring fine hand assembly, the use of microscopes and adherence to cleanroom procedures"
94201.01,"Install, mount, fasten, align and adjust parts, components, wiring and harnesses to subassemblies and assemblies using hand and small power tools"
94201.01,"Operate automatic and semi-automatic machines to position, solder and clean prescribed components on printed circuit boards"
94201.01,"Operate and monitor process equipment including automatic and semi-automatic machines to fabricate electronic components, solder, clean, seal and stamp components and perform other process operations as specified"
94201.01,Set up process equipment and adhere to cleanroom procedures as required
94201.01,May replace defective components and repair and overhaul older devices.
94201.02,"Inspect electronic components and assemblies to ensure correct component selection and placement, wiring and soldering quality, proper pin insertions, location and diameter of plated holes, breaks in circuitry and line spacing in printed circuit board and other specified requirements while products are being assembled or fabricated"
94201.02,"Check final assembly for finish, labelling and packaging methods"
94201.02,"Check mechanical dimensions and perform ""go-no-go"" electrical tests"
94201.02,Identify and mark acceptable and defective assemblies and return faulty assemblies to production for repair
94201.02,"Collect, record and summarize inspection results"
94201.02,Investigate equipment malfunction and instruct on proper operation.
94201.02,"Operate various test equipment and tools to perform simple electrical and continuity testing of electronic components, parts and systems"
94201.02,"Set up and operate automatic testing equipment to locate circuit and wiring faults, shorts and component defects"
94201.02,Compare test results to specifications and set parts or products aside for repair or replace components or parts as indicated by test equipment
94201.02,Maintain test result reports
94201.02,"May conduct life tests (burn-ins) on components, subassemblies and assemblies."
94202.01,"Assemble prefabricated parts on an assembly line, or at work benches using screw guns and other hand and power tools"
94202.01,"Assemble small and large household electrical appliances such as coffeemakers, toasters, vacuum cleaners, lawn mowers, refrigerators and dishwashers"
94202.01,"Assemble small transformers, small electrical motors and transmissions used in appliances or other electrical products"
94202.01,"Assemble circuit breakers, switches or other electrical control equipment and position and fasten components such as springs, toggles or other parts into assembly casings"
94202.01,Wind coils and armatures for small electric motors and transformers
94202.01,Perform minor repairs to products rejected from production assembly line
94202.01,"Set up assembly line with materials and supplies required for production, and set up and adjust production tools."
94202.02,"Check products at different stages of production for visual defects and faulty electrical and mechanical connections, or operate automatic or other testing equipment to ensure product quality"
94202.02,Identify and mark acceptable and defective assemblies and return faulty assemblies to production for repair
94202.02,"Collect, record and summarize inspection results."
94203.01,Assemble and fit metal and other prefabricated parts to close tolerances according to blueprints to build heavy-duty electric motors or transformers
94203.01,"Assemble stators or armatures for heavy-duty electric motors; compress steel laminations to build transformer cores; assemble windings into core using overhead cranes and make electrical connections using crimping, brazing and soldering equipment"
94203.01,"Assemble and fit electrical motor or transformer auxiliary equipment such as bushings, tap changes, conduit boxes, heating devices, protective equipment and cooling equipment"
94203.01,"Set up and adjust production machinery and equipment, such as coil winding machines, for the manufacture of heavy-duty electrical equipment"
94203.01,May perform basic tests on electric motors.
94203.02,"Interpret engineering drawings, electrical schematics and blueprints"
94203.02,"Fit motor starters, contactors, capacitors, circuit breakers, voltage regulators, printed circuit boards or other electrical control devices into switchboards and panelboards to produce automated processing control equipment, electrical distribution panels, or other industrial electrical control equipment"
94203.02,Wire electrical connections for switchboards and panelboards
94203.02,Assemble panelboard and switchboard cabinets and install bus bars used to carry heavy electrical current
94203.02,May operate metal fabricating equipment to fabricate or modify bus bars.
94203.03,Monitor production and troubleshoot production problems
94203.03,"Check final assembly of electric motors, transformers or control equipment for adherence to quality control standards"
94203.03,"Collect, record and summarize inspection results."
94204.01,"Assemble, fit and install prefabricated parts to form subassemblies or finish products using hand and power tools"
94204.01,"Position, align and adjust parts for proper fit and assembly and connect cables, tubes and wires"
94204.01,Fasten parts together using bolting and riveting equipment or other fastening and joining techniques
94204.01,"Operate or tend automated assembling equipment, such as robotics and fixed automation equipment"
94204.01,Operate small cranes to transport or position larger parts as required.
94204.02,Check subassemblies and inspect finished products for proper quality
94204.02,Check mechanical assemblies and subassemblies for alignment and proper functioning
94204.02,Test and check electrical assemblies and wiring for proper connections
94204.02,Perform minor adjustments and repairs.
94205.01,"Operate machinery to assemble, test or package dry cell batteries"
94205.01,Position lead acid storage batteries on assembly line and insert battery contents into casing
94205.01,"Operate machinery, such as pasting and stacking machines, to fabricate plates for lead acid storage batteries"
94205.01,"Load machinery with glass tubes, bulbs and other parts used to produce incandescent, fluorescent and other types of light bulbs and tubes, and remove and pack finished product"
94205.01,"Operate or feed machinery and equipment to produce electrical wiring devices such as fuses, plugs, caps, sockets, connectors and switches"
94205.01,"Operate equipment to apply protective coatings to items such as freezer cabinets, small electric motors or transformer assemblies"
94205.01,Perform minor repairs to items rejected from production line
94205.01,Set up and adjust production machinery and equipment for operation.
94205.02,Check in-process and completed production items for visual or mechanical defects or operate testing equipment to maintain quality of products
94205.02,Identify and mark acceptable and defective assemblies and return faulty assemblies to production for repair
94205.02,"Collect, record and summarize inspection results."
94210.01,"Prepare, sand and trim wooden furniture and fixture parts using hand and power tools"
94210.01,Assemble wooden or metal furniture and fixture parts to form subassemblies and complete articles using hand and power tools
94210.01,"Assemble a combination of parts made of wood, metal, plastic, cane or other materials to form subassemblies or complete furniture articles"
94210.01,Reinforce assembled furniture and fixtures with dowels or other supports
94210.01,Install hardware such as hinges or clasps on furniture and fixtures.
94210.02,Set up and operate finishing machines or finish furniture by hand
94210.02,"Stain or finish wood to specified colour with stains, paints or other materials using brush or spray gun"
94210.02,"Apply toners, highlights, glazes or shaders to obtain desired finish"
94210.02,Apply lacquer or other sealers
94210.02,Decorate wood surfaces or mark surfaces to create antique or other effects using hand and power tools
94210.02,Clean and polish furniture
94210.02,Sand metal furniture to prepare for finish and spray with paint or other materials.
94210.03,"Strip old finish from wood surfaces using steel wool, sandpaper and solvents"
94210.03,Smooth gouges with wood filler and sand wood
94210.03,Match colours to obtain original finish and apply appropriate finish to stripped wood
94210.03,Polish and wax refinished surfaces
94210.03,"Sand or grind metal surfaces to prepare for coating, and paint metal surfaces using electrostatic method, spray gun or other painting equipment"
94210.03,Make minor repairs to furniture
94210.03,May perform duties of furniture finisher.
94210.04,Inspect furniture and fixture subassemblies and finished products for conformance to quality standards
94210.04,Mark defective parts or products for repair
94210.04,Make minor adjustments and repairs
94210.04,Record information on products inspected.
94211.01,Read production orders and diagrams
94211.01,"Trim and sand joints, moulding, or other wooden parts to be assembled using hand and power tools"
94211.01,"Assemble wood products such as window sashes, doors, boxes, pallets, ladders and barrels using glue, staples, screws, bolts or other fasteners"
94211.01,"Assemble door panels, trusses, modular components and other parts on assembly line to make prefabricated housing using jigs, overhead cranes and hand and power tools"
94211.01,"Reinforce assembled products with dowelling or other supports, and install hardware such as knobs and hinges"
94211.01,May assist with maintenance of machinery.
94211.02,Inspect wood products for conformance to quality standards
94211.02,Mark defective parts or products for repair
94211.02,Make minor adjustments and repairs
94211.02,Record information on products inspected.
94212.01,"Operate machines or equipment, or use hand tools to cut, shape, splice and fit plastic materials to form parts and assemblies"
94212.01,Assemble composite materials on patterns to form parts and assemblies using bonding agents
94212.01,Operate spray-gun unit to apply resin mixtures to metal or wooden mould to form plastic products
94212.01,Load and operate autoclave oven to cure and bond plastic and composite parts and subassemblies
94212.01,"Operate finishing equipment to trim, grind or buff plastic products into final form."
94212.02,"Inspect manufactured plastic products for defects and conformance to specifications and quality standards, visually or using instruments"
94212.02,Affix seals or tags to approved plastic products and mark and reroute defective products for repair or recycle
94212.02,Prepare reports on products inspected
94212.02,Make minor adjustments and repairs to products
94212.02,May train or assist in training new workers.
94213.01,Select appropriate paint or mix paints using automated paint mixing equipment according to a predetermined formula
94213.01,"Operate or tend equipment to clean, wash, strip, sand, remove corrosion, fill dents or otherwise prepare items for application of paint, lacquer or other protective or decorative coatings"
94213.01,"Operate or tend automated spray paint, dip or flow coating equipment or other mechanized painting or product coating application equipment"
94213.01,Operate hand-held spray guns to spray paint or coat stationary items or items on moving conveyor system with protective or decorative coatings
94213.01,Paint small items and apply touch-ups using paint brushes
94213.01,"Clean and maintain painting and coating, ventilation, compressed air and personal protective equipment"
94213.01,"May prepare and apply stencils, computer-generated decals or other decorative items on finished products."
94213.02,Prepare and mix metallizing solutions according to formulas or specifications
94213.02,"Operate or tend equipment to clean, degrease, pickle and etch metal and non-metal surfaces to prepare workpieces with desired surface characteristics"
94213.02,"Tend automatic metal coating machines which convey objects through a series of cleaning, rinsing and plating solutions"
94213.02,Operate and control electroplating equipment to coat metal and other workpieces
94213.02,Operate hot-dip metal plating equipment to galvanize metal and other workpieces
94213.02,Operate spray equipment to build up worn or damaged parts or to bond protective or decorative coatings on various objects
94213.02,"Check proper thickness of plating using micrometers, calipers or other devices"
94213.02,May operate equipment to polish metallic surfaces of products
94213.02,May tend ovens which cure metal coating.
94219.01,"Operate machines, use hand tools or power tools to cut, shape and fit materials to form parts and to fabricate components or products"
94219.01,"Load supplies into hoppers of dispensing units or manually align, feed or otherwise place materials into machines"
94219.01,"Screw, clip, glue, bond, weld or otherwise assemble parts and components to form final products"
94219.01,"Sand, trim, grind or clean products into final form using hand tools"
94219.01,"Clean work stations and remove scraps, dust, shavings or other by-products from machinery and surrounding areas"
94219.01,"May make routine changes of dies, nozzles or other machinery attachments as required."
94219.01,"May caulk decks and hulls using caulking gun, and install trims, rudders, seats, engine mounts and other accessories using hand tools"
94219.01,May repair boats.
94219.02,"Check manufactured items for defects and for conformance to specifications and quality standards, visually or using sample models and instruments"
94219.02,Affix seals or tags to approved items and return defective products for repair or recycle
94219.02,Complete reports and record information on product inspection.
94219.02,May make minor adjustments and repairs.
95100,"Transport raw materials, finished products, scrap and recyclable materials throughout plant manually or using forklift or other powered equipment"
95100,"Feed conveyors, crushers and other equipment; open valves and start pumps; skim dross from furnaces; sort, stack, bundle and stamp materials; and perform other activities to assist process and machine operators in mineral ore and metal processing"
95100,Clean work areas and equipment
95100,May assist with minor repairs and maintenance.
95101,Read and interpret work orders
95101,"Operate metal cleaning equipment such as wheelabrators, deburrers and shotblasters to remove excess welds, rust, scale and other material from surfaces of metal parts, castings and other metal products"
95101,Polish metal products to mirror finish
95101,Immerse metal products in cleaning solutions
95101,"Assist structural steel and platework fitters, sheet metal workers, metalworking machine operators or other metal workers"
95101,Transport raw materials and finished metal products manually or using hoists or other devices
95101,"Sort metal sheets and parts, scrap metal and other materials"
95101,Clean work areas and equipment
95101,Load and unload vehicles using hand truck or dolly
95101,"May cut, grind or chip excess metal from metal products using hand tools."
95102,Feed and unload production machinery and equipment
95102,Clean chemical processing machines and equipment and production areas
95102,"Move, sort and pile materials and products manually and using powered equipment"
95102,"Assist other workers to operate, repair and maintain process equipment, gas distribution, water filtration and waste plant equipment"
95102,"Perform general duties such as basic construction, painting and other manual tasks."
95103,"Feed logs onto conveyor and into hopper of grinding machine and align logs manually, using crowbar, picaroon or other tools and equipment"
95103,"Load wood chips, pulpwood, sulphur and other processing materials onto conveyors or processing tanks, remove recyclable paper and pulp from pulp and papermaking machines and transport recyclable paper and pulp to plant processing machines and equipment using forklift or other powered equipment"
95103,"Sort, pile and transport lumber, veneer sheets, panelboards and similar wood products during various stages of wood processing, manually or with powered equipment"
95103,Remove scrap lumber and wood chips for reprocessing using forklift or other powered equipment
95103,"Feed conveyors, saws, drying machines and other equipment to process lumber, shingles, veneer, plywood and similar wood products"
95103,"Clean wood processing machines and equipment and work areas using shovels, hoses and other tools"
95103,"Assist other wood processing workers to operate, maintain and repair various machines and equipment and carry out other wood processing activities."
95104,Assist machine operators or assemblers in performing their duties
95104,Assist in setting up and dismantling machinery and equipment
95104,Clean and lubricate machinery and equipment
95104,Transport materials and tools to and from work areas using hand trucks or other conveyance
95104,Prepare raw materials for mixing process
95104,Monitor machines to watch for jammed materials or defective products.
95105.01,Load and off-load machines
95105.01,Clean textile machines and work areas
95105.01,"Push carts, trucks, or cans of fibres from one work area to another"
95105.01,Assist machine operators and other textile workers as required.
95105.02,"Place patterns on top of layers of fabric and cut fabric using electric or manual knives, cutters or computer numerically controlled (CNC) cutting devices"
95105.02,Adjust cutting technique to type of fabric and style of garment
95105.02,May cut fabric samples.
95105.03,Cut fur skins in diagonal strips to specified length and shape of pelt using furrier's knives and cutters
95105.03,Number pelts to indicate their location on pattern
95105.03,"May sort or match skins, and may prepare fur samples."
95105.04,Select leather and cutting dies for leather goods and shoe parts according to specifications
95105.04,"Position leather on cutting bed of machine, maximizing usage according to skin grain, skin flaws and skin stretch"
95105.04,Operate clicker or punch press to stretch leather
95105.04,Operate machine to strip and cut leather or cut single leather skins by hand to make leather products
95105.04,May cut leather samples.
95106,"Transport raw materials, finished products and packaging materials throughout plant and warehouse manually, or with powered equipment"
95106,Measure and dump ingredients into hoppers of mixing and grinding machines or mobile tank trucks
95106,"Feed and unload food, beverage and associated products processing machines"
95106,Feed flattened boxes into forming machines to construct containers
95106,"Remove filled containers from conveyors and manually pack goods into bags, boxes or other containers"
95106,Clean work areas and equipment
95106,Check products and packaging for basic quality defects
95106,Assist process control and machine operators in performing their duties.
95107,Unload fish and shellfish from fishing vessels and transport them by hand or forklift truck to work area in fish processing plant
95107,Immerse fresh fish fillets in brine solution to condition them for wrapping or freezing
95107,"Weigh fish or shellfish, record weight and pack fish in ice"
95107,"Sort fish according to species, weight and destination"
95107,Clean work areas and equipment
95107,Transport supplies and packaging materials throughout plant and storage area manually or with powered equipment
95107,Measure and dump ingredients into hoppers of mixing and grinding machines.
95109,"Transport raw materials, finished products and equipment throughout plant manually or using powered equipment"
95109,Check and weigh materials and products
95109,"Sort, pack, crate and package materials and products"
95109,"Assist machine operators, assemblers and other workers"
95109,Clean work areas and equipment
95109,Perform other labouring and elemental activities.
