OaSIS profile code,Additional information (EN)
00011.00,There is mobility among senior management occupations.
00012.00,There is mobility among senior management occupations.
00012.00,"Senior managers in this unit group may specialize in areas such as finance, marketing or human resources or in a particular service area."
00013.00,There is mobility among senior management occupations.
00013.00,"Senior managers in this unit group may specialize in areas such as finance, marketing, human resources or in a particular service area."
00014.00,There is mobility among senior management occupations.
00014.00,"Senior managers in this unit group may specialize in areas such as finance, marketing or human resources or in the sale of a particular product or provision of a particular service."
00015.00,There is mobility among senior management occupations.
00015.00,"Senior managers in this unit group may specialize in areas such as finance, marketing or human resources or in a particular product area."
10010.00,"Progression to senior management positions, such as vice-president of finance, is possible with experience."
10011.00,Progression to senior management positions is possible with experience.
10011.00,Other joint committees led by human resources managers may focus on issues such as alcohol or drug addiction.
10019.00,Duties of court registrars can include those of other court services occupations such as court administrator and “Court Clerks” (in NOC 14.103) depending on the location and size of the courthouse.
10019.00,Court registrars in the higher courts may also perform various judicial duties.
10020.01,There is no mobility between the different types of managers in this unit group.
10020.01,Progression to senior management positions is possible with experience.
10020.02,There is no mobility between the different types of managers in this unit group.
10020.02,Progression to senior management positions is possible with experience.
10020.03,There is no mobility between the different types of managers in this unit group.
10020.03,Progression to senior management positions is possible with experience.
10020.04,There is no mobility between the different types of managers in this unit group.
10020.04,Progression to senior management positions is possible with experience.
10021.01,Progression to senior management positions in this field is possible with experience.
10021.02,Progression to senior management positions in this field is possible with experience.
10022.01,Progression to senior management positions is possible with experience.
10022.02,Progression to senior management positions is possible with experience.
10022.03,Progression to senior management positions is possible with experience.
10022.04,Progression to senior management positions is possible with experience.
10030.00,Progression to senior management positions in telecommunications is possible with experience.
11100.01,Progression to auditing or accounting management positions is possible with experience.
11100.02,"There is limited mobility among the three professional accounting designations: chartered professional accountant, chartered accountant (CPA, CA); chartered professional accountant, certified general accountant (CPA, CGA), and chartered professional accountant, certified management accountant (CPA, CMA)."
11100.02,Progression to auditing or accounting management positions is possible with experience.
11101.01,"Progression to management positions, such as securities manager, is possible with experience."
11101.02,"Progression to management positions, such as securities manager, is possible with experience."
11102.00,"While these kinds of positions require a high degree of training and qualifications, persons who occupy them must continually update their skills and pursue professional development."
11102.00,Progression to financial management positions is possible with experience.
11103.01,Progression to related management positions is possible with experience.
11103.02,Progression to related management positions is possible with experience.
11109.01,"While these kinds of positions require a high degree of training and qualifications, persons who occupy them must continually update their skills and pursue professional development."
11109.01,Progression to financial management positions is possible with experience.
11109.02,"While these kinds of positions require a high degree of training and qualifications, persons who occupy them must continually update their skills and pursue professional development."
11109.02,Progression to financial management positions is possible with experience.
11109.03,"While these kinds of positions require a high degree of training and qualifications, persons who occupy them must continually update their skills and pursue professional development."
11109.03,Progression to financial management positions is possible with experience.
11109.04,"While these kinds of positions require a high degree of training and qualifications, persons who occupy them must continually update their skills and pursue professional development."
11109.04,Progression to financial management positions is possible with experience.
11109.05,"While these kinds of positions require a high degree of training and qualifications, persons who occupy them must continually update their skills and pursue professional development."
11109.05,Progression to financial management positions is possible with experience.
11200.00,Progression to management positions is possible with experience.
11201.00,Progression to senior and managerial positions is possible with experience.
11202.00,"Progression to managerial positions in public relations, communications and fundraising is possible with additional training and experience."
11202.00,"Literary agents specialize in representing specific types of authors and writers. Performance agents specialize in representing singers, musicians, actors or other performers. Sports agents specialize in representing specific athletes or sports teams."
12101.00,Progression to specialist and management positions is possible with experience.
12102.00,Progression to managerial positions is possible with experience.
12102.00,Procurement and purchasing agents and officers may specialize in the purchase of particular materials or business services such as furniture or access rights.
12104.01,Progression to managerial positions in these fields is possible with experience.
12104.02,Progression to managerial positions in these fields is possible with experience.
12110.01,"There is some mobility between occupations in this unit group and other occupations requiring similar knowledge of legal or medical terminology, such as legal or medical administrative positions."
12110.02,"There is some mobility between occupations in this unit group and other occupations requiring similar knowledge of legal or medical terminology, such as legal or medical administrative positions."
12111.00,Progression to supervisory positions is possible with experience.
12111.00,Progression to management positions is possible with additional training and experience.
12112.00,Progression to supervisory positions is possible with additional training and experience.
12113.00,Progression to supervisory positions is possible with experience. Progression to professional occupations in statistics and research usually requires completion of a postgraduate degree.
12200.00,Progression to professional accounting occupations is possible with additional training.
12201.01,"Completion of educational programs through the Insurance Institute of Canada or its provincial counterparts entitles insurance adjusters and claims examiners to professional recognition as a Chartered Insurance Professional (CIP), and with additional university courses, as a Fellow Chartered Insurance Professional (FCIP)."
12202.00,Progression to management positions in the insurance industry is possible with experience.
12202.00,"Completion of educational programs through the Insurance Institute of Canada or its provincial counterparts entitles insurance underwriters to professional recognition as a Chartered Insurance Professional (CIP) and, with additional university courses, as a Fellow, Chartered Insurance Professional (FCIP)."
12203.01,Progression to management positions in each field is possible with experience.
12203.01,"Assessors may specialize in advising and consulting in a specific field of assessment such as residential, commercial, industrial, institutional or farm lands."
12203.02,Progression to management positions in each field is possible with experience.
12203.03,Progression to management positions in each field is possible with experience.
12203.03,Appraisers may specialize in a specific type of appraisal such as real estate appraisal.
13100.00,Progression to administrative service management positions is possible with experience.
13102.00,Progression to supervisory positions is possible with experience.
13200.01,There is no mobility between the different types of brokers in this unit group.
13200.02,There is no mobility between the different types of brokers in this unit group.
13201.01,Progression to supervisory positions is possible with experience.
13201.02,Progression to supervisory positions is possible with experience.
14100.01,Progression to supervisory or office management positions is possible with experience.
14100.01,Progression to officer level positions is possible with additional training and experience.
14100.02,Progression to supervisory or office management positions is possible with experience.
14100.02,Progression to officer level positions is possible with additional training and experience.
14101.01,Some receptionists are required to be bilingual or multilingual to perform their duties.
14101.01,Progression to supervisory positions is possible with experience.
14101.02,Progression to supervisory positions is possible with experience.
14101.03,Progression to supervisory positions is possible with experience.
14101.04,Progression to supervisory positions is possible with experience.
14102.00,Progression to supervisory positions is possible with experience.
14102.00,Progression to officer level positions is possible with additional training and experience.
14103.00,Progression to supervisory or senior court service positions is possible with experience.
14103.00,Duties of court administrators may include those of court clerks or court officers depending on the location and size of the courthouse.
14111.00,Progression to senior positions is possible with experience.
14112.01,Progression to supervisory positions is possible through experience.
14112.02,Progression to supervisory positions is possible through experience.
14200.00,"Progression to supervisory or skilled financial occupations, such as accounts payable supervisor, bookkeeper or office manager is possible with additional training and experience."
14201.01,Progression to supervisory positions is possible with experience.
14201.02,Progression to supervisory positions is possible with experience.
14201.03,Progression to supervisory positions is possible with experience.
14202.00,Progression to senior or supervisory positions is possible with experience.
14300.00,Progression to more senior positions is possible with experience and post-secondary education related to library science.
14301.01,Progression to supervisory positions is possible with experience.
14301.02,Progression to supervisory positions is possible with experience.
14301.03,Progression to supervisory positions is possible with experience.
14301.04,Progression to supervisory positions is possible with experience.
14301.05,Progression to supervisory positions is possible with experience.
14400.00,Progression to supervisory positions is possible with additional training or experience.
14401.00,The Red Seal endorsement allows for interprovincial mobility.
14401.00,Progression to supervisory positions is possible with additional training or experience.
14401.00,"Partspersons may specialize in a particular line of parts such as automotive parts, recreational vehicle parts, marine parts, heavy equipment parts, agricultural machinery parts, heating, ventilating and air conditioning parts or refrigeration parts."
14402.00,Progression to coordination positions is possible with experience.
14403.01,The duties of purchasing and inventory control workers may overlap in some establishments.
14403.01,Progression to supervisory positions or more senior occupations such as purchasing agent or retail buyer is possible with additional training or experience.
14403.02,The duties of purchasing and inventory control workers may overlap in some establishments.
14403.02,Progression to supervisory positions or more senior occupations such as purchasing agent or retail buyer is possible with additional training or experience.
14405.00,Mobility between occupations in this group is limited due to the requirement of specific transportation sector experience.
14405.00,Progression to supervisory positions is possible with experience.
20010.00,"Mobility to other technical managerial positions, or to research or senior management positions is possible with experience."
20011.01,Progression to senior management positions in the respective fields is possible with experience.
20011.02,Progression to senior management positions in the respective fields is possible with experience.
21100.01,Mobility between specializations within physics and within astronomy is possible with experience.
21100.01,Physicists may work closely with and perform some of the duties of engineers.
21100.01,Progression to management positions is possible with experience.
21100.01,"Physicists may specialize in fields such as aeronomy and space, acoustics, atomic and molecular physics, biophysics, condensed matter or solid state physics, electromagnetics, fluids and aerodynamics, health physics, medical physics, metrology, particle physics, optics and laser physics, nuclear physics and plasma physics."
21100.02,Mobility between specializations within physics and within astronomy is possible with experience.
21100.02,"Mobility is possible to the fields of meteorology, geophysics and other fields of science."
21100.02,Progression to management positions is possible with experience.
21100.02,"Astronomers may specialize in fields such as astrophysics, observational or optical astronomy and radio astronomy."
21101.00,Mobility between occupations in this group is possible with experience.
21101.00,"Mobility is possible with experience, to occupations concerned with plant management, technical sales and the development and management of regulatory programs and teaching professions."
21102.01,Mobility between specializations in this group is possible with experience.
21102.01,Progression to supervisory or higher level positions is possible with experience in this unit group.
21102.01,"Advancement to management positions in mining, petroleum and other industries is possible with experience."
21102.01,"Geologists may specialize in fields such as coal geology, environmental geology, geochronology, hydrogeology, mineral deposits or mining, petroleum geology, stratigraphy, tectonics, volcanology or in other fields."
21102.01,"Geochemists may specialize in analytical geochemistry, hydrogeochemistry, mineral or petroleum geochemistry or in other fields."
21102.01,"Geophysicists may specialize in areas, such as petroleum geology, earth physics, geodesy, geoelectromagnetism, seismology or in other fields."
21102.02,Mobility between specializations in this group is possible with experience.
21102.02,Progression to supervisory or higher level positions is possible with experience in this unit group.
21102.02,"Advancement to management positions in mining, petroleum and other industries is possible with experience."
21102.02,"Oceanographers may specialize in biological, chemical, geological or physical oceanography, or in other fields related to the study of oceans."
21109.01,Mobility between specializations in this group may be possible with experience.
21109.01,"Mobility is possible with experience, to other fields of physical science or to management or regulatory program management."
21109.02,Mobility between specializations in this group may be possible with experience.
21109.02,"Mobility is possible with experience, to other fields of physical science or to management or regulatory program management."
21109.03,Mobility between specializations in this group may be possible with experience.
21109.03,"Mobility is possible with experience, to other fields of physical science or to management or regulatory program management."
21109.04,Mobility between specializations in this group may be possible with experience.
21109.04,"Mobility is possible with experience, to other fields of physical science or to management or regulatory program management."
21110.01,"Biologists and related scientists may specialize at the macroscopic level, in fields such as botany, zoology, ecology and marine biology or, at the cellular and molecular level, in fields such as genetics, immunology, pharmacology, toxicology, physiology, pathology, bacteriology, virology, biotechnology and bioinformatics."
21110.02,"Biologists and related scientists may specialize at the macroscopic level, in fields such as botany, zoology, ecology and marine biology or, at the cellular and molecular level, in fields such as genetics, immunology, pharmacology, toxicology, physiology, pathology, bacteriology, virology, biotechnology and bioinformatics."
21111.00,Supervisory and senior occupations in this unit group require additional experience.
21111.00,"With experience, mobility is possible to management positions in government and industry."
21112.00,Progression to management positions is possible with experience.
21112.00,"Agricultural representatives, consultants and specialists may specialize in specific aspects of agriculture such as animal science, field crops, horticulture, soil science, irrigation or drainage, farm management, marketing, agricultural economics, land use, and environmental management, appraisal or extension and education."
21200.00,"Progression to senior positions, such as chief architect, is possible with experience."
21200.00,"Architects may specialize in a particular type of construction such as residential, commercial, industrial or institutional."
21202.00,Progression to management positions in planning is possible with experience.
21203.00,"Federal statutes require a separate licence from the Association of Canada Land Surveyors to survey areas such as national parks, Aboriginal lands, offshore areas and northern territories."
21210.03,"With experience, actuaries may progress to managerial positions in consulting, insurance and finance. They may also be self-employed."
21230.00,Progression to information systems analyst is possible with experience.
21232.00,Progression to software engineer is possible with experience.
21300.00,There is considerable mobility between civil engineering specializations at the less senior levels.
21300.00,Supervisory and senior positions in this unit group require experience.
21300.00,"Engineers often work in a multidisciplinary environment and acquire knowledge and skills through work experience that may allow them to practise in associated areas of science, engineering, sales, marketing or management."
21301.00,Supervisory and senior positions in this unit group require experience.
21301.00,"Mechanical engineers work closely with civil, electrical, aerospace, chemical, industrial and other engineers, and mobility is possible between some fields of specialization in these disciplines."
21301.00,There is considerable mobility between mechanical engineering specializations at the less senior levels.
21301.00,"Engineers often work in a multidisciplinary environment and acquire knowledge and skills through work experience that may allow them to practise in associated areas of science, engineering, sales, marketing or management."
21310.00,Supervisory and senior positions in this unit group require experience.
21310.00,"Engineers often work in a multidisciplinary environment and acquire knowledge and skills through work experience that may allow them to practise in associated areas of science, engineering, sales, marketing or management."
21310.00,"Electrical and electronics engineers may specialize in a number of areas including electrical design for residential, commercial or industrial installations, electrical power generation and transmission, and instrumentation and control systems."
21311.01,Supervisory and senior positions in this unit group require experience.
21311.01,"Engineers often work in a multidisciplinary environment and acquire knowledge and skills through work experience that may allow them to practise in associated areas of science, engineering, sales, marketing or management."
21311.01,"Computer engineers may specialize in a number of areas including analog and digital signal processing, fibre optics, integrated circuits, lasers, microprocessors, microwaves and radio astronomy."
21311.02,Supervisory and senior positions in this unit group require experience.
21311.02,"Engineers often work in a multidisciplinary environment and acquire knowledge and skills through work experience that may allow them to practise in associated areas of science, engineering, sales, marketing or management."
21320.00,There is considerable mobility between chemical engineering specializations at the less senior levels.
21320.00,Supervisory and senior positions in this unit group require experience.
21320.00,"Engineers often work in a multidisciplinary environment and acquire knowledge and skills through work experience that may allow them to practise in associated areas of science, engineering, sales, marketing or management."
21320.00,Chemical engineers work closely with chemists and other scientists and engineers and mobility is possible between some fields of specialization.
21320.00,"Chemical engineers may specialize in the products and processes of a particular industry such as pulp and paper manufacturing, pharmaceuticals, petroleum refining, energy processing, plastics, metal extraction and refining, or adhesives and coatings production. They may also specialize in functional areas of various industries such as process control, pollution control or fermentation processes."
21321.00,"Industrial engineers develop and implement organizational and management systems, and manufacturing engineers design production processes."
21321.00,There is considerable mobility between industrial engineering specializations at the less senior levels.
21321.00,Supervisory and senior positions in this unit group require experience.
21321.00,"Engineers often work in a multidisciplinary environment and acquire knowledge and skills through work experience that may allow them to practise in associated areas of science, engineering, sales, marketing or management."
21322.00,Metallurgical engineers research and develop new alloys and systems for extracting metal from ores; materials engineers research and develop new non-metallic materials with physical characteristics to meet specific requirements.
21322.00,There is considerable mobility between engineering specializations at the less senior levels.
21322.00,Supervisory and senior positions in this unit group require experience.
21322.00,Metallurgical and materials engineers work closely with other engineers and scientists and mobility is possible between some fields of specialization.
21322.00,"Engineers often work in a multidisciplinary environment and acquire knowledge and skills through work experience that may allow them to practise in associated areas of science, engineering, sales, marketing or management."
21330.00,Supervisory and senior positions in this unit group require experience.
21330.00,"Mining engineers work closely with geologists, geological engineers, metallurgical engineers, and other engineers and scientists, and mobility is possible between some fields of specialization."
21330.00,"Engineers often work in a multidisciplinary environment and acquire knowledge and skills through work experience that may allow them to practise in associated areas of science, engineering, sales, marketing or management."
21331.00,There is considerable mobility between engineering specializations at the less senior levels.
21331.00,Supervisory and senior positions in this unit group require experience.
21331.00,"Geological engineers work closely with geologists and other scientists and engineers, and mobility is possible between some fields of specialization."
21331.00,"Engineers often work in a multidisciplinary environment and acquire knowledge and skills through work experience that may allow them to practise in associated areas of science, engineering, sales, marketing or management."
21332.00,There is mobility between petroleum engineering specializations at the less senior levels.
21332.00,Supervisory and senior positions in this unit group require experience.
21332.00,"Engineers often work in a multidisciplinary environment and acquire knowledge and skills through work experience that may allow them to practise in associated areas of science, engineering, sales, marketing or management."
21332.00,"Petroleum engineers may specialize in drilling, production, reservoir analysis or subsea operations."
21390.00,There is considerable mobility between aerospace engineering specializations at the less senior levels.
21390.00,Supervisory and senior positions in this unit group require experience.
21390.00,Aerospace engineers work closely with other scientists and engineers and mobility is possible between some fields of specialization.
21390.00,"Engineers often work in a multidisciplinary environment and acquire knowledge and skills through work experience that may allow them to practise in associated areas of science, engineering, sales, marketing or management."
21399.01,There is limited mobility between the engineering specializations included in this unit group.
21399.01,Supervisory and senior positions in this unit group require experience.
21399.01,"Engineers often work in a multidisciplinary environment and acquire knowledge and skills through work experience that may allow them to practise in associated areas of science, engineering, sales, marketing or management."
21399.02,There is limited mobility between the engineering specializations included in this unit group.
21399.02,Supervisory and senior positions in this unit group require experience.
21399.02,"Engineers often work in a multidisciplinary environment and acquire knowledge and skills through work experience that may allow them to practise in associated areas of science, engineering, sales, marketing or management."
21399.03,There is limited mobility between the engineering specializations included in this unit group.
21399.03,Supervisory and senior positions in this unit group require experience.
21399.03,"Engineers often work in a multidisciplinary environment and acquire knowledge and skills through work experience that may allow them to practise in associated areas of science, engineering, sales, marketing or management."
21399.04,There is limited mobility between the engineering specializations included in this unit group.
21399.04,Supervisory and senior positions in this unit group require experience.
21399.04,"Engineers often work in a multidisciplinary environment and acquire knowledge and skills through work experience that may allow them to practise in associated areas of science, engineering, sales, marketing or management."
21399.05,There is limited mobility between the engineering specializations included in this unit group.
21399.05,Supervisory and senior positions in this unit group require experience.
21399.05,"Engineers often work in a multidisciplinary environment and acquire knowledge and skills through work experience that may allow them to practise in associated areas of science, engineering, sales, marketing or management."
22100.01,Considerable mobility is possible among jobs within this occupational group.
22100.01,Progression to managerial positions is possible with experience.
22100.01,Some chemical technologists and technicians working in support of fundamental research in chemistry or biochemistry are university graduates.
22100.02,Considerable mobility is possible among jobs within this occupational group.
22100.02,Progression to managerial positions is possible with experience.
22100.02,Some chemical technologists and technicians working in support of fundamental research in chemistry or biochemistry are university graduates.
22101.01,There is limited mobility among occupations in this group.
22101.01,Mobility may be possible between geophysical technology and electronic technology.
22101.01,Mobility may be possible between some occupations in this group and related fields of civil engineering technology.
22101.02,There is limited mobility among occupations in this group.
22101.02,Mobility may be possible between geophysical technology and electronic technology.
22101.02,Mobility may be possible between some occupations in this group and related fields of civil engineering technology.
22110.01,There is limited mobility among occupations in this group.
22110.01,Some technologists and technicians working in support of government and academic research in biology are university graduates.
22110.02,There is limited mobility among occupations in this group.
22110.02,Some technologists and technicians working in support of government and academic research in biology are university graduates.
22111.01,Progression to managerial positions in this field is possible with experience.
22111.02,Progression to managerial positions in this field is possible with experience.
22111.03,Progression to managerial positions in this field is possible with experience.
22111.04,Progression to managerial positions in this field is possible with experience.
22111.05,Progression to managerial positions in this field is possible with experience.
22112.00,Mobility may be possible to occupations in natural resource and wildlife management and in parks management.
22113.00,Progression to senior and supervisory positions is possible with experience.
22114.01,The Red Seal endorsement allows for interprovincial mobility.
22114.02,The Red Seal endorsement allows for interprovincial mobility.
22114.03,The Red Seal endorsement allows for interprovincial mobility.
22114.04,The Red Seal endorsement allows for interprovincial mobility.
22114.05,The Red Seal endorsement allows for interprovincial mobility.
22114.06,The Red Seal endorsement allows for interprovincial mobility.
22114.07,The Red Seal endorsement allows for interprovincial mobility.
22210.00,"There is mobility to other related occupations such as drafters, civil engineering technologists and technicians, construction estimators and construction inspectors."
22210.00,Progression to supervisory positions is possible with experience.
22211.00,There is mobility between positions in this unit group.
22211.00,Mobility is possible to other design occupations.
22212.01,"Mobility is possible to civil, mechanical, electrical or other engineering design technologies through educational or work specialization."
22212.01,Senior and supervisory drafting and design technology workers require experience.
22212.02,"Mobility is possible to civil, mechanical, electrical or other engineering design technologies through educational or work specialization."
22212.02,Senior and supervisory drafting and design technology workers require experience.
22213.01,Mobility is possible between the various occupations in this unit group.
22213.01,Progression to supervisory positions is possible with experience.
22213.01,Progression to land surveyor position is possible with completion of professional surveyor examinations and certification.
22213.01,"Geomatics is an interdisciplinary field encompassing the collection, analysis and presentation of geographically referenced data."
22213.01,"Land survey technologists and technicians may specialize in one of the following types of surveys: geodetic survey, topographic survey, legal (cadastral) survey or engineering survey."
22213.02,Mobility is possible between the various occupations in this unit group.
22213.02,Progression to supervisory positions is possible with experience.
22213.02,Progression to land surveyor position is possible with completion of professional surveyor examinations and certification.
22213.02,"Geomatics is an interdisciplinary field encompassing the collection, analysis and presentation of geographically referenced data."
22213.02,"Land survey technologists and technicians may specialize in one of the following types of surveys: geodetic survey, topographic survey, legal (cadastral) survey or engineering survey."
22214.01,"Geomatics is an interdisciplinary field encompassing the collection, analysis and presentation of geographically referenced data."
22214.01,Mobility is possible between some occupations in this unit group.
22214.02,"Geomatics is an interdisciplinary field encompassing the collection, analysis and presentation of geographically referenced data."
22214.02,Mobility is possible between some occupations in this unit group.
22214.03,"Geomatics is an interdisciplinary field encompassing the collection, analysis and presentation of geographically referenced data."
22214.03,Mobility is possible between some occupations in this unit group.
22214.04,"Geomatics is an interdisciplinary field encompassing the collection, analysis and presentation of geographically referenced data."
22214.04,Mobility is possible between some occupations in this unit group.
22214.05,"Geomatics is an interdisciplinary field encompassing the collection, analysis and presentation of geographically referenced data."
22214.05,Mobility is possible between some occupations in this unit group.
22220.01,"Progression to computer programming, interactive media development, Web development or systems analysis is possible with experience."
22220.02,"Progression to computer programming, interactive media development, Web development or systems analysis is possible with experience."
22221.00,"Progression to computer programming, interactive media development, Web development or systems analysis is possible with experience."
22222.00,"Progression to computer programming, interactive media development, Web development or systems analysis is possible with experience."
22233.00,Progression to construction management positions is possible with experience.
22300.01,"There is mobility to related occupations, such as drafting technologists and technicians and construction inspectors and estimators."
22300.01,Progression to construction supervisors or construction managers is possible with experience.
22300.02,"There is mobility to related occupations, such as drafting technologists and technicians and construction inspectors and estimators."
22300.02,Progression to construction supervisors or construction managers is possible with experience.
22301.01,There is mobility to other related occupations such as technical sales or drafting technologists and technicians.
22301.01,"Progression to supervisory occupations such as mechanical construction supervisor, manufacturing supervisor or operations maintenance manager is possible with experience."
22301.02,There is mobility to other related occupations such as technical sales or drafting technologists and technicians.
22301.02,"Progression to supervisory occupations such as mechanical construction supervisor, manufacturing supervisor or operations maintenance manager is possible with experience."
22302.01,There is mobility to related fields such as technical sales.
22302.01,Progression to managerial positions is possible with experience.
22302.01,"Technologists and technicians in this unit group may specialize in the development of production processes, quality assurance programs, plans and schedules in a particular industrial area such as metal fabrication, plastics, pulp and paper, or textile manufacturing."
22302.02,There is mobility to related fields such as technical sales.
22302.02,Progression to managerial positions is possible with experience.
22302.02,"Technologists and technicians in this unit group may specialize in the development of production processes, quality assurance programs, plans and schedules in a particular industrial area such as metal fabrication, plastics, pulp and paper, or textile manufacturing."
22303.00,"Progression to more senior positions in this unit group, such as senior estimator or to construction management positions is possible with experience."
22303.00,"Estimators may specialize in estimating costs for structural, electrical or mechanical construction projects."
22310.01,"There is mobility to other related occupations such as technical sales, electronics service technicians, instrument technicians and avionics technicians."
22310.01,"Progression to managerial positions in engineering, production or operations is possible with experience."
22310.02,"There is mobility to other related occupations such as technical sales, electronics service technicians, instrument technicians and avionics technicians."
22310.02,"Progression to managerial positions in engineering, production or operations is possible with experience."
22311.00,Progression to supervisory positions is possible with experience.
22312.00,Progression to supervisory positions is possible with experience.
22312.00,The Red Seal endorsement allows for interprovincial mobility.
22313.01,An AME licence can be obtained by fulfilling the education and training requirements as stated above and passing Transport Canada AME examinations.
22313.01,Progression to supervisory positions within specific areas of expertise is possible with experience.
22313.01,"Aircraft mechanics and technicians who work in repair and overhaul shops service and test electrical, electronic and instrument components."
22313.01,"Avionics mechanics and technicians who work in maintenance hangars troubleshoot, repair, install and inspect aircraft systems and components."
22313.02,An AME licence can be obtained by fulfilling the education and training requirements as stated above and passing Transport Canada AME examinations.
22313.02,Progression to supervisory positions within specific areas of expertise is possible with experience.
22313.02,"Aircraft mechanics and technicians who work in repair and overhaul shops service and test electrical, electronic and instrument components."
22313.02,"Avionics mechanics and technicians who work in maintenance hangars troubleshoot, repair, install and inspect aircraft systems and components."
22313.03,"Avionics inspectors, maintenance technicians and mechanics may acquire further endorsements to their AME licence allowing them to inspect and certify a broader range of aircraft and avionics systems."
22313.03,An AME licence can be obtained by fulfilling the education and training requirements as stated above and passing Transport Canada AME examinations.
22313.03,Progression to supervisory positions within specific areas of expertise is possible with experience.
22313.03,"Avionics mechanics and technicians who work in maintenance hangars troubleshoot, repair, install and inspect aircraft systems and components."
22313.04,"Avionics inspectors, maintenance technicians and mechanics may acquire further endorsements to their AME licence allowing them to inspect and certify a broader range of aircraft and avionics systems."
22313.04,An AME licence can be obtained by fulfilling the education and training requirements as stated above and passing Transport Canada AME examinations.
22313.04,Progression to supervisory positions within specific areas of expertise is possible with experience.
30010.00,There is little or no mobility between departments in different medical specializations.
30010.00,Progression to senior management positions in health care services is possible with experience.
30010.00,"Managers in health care specialize in administering the provision of specific health care services such as dietetics, clinical medicine, laboratory medicine, nursing, physiotherapy or surgery."
31100.01,"Progression to management positions, such as director of laboratory medicine is possible with experience."
31100.02,"Progression to management positions, such as director of laboratory medicine is possible with experience."
31100.03,"Progression to management positions, such as director of laboratory medicine is possible with experience."
31100.04,"Progression to management positions, such as director of laboratory medicine is possible with experience."
31100.05,"Progression to management positions, such as director of laboratory medicine is possible with experience."
31100.06,"Progression to management positions, such as director of laboratory medicine is possible with experience."
31100.07,"Progression to management positions, such as director of laboratory medicine is possible with experience."
31100.08,"Progression to management positions, such as director of laboratory medicine is possible with experience."
31100.09,"Progression to management positions, such as director of laboratory medicine is possible with experience."
31100.10,"Progression to management positions, such as director of laboratory medicine is possible with experience."
31100.11,"Progression to management positions, such as director of laboratory medicine is possible with experience."
31100.12,"Progression to management positions, such as director of laboratory medicine is possible with experience."
31100.13,"Progression to management positions, such as director of laboratory medicine is possible with experience."
31100.14,"Progression to management positions, such as director of laboratory medicine is possible with experience."
31101.01,"Progression to management positions, such as chief of surgery, is possible with experience."
31101.02,"Progression to management positions, such as chief of surgery, is possible with experience."
31101.03,"Progression to management positions, such as chief of surgery, is possible with experience."
31101.04,"Progression to management positions, such as chief of surgery, is possible with experience."
31101.05,"Progression to management positions, such as chief of surgery, is possible with experience."
31102.00,General practitioners and family physicians may become specialist physicians with additional training.
31103.00,The duties of veterinarians performing research may be similar to those of some biologists.
31103.00,"In its regulations, the 'Ordre des médecins vétérinaires du Québec (OMVQ)' recognizes only the following specialties: Animal behavioural medicine; Laboratory animal medicine; Large animal internal medicine; Large animal surgery; Pet internal medicine; Pet surgery; Veterinary anesthesiology; Veterinary clinical pathology; Veterinary dermatology; Veterinary emergency and intensive care; Veterinary medical imaging; Veterinary microbiology; Veterinary neurology; Veterinary oncology; Veterinary ophthalmology; Veterinary pathology; Veterinary theriogenology; and Zoological medicine."
31110.01,Certification by the National Dental Examining Board of Canada entitles dentists or graduates of approved dental programs to practise dentistry in any province in Canada provided requirements set out by the provincial and territorial licensing authorities are met.
31110.01,"Dentists, with further education, training and licensing, can specialize and practice in such areas as oral and maxillofacial surgery, orthodontics, pediatric dentistry, periodontics, endodontics, prosthodontics, oral pathology, oral radiology or public health dentistry."
31110.02,Certification by the National Dental Examining Board of Canada entitles dentists or graduates of approved dental programs to practise dentistry in any province in Canada provided requirements set out by the provincial and territorial licensing authorities are met.
31110.03,Certification by the National Dental Examining Board of Canada entitles dentists or graduates of approved dental programs to practise dentistry in any province in Canada provided requirements set out by the provincial and territorial licensing authorities are met.
31110.04,Certification by the National Dental Examining Board of Canada entitles dentists or graduates of approved dental programs to practise dentistry in any province in Canada provided requirements set out by the provincial and territorial licensing authorities are met.
31111.00,"Optometrists may specialize in fitting visual aids for people who are partially blind, fitting contact lenses or correcting special vision problems."
31112.01,"Progression into management positions, such as chief audiologist or director of speech-language pathology, is possible with experience."
31112.02,"Progression into management positions, such as chief audiologist or director of speech-language pathology, is possible with experience."
31121.00,"Dietitions and nutritionists are protected titles and used interchangeably in Nova Scotia, Quebec and Alberta. In these provinces, nutritionists require the same level of education and training as dietitians."
31121.00,"In some provinces, dietitians who work as Public Health Nutritionists and dietetic education program coordinators may require a Master’s degree."
31121.00,Dietitians and nutritionists may progress to management positions through additional experience.
31121.00,"Dietitians and nutritionists may specialize in areas such as administrative dietetics, clinical dietetics, community dietetics, public health nutrition or research dietetics."
31200.00,"Psychological associates may be granted permission by provincial regulatory authorities to perform duties normally restricted to psychologists, specifically diagnosing psychological disorders and communicating diagnoses to clients."
31200.00,"Sub-specialties include behavioural psychology, child psychology, cognitive psychology, developmental psychology, educational psychology, industrial psychology, neuropsychology, social psychology or sports psychology."
31201.00,The scope of practice of chiropractors varies by province.
31202.00,"Progression to management positions, such as director of physiotherapy, is possible through experience and additional training."
31202.00,"Physiotherapists may focus their practice in particular clinical areas such as neurology, oncology, rheumatology, orthopedics, obstetrics, pediatrics, geriatrics, in the treatment of patients with cardiovascular and cardiopulmonary disorders, burns or sports injuries or in the field of ergonomics."
31203.00,Occupational therapists may progress to management or administrative positions through further training and experience.
31203.00,"Occupational therapists may specialize in working with specific populations such as children or adults, or persons with distinct problems such as dementia, traumatic brain injury and chronic pain, or provide special interventions such as return-to-work programs."
31204.01,There is no mobility between the different occupations in this unit group.
31204.02,There is no mobility between the different occupations in this unit group.
31209.02,"Chiropodist and podiatrist titles are used interchangeably, depending on the province or territory. The use of the podiatrist job title does not necessarily refer to doctors of podiatric medicine (D.P.M.)."
31209.04,Doctors of osteopathic medicine may obtain a licence as general practitioners.
31300.00,"Progression to management positions, such as director of nursing, is possible with experience."
31301.01,Registered nurses and registered psychiatric nurses may progress to supervisory and managerial positions with experience.
31301.01,"Registered nurses may specialize in areas such as surgery, obstetrics care, psychiatric care, critical care, pediatrics, geriatrics, community health, occupational health, emergency care, rehabilitation or oncology."
31301.04,"Nurses trained exclusively as registered psychiatric nurses (RPN) are regulated in Manitoba, Saskatchewan, Alberta and British Columbia. In all other provinces and territories, registered nurses (RN) may work as psychiatric nurses without separate registration."
31301.04,Registered nurses and registered psychiatric nurses may progress to supervisory and managerial positions with experience.
31302.00,There is little to no mobility between nurse practitioner specializations without further training.
31303.01,There is no mobility between these occupations without further training.
31303.02,There is no mobility between these occupations without further training.
31303.03,There is no mobility between these occupations without further training.
31303.04,There is no mobility between these occupations without further training.
31303.04,Orthoptists may also be trained as ophthalmic technicians or technologists.
31303.04,"Orthoptists often work as part of a medical team which includes ophthalmologists, opticians and other ophthalmic medical personnel."
31303.05,There is no mobility between these occupations without further training.
32101.01,Working under the direction of a medical practitioner or registered nurse is not required for licensed practical nurses in all jurisdictions.
32103.01,"Supervisory and instructor positions in this unit group require experience in their respective fields as a respiratory therapist, clinical perfusionist or cardiopulmonary technologist."
32103.01,"Respiratory therapists may work in specific areas of practice such as anesthesia, critical care, neonatal and pediatrics, cardiopulmonary diagnostics, respiratory home and community care, research and private health industry."
32103.02,"Supervisory and instructor positions in this unit group require experience in their respective fields as a respiratory therapist, clinical perfusionist or cardiopulmonary technologist."
32103.03,"Supervisory and instructor positions in this unit group require experience in their respective fields as a respiratory therapist, clinical perfusionist or cardiopulmonary technologist."
32104.00,"With experience, animal health technologists and veterinary technicians may progress to supervisory positions."
32109.01,"In Quebec, hearing instruments practitioners provide services to adults and children."
32109.03,"Ophthalmic medical technicians may progress to ophthalmic medical technologists’ positions with training, experience and certification."
32109.03,Certified Ophthalmic Technician and Certified Ophthalmic Medical Technologist may have additional specialty certification such as Registered Ophthalmic Ultrasound Biometrist (ROUB) or Certified Diagnostic Ophthalmic Sonographer (CDOS).
32109.05,In most provinces occupational therapy assistants (OTA) and physiotherapy assistants (PTA) receive training through a single OTA/PTA program in community colleges.
32120.00,"Medical laboratory technologists may specialize in areas such as clinical chemistry, clinical microbiology, hematology, histotechnology, transfusion medicine or immunohematology, cytotechnology, cytogenetics and molecular genetics."
32120.00,In Quebec medical laboratory technologists are referred to as les technologistes médicaux and are regulated by L’Ordre professionnel des technologistes médicaux du Québec (L’OPTMQ).
32121.01,There is no mobility between the four types of medical radiation technologists without further training.
32121.01,Experience as a medical radiation technologist is required for supervisors and instructors.
32121.01,"Radiological technologists may specialize in areas such as computerized tomography, angiography, mammography or interventional radiology."
32121.02,There is no mobility between the four types of medical radiation technologists without further training.
32121.02,Experience as a medical radiation technologist is required for supervisors and instructors.
32121.03,There is no mobility between the four types of medical radiation technologists without further training.
32121.03,Experience as a medical radiation technologist is required for supervisors and instructors.
32121.03,"Radiation therapists may specialize in areas such as dosimetry, stereotaxy, computed tomography (CT) simulation or brachytherapy."
32121.04,There is no mobility between the four types of medical radiation technologists without further training.
32121.04,Experience as a medical radiation technologist is required for supervisors and instructors.
32121.04,Magnetic resonance technologists are included in radiological technologists in Quebec.
32122.00,Membership in the Canadian Society of Diagnostic Medical Sonographers is available but voluntary.
32122.00,"Medical sonographers may specialize in abdominal, cardiac, cerebral, obstetrical and gynaecological, ophthalmic, intraluminal or peripheral vascular sonography. They may also specialize in adult or pediatric echocardiography or neurosonology."
32124.00,Pharmacy technicians may progress to supervisory positions with experience.
32129.04,Prosthetic and orthotic technicians may become certified prosthetists or orthotists with an additional two years of experience as a registered prosthetic or orthotic technician and completion of certification examinations by the Canadian Board of Certification of Prosthetists and Orthotists.
32201.00,Massage therapists may be trained in various specialized massage techniques.
33100.01,"In some provinces there are two levels of dental assistants: Level I - chair-side assistant and Level II - intra-oral assistant. Progression from Level I to Level II is possible with education, training and licensure."
33100.02,"Dental laboratory assistants may progress to dental technologist and technician positions with training, experience and registration."
33101.00,Some employers may require medical laboratory technicians to have a diploma.
33101.00,"Medical laboratory technicians may progress to supervisory or technologist positions with a combination of additional education, training and experience."
33109.04,Ophthalmic assistants may progress to ophthalmic technician positions with training and experience.
33109.04,Certified Ophthalmic Assistants may also have additional specialty certification such as Registered Ophthalmic Ultrasound Biometrist (ROUB) or Certified Diagnostic Ophthalmic Sonographer (CDOS).
40010.00,Progression to senior management positions in the health and social policy fields is possible with experience.
40011.00,Progression to senior management positions is possible with experience.
40012.00,Progression to senior management positions in education is possible with experience.
40019.00,Progression to senior management positions in this field is possible with experience.
40020.01,There is no mobility among the various types of administrators in this group.
40020.01,Progression to some senior management positions in education is possible with experience.
40020.02,There is no mobility among the various types of administrators in this group.
40020.02,Progression to some senior management positions in education is possible with experience.
40020.03,There is no mobility among the various types of administrators in this group.
40020.03,Progression to some senior management positions in education is possible with experience.
40021.01,"There is little mobility between institutional settings, for example, between elementary and secondary schools."
40021.02,"There is little mobility between institutional settings, for example, between elementary and secondary schools."
40030.00,"Progression to senior management positions in social, community and correctional services is possible with additional training and experience."
40040.00,"Depending on provincial and territorial legislation, deputy chief coroners and deputy chief medical examiners may act as or be appointed to the position of chief coroner and chief medical examiner in their absence."
40042.00,Senior commissioned officers are classified according to their military rank.
41100.00,"Judges may specialize in particular areas of law such as civil, criminal or family law."
41101.00,"Lawyers wishing to practise in another province or territory are required to pass examinations set by the provincial or territorial law society, except in New Brunswick and Saskatchewan where the National Mobility Agreement (2013) was implemented."
41101.00,"Lawyers and Quebec notaries may specialize in specific areas of the law such as criminal law (lawyers only), corporate law, contract law, taxation law, administrative law, international law, commercial law, real estate law, family and estate law, intellectual property law and labour law."
41200.00,University professors who are also practitioners in their field of specialization must have the appropriate licences or certification.
41200.00,"Progression to senior positions within a department, faculty or university is possible with experience."
41200.00,"University professors and lecturers specialize in a particular subject matter such as biology, chemistry, anatomy, sociology, business administration or law."
41201.01,Post-secondary teaching and research assistants specialize in a subject matter based on their field of study.
41201.02,Post-secondary teaching and research assistants specialize in a subject matter based on their field of study.
41210.00,"These instructors specialize in particular fields or areas of study such as visual arts, dental hygiene, welding, engineering technology, policing, computer software, management and early childhood education."
41220.00,Progression to vice-principal or other administrative positions in the education system is possible with experience.
41220.00,"In Quebec, trades training programs are usually offered in the secondary school system."
41220.00,"Secondary school teachers may specialize in such areas as mathematics, English, French, special education or second language instruction. Secondary school teachers of vocational and trades subjects may specialize in areas such as hairdressing or auto mechanics."
41221.00,Progression to education consultant or school principal is possible with experience.
41221.00,Elementary school and kindergarten teachers may specialize in such areas as special education or second language instruction.
41300.00,"Social workers may specialize in fields of practice such as child welfare, family services, corrections, gerontology or addictions."
41301.00,Counselling therapists usually become specialized in a particular area through continual training and experience.
41301.00,Progression to social service management positions is possible with additional training and experience.
41302.00,"Progression to senior positions included in this unit group, within a religious order, is possible with experience."
41310.01,"For police investigators, progression to commissioned police officer positions is possible with additional training and experience."
41310.02,"For coroners and medical examiners, progression to deputy chief coroner or deputy chief medical officer positions is possible with additional training and experience."
41311.00,Progression to correctional service management positions is possible with additional training or experience.
41320.00,Elementary school counsellors generally provide more social and personal counselling whereas academic counselling is provided more by high school counsellors.
41320.00,"Educational counsellors in colleges, universities and other settings may specialize in academic, career or personal issues counselling."
41320.00,"Vocational counsellors in Quebec may also provide professional orientation to individuals with a mental illness, disabilities, and those with adaptation difficulties. Those with specific training may also perform certain mental health assessment."
41321.00,Mobility to positions in personnel or training is possible.
41321.00,Progression to supervisory positions is possible through experience.
41321.00,"Vocational counsellors provide specialized career development services to individuals with physical  illnesses or injuries, mental health illnesses, including individuals with disabilities. They require additional knowledge and experience to assess employment capabilities and develop associated employment plans."
41400.01,Progression to supervisory or managerial positions in these fields is possible with experience.
41400.02,Progression to supervisory or managerial positions in these fields is possible with experience.
41400.03,Progression to supervisory or managerial positions in these fields is possible with experience.
41400.04,Progression to supervisory or managerial positions in these fields is possible with experience.
41400.05,Progression to supervisory or managerial positions in these fields is possible with experience.
41401.00,Progression to managerial positions in economics is possible with experience.
41402.00,Progression to managerial positions is possible with experience.
41403.01,Progression to managerial positions is possible with experience.
41403.02,Progression to managerial positions is possible with experience.
41403.03,Progression to managerial positions is possible with experience.
41403.04,Progression to managerial positions is possible with experience.
41403.05,Progression to managerial positions is possible with experience.
41403.06,Progression to managerial positions is possible with experience.
41403.07,Progression to managerial positions is possible with experience.
41404.00,Progression to managerial positions is possible with experience.
41404.00,"Health policy researchers, consultants and program officers may specialize in a particular area of health policy development, research or program administration such as addiction research."
41405.00,Progression to managerial positions is possible with experience.
41406.01,"Mobility among recreation, sports and fitness consultants may be restricted within individual area of expertise."
41406.03,"Recreation, sports and fitness program supervisors may progress to recreation, sports and fitness management positions with experience."
41409.01,"Specialize in particular areas of social sciences and humanities disciplines. These include gerontologists (specialists in the phenomena and problems of aging), graphoanalysts (specialists in handwriting analysis) and others."
41409.01,Specialization usually exists within each of these occupations and is usually obtained through university study or through experience.
41409.02,"Specialize in particular areas of social sciences and humanities disciplines. These include gerontologists (specialists in the phenomena and problems of aging), graphoanalysts (specialists in handwriting analysis) and others."
41409.02,Specialization usually exists within each of these occupations and is usually obtained through university study or through experience.
41409.03,"Specialize in particular areas of social sciences and humanities disciplines. These include gerontologists (specialists in the phenomena and problems of aging), graphoanalysts (specialists in handwriting analysis) and others."
41409.03,Specialization usually exists within each of these occupations and is usually obtained through university study or through experience.
41409.04,"Specialize in particular areas of social sciences and humanities disciplines. These include gerontologists (specialists in the phenomena and problems of aging), graphoanalysts (specialists in handwriting analysis) and others."
41409.04,Specialization usually exists within each of these occupations and is usually obtained through university study or through experience.
41409.05,"Specialize in particular areas of social sciences and humanities disciplines. These include gerontologists (specialists in the phenomena and problems of aging), graphoanalysts (specialists in handwriting analysis) and others."
41409.05,Specialization usually exists within each of these occupations and is usually obtained through university study or through experience.
41409.06,"Specialize in particular areas of social sciences and humanities disciplines. These include gerontologists (specialists in the phenomena and problems of aging), graphoanalysts (specialists in handwriting analysis) and others."
41409.06,Specialization usually exists within each of these occupations and is usually obtained through university study or through experience.
41409.07,"Specialize in particular areas of social sciences and humanities disciplines. These include gerontologists (specialists in the phenomena and problems of aging), graphoanalysts (specialists in handwriting analysis) and others."
41409.07,Specialization usually exists within each of these occupations and is usually obtained through university study or through experience.
41409.08,"Specialize in particular areas of social sciences and humanities disciplines. These include gerontologists (specialists in the phenomena and problems of aging), graphoanalysts (specialists in handwriting analysis) and others."
41409.08,Specialization usually exists within each of these occupations and is usually obtained through university study or through experience.
41409.09,"Specialize in particular areas of social sciences and humanities disciplines. These include gerontologists (specialists in the phenomena and problems of aging), graphoanalysts (specialists in handwriting analysis) and others."
41409.09,Specialization usually exists within each of these occupations and is usually obtained through university study or through experience.
42100.00,Progression to investigative positions is possible with additional training and experience.
42101.00,Progression to senior positions such as fire chief is possible with additional training and several years of experience.
42102.00,Members of this unit group who demonstrate the required abilities and potential will be offered advanced training.
42200.03,Notaries public usually receive in-house training and perform their duties in rural or remote areas or in the business offices in which they are employed.
42200.05,"The duties and responsibilities of justices of the peace vary significantly depending on the level of their authority. They may be employed part-time on a fee-for-service basis in small communities. Their duties range from performing civil marriages, receiving affidavits and similar documents, to presiding in courts and hearing and determining prosecutions under provincial/territorial and federal laws."
42201.00,"Progression to professional occupations in social services, such as family and marriage counsellors, social workers, and probation and parole officers, is possible with additional training and experience."
42202.01,"Progression to senior positions, such as daycare supervisor, is possible with several years of experience or with experience and advanced ECE qualification levels."
42202.02,"Progression to senior positions, such as daycare supervisor, is possible with several years of experience or with experience and advanced ECE qualification levels."
43100.00,Mobility to other occupations related to child care and adolescent supportive instruction is possible with experience.
43200.00,"Sheriffs and bailiffs may also serve as court officers (14103), depending on the location and size of the courthouse."
43200.00,Progression to supervisory positions is possible with additional experience and in-house training.
43201.00,Primary workers are the primary daily contact for women offenders.
43202.02,By-law enforcement officers may specialize in the enforcement of one specific by-law.
43203.01,"Border services officers must be willing to work anywhere in Canada, including rural and remote areas."
43203.01,Progression to managerial positions in these fields is possible with experience.
43203.02,Progression to managerial positions in these fields is possible with experience.
43204.00,Members of this unit group who demonstrate the required abilities and potential will be offered advanced training.
44100.01,There is mobility among occupations in this group.
44100.02,There is mobility among occupations in this group.
44101.00,There is mobility among the occupations in this group.
44200.00,"As they progress in their careers, members of this unit group who demonstrate the required abilities and potential will be offered advanced training."
45100.01,There is limited mobility among occupations in this group.
45100.02,There is limited mobility among occupations in this group.
50010.00,There is mobility between library and archive managers and between museum and art gallery managers.
50010.00,"Library, archive, museum and art gallery managers may specialize in a specific type of collection."
51100.00,Progression to library management positions is possible with experience.
51101.01,Progression to museum or art gallery management positions is possible with experience.
51101.01,"Conservators and curators may specialize in a particular type of collection or material, such as furniture, weapons, books, paintings and musical instruments."
51101.02,Progression to museum or art gallery management positions is possible with experience.
51101.02,"Conservators and curators may specialize in a particular type of collection or material, such as furniture, weapons, books, paintings and musical instruments."
51102.00,Progression to archive management positions is possible with experience.
51110.00,"Progression to supervisory and management positions, such as editor-in-chief or managing editor, is possible with experience."
51110.00,"Editors may specialize in a particular subject area, such as news, sports or features, or in a particular type of publication, such as books, magazines, newspapers or manuals."
51111.01,Authors and writers may specialize in a particular subject or type of writing.
51111.02,Authors and writers may specialize in a particular subject or type of writing.
51111.03,Authors and writers may specialize in a particular subject or type of writing.
51113.00,Experienced reporters may advance to editorial positions (print media) or become producers (broadcast media).
51113.00,"Journalists may specialize in print, broadcast or Webcast media, in particular issues such as political affairs or entertainment news, or in a particular geographic area."
51114.01,"Translators, terminologists and interpreters specialize in two languages, such as French and English, the official languages of Canada. They may also specialize in another language and one of the official languages. The main areas of specialization include administrative, literary, scientific and technical translation. Interpreters may specialize in court, parliamentary or conference interpretation."
51114.02,"Translators, terminologists and interpreters specialize in two languages, such as French and English, the official languages of Canada. They may also specialize in another language and one of the official languages. The main areas of specialization include administrative, literary, scientific and technical translation. Interpreters may specialize in court, parliamentary or conference interpretation."
51114.03,"Translators, terminologists and interpreters specialize in two languages, such as French and English, the official languages of Canada. They may also specialize in another language and one of the official languages. The main areas of specialization include administrative, literary, scientific and technical translation. Interpreters may specialize in court, parliamentary or conference interpretation."
51114.04,Sign language interpreters work in French and Langue des signes québécoise (LSQ) or in English and American Sign Language (ASL).
51120.01,Membership in a related guild or union may be required.
51120.02,Membership in a related guild or union may be required.
51120.03,Membership in a related guild or union may be required.
51120.04,Membership in a related guild or union may be required.
51120.05,Membership in a related guild or union may be required.
51120.06,Membership in a related guild or union may be required.
51120.07,Membership in a related guild or union may be required.
51121.01,"Conductors, composers and arrangers usually specialize in a particular genre of music such as classical, country, jazz or popular."
51121.02,Composers often work as arrangers.
51121.02,"Conductors, composers and arrangers usually specialize in a particular genre of music such as classical, country, jazz or popular."
51121.03,"Conductors, composers and arrangers usually specialize in a particular genre of music such as classical, country, jazz or popular."
51122.01,"Musicians and singers usually specialize in specific genres of music such as classical, country, ethnic, jazz, opera or popular music."
51122.02,"Musicians and singers usually specialize in specific genres of music such as classical, country, ethnic, jazz, opera or popular music."
52110.00,Progression to supervisory or director of photography positions is possible with additional training and experience.
52111.00,Progression to graphic designer positions is possible with experience or supplementary training.
52114.00,Movement to occupations in journalism is possible for those with an educational background in journalism or a related field.
52119.01,"There may be an overlap in duties among occupations in this unit group, depending on the size of the production or broadcasting studio."
52119.02,"There may be an overlap in duties among occupations in this unit group, depending on the size of the production or broadcasting studio."
52119.03,"There may be an overlap in duties among occupations in this unit group, depending on the size of the production or broadcasting studio."
52119.04,"There may be an overlap in duties among occupations in this unit group, depending on the size of the production or broadcasting studio."
52119.05,"There may be an overlap in duties among occupations in this unit group, depending on the size of the production or broadcasting studio."
52119.06,"There may be an overlap in duties among occupations in this unit group, depending on the size of the production or broadcasting studio."
52119.07,"There may be an overlap in duties among occupations in this unit group, depending on the size of the production or broadcasting studio."
52120.01,Progression to management or senior design positions is possible with experience.
52120.01,"The title ""registered graphic designer"" is recognized by law in Ontario."
52120.02,Progression to management or senior design positions is possible with experience.
52120.02,"Illustrators may specialize in a particular field such as illustrations for children, advertising, editorials, humour, or medical, scientific or technical illustration, or multimedia design."
52121.00,"Interior designers are experts in the area of interior architecture, construction materials and building codes. They may specialize in designing interiors for residential, commercial, institutional, cultural and industrial buildings and for aircraft, ships or trains, trade shows and exhibitions. 

Interior decorators may specialize in decorating residential or commercial interior spaces, home staging, colour consulting and home organizing."
53100.01,Technical museum and gallery workers may specialize in a specific type of collection.
53100.02,Technical museum and gallery workers may specialize in a specific type of collection.
53100.03,"Museum interpreters may require specific scientific or academic credentials for employment by some museums, nature centres or other sites."
53100.04,Technical museum and gallery workers may specialize in a specific type of collection.
53100.05,Technical museum and gallery workers may specialize in a specific type of collection.
53110.00,"Photographers may specialize in areas such as portrait photography, commercial photography, scientific photography, forensic photography, medical photography, digitized photography, multimedia photography or photojournalism."
53111.01,"There may be an overlap in duties among occupations in this unit group, depending on the size of the production or broadcasting studio."
53111.01,"Progression to related technical occupations in motion pictures, broadcasting or the performing arts is possible with additional training or experience."
53111.02,"There may be an overlap in duties among occupations in this unit group, depending on the size of the production or broadcasting studio."
53111.02,"Progression to related technical occupations in motion pictures, broadcasting or the performing arts is possible with additional training or experience."
53111.03,"There may be an overlap in duties among occupations in this unit group, depending on the size of the production or broadcasting studio."
53111.03,"Progression to related technical occupations in motion pictures, broadcasting or the performing arts is possible with additional training or experience."
53111.04,"There may be an overlap in duties among occupations in this unit group, depending on the size of the production or broadcasting studio."
53111.04,"Progression to related technical occupations in motion pictures, broadcasting or the performing arts is possible with additional training or experience."
53111.05,"There may be an overlap in duties among occupations in this unit group, depending on the size of the production or broadcasting studio."
53111.05,"Progression to related technical occupations in motion pictures, broadcasting or the performing arts is possible with additional training or experience."
53111.06,"There may be an overlap in duties among occupations in this unit group, depending on the size of the production or broadcasting studio."
53111.06,"Progression to related technical occupations in motion pictures, broadcasting or the performing arts is possible with additional training or experience."
53111.07,"There may be an overlap in duties among occupations in this unit group, depending on the size of the production or broadcasting studio."
53111.07,"Progression to related technical occupations in motion pictures, broadcasting or the performing arts is possible with additional training or experience."
53120.01,"Dancers may specialize in specific types of dance such as ballet, ballroom, folk, jazz or modern."
53123.01,"Theatre designers may specialize in costume, lighting or set design; fashion designers may specialize in men's, women's or children's apparel or in different lines such as sportswear, footwear or formal wear."
53123.01,Designers may advance to supervisory and management positions.
53123.02,Designers may advance to supervisory and management positions.
53123.03,Designers may advance to supervisory and management positions.
53125.00,Progression to supervisory positions is possible with experience.
55109.01,There is little mobility between the different occupations in this unit group.
55109.02,There is little mobility between the different occupations in this unit group.
55109.03,There is little mobility between the different occupations in this unit group.
55109.04,There is little mobility between the different occupations in this unit group.
60010.00,Progression to senior management positions is possible with experience.
60020.00,"There is some mobility between managers in this unit group, depending on the product or service."
60030.00,Progression to senior management in food service is possible with experience.
62010.00,Progression to management positions in retail trade is possible with additional training or experience.
62022.00,Progression to managerial positions is possible with additional training or experience.
62029.00,Progression to managerial positions is possible with additional training or experience.
62100.00,Extensive company training programs for technical sales specialists may be provided by employers.
62100.00,Progression to sales management positions is possible with additional training or experience.
62100.00,Technical sales specialists usually specialize in a particular line of goods or services.
62101.00,"Progression to management positions in retail trade, sales, marketing or advertising is possible with additional training or experience."
62101.00,Retail and wholesale buyers may specialize through experience or product-related training courses.
62101.00,Retail and wholesale buyers may specialize in a particular merchandise line.
62200.01,The Red Seal endorsement allows for interprovincial mobility.
62200.01,Executive chefs may progress to managerial positions in food preparation establishments.
62200.01,There is some mobility among the various types of chefs in this unit group.
62200.02,The Red Seal endorsement allows for interprovincial mobility.
62200.02,There is some mobility among the various types of chefs in this unit group.
62200.03,The Red Seal endorsement allows for interprovincial mobility.
62200.03,There is some mobility among the various types of chefs in this unit group.
62202.01,Mobility is possible among the various jewellery occupations in this unit group.
62202.01,There is little mobility between the jewellery occupations and the watch repairers in this unit group.
62202.01,"Jewellers may specialize in certain kinds of jewellery, such as gold or silver, or in particular operations, such as fabrication or repair."
62202.02,Mobility is possible among the various jewellery occupations in this unit group.
62202.02,There is little mobility between the jewellery occupations and the watch repairers in this unit group.
63100.00,Progression to insurance management positions is possible through experience.
63100.00,Completion of educational programs through the Insurance Institute of Canada or its provincial counterpart entitles agents to professional recognition as an Associate of the Insurance Institute of Canada (A.I.I.C.) or Fellow of the Insurance Institute of Canada (F.I.I.C.).
63100.00,Completion of educational courses through the Canadian Association of Insurance and Financial Advisors allows for various levels of professional designations for insurance and financial advisors.
63101.00,Real estate agents and salespersons normally work on a commission basis.
63101.00,Real estate agents may operate independently by obtaining a broker's licence in accordance with the regulations of the province of employment. A broker's licence is required to become a manager in real estate.
63101.00,"Real estate agents and salespersons may specialize in residential, commercial, industrial/institutional or rural real estate sales."
63102.00,Progression to credit and loan management positions is possible with experience.
63102.00,Progression to higher levels of financial planning and wealth management is possible with experience.
63200.00,The Red Seal endorsement allows for interprovincial mobility.
63200.00,There is mobility among the various types of cooks in this group.
63200.00,"Progression to supervisory or more senior positions, such as chef, is possible with experience and training."
63201.00,"Progression from Industrial Butcher positions and Industrial Meat Cutter positions to these higher skilled jobs is possible with experience and specialized on the job training in supermarkets, grocery stores, fish stores, butcher shops."
63202.00,The Red Seal endorsement allows for interprovincial mobility.
63210.01,The Red Seal endorsement allows for interprovincial mobility.
63210.02,The Red Seal endorsement allows for interprovincial mobility.
63211.01,There is little or no mobility among the different occupations in this unit group without additional specialized training.
63211.02,There is little or no mobility among the different occupations in this unit group without additional specialized training.
63211.03,There is little or no mobility among the different occupations in this unit group without additional specialized training.
63211.04,There is little or no mobility among the different occupations in this unit group without additional specialized training.
63211.05,There is little or no mobility among the different occupations in this unit group without additional specialized training.
63211.06,There is little or no mobility among the different occupations in this unit group without additional specialized training.
63211.07,There is little or no mobility among the different occupations in this unit group without additional specialized training.
63220.02,Shoe repairers may progress to shoemakers with experience.
63221.00,Progression to supervisory positions is possible with experience.
64100.01,"Retail salespersons may specialize and act as consultants in home entertainment systems, computers and other products and services."
64100.01,Technical or sales training programs may be provided by employers.
64100.01,Progression to retail supervisory positions is possible with additional training or experience.
64100.02,Technical or sales training programs may be provided by employers.
64101.00,Progression to sales management positions is possible with additional training or experience.
64301.00,Progression to managerial positions in food and beverage service is possible with experience.
64310.00,Progression to managerial positions is possible with experience.
64311.01,There is little mobility between airline pursers and ship pursers.
64311.01,It is an advantage for pursers and flight attendants to speak more than one language.
64311.02,There is little mobility between airline pursers and ship pursers.
64311.02,It is an advantage for pursers and flight attendants to speak more than one language.
64311.03,There is little mobility between airline pursers and ship pursers.
64312.01,"Depending on the size of the airline or airport, the duties of workers in this unit group may overlap."
64312.01,Progression to supervisory positions is possible with experience.
64312.02,"Depending on the size of the airline or airport, the duties of workers in this unit group may overlap."
64312.02,Progression to supervisory positions is possible with experience.
64312.03,"Depending on the size of the airline or airport, the duties of workers in this unit group may overlap."
64312.03,Progression to supervisory positions is possible with experience.
64313.01,Ticket agents and cargo service representatives may perform the same duties depending on the size and location of the operations.
64313.01,Progression to supervisory positions is possible through experience.
64313.02,Ticket agents and cargo service representatives may perform the same duties depending on the size and location of the operations.
64313.02,Progression to supervisory positions is possible through experience.
64314.00,Progression to senior positions such as accommodations manager is possible with additional training and experience.
64321.00,Progression to supervisory positions is possible with experience in all activities related to gaming.
64322.00,Outdoor sport and recreational guides usually work on a seasonal basis.
64400.00,Progression to supervisory positions is possible with experience.
64401.00,Progression to supervisory or facility management positions is possible with additional training or experience.
64409.00,Progression to supervisory positions is possible with experience.
65100.00,"Cashiers may progress to supervisory positions, such as head cashier, with additional training or experience."
65109.01,Progression to related supervisory positions is possible with additional training or experience.
65109.02,Progression to related supervisory positions is possible with additional training or experience.
65109.03,Progression to related supervisory positions is possible with additional training or experience.
65201.01,"Movement into other occupations within food preparation and service, such as cook or waiter, is possible with further training and experience."
65201.01,There is considerable mobility among jobs in this unit group.
65201.02,"Movement into other occupations within food preparation and service, such as cook or waiter, is possible with further training and experience."
65201.02,There is considerable mobility among jobs in this unit group.
65201.03,"Movement into other occupations within food preparation and service, such as cook or waiter, is possible with further training and experience."
65201.03,There is considerable mobility among jobs in this unit group.
65201.04,"Movement into other occupations within food preparation and service, such as cook or waiter, is possible with further training and experience."
65201.04,There is considerable mobility among jobs in this unit group.
65220.00,Progression to animal health technology occupations is possible with additional training.
65310.01,Progression to supervisory cleaning positions is possible with additional training or experience.
65310.02,Progression to supervisory cleaning positions is possible with additional training or experience.
65311.01,Progression to supervisory positions is possible with additional training or experience.
65311.02,Progression to supervisory positions is possible with additional training or experience.
65311.03,Progression to supervisory positions is possible with additional training or experience.
65311.04,Progression to supervisory positions is possible with additional training or experience.
65311.05,Progression to supervisory positions is possible with additional training or experience.
65312.00,Progression to supervisory positions is possible with additional training or experience.
65320.01,Progression to supervisory dry cleaning and laundry occupations is possible with additional training and experience.
65320.01,"Workers in this group may specialize in finishing suede, leather, fur and delicate articles."
65320.02,Progression to supervisory dry cleaning and laundry occupations is possible with additional training and experience.
65320.02,"Workers in this group may specialize in finishing suede, leather, fur and delicate articles."
65320.03,Progression to supervisory dry cleaning and laundry occupations is possible with additional training and experience.
65320.03,"Workers in this group may specialize in finishing suede, leather, fur and delicate articles."
70010.00,Progression to senior management positions is possible with experience.
70011.00,Progression to senior management positions is possible with extensive experience and training in management.
70020.01,There is little or no mobility between managers in transportation operations and managers in transportation freight traffic.
70020.01,"There is little or no mobility between transportation managers of land, sea and air transportation operations."
70020.02,There is little or no mobility between managers in transportation operations and managers in transportation freight traffic.
70020.02,"There is little or no mobility between transportation managers of land, sea and air transportation operations."
72010.00,"Small businesses' contractors may execute tasks within their trade area of expertise, which is generally not the case for supervisors or contractors associated with a medium or large business."
72011.00,"There is some mobility between jobs within a specific trade; however, there is little or no intertrade mobility."
72011.00,"Small businesses' contractors may execute tasks within their trade area of expertise, which is generally not the case for supervisors or contractors associated with a medium or large business."
72012.00,There is little or no intertrade mobility among the supervisors in this unit group.
72012.00,"Small businesses' contractors may execute tasks within their trade area of expertise, which is generally not the case for supervisors or contractors associated with a medium or large business."
72013.00,"There is some mobility among jobs within a specific trade; however, there is little or no intertrade mobility."
72013.00,"Small businesses' contractors may execute tasks within their trade area of expertise, which is generally not the case for supervisors or contractors associated with a medium or large business."
72014.00,There is little or no mobility among supervisors in this unit group.
72014.00,"Small businesses' contractors may execute tasks within their trade area of expertise, which is generally not the case for supervisors or contractors associated with a medium or large business."
72020.00,There is little or no intertrade mobility among the supervisors in this unit group.
72020.00,"Small businesses' contractors may execute tasks within their trade area of expertise, which is generally not the case for supervisors or contractors associated with a medium or large business."
72021.00,There is some mobility between occupations classified in this unit group.
72021.00,"Small businesses' contractors may execute tasks within their trade area of expertise, which is generally not the case for supervisors or contractors associated with a medium or large business."
72022.00,"Progression to management positions, such as department, production or plant manager, is possible with experience."
72024.00,There is little mobility between occupations in the different transportation sectors of this unit group.
72100.01,Familiarity with exotic and composite materials may be required for machinists in aviation and other advanced manufacturing sectors.
72100.01,The Red Seal endorsement allows for interprovincial mobility.
72100.01,Progression to supervisory positions is possible with experience.
72100.02,Familiarity with exotic and composite materials may be required for machinists in aviation and other advanced manufacturing sectors.
72100.02,The Red Seal endorsement allows for interprovincial mobility.
72100.02,Progression to supervisory positions is possible with experience.
72101.01,The Red Seal endorsement allows for interprovincial mobility.
72101.01,Progression to supervisory positions is possible with experience.
72101.02,The Red Seal endorsement allows for interprovincial mobility.
72101.02,Progression to supervisory positions is possible with experience.
72102.00,The Red Seal endorsement allows for interprovincial mobility.
72102.00,Progression to supervisory positions is possible with experience.
72102.00,"Sheet metal workers may specialize in on-site installation or shop manufacture of sheet metal products, or servicing and maintenance of installed equipment and systems."
72103.00,The Red Seal endorsement allows for interprovincial mobility.
72103.00,Progression to supervisory positions is possible with experience.
72103.00,"Boilermakers may specialize in rigging and hoisting, preparation and layout, or welding aspects of the trade."
72104.00,Progression to supervisory positions is possible with experience.
72104.00,Some structural metal and platework fabricators and fitters may also be certified as skilled welders.
72104.00,The Red Seal endorsement allows for interprovincial mobility.
72105.00,The Red Seal endorsement allows for interprovincial mobility.
72105.00,Progression to supervisory positions is possible with experience.
72106.01,The Red Seal endorsement allows for interprovincial mobility.
72106.01,Progression to supervisory positions is possible with experience.
72106.01,"Welders may specialize in certain types of welding such as custom fabrication, ship building and repair, aerospace precision welding, pressure vessel welding, pipeline construction welding, structural construction welding, or machinery and equipment repair welding."
72106.02,The Red Seal endorsement allows for interprovincial mobility.
72106.02,Progression to supervisory positions is possible with experience.
72200.00,The Red Seal endorsement allows for interprovincial mobility.
72200.00,Progression to supervisory positions is possible with experience.
72201.00,The Red Seal endorsement allows for interprovincial mobility.
72201.00,Progression to supervisory positions is possible with experience.
72202.00,Progression to supervisory positions is possible with experience.
72203.00,The Red Seal endorsement allows for interprovincial mobility.
72203.00,Progression to supervisory positions is possible with experience.
72204.00,Progression to supervisory positions is possible with experience.
72205.05,Progression to supervisory positions for cable television service technician is possible with experience.
72300.00,The Red Seal endorsement allows for interprovincial mobility.
72300.00,Progression to supervisory positions is possible with experience.
72301.01,The Red Seal endorsement allows for interprovincial mobility.
72301.01,Progression to supervisory positions is possible with experience.
72301.02,The Red Seal endorsement allows for interprovincial mobility.
72301.02,Progression to supervisory positions is possible with experience.
72302.00,Progression to supervisory positions is possible with experience.
72310.00,The Red Seal endorsement allows for interprovincial mobility.
72310.00,Progression to supervisory positions is possible with experience.
72311.00,The Red Seal endorsement allows for interprovincial mobility.
72311.00,Progression to supervisory positions is possible with experience.
72320.00,The Red Seal endorsement allows for interprovincial mobility.
72320.00,Progression to supervisory positions is possible with experience.
72321.00,The Red Seal endorsement allows for interprovincial mobility.
72321.00,Progression to supervisory positions is possible with experience.
72400.01,Construction millwrights are mostly engaged in the initial installation of industrial plant machinery and equipment; industrial mechanics are more concerned with the post-installation maintenance and repair of machinery and equipment.
72400.01,"Industrial mechanics and millwrights may be cross-trained in a second trade such as pipefitting, welding, machining or electrical maintenance."
72400.01,The Red Seal endorsement allows for interprovincial mobility.
72400.01,Progression to supervisory positions is possible with experience.
72401.00,Progression to supervisory positions is possible with experience.
72401.00,The Red Seal endorsement allows for interprovincial mobility.
72401.00,"Heavy-duty mechanics may specialize in specific types of machinery such as combines or tracked vehicles, or in engine overhaul, power shift transmissions, fuel injection, hydraulics or electronics."
72402.00,The Red Seal endorsement allows for interprovincial mobility.
72402.00,Progression to supervisory positions is possible with experience.
72403.00,Progression to supervisory positions is possible with experience.
72404.01,"Aircraft mechanics may progress to foreman/woman, shop supervisor or aircraft inspector."
72404.01,Aircraft mechanics and inspectors may acquire further endorsements to their AME licence allowing them to inspect and certify a broader range of aircraft and aircraft systems.
72404.01,"AME licences are issued in the following categories: M - Small and Large Aircrafts, E - Electronic Systems, S - Aircraft Structures."
72404.01,"Aircraft mechanics usually specialize in working on specific aircraft systems such as engines, engine accessories, airframes, propellers, mechanical components or hydraulic systems and specific kinds of aircraft, such as light aircraft, jet transports and helicopters."
72404.02,"With experience, aircraft inspectors may progress to shop inspector or supervisor."
72404.02,Aircraft mechanics and inspectors may acquire further endorsements to their AME licence allowing them to inspect and certify a broader range of aircraft and aircraft systems.
72404.02,"AME licences are issued in the following categories: M - Small and Large Aircrafts, E - Electronic Systems, S - Aircraft Structures."
72405.00,Progression to supervisory positions is possible with experience.
72406.00,Progression to supervisory positions is possible with experience.
72406.00,"Elevator constructors and mechanics may specialize in construction, maintenance or repair."
72410.01,"With additional training, mobility is possible between automobile and truck and transport mechanics."
72410.01,The Red Seal endorsement allows for interprovincial mobility.
72410.01,"With experience, mechanics and technicians in this unit group may progress to supervisory positions."
72410.01,"Workers in this unit group may specialize in the following areas: engine and fuel systems, transmission systems, air conditioning, cooling and heating systems, steering, alignment, brakes, drive lines, suspension, electrical and electronic systems, truck-trailer repair or diagnostic services."
72410.02,"With additional training, mobility is possible between automobile and truck and transport mechanics."
72410.02,The Red Seal endorsement allows for interprovincial mobility.
72410.02,"With experience, mechanics and technicians in this unit group may progress to supervisory positions."
72410.02,"Mechanical repairers employed in motor vehicle manufacturing may progress to motor vehicle mechanic positions through an apprenticeship program, or with experience, they may progress to supervisory positions in motor vehicle manufacturing."
72410.02,"Workers in this unit group may specialize in the following areas: engine and fuel systems, transmission systems, air conditioning, cooling and heating systems, steering, alignment, brakes, drive lines, suspension, electrical and electronic systems, truck-trailer repair or diagnostic services."
72410.03,"With additional training, mobility is possible between automobile and truck and transport mechanics."
72410.03,The Red Seal endorsement allows for interprovincial mobility.
72410.03,"With experience, mechanics and technicians in this unit group may progress to supervisory positions."
72410.03,"Workers in this unit group may specialize in the following areas: engine and fuel systems, transmission systems, air conditioning, cooling and heating systems, steering, alignment, brakes, drive lines, suspension, electrical and electronic systems, truck-trailer repair or diagnostic services."
72411.00,The Red Seal endorsement allows for interprovincial mobility.
72411.00,"With experience, auto body, collision and refinishing technicians tradespersons and automobile damage repair estimators may progress to supervisory positions."
72411.00,"Metal repairers employed in motor vehicle manufacturing may progress to motor vehicle repairer positions through an apprenticeship program, or, with experience, they may progress to supervisory positions in motor vehicle manufacturing."
72420.00,The Red Seal endorsement allows for interprovincial mobility.
72420.00,Progression to supervisory positions is possible with experience.
72421.01,The Red Seal endorsement allows for interprovincial mobility.
72421.01,Progression to supervisory positions is possible with experience.
72421.02,The Red Seal endorsement allows for interprovincial mobility.
72421.02,Progression to supervisory positions is possible with experience.
72422.00,The Red Seal endorsement allows for interprovincial mobility.
72422.00,"Although specialization may occur, workers in this unit group are required to be proficient in repairing all electrical apparatus."
72422.00,Progression to supervisory positions is possible with experience.
72422.00,"Electrical mechanics may specialize in working with certain types of apparatus, such as electric motors or transformers, or in performing certain functions, such as winding coils."
72423.01,The Red Seal endorsement allows for interprovincial mobility.
72423.01,There is mobility among some occupations in this unit group.
72423.01,Progression to supervisory positions is possible with experience.
72423.02,The Red Seal endorsement allows for interprovincial mobility.
72423.02,There is mobility among some occupations in this unit group.
72423.02,Progression to supervisory positions is possible with experience.
72429.00,Progression to supervisory positions is possible with experience.
72500.00,The Red Seal endorsement allows for interprovincial mobility.
72500.00,Progression to supervisory positions is possible with experience.
72501.00,Mobility is possible among the various well drilling operators in this unit group.
72501.00,Progression to supervisory positions is possible with experience.
72501.00,"Water well drillers may specialize in a specific method of drilling, such as cable, rotary, auger, hammer or reverse circulation drilling."
72600.02,Flight engineers may progress to co-pilot and pilot positions with required hours of flying experience and completion of licensing and endorsement requirements.
72601.01,Air traffic controllers with experience and appropriate NAV Canada endorsements may move to units with higher volumes of air traffic.
72602.00,"Transport Canada administers a deck officer certification program, consisting of several levels. Progression from one level of certification to the next requires additional experience, training and testing."
72602.00,Mobility between employers is possible for positions requiring the same level of certification.
72602.00,Progression to management positions in transportation is possible with experience.
72603.00,"Fourth class marine engineer certificate is the entry level of a four-level certification program administered by Transport Canada. Progression from one level of certification to the next requires additional experience, training and testing."
72603.00,Mobility between employers is possible for positions requiring the same level of certification.
72603.00,Progression to management positions in transportation is possible with experience.
72604.01,There is little mobility between traffic controlling occupations in the railway and marine sectors.
72604.01,"With experience, railway traffic controllers may progress to supervisory positions in rail transport operations."
72604.02,There is little mobility between traffic controlling occupations in the railway and marine sectors.
72999.01,There is little or no mobility among occupations in this unit group.
72999.01,Progression to supervisory positions is possible with experience.
72999.02,There is little or no mobility among occupations in this unit group.
72999.02,Progression to supervisory positions is possible with experience.
72999.03,There is little or no mobility among occupations in this unit group.
72999.03,Progression to supervisory positions is possible with experience.
72999.04,There is little or no mobility among occupations in this unit group.
72999.04,Progression to supervisory positions is possible with experience.
72999.05,There is little or no mobility among occupations in this unit group.
72999.05,Progression to supervisory positions is possible with experience.
72999.06,There is little or no mobility among occupations in this unit group.
72999.06,Progression to supervisory positions is possible with experience.
73100.00,The Red Seal endorsement allows for interprovincial mobility.
73100.00,Progression to supervisory positions is possible with experience.
73101.00,Progression to supervisory positions is possible with experience.
73102.01,Progression to supervisory positions is possible with experience.
73102.01,The Red Seal endorsement allows for interprovincial mobility.
73102.02,Progression to supervisory positions is possible with experience.
73102.02,The Red Seal endorsement allows for interprovincial mobility.
73102.03,Progression to supervisory positions is possible with experience.
73102.03,The Red Seal endorsement allows for interprovincial mobility.
73110.01,The Red Seal endorsement allows for interprovincial mobility.
73110.01,Progression to supervisory positions is possible with experience.
73110.02,The Red Seal endorsement allows for interprovincial mobility.
73110.02,Progression to supervisory positions is possible with experience.
73111.00,The Red Seal endorsement allows for interprovincial mobility.
73111.00,Progression to supervisory positions is possible with experience.
73112.00,The Red Seal endorsement allows for interprovincial mobility.
73112.00,Progression to supervisory positions is possible with experience.
73113.00,The Red Seal endorsement allows for interprovincial mobility.
73113.00,Progression to supervisory positions is possible with experience.
73200.00,There is some mobility among the various types of installers and servicers in this unit group.
73201.00,Progression to supervisory positions is possible with additional training or experience.
73202.00,Progression to supervisory positions is possible with experience.
73209.00,Some mobility may occur among workers in this unit group.
73209.00,Progression to supervisory positions is possible with experience.
73300.01,"Progression to supervisory positions or to non-driving occupations, such as driver trainer, safety officer or truck dispatcher is possible with additional training or experience."
73300.02,"Progression to supervisory positions or to non-driving occupations, such as driver trainer, safety officer or truck dispatcher is possible with additional training or experience."
73301.01,"Progression to transit supervisory positions, inspector or training instructor positions is possible with experience."
73301.02,"Progression to transit supervisory positions, inspector or training instructor positions is possible with experience."
73301.03,"Progression to transit supervisory positions, inspector or training instructor positions is possible with experience."
73310.01,Mobility between railway transport companies or between establishments employing locomotive engineers may be limited due to seniority provisions of collective agreements.
73310.02,Mobility between railway transport companies or between establishments employing locomotive engineers may be limited due to seniority provisions of collective agreements.
73311.01,"With experience, railway conductors may progress to locomotive engineers."
73311.02,"With experience, brakemen/women may progress to railway conductors."
73400.00,Progression to supervisory positions is possible with experience.
73400.00,The Red Seal endorsement allows for interprovincial mobility.
73401.00,"Progression to supervisory positions, such as pressroom supervisor, is possible with experience."
73402.01,Drillers and blasters often perform both drilling and blasting activities.
73402.01,Progression to supervisory positions is possible with experience.
73402.02,Drillers and blasters often perform both drilling and blasting activities.
73402.02,Progression to supervisory positions is possible with experience.
74100.01,Progression to supervisory or facility management positions is possible with additional training or experience.
74100.02,Progression to supervisory or facility management positions is possible with additional training or experience.
74101.00,Progression to supervisory positions is possible with additional training or experience.
74102.00,There is some mobility into other delivery occupations such as delivery drivers.
74102.00,There may be mobility to clerical occupations within the company.
74102.00,Progression to supervisory positions may be possible with experience.
74200.01,Progression to a position such as brakeman is possible with experience.
74200.02,Progression to a position such as brakeman is possible with experience.
74201.01,"Training and testing for various endorsements and certification, including the Marine Emergency Duty (MED) certificate, occur following employment as a deck crew member."
74201.01,"Senior positions in this unit group, such as able seaman/woman, require experience."
74201.01,"Progression to deck or ship engineer officer positions is possible with experience, additional training and deck officer certification by Transport Canada."
74201.02,"Training and testing for various endorsements and certification, including the Marine Emergency Duty (MED) certificate, occur following employment as a deck crew member."
74201.02,"Senior positions in this unit group, such as able seaman/woman, require experience."
74201.02,"Progression to deck or ship engineer officer positions is possible with experience, additional training and deck officer certification by Transport Canada."
74202.00,There is mobility among jobs in this unit group.
74203.00,There is some mobility among installers and servicers in this unit group.
74203.00,Progression to supervisory positions is possible with experience.
74204.01,"Mobility between jobs in this unit group normally occurs within the same area of work, such as within waste water treatment plants, within water filtration and distribution plants or within gas distribution plants."
74204.01,Progression to supervisory positions is possible with experience.
74204.02,"Mobility between jobs in this unit group normally occurs within the same area of work, such as within waste water treatment plants, within water filtration and distribution plants or within gas distribution plants."
74204.02,Progression to supervisory positions is possible with experience.
74205.00,Progression to supervisory positions is possible with experience.
75100.00,Progression to foreman/woman or supervisor of longshore workers is possible with experience.
75110.00,Mobility is possible among workers in this unit group.
75110.00,Progression from rigger to crane operator is possible with experience and additional certification.
75119.00,There is little or no mobility between occupations in this unit group.
75200.01,Mobility from taxi or limousine driver to chauffeur is possible with experience.
75201.00,"Progression to supervisory positions or to non-driving occupations, such as driver trainer or dispatcher is possible with additional training or experience."
75210.01,"There is little or no mobility among lock equipment operators, cable ferry operators and ferry terminal workers."
75210.02,"There is little or no mobility among lock equipment operators, cable ferry operators and ferry terminal workers."
75210.02,Mobility between boat operators in this unit group is possible.
75210.02,"Progression from boat operator positions to deck officer positions is possible with additional training, experience and certification."
75210.03,"There is little or no mobility among lock equipment operators, cable ferry operators and ferry terminal workers."
75210.03,Mobility between boat operators in this unit group is possible.
75210.03,"Progression from boat operator positions to deck officer positions is possible with additional training, experience and certification."
75210.04,"There is little or no mobility among lock equipment operators, cable ferry operators and ferry terminal workers."
75210.04,Mobility between boat operators in this unit group is possible.
75210.04,"Progression from boat operator positions to deck officer positions is possible with additional training, experience and certification."
75211.01,"With experience, railway labourers may progress to railway track maintenance workers or railway yard workers."
75212.00,Progression to supervisory positions or to public works maintenance equipment operator positions is possible with experience.
80010.00,Progression to senior management positions in the respective industries is possible with experience.
80020.00,"Managers in agriculture manage farms of various sizes which may specialize in particular crops such as wheat, apples or potatoes or raise particular livestock such as beef cattle, swine or poultry."
82020.00,"Mobility between surface mining, underground mining, coal or metal mining sectors may be limited by differences in production technologies and licensing requirements."
82020.00,"There is mobility between employers, especially for supervisors with post-secondary diplomas or degrees."
82021.00,There is little mobility for supervisors from well services to well drilling.
82030.02,"Farm supervisors may specialize in areas such as dairy, poultry, swine, beef, sheep, equine, fruit, vegetable, mixed or other specialty farming."
83100.00,Mobility is possible to other occupational groups in underground mining such as underground service and support occupations.
83100.00,Mobility between these sectors is somewhat limited by differences in production technologies.
83100.00,"There is mobility between employers within each of the three following sectors: underground coal mining, underground hard rock mining and underground potash, salt or soft rock mining."
83100.00,Progression to mining supervisor is possible with experience.
83101.01,"Mobility between jobs on drilling and service rigs is limited by the differences in the machinery, tools and operations performed, but mobility is possible especially from drilling to service rigs."
83101.01,Progression to crew supervisor or manager is possible with experience and additional education and training.
83101.01,The Red Seal endorsement allows for interprovincial mobility.
83101.02,"Mobility between jobs on drilling and service rigs is limited by the differences in the machinery, tools and operations performed, but mobility is possible especially from drilling to service rigs."
83101.02,Progression to crew supervisor or manager is possible with experience and additional education and training.
83101.02,The Red Seal endorsement allows for interprovincial mobility.
83110.00,Self-employment as a logging contractor is possible with investment in equipment.
83110.00,There is some mobility among jobs in this group from the less complex to more complex machinery operation.
83110.00,"There is some mobility between employers, particularly in similar types of woodland operations."
83110.00,Logging machinery operators may perform minor repairs and maintenance on their equipment.
83110.00,Progression to logging and forestry supervisory positions is possible with experience.
83120.00,Completion of Transport Canada examinations is required to advance from Fishing Master Class IV through Class I. Training programs are provided in provincial training centres.
83120.00,Progression to merchant or government vessel officer positions (which require a Marine Officer Certificate) is possible with additional training and experience.
83121.00,"Progression to master or mate on fishing vessels over 100 gross tonnes is possible with additional training, licensing and experience."
84100.00,Mobility between these sectors is somewhat limited by differences in production technologies.
84100.00,"There is mobility between employers within each of the three following sectors: underground coal mining, underground hard rock mining and underground potash, salt or soft rock mining."
84100.00,Mobility is possible to other occupational groups in underground mining.
84101.01,Progression to oil and gas well driller or service rig operator is possible with experience.
84101.02,Progression to supervisor of well services is possible for gas and oil well services operators.
84101.02,Progression to oil and gas well driller or service rig operator is possible with experience.
84110.00,Mobility may be limited from eastern and central forest zones to western forest zones where tree size or steep terrain may require different cutting and yarding methods.
84110.00,Progression to logging machinery operator positions is possible with experience.
84110.00,There is a trend toward company certification of chain saw operators in larger companies.
84110.00,There is some mobility among jobs within this unit group as chain saw and skidder operators often work in teams and rotate jobs.
84110.00,Chain saw operators often must own and maintain their own chain saw.
84110.00,Progression to supervisory positions or self-employment as a logging contractor is possible with experience.
84111.00,There is some mobility among jobs in this unit group.
84111.00,Progression to forestry technician or technologist is possible with additional education and training.
84111.00,Progression to supervisory positions is possible with experience.
84120.01,Progression to supervisory positions is possible with experience.
84120.01,"Specialized livestock workers usually specialize in one type of farm animal such as beef cattle, dairy cattle, poultry or swine."
84120.02,Progression to supervisory positions is possible with experience.
84121.00,Fishing vessel deckhands may become skippers upon acquiring an entry licence and a boat.
84121.00,Fishing vessel deckhands may progress to watchkeeper or mate positions with additional training.
85100.00,Progression to other livestock worker positions is possible with experience.
85101.00,Progression to other farm worker positions is possible with experience.
85103.00,"Progression to supervisory positions, such as greenhouse supervisor, is possible with experience."
85104.00,"In some jurisdictions, trappers may be allocated trapping areas based on their experience."
85104.00,Trappers and hunters may specialize in trapping or hunting a particular kind of animal.
85110.00,Progression to underground production and development miner or underground mine service and support worker is possible with experience and training.
85110.00,There is mobility among jobs in this group.
85111.00,Progression to more senior operating positions is possible with experience.
85120.00,"Progression to other positions, such as silviculture and forestry worker, chain saw and skidder operator or logging machinery operator, is possible with experience."
85120.00,There is mobility among jobs in this unit group.
85121.00,Progression to technical or supervisory occupations in landscaping and horticulture is possible with additional training or experience.
90010.00,Progression to senior management positions is possible with experience.
90011.01,Progression to senior management positions in the utility industry is possible with experience.
90011.02,Progression to senior management positions in the utility industry is possible with experience.
90011.03,Progression to senior management positions in the utility industry is possible with experience.
90011.04,Progression to senior management positions in the utility industry is possible with experience.
90011.05,Progression to senior management positions in the utility industry is possible with experience.
92011.00,There is some mobility between occupations with similar technological or licensing requirements within this group.
92012.00,"Hazard analysis critical control point (HACCP) coordinators identify, evaluate, control and prevent hazards at all stages of the food production process."
92014.00,Mobility is possible between positions employing similar technology or producing similar products.
92014.00,Progression to managerial positions is possible with experience.
92015.00,There is some mobility among supervisory positions in this group.
92015.00,Progression to managerial positions is possible with experience.
92020.00,Progression to managerial positions is possible with experience.
92024.00,There is little mobility between different types of supervisors in this unit group.
92100.01,There is little mobility between nuclear power generation station operators and other classic or alternative power generation station operators.
92100.01,Progression from lower to higher classes for power or stationary engineers is dependent on further training and experience.
92100.01,Progression to supervisory positions is possible with experience.
92100.02,There is little mobility between nuclear power generation station operators and other classic or alternative power generation station operators.
92100.02,Progression from lower to higher classes for power or stationary engineers is dependent on further training and experience.
92100.02,Progression to supervisory positions is possible with experience.
92101.01,There is limited mobility between water treatment plant and waste plant operators.
92101.01,Progression to supervisory positions is possible with experience.
92101.02,There is limited mobility between water treatment plant and waste plant operators.
92101.02,Progression to supervisory positions is possible with experience.
93100.00,There is little mobility among the various types of central control and process operators within the mineral and metal processing industry.
93100.00,"With experience, central control and process operators may progress to supervisory positions in mineral and metal processing."
93101.00,"There is considerable mobility among jobs within a company, often as part of a formal development or training program."
93101.00,"Mobility to other petroleum or chemical processing plants is possible, but may be limited by the usual practice of training and promoting workers from within the establishment."
93101.00,Progression to supervisory or managerial positions is possible with experience.
93101.00,"Personal protective equipment may be required for occupations in this unit group that may involve exposure to hazards of toxic, flammable or explosive chemicals."
93102.00,There is limited mobility among jobs within this unit group.
93102.00,Progression to supervisory positions is possible with experience.
93200.01,Aircraft assemblers and assembly inspectors may progress to supervisory positions with experience.
93200.02,Aircraft assemblers and assembly inspectors may progress to supervisory positions with experience.
94100.00,"With experience, machine operators may progress to central control and process operators in mineral and metal processing."
94100.00,There is little mobility among the various types of machine operators within the mineral and metal processing industry.
94101.01,There is some mobility between workers in this unit group.
94101.01,Progression to supervisory positions is possible with experience.
94101.02,There is some mobility between workers in this unit group.
94101.02,Progression to supervisory positions is possible with experience.
94101.03,There is some mobility between workers in this unit group.
94101.03,Progression to supervisory positions is possible with experience.
94102.01,Mobility is possible among the various types of machine operators in this unit group.
94102.01,Progression to supervisory positions is possible with experience.
94102.02,Mobility is possible among the various types of machine operators in this unit group.
94102.02,Progression to supervisory positions is possible with experience.
94102.03,Mobility is possible among the various types of machine operators in this unit group.
94102.03,Progression to supervisory positions is possible with experience.
94102.04,Mobility is possible among the various types of machine operators in this unit group.
94102.04,Progression to supervisory positions is possible with experience.
94103.01,"Mobility is possible between workers within each of the concrete, clay and stone manufacturing sectors, but there is little or no mobility between these manufacturing sectors."
94103.01,Progression to supervisory positions is possible with experience.
94103.02,"Mobility is possible between workers within each of the concrete, clay and stone manufacturing sectors, but there is little or no mobility between these manufacturing sectors."
94103.02,Progression to supervisory positions is possible with experience.
94103.03,"Mobility is possible between workers within each of the concrete, clay and stone manufacturing sectors, but there is little or no mobility between these manufacturing sectors."
94103.03,Progression to supervisory positions is possible with experience.
94105.01,Progression to structural metal fabricator or supervisory positions is possible with experience for metalworking machine operators.
94105.01,There is little or no mobility between operators of light and heavy metalworking machines.
94105.01,"Progression to blacksmith, die setting, or supervisory positions is possible with experience for forging machine operators."
94105.02,"Progression to blacksmith, die setting, or supervisory positions is possible with experience for forging machine operators."
94106.00,Experienced machining tool operators may become machinists or tool and die makers through apprenticeship training.
94107.00,There is some mobility among machine operators in this unit group.
94107.00,Progression to supervisory positions is possible with experience.
94110.00,Mobility between employers producing similar products is possible for some of the more skilled operators in this unit group.
94110.00,Personal protective equipment may be required when working with some types of chemicals or pharmaceuticals.
94110.00,Progression to supervisory positions or to process control occupations is possible with experience.
94111.01,Mobility among the various operators in this unit is possible.
94111.01,Progression to supervisory positions is possible with experience.
94111.02,Mobility among the various operators in this unit is possible.
94111.02,Progression to supervisory positions is possible with experience.
94111.03,Mobility among the various operators in this unit is possible.
94111.03,Progression to supervisory positions is possible with experience.
94111.04,Mobility among the various operators in this unit is possible.
94111.04,Progression to supervisory positions is possible with experience.
94112.01,Progression to supervisory positions is possible with experience.
94112.01,Mobility among the various labourers in this unit group is possible.
94112.02,Progression to supervisory positions is possible with experience.
94112.02,Mobility among the various labourers in this unit group is possible.
94112.03,Progression to supervisory positions is possible with experience.
94112.03,Mobility among the various labourers in this unit group is possible.
94120.00,There is some mobility among jobs in this occupational group.
94120.00,Progression to supervisory positions is possible with experience.
94121.00,There is limited mobility among jobs within this occupational group.
94121.00,Progression to pulping or papermaking and coating control operator occupations is possible with experience.
94122.00,There is some mobility between jobs in this occupational group.
94123.01,There is some mobility between employers processing similar wood products.
94123.02,There is some mobility between employers processing similar wood products.
94124.00,Progression to supervisory positions is possible with experience.
94124.00,Mobility is common among jobs in this unit group.
94129.00,"Progression to other positions in the wood, pulp and paper industries is possible with experience."
94129.00,There is some mobility among jobs in this unit group.
94130.01,Progression to supervisory positions is possible with experience for fibre and yarn preparation machine operators and hide and pelt processing machine operators and workers.
94130.01,"Progression to supervisory positions in textile processing usually requires completion of a college program in textiles, chemistry or a related subject."
94130.01,There is some mobility among jobs in this unit group.
94130.02,Progression is possible within the group to operate more complex dye ranges and textile printing equipment.
94130.02,"Progression to supervisory positions in textile processing usually requires completion of a college program in textiles, chemistry or a related subject."
94130.02,There is some mobility among jobs in this unit group.
94131.00,Mobility among employers may be limited by differences in machines and products.
94131.00,Progression to textile machinery mechanics and repairers or to supervisory positions is possible with experience and training.
94132.00,Industrial sewing machine operators may progress to supervisory positions with experience.
94133.00,There is limited mobility among the different inspectors and graders in this unit group.
94140.01,Process control operators may progress to supervisory positions in food and beverage processing with experience.
94140.01,There is little mobility among the various types of process control operators within the food and beverage processing industry.
94140.02,Machine operators may progress to process control operation or supervisory positions in food and beverage processing with experience.
94140.02,There is mobility among machine operators within the food and beverage processing industry.
94141.01,Progression to supervisory positions is possible with experience.
94141.02,"Industrial meat cutters may progress to inspecting, testing and grading jobs."
94141.02,Progression to supervisory positions is possible with experience.
94141.03,Progression to supervisory positions is possible with experience.
94142.01,Progression to supervisory positions is possible with experience.
94142.02,Progression to supervisory positions is possible with experience.
94143.00,Progression to supervisory positions is possible with experience.
94143.00,There is little mobility among the various types of testers and graders in this unit group.
94152.00,There is some mobility among various types of binding and finishing machine operator occupations in this group.
94152.00,Progression to supervisory positions is possible with experience.
94153.00,Progression is possible from automatic machine tenders in retail establishments to laboratory processing occupations.
94153.00,There is mobility among occupations within laboratory processing operations.
94200.01,Mobility is possible to jobs in the same production department.
94200.01,Progression to supervisory positions is possible with experience.
94200.02,Mobility is possible to jobs in the same production department.
94200.02,Progression to supervisory positions is possible with experience.
94201.01,Progression from electronics assembler or component fabricator to electronics inspector or tester is possible with additional training and experience.
94202.01,Progression to supervisory positions is possible with experience.
94202.01,With experience assemblers may progress to inspecting and testing positions.
94202.02,Progression to supervisory positions is possible with experience.
94203.01,Progression to supervisory positions is possible with experience.
94203.02,Progression to supervisory positions is possible with experience.
94203.03,Progression to supervisory positions is possible with experience.
94204.01,Progression to supervisory positions is possible with experience.
94204.01,There is little or no mobility among the various assemblers and inspectors in this unit group.
94204.02,Progression to supervisory positions is possible with experience.
94204.02,There is little or no mobility among the various assemblers and inspectors in this unit group.
94205.01,Progression to supervisory positions is possible with experience.
94205.01,"With experience, machine operators may progress to inspecting and testing positions."
94205.02,Progression to supervisory positions is possible with experience.
94210.01,Mobility is possible between jobs in this unit group.
94210.01,Progression to supervisory positions is possible with experience.
94210.02,Mobility is possible between jobs in this unit group.
94210.02,Progression to supervisory positions is possible with experience.
94210.03,Mobility is possible between jobs in this unit group.
94210.03,Progression to supervisory positions is possible with experience.
94210.04,Mobility is possible between jobs in this unit group.
94210.04,Progression to supervisory positions is possible with experience.
94212.01,Mobility among the various workers in this unit group is possible.
94212.01,Progression to supervisory positions is possible with experience.
94212.02,Mobility among the various workers in this unit group is possible.
94212.02,Progression to supervisory positions is possible with experience.
94213.01,Progression to supervisory positions is possible with experience.
94213.02,Progression to supervisory positions is possible with experience.
94219.01,There is little or no mobility among the various assemblers and inspectors in this unit group.
94219.01,Progression to supervisory positions is possible with experience.
94219.02,There is little or no mobility among the various assemblers and inspectors in this unit group.
94219.02,Progression to supervisory positions is possible with experience.
95100.00,Progression to machine and process operator positions is possible with experience.
95101.00,There is some mobility among occupations in this unit group.
95101.00,Progression to metalworking machine operator positions is possible with experience.
95102.00,Considerable mobility is possible among jobs in this unit group.
95102.00,Progression to operator positions in the chemical or utility industry is possible with experience and appropriate qualifications.
95103.00,Progression to machine or plant operating positions is possible with experience.
95103.00,There is considerable mobility among jobs within individual establishments.
95104.00,Progression to machine operator or assembler positions in rubber and plastic products manufacturing is possible with experience.
95105.01,Progression to machine operator or supervisory positions is possible with experience.
95105.01,There is little mobility among the different kinds of cutters in this unit group.
95105.02,Progression to machine operator or supervisory positions is possible with experience.
95105.02,There is little mobility among the different kinds of cutters in this unit group.
95105.03,Progression to machine operator or supervisory positions is possible with experience.
95105.03,There is little mobility among the different kinds of cutters in this unit group.
95105.04,Progression to machine operator or supervisory positions is possible with experience.
95105.04,There is little mobility among the different kinds of cutters in this unit group.
95106.00,There is some mobility among occupations in this unit group.
95106.00,"Labourers in food, beverage and associated products processing may progress to machine or process operating positions with experience."
95107.00,Progression to other occupations in the fish processing industry is possible with experience.
95109.00,There is some mobility among occupations in this unit group.
95109.00,Progression to machine operating positions is possible with experience.
