Code de profil professionnel SIPeC,Exigences d'emploi
00010.00,"Les membres des corps législatifs sont élus sauf dans le cas des sénateurs, des lieutenants-gouverneurs et du gouverneur général, qui sont des représentants nommés."
00011.00,Un diplôme d'études universitaires ou collégiales est habituellement exigé.
00011.00,Un diplôme d'études supérieures dans un domaine connexe peut être exigé.
00011.00,Plusieurs années d'expérience en gestion dans le secteur public ou privé sont exigées.
00012.00,"Un diplôme d'études universitaires en administration des affaires, en commerce, en informatique ou dans un autre domaine relié au service offert est habituellement exigé."
00012.00,"Plusieurs années d'expérience en tant que directeur intermédiaire dans les secteurs des services financiers, des communications ou d'autres services aux entreprises sont habituellement exigées."
00012.00,"Il est possible de se spécialiser dans un domaine ou un service particulier en acquérant soit de l'expérience, soit une formation universitaire spécifique."
00012.00,Un certificat professionnel en comptabilité ou en finance est habituellement exigé des cadres supérieurs des services financiers.
00013.00,"Un diplôme d'études universitaires ou collégiales en administration des affaires, en administration hospitalière, en finances ou dans une discipline rattachée aux services est habituellement exigé."
00013.00,Plusieurs années d'expérience en tant que cadre intermédiaire dans un organisme ou un établissement connexe sont habituellement exigées.
00013.00,"Il est possible de se spécialiser dans un domaine ou un service particulier en acquérant soit de l'expérience, soit une formation universitaire ou collégiale spécifique."
00013.00,Les cadres supérieurs du secteur de la finance doivent habituellement détenir un titre professionnel en comptabilité.
00014.00,"Un diplôme d'études universitaires ou collégiales en administration des affaires, en finance ou dans une discipline connexe rattachée au service est habituellement exigé."
00014.00,"Plusieurs années d'expérience en tant que cadre intermédiaire dans les secteurs du commerce, de la radiotélédiffusion et des autres services sont habituellement exigées."
00014.00,"Il est possible de se spécialiser dans un domaine ou un service particulier en acquérant soit de l'expérience, soit une formation universitaire ou collégiale spécifique."
00014.00,Les cadres supérieurs du secteur de la finance doivent habituellement détenir un titre professionnel en comptabilité.
00015.00,"Un diplôme d'études universitaires ou collégiales en génie, en administration des affaires, en commerce ou dans une autre discipline se rattachant au produit de la compagnie est habituellement exigé."
00015.00,"Plusieurs années d'expérience en tant que cadre intermédiaire dans les secteurs de la production des biens, des services d'utilité publique, du transport ou de la construction sont habituellement exigées."
00015.00,"Il est possible de se spécialiser dans un domaine ou un produit particulier en acquérant soit de l'expérience, soit une formation universitaire ou collégiale spécifique."
00015.00,Les cadres supérieurs du secteur de la finance doivent habituellement détenir un titre professionnel en comptabilité.
10010.00,"Un baccalauréat en administration des affaires, en économie, en commerce ou dans un domaine connexe est exigé."
10010.00,Une maîtrise en administration des affaires (option finance) ou autre programme de maîtrise en gestion peut être exigée.
10010.00,"Plusieurs années d'expérience en comptabilité, en vérification, en budgétisation, en planification et en analyse financière ou dans toute autre activité à caractère financier sont exigées."
10010.00,"Un titre professionnel reconnu en comptabilité peut être exigé des directeurs de la comptabilité ou de la vérification (CPA, CA, CPA, CMA, ou CPA, CGA)."
10010.00,"Un titre professionnel reconnu en finance peut être exigé des directeurs financiers en investissement, en trésorerie et en financement des entreprises (CFA, CFP, CIM ou autres)."
10011.00,"Un baccalauréat dans un domaine relié à la gestion du personnel tel que l'administration des affaires, les relations industrielles, le commerce ou la psychologie oula réalisation d'un programme de perfectionnement professionnel en gestion du personnel est exigé."
10011.00,Plusieurs années d'expérience comme agent du personnel ou spécialiste des ressources humaines sont exigées.
10011.00,Certains employeurs peuvent exiger le titre de conseiller en ressources humaines agréé (CRHA).
10012.00,"Un baccalauréat ou un diplôme d'études collégiales en gestion des affaires, en commerce ou en économie est habituellement exigé."
10012.00,"Un diplôme d'études dans une discipline connexe peut être exigé des directeurs des achats responsables d'achats de matériel ou de services commerciaux spécialisés. Par exemple, un baccalauréat ou un diplôme d'études collégiales en génie peut être exigé des directeurs des achats responsables de produits industriels."
10012.00,Le titre de professionnel en gestion de la chaîne d'approvisionnement (p.g.c.a.) ou l'inscription au programme d'études offert par l'Association de la gestion de la chaîne d'approvisionnement peut être exigé.
10012.00,Plusieurs années d'expérience en tant qu'agent aux achats sont exigées.
10019.00,Un baccalauréat ou un diplôme d'études collégiales en gestion des affaires ou dans un domaine connexe des services administratifs est habituellement exigé.
10019.00,"Plusieurs années d'expérience, à un niveau professionnel, en gestion des affaires, de la finance ou des services administratifs sont habituellement exigées."
10019.00,"Les titres professionnels « Associate of the Institute of the Chartered Secretaries and Administrators (ACIS), Fellow of the Institute of Chartered Secretaries and Administrators (FCIS) ou Professional Administrator (P. Adm) » peuvent être exigés dans certaines professions de ce groupe."
10019.00,L'obtention d'un certificat en gestion d'information sur la santé de l'Association canadienne interprofessionnelle des dossiers de santé peut être exigée.
10019.00,"Au Québec, l'accréditation de l'Association québécoise des archivistes médicales peut être exigée."
10019.00,Les greffiers judiciaires employés par les tribunaux supérieurs peuvent exiger des titres de compétence judiciaire.
10020.01,"Un diplôme d'études universitaires ou collégiales en administration des affaires, en économie ou dans un domaine connexe est habituellement exigé."
10020.01,Plusieurs années d'expérience au sein de l'industrie visée sont habituellement exigées.
10020.01,"Un permis relié au service offert tel que le courtage en immobilier, le courtage en hypothèques, le courtage en valeurs mobilières ou le courtage en assurance, peut être exigé."
10020.01,"Dans l'industrie de l'assurance, une désignation professionnelle reconnue est habituellement exigée."
10020.02,"Un diplôme d'études universitaires ou collégiales en administration des affaires, en économie ou dans un domaine connexe est habituellement exigé."
10020.02,Plusieurs années d'expérience au sein de l'industrie visée sont habituellement exigées.
10020.02,"Un permis relié au service offert tel que le courtage en immobilier, le courtage en hypothèques, le courtage en valeurs mobilières ou le courtage en assurance, peut être exigé."
10020.02,"Un titre professionnel reconnu en finance peut être exigé dans les domaines de l’investissement et des ventes de valeurs mobilières (CFA, CFP, CIM, ou autres)."
10020.03,"Un diplôme d'études universitaires ou collégiales en administration des affaires, en économie ou dans un domaine connexe est habituellement exigé."
10020.03,Plusieurs années d'expérience au sein de l'industrie visée sont habituellement exigées.
10020.03,"Un permis relié au service offert tel que le courtage en immobilier, le courtage en hypothèques, le courtage en valeurs mobilières ou le courtage en assurance, peut être exigé."
10020.03,"Un titre professionnel reconnu en finance peut être exigé dans les domaines de l’investissement et des ventes de valeurs mobilières (CFA, CFP, CIM, ou autres)."
10020.04,"Un diplôme d'études universitaires ou collégiales en administration des affaires, en économie ou dans un domaine connexe est habituellement exigé."
10020.04,Plusieurs années d'expérience au sein de l'industrie visée sont habituellement exigées.
10020.04,"Un permis relié au service offert tel que le courtage en immobilier, le courtage en hypothèques, le courtage en valeurs mobilières ou le courtage en assurance, peut être exigé."
10020.04,"Un titre professionnel reconnu en finance peut être exigé dans les domaines de l’investissement et des ventes de valeurs mobilières (CFA, CFP, CIM, ou autres)."
10021.01,"Un diplôme d'études universitaires ou collégiales en administration des affaires, en sciences commerciales, en économie ou dans un domaine connexe est habituellement exigé."
10021.01,"Une maîtrise en administration des affaires, en finance ou en sciences de la gestion peut être exigée pour la gestion de prêts commerciaux de grande envergure."
10021.01,"Un titre professionnel reconnu en finance peut être exigé (CFA, CFP, CIM ou autres)."
10021.01,La participation à un programme de formation en gestion interne ou externe est habituellement exigée.
10021.01,"Plusieurs années d'expérience dans le domaine, y compris de l'expérience en supervision, sont exigées."
10021.02,"Un diplôme d'études universitaires ou collégiales en administration des affaires, en sciences commerciales, en économie ou dans un domaine connexe est habituellement exigé."
10021.02,"Une maîtrise en administration des affaires, en finance ou en sciences de la gestion peut être exigée pour la gestion de prêts commerciaux de grande envergure."
10021.02,"Un titre professionnel reconnu en finance peut être exigé (CFA, CFP, CIM ou autres)."
10021.02,La participation à un programme de formation en gestion interne ou externe est habituellement exigée.
10021.02,"Plusieurs années d'expérience dans le domaine, y compris de l'expérience en supervision, sont exigées."
10022.01,"Un diplôme d'études universitaires ou collégiales en communications, en relations publiques, en marketing, en journalisme ou dans un domaine connexeetplusieurs années d'expérience en tant qu'agent de publicité, de relations publiques ou de communications sont exigés."
10022.02,"Un diplôme d'études universitaires ou collégiales en administration des affaires ou dans un domaine connexe, avec spécialisation dans la vente ou le marketing etplusieurs années d'expérience comme représentant des ventes, du marketing ou des relations publiques ou dans un emploi connexe sont exigés."
10022.03,"Un diplôme d'études universitaires ou collégiales en communications, en relations publiques, en marketing, en journalisme ou dans un domaine connexeetplusieurs années d'expérience en tant qu'agent de publicité, de relations publiques ou de communications sont exigés."
10022.04,"Un diplôme d'études universitaires ou collégiales dans un domaine associé aux affaires électroniques, au développement du contenu des sites Web ou aux services Internet et mobilesetde l'expérience en conception de sites Web, en développement de médias interactifs, en administration de données ou en analyse de systèmes informatiques, ou encore de l'expérience liée au contenu de sites Web sont habituellement exigés."
10029.00,Un baccalauréat ou un diplôme d'études collégiales dans un domaine relié aux services aux entreprises est habituellement exigé.
10029.00,Plusieurs années d'expérience dans un domaine relié aux services aux entreprises sont habituellement exigées.
10029.00,"Un permis, un certificat ou une affiliation peut être exigé de certains directeurs de services aux entreprises. Par exemple, les directeurs de firmes comptables doivent habituellement avoir un certificat en comptabilité."
10029.00,Des études universitaires en administration des affaires peuvent être exigées.
10030.00,"Un diplôme d'études universitaires en sciences, en génie électrique ou dans un domaine connexe est habituellement exigé."
10030.00,"Plusieurs années d'expérience dans une profession technique connexe, y compris de l'expérience de supervision, sont habituellement exigées."
11100.01,"Les exigences de scolarité, de formation et de reconnaissance professionnelle applicables aux comptables professionnels agréés, comptables agréés (CPA, CA), aux comptables professionnels agréés, comptables généraux licenciés (CPA, CGA) et aux comptables professionnels agréés, comptables en management accrédités (CPA, CMA)etde l'expérience en tant que comptable sont exigées des vérificateurs."
11100.01,La reconnaissance par l'Institut des vérificateurs internes peut être exigée des vérificateurs.
11100.01,Les vérificateurs et les comptables désirant agir à titre de liquidateurs de faillite doivent obtenir une licence de syndic de faillite.
11100.01,"Un permis, émis par l'organisme directeur de la province ou du territoire, est habituellement exigé des comptables et des vérificateurs en comptabilité publique."
11100.02,"Un diplôme d'études universitairesetla réussite d'un programme de formation professionnelle approuvé par une association provinciale de comptables agréés, assortie d'une formation en milieu de travail de deux ans ou de 30 mois selon les exigences provincialesetl'adhésion à une association provinciale de comptables agréés après avoir réussi avec succès l'Évaluation uniforme (EFU) sont exigés des comptables professionnels agréés, comptables agréés (CPA, CA)."
11100.02,"Un diplôme d'études universitaires etla réussite d'un programme de formation approuvé, assortie de plusieurs années de formation en milieu de travail etl'accréditation d'une organisation provinciale ou régionale, sont exigés des comptables professionnels agréés, comptables généraux licenciés (CPA, CGA) et des comptables professionnels agréés, comptables en management accrédités (CPA, CMA)."
11100.02,Les vérificateurs et les comptables désirant agir à titre de liquidateurs de faillite doivent obtenir une licence de syndic de faillite.
11100.02,"Un permis, émis par l'organisme directeur de la province ou du territoire, est habituellement exigé des comptables et des vérificateurs en comptabilité publique."
11101.01,"Un diplôme d'études universitaires en commerce, en administration des affaires, en comptabilité, en finance ou en économie etune formation en cours d'emploi ainsi que des cours et des programmes en milieu industriel sont habituellement exigés."
11101.01,"Un diplôme de 2e cycle, comme une maîtrise en administration des affaires (M.B.A.) (option finances) ou une maîtrise en finance, peut être exigé."
11101.01,"Le titre de Chartered Financial Analyst (CFA), offert par l’Institut CFA, ou un autre titre professionnel reconnu en finance (CFP, CIM ou autres) est habituellement exigé."
11101.01,"D'autres titres, comme celui de Comptable Professionnel Agréé (CPA) et de Certified Treasury Professional (CTP), peuvent être exigés par certains employeurs."
11101.02,"Un diplôme d'études universitaires en commerce, en administration des affaires, en comptabilité, en finance ou en économie etune formation en cours d'emploi ainsi que des cours et des programmes en milieu industriel sont habituellement exigés."
11101.02,"Un diplôme de 2e cycle, comme une maîtrise en administration des affaires (M.B.A.) (option finances) ou une maîtrise en finance, peut être exigé."
11101.02,"D'autres titres, comme celui de Comptable Professionnel Agréé (CPA) et de Certified Treasury Professional (CTP), peuvent être exigés par certains employeurs."
11102.00,"Un diplôme d'études universitaires en administration des affaires, en commerce, en économie ou dans un domaine connexe est habituellement exigé."
11102.00,"La certification de Planificateur financier, décerné par le Conseil relatif aux standards des planificateurs financiers du Canada, peut être exigée."
11102.00,"Un permis provincial est exigé pour vendre des produits financiers réglementés, tels que régime des rentes, RÉER et assurance-vie."
11102.00,La certification de planificateur financier est exigée au Québec.
11102.00,"Divers cours et programmes de formation sont offerts par les institutions et organisations, telles que l'Institut canadien des valeurs mobilières, l'Institut des banquiers canadiens, l'Institut CFA, l'Institut des fonds d'investissement du Canada, l'Institut canadien de planification financière et l'Institut des compagnies de fiducie du Canada, et peuvent être exigés par l'employeur."
11103.01,"Un diplôme d'études universitaires de 1er ou 2e cycle en économie, en administration des affaires ou dans une autre discipline est habituellement exigé."
11103.01,"Un titre professionnel reconnu en finance peut être exigé (CFA, CFP, CIM ou autres)."
11103.01,"La réalisation de programmes de formation en placements et en ventes dans l'industrie, la réussite d’un cours menant à l’obtention d’un permis comme le Cours sur le commerce des valeurs mobilières au Canada et la réussite au Cours relatif au manuel sur les normes de conduite offerts par l'Institut canadien des valeurs mobilières, ou une alternative reconnue comme la complétion d’un niveau ou plus du programme CFA offert par l’Institut CFA, sont exigées des représentants en valeurs et des négociateurs en valeurs."
11103.01,"Des cours spécialisés sont également offerts aux représentants en valeurs et aux négociateurs en valeurs qui veulent négocier des produits de placement en particulier, tels que les options en valeurs mobilières et les contrats à terme."
11103.01,"Un permis d'exercice émis par la commission provinciale des valeurs mobilières de la province d'emploi ou une organisation auto-réglementée reconnue est exigé des agents en valeurs, des agents en placements et des négociateurs en valeurs."
11103.02,"Un diplôme d'études universitaires de 1er ou 2e cycle en économie, en administration des affaires ou dans une autre discipline est habituellement exigé."
11103.02,"Un titre professionnel reconnu en finance peut être exigé (CFA, CFP, CIM ou autres)."
11103.02,"La réalisation de programmes de formation en placements et en ventes dans l'industrie, la réussite d’un cours menant à l’obtention d’un permis comme le Cours sur le commerce des valeurs mobilières au Canada et la réussite au Cours relatif au manuel sur les normes de conduite offerts par l'Institut canadien des valeurs mobilières, ou une alternative reconnue comme la complétion d’un niveau ou plus du programme CFA offert par l’Institut CFA, sont exigées des représentants en valeurs et des négociateurs en valeurs."
11103.02,"Des cours spécialisés sont également offerts aux représentants en valeurs et aux négociateurs en valeurs qui veulent négocier des produits de placement en particulier, tels que les options en valeurs mobilières et les contrats à terme."
11103.02,"Un permis d'exercice émis par la commission provinciale des valeurs mobilières de la province d'emploi ou une organisation auto-réglementée reconnue est exigé des agents en valeurs, des agents en placements et des négociateurs en valeurs."
11109.01,"Un diplôme d'études universitaires en administration des affaires, en commerce, en économie ou dans un domaine connexe est habituellement exigé."
11109.01,"Divers cours et programmes de formation sont offerts par les institutions et organisations, telles que l'Institut canadien des valeurs mobilières, l'Institut des banquiers canadiens, l'Institut CFA, l'Institut des fonds d'investissement du Canada et l'Institut des compagnies de fiducie du Canada, et peuvent être exigés par l'employeur."
11109.01,"Un titre professionnel reconnu en finance peut être exigé (CFA, CIM ou autres)."
11109.01,Un titre de comptable reconnu peut être exigé des inspecteurs et des vérificateurs financiers.
11109.02,"Un diplôme d'études universitaires en administration des affaires, en commerce, en économie ou dans un domaine connexe est habituellement exigé."
11109.02,"Divers cours et programmes de formation sont offerts par les institutions et organisations, telles que l'Institut canadien des valeurs mobilières, l'Institut des banquiers canadiens, l'Institut CFA, l'Institut des fonds d'investissement du Canada et l'Institut des compagnies de fiducie du Canada, et peuvent être exigés par l'employeur."
11109.02,"Un titre professionnel reconnu en finance peut être exigé (CFA, CIM ou autres)."
11109.03,"Un diplôme d'études universitaires en administration des affaires, en commerce, en économie ou dans un domaine connexe est habituellement exigé."
11109.03,"Divers cours et programmes de formation sont offerts par les institutions et organisations, telles que l'Institut canadien des valeurs mobilières, l'Institut des banquiers canadiens, l'Institut CFA, l'Institut des fonds d'investissement du Canada et l'Institut des compagnies de fiducie du Canada, et peuvent être exigés par l'employeur."
11109.03,"Un titre professionnel reconnu en finance peut être exigé (CFA, CIM ou autres)."
11109.04,"Un diplôme d'études universitaires en administration des affaires, en commerce, en économie ou dans un domaine connexe est habituellement exigé."
11109.04,"Divers cours et programmes de formation sont offerts par les institutions et organisations, telles que l'Institut canadien des valeurs mobilières, l'Institut des banquiers canadiens, l'Institut CFA, l'Institut des fonds d'investissement du Canada et l'Institut des compagnies de fiducie du Canada, et peuvent être exigés par l'employeur."
11109.04,"Un titre professionnel reconnu en finance peut être exigé (CFA, CIM ou autres)."
11109.05,"Un diplôme d'études universitaires en administration des affaires, en commerce, en économie ou dans un domaine connexe est habituellement exigé."
11109.05,"Divers cours et programmes de formation sont offerts par les institutions et organisations, telles que l'Institut canadien des valeurs mobilières, l'Institut des banquiers canadiens, l'Institut CFA, l'Institut des fonds d'investissement du Canada et l'Institut des compagnies de fiducie du Canada, et peuvent être exigés par l'employeur."
11109.05,"Un titre professionnel reconnu en finance peut être exigé (CFA, CIM ou autres)."
11109.05,"Un permis de courtier en hypothèques est exigé des courtiers en hypothèques en Colombie-Britannique, en Alberta, en Saskatchewan, au Manitoba, en Ontario, au Québec, au Nouveau-Brunswick, à Terre-Neuve-et-Labrador et en Nouvelle-Écosse."
11200.00,"Un diplôme d'études universitaires ou collégiales dans un domaine relié à la gestion des ressources humaines, tel que l'administration des affaires, les relations industrielles, le commerce ou la psychologie ouune formation acquise dans le cadre d'un programme de perfectionnement professionnel en gestion des ressources humaines est exigé."
11200.00,Certains employeurs peuvent exiger le titre de conseiller en ressources humaines agréé (CRHA).
11201.00,"Un baccalauréat ou un diplôme d'études collégiales en administration des affaires, en commerce ou une discipline connexe est habituellement exigé."
11201.00,Un diplôme d'études supérieures en administration des affaires peut être exigé.
11201.00,Certains établissements peuvent exiger l'accréditation par une association provinciale de consultants en gestion.
11201.00,L'accréditation en tant que vérificateur de la qualité peut être exigée dans certaines des professions incluses dans ce groupe de base.
11201.00,L'accréditation de l'Association canadienne interprofessionnelle du dossier de santé peut être exigée des professions de conseils en gestion de l'information en matière de santé.
11202.00,"Un diplôme d'études universitaires ou collégiales en commercialisation dans les entreprises, en relations publiques, en communications, en journalisme, en muséologie ou dans une discipline reliée à un sujet particulier est habituellement exigé."
11202.00,Les professionnels des relations publiques peuvent devoir être Agréés en relations publiques (ARP).
12010.00,Un diplôme d'études secondaires est exigé.
12010.00,Des cours collégiaux apparentés au domaine supervisé sont habituellement exigés.
12010.00,De l'expérience dans le domaine supervisé est habituellement exigée.
12011.00,"Un diplôme d'études collégiales ou des cours en tenue de livres, en comptabilité ou dans une matière connexe sont exigés."
12011.00,De l'expérience en travail de bureau reliée aux fonctions supervisées est exigée.
12012.00,Un diplôme d'études secondaires est exigé.
12012.00,Des cours collégiaux apparentés au domaine supervisé peuvent être exigés.
12012.00,De l'expérience en travail de bureau reliée aux fonctions supervisées est habituellement exigée.
12013.00,"Un programme d'enseignement postsecondaire de deux à trois ans en gestion d'entreprise, de chaîne d'approvisionnement, de production ou de fabrication ou dans un domaine connexe est généralement exigé."
12013.00,Plusieurs années d'expérience dans le poste supervisé sont habituellement exigées.
12100.00,Un diplôme d'études secondaires est exigé.
12100.00,"Un baccalauréat en administration publique, en sciences politiques ou dans une discipline connexe est habituellement exigé."
12100.00,De l'expérience dans un poste administratif connexe est habituellement exigée.
12101.00,"Un diplôme d'études collégiales dans un domaine relié à la gestion du personnel tel que l'administration des affaires, les relations industrielles, le commerce ou un programme de perfectionnement professionnel en gestion du personnel est habituellement exigé."
12101.00,L'accréditation en tant que Conseiller en ressources humaines agréé (CRHA) peut être exigée.
12101.00,Une certaine expérience dans un poste administratif ou de travail de bureau relié à l'administration peut être exigée.
12102.00,"Les agents en approvisionnement et aux achats doivent habituellement détenir un baccalauréat ou un diplôme d'études collégiales en gestion des affaires, en commerce ou en économie."
12102.00,"Un diplôme d'études universitaires ou collégiales dans une discipline connexe peut être exigé des agents en approvisionnement et aux achats chargés d'acheter des produits ou des services spécialisés aux entreprises. Par exemple, un baccalauréat ou un diplôme d'études collégiales en génie peut être exigé des acheteurs de produits industriels."
12102.00,Un certificat en approvisionnement de l'Association canadienne de gestion des achats (ACGA) peut être exigé.
12102.00,De l'expérience en tant que commis aux achats ou commis administratif peut être exigée.
12102.00,Une certification de l'organisation International Right of Way Association (IRWA) peut être exigée.
12102.00,"Les spécialistes et les analystes sourceurs doivent habituellement détenir un baccalauréat ou un diplôme d'études collégiales en économie, en logistique, en gestion des opérations, en finances, en génie, en mathématiques ou en analyse statistique."
12102.00,Une expérience de travail préalable dans le domaine de la chaîne d'approvisionnement pour les spécialistes et les analystes sourceurs est habituellement exigée.
12103.00,"Un diplôme d'études universitaires ou collégiales en gestion des affaires, en tourisme ou en gestion hôtelière est habituellement exigé."
12103.00,Plusieurs années d'expérience en gestion hôtelière et en tourisme ou en relations publiques sont habituellement exigées et peuvent suppléer aux titres scolaires.
12103.00,"L'accréditation en gestion d'événements, de réunions ou de conférences peut être exigée."
12104.01,Un baccalauréat ou un diplôme d'études collégiales est habituellement exigé.
12104.01,Plusieurs années d'expérience en gestion ou en application de règlements peuvent être exigées.
12104.01,Un programme de formation spécialisée offert par le gouvernement est exigé.
12104.02,Un baccalauréat ou un diplôme d'études collégiales est habituellement exigé.
12104.02,Plusieurs années d'expérience en gestion ou en application de règlements peuvent être exigées.
12104.02,Un programme de formation spécialisée offert par le gouvernement est exigé.
12110.01,Un diplôme d'études secondaires est exigé des sténographes judiciaires.
12110.01,Un diplôme d'études collégiales ou autre programme d'études spécialisé en sténographie judiciaire est habituellement exigéetun certificat de sténographe agréé peut être exigé des sténographes judiciaires.
12110.01,Les professions travaillant en braille nécessitent généralement une formation en compétence en Braille anglais unifié (BAU) et des études connexes de 1 à 2 ans.
12110.02,Un diplôme d'études secondaires est exigé des transcripteurs médicaux.
12110.02,La réussite d'un programme reconnu en transcription médicale est habituellement exigée etun certificat de transcripteur médical agréé peut être exigé des transcripteurs médicaux.
12110.02,Les professions travaillant en braille nécessitent généralement une formation en compétence en Braille anglais unifié (BAU) et des études connexes de 1 à 2 ans.
12111.00,Un diplôme d'un programme d'études collégiales reconnu de deux ans en technologie des documents sur la santé ou en gestion de l'information sur la santé est exigé des techniciens en gestion de l'information sur la santé et autres professionnels assimilés.
12111.00,L'accréditation de l'Association canadienne interprofessionnelle des dossiers de santé pour les techniciens en gestion de l'information sur la santé et autres professionnels assimilés peut être exigée de certains employeurs.
12112.00,Un diplôme d'un programme d'études collégiales de deux à trois ans en technologie de gestion de documents est habituellement exigé des techniciens en gestion des documents.
12112.00,Deux à trois ans d'expérience dans un environnement de gestion de documents peuvent être exigés.
12113.00,Un diplôme d'études secondaires est exigé.
12113.00,"Un diplôme d'études collégiales ou un diplôme de premier cycle en sciences sociales, en commerce, en statistiques ou dans un domaine connexe est habituellement exigé."
12200.00,Un diplôme d'études secondaires est exigé.
12200.00,"Un diplôme d'études collégiales en comptabilité, en tenue de livre ou dans un domaine connexe oudeux ans (premier niveau) d'un programme reconnu en comptabilité professionnelle (p. ex. comptable agréé, comptable général licencié) oudes cours de comptabilité ou de tenue de livres et plusieurs années d'expérience en tant que commis à la comptabilité ou commis des services financiers sont exigés."
12201.01,Un diplôme d'études secondaires est exigé.
12201.01,Un diplôme d'études universitaires ou collégiales ou des études postsecondaires ouplusieurs années d'expérience comme commis aux assurances dans un bureau de réclamations ou dans un bureau d'assurance sont exigés.
12201.01,"Plusieurs années de formation en cours d'emploi et une formation spécialisée, en milieu industriel de l'assurance, et des programmes de formation sont exigés."
12201.01,Les experts en sinistres indépendants doivent obtenir un permis d'exercice provincial ou territorial.
12201.02,Un diplôme d'études secondaires est exigé.
12201.02,Un diplôme d'études universitaires ou collégiales ou des études postsecondaires ouplusieurs années d'expérience comme commis aux assurances dans un bureau de réclamations ou dans un bureau d'assurance sont exigés.
12201.02,"Plusieurs années de formation en cours d'emploi et une formation spécialisée, en milieu industriel de l'assurance, et des programmes de formation sont exigés."
12202.00,Un diplôme d'études secondaires et une certaine expérience générale de l'assurance ouun diplôme d'études universitaires ou collégiales ou quelques années d'études postsecondaires sont exigés.
12202.00,Plusieurs années de formation en cours d'emploi et une formation spécialisée en milieu industriel de l'assurance et des programmes de formation sont exigées.
12203.01,Un diplôme d'études collégiales en évaluation municipale etune accréditation par l'association d'évaluation municipale de la province sont exigés des estimateurs.
12203.02,"Un baccalauréat ou un diplôme d'études collégiales en comptabilité, en administration des affaires ou en commerce etune accréditation par l'Institut canadien des experts en évaluation d'entreprises, après avoir terminé avec succès leur programme d'appréciation des affaires et des fonds d'État, sont habituellement exigés des experts en évaluation d'entreprises."
12203.03,Un diplôme d'études collégiales ou une formation professionnelle en évaluation ouplusieurs années d'expérience dans un poste connexe à l'évaluation sont habituellement exigés des évaluateurs.
12203.03,"Au Québec, l'appartenance à l'Ordre des évaluateurs agréés du Québec (OEAQ) est obligatoire pour utiliser le titre d'évaluateur agréé/évaluatrice agréée."
12203.03,"Plusieurs années d'expérience en tant qu'agent immobilier, agent des droits de passage ou administrateur d'immeubles sont habituellement exigées des évaluateurs immobiliers, qui peuvent aussi devoir être agréés comme évaluateurs résidentiels au Canada."
12203.03,"Une accréditation par l'Institut canadien des évaluateurs est exigée des évaluateurs d'immeubles résidentiels, de fonds de commerce ou de propriétés industrielles."
13100.00,Un diplôme d'études secondaires est exigé.
13100.00,Un diplôme d'études universitaires ou collégiales en administration des affaires ou en administration publique peut être exigé.
13100.00,De l'expérience dans un poste de bureau de niveau supérieur ou en tant que secrétaire de direction reliée à l'administration d'un bureau est habituellement exigée.
13100.00,Certains employeurs peuvent exiger une accréditation en gestion de projets.
13101.00,Un diplôme d'études secondaires est exigé sauf en Colombie-Britannique.
13101.00,"En Colombie-Britannique, l'index des aptitudes linguistiques est requis."
13101.00,Les agents de gestion immobilière doivent être âgés d'au moins dix-neuf ans en Colombie-Britannique.
13101.00,"Une formation ou un programme professionnel en gestion des biens immeubles, ou à la gestion strata ou en immobilier peut être exigé."
13101.00,"Plusieurs années d'expérience administrative en tant que commis à la gestion des immeubles, ou commis aux contrats ou agent d'administration sont habituellement exigées."
13101.00,"En Colombie-Britannique, les gestionnaires en immobilier strata doivent obtenir un permis."
13102.00,Un diplôme d'études secondaires est habituellement exigé.
13102.00,"Un diplôme d'études collégiales ou d'autres cours en comptabilité, en tenue de livres ou en administration de la paye oude l'expérience en administration de la paye sont habituellement exigés."
13102.00,L'accréditation par une association de gestion de la paye peut être exigée.
13102.00,De l'expérience dans l'utilisation de système ou de logiciel de paye peut être exigée.
13110.00,Un diplôme d'études secondaires est habituellement exigé.
13110.00,Un programme collégial d'un ou de deux ans en techniques de bureau oude l'expérience dans le travail de bureau est exigé.
13111.00,Un diplôme d'études secondaires est habituellement exigé.
13111.00,Un programme collégial d'un an ou de deux ans ou une formation scolaire spécialisée en techniques de bureau ou en secrétariat juridique est habituellement exigé.
13112.00,Un diplôme d'études secondaires est habituellement exigé.
13112.00,Un programme collégial d'un ou de deux ans ou une formation spécialisée en secrétariat ou en secrétariat médical est habituellement exigé.
13200.01,"Un diplôme d'études secondaires et quelques années d'études postsecondaires, en commerce ou dans une discipline connexe, sont exigées."
13200.01,Les courtiers en douanes doivent poursuivre plusieurs années de formation en cours d'emploi et compléter un cours de courtiers en douanes donné par l'International Federation of Customs Brokers Association.
13200.01,"Un permis de courtier en douanes, émis par l'Agence des services frontaliers du Canada, est exigé des particuliers et des entreprises qui opèrent dans le courtage en douanes."
13200.02,"Un diplôme d'études secondaires et quelques années d'études postsecondaires, en commerce ou dans une discipline connexe, sont exigées."
13200.02,"Les courtiers maritimes qui vendent de l'espace sur les cargos doivent habituellement avoir plusieurs années de formation en cours d'emploi ou une expérience connexe, par exemple à l'établissement des horaires au sein d'une entreprise d'expédition. Les courtiers maritimes qui vendent des embarcations doivent habituellement avoir une expérience et une connaissance approfondies de divers types d'embarcations."
13200.02,Des cours par correspondance sont offerts aux courtiers maritimes par l'Institute of Chartered Ship Brokers.
13201.01,"Un diplôme d'études postsecondaire de moins de deux ans en gestion des affaires ou de la chaîne d'approvisionnement ou une vaste expérience en tant que répartiteur, commis de production ou commis à l'ordonnancement est généralement exigé."
13201.02,"Un diplôme d'études postsecondaire de moins de deux ans en gestion des affaires ou de la chaîne d'approvisionnement ou une vaste expérience en tant que répartiteur, commis de production ou commis à l'ordonnancement est généralement exigé."
14100.01,Un diplôme d'études secondaires est habituellement exigé.
14100.02,Une formation au niveau secondaire ou collégial en études commerciales est habituellement exigée.
14101.01,Un diplôme d'études secondaires est habituellement exigé.
14101.01,Une formation en cours d'emploi peut être fournie.
14101.02,Un diplôme d'études secondaires est habituellement exigé.
14101.02,Une formation en cours d'emploi peut être fournie.
14101.03,Un diplôme d'études secondaires est habituellement exigé.
14101.03,Une formation en cours d'emploi peut être fournie.
14101.04,Un diplôme d'études secondaires est habituellement exigé.
14101.04,Une formation en cours d'emploi peut être fournie.
14102.00,Un diplôme d'études secondaires est habituellement exigé.
14102.00,Un diplôme d'études collégiales ou d'autres cours en administration du personnel peuvent être exigés.
14102.00,Une certaine expérience du travail de bureau peut être exigée.
14103.00,Un diplôme d'études secondaires est exigé.
14103.00,"Une formation en cours d'emploi est offerte aux officiers de justice, commis des services judiciaires, et officiers de liaison du palais de justice."
14103.00,Une formation de programme des gendarmes spéciaux peut être requise aux officiers de justice et officiers de liaison du palais de justice.
14103.00,Un diplôme postsecondaire d’un ou deux ans peut être requis pour les commis des services judiciaires et les officiers de justice.
14103.00,"Un diplôme postsecondaire d’un ou deux ans, ou un diplôme universitaire en droit, en administration des affaires, en administration judiciaires ou dans un domaine connexe, est parfois requis pour les administrateurs de tribunaux."
14103.00,Une expérience comme commis des services judiciaires peut être requis pour les administrateurs de tribunaux.
14103.00,"Une expérience des services administratifs, de l’administration, de la gestion, et des services personnels, peuvent être exigée des administrateurs de tribunaux."
14110.01,Un diplôme d'études secondaires peut être exigé.
14110.01,De l'expérience dans l'utilisation d'un ordinateur peut être exigée.
14110.01,Un permis de conduire est parfois exigé.
14110.02,Un diplôme d'études secondaires peut être exigé.
14110.02,Une formation en cours d'emploi est habituellement offerte.
14111.00,Un diplôme d'études secondaires peut être exigé.
14111.00,Des cours de niveau collégial ou autres cours en saisie de données peuvent être exigés.
14112.01,Un diplôme d'études secondaires est exigé.
14112.01,"Un diplôme d'études collégiales en arts graphiques, ou une formation en typographie, en composition par ordinateur ou en éditique est habituellement exigé."
14112.02,Un diplôme d'études secondaires est exigé.
14112.02,"Un diplôme d'études collégiales en arts graphiques, ou une formation en typographie, en composition par ordinateur ou en éditique est habituellement exigé."
14200.00,Un diplôme d'études secondaires est habituellement exigé.
14200.00,"Un diplôme d'études collégiales ou d'autres cours offerts par l'Association des comptables généraux accrédités du Canada, l'Institut canadien des valeurs mobilières ou la Canadian Bookkeepers Association peuvent être exigés."
14200.00,Certains commis à la comptabilité doivent être cautionnables.
14201.01,Un diplôme d'études secondaires est exigé.
14201.01,Un diplôme d'études collégiales en administration des affaires peut être exigé.
14201.01,Une formation en cours d'emploi et des cours ou des programmes à court terme propres à l'établissement financier sont habituellement exigés.
14201.02,Un diplôme d'études secondaires est exigé.
14201.02,Un diplôme d'études collégiales en administration des affaires peut être exigé.
14201.02,Une formation en cours d'emploi et des cours ou des programmes à court terme propres à l'établissement financier sont habituellement exigés.
14201.03,Un diplôme d'études secondaires est exigé.
14201.03,Un diplôme d'études collégiales en administration des affaires peut être exigé.
14201.03,Une formation en cours d'emploi et des cours ou des programmes à court terme propres à l'établissement financier sont habituellement exigés.
14202.00,Un diplôme d'études secondaires est exigé.
14202.00,Un diplôme d'études collégiales en administration des affaires peut être exigé.
14202.00,Une formation en cours d'emploi est souvent offerte aux commis et aux agents de recouvrement.
14202.00,Un permis d'agent de recouvrement délivré par la province ou le territoire d'emploi est habituellement exigé.
14300.00,Un diplôme d'études secondaires est habituellement exigé.
14301.01,Un diplôme d'études secondaires est exigé.
14301.01,"Des cours supplémentaires ou un diplôme en rédaction, en journalisme ou dans un domaine connexe peuvent être exigés."
14301.01,De l'expérience du travail administratif ou de bureau peut être exigée.
14301.02,Un diplôme d'études secondaires est exigé.
14301.02,"Des cours supplémentaires ou un diplôme en rédaction, en journalisme ou dans un domaine connexe peuvent être exigés."
14301.02,De l'expérience du travail administratif ou de bureau peut être exigée.
14301.03,Un diplôme d'études secondaires est exigé.
14301.03,"Des cours supplémentaires ou un diplôme en rédaction, en journalisme ou dans un domaine connexe peuvent être exigés."
14301.04,Un diplôme d'études secondaires est exigé.
14301.04,"Des cours supplémentaires ou un diplôme en rédaction, en journalisme ou dans un domaine connexe peuvent être exigés."
14301.05,Un diplôme d'études secondaires est exigé.
14301.05,De l'expérience du travail administratif ou de bureau peut être exigée.
14400.00,Un diplôme d'études secondaires est habituellement exigé.
14400.00,De l'expérience dans un travail de bureau ou d'entrepôt connexe peut être exigée.
14400.00,Un certificat de conducteur de chariot élévateur à fourches peut être exigé.
14400.00,Un permis de conduire peut être exigé.
14401.00,Un diplôme d'études secondaires est habituellement exigé.
14401.00,Un programme d'apprentissage de trois ans ouune formation scolaire spécialisée au secondaire et un programme d'études collégiales d'un an peuvent être exigés des commis aux pièces.
14401.00,"Le certificat de qualification de préposé aux pièces est offert, bien que facultatif, dans toutes les provinces et tous les territoires."
14401.00,De l'expérience dans un travail de bureau ou d'entrepôt connexe peut être exigée des commis aux pièces.
14401.00,Les préposés aux pièces qualifiés peuvent obtenir la mention Sceau rouge après la réussite de l'examen interprovincial Sceau rouge.
14402.00,Un diplôme d'études secondaires est habituellement exigé.
14403.01,Un diplôme d'études secondaires est habituellement exigé.
14403.01,Des cours en gestion des achats peuvent être exigés des commis aux achats.
14403.02,Un diplôme d'études secondaires est habituellement exigé.
14403.02,"Des cours en production et en gestion d'inventaire, et l'aptitude à faire fonctionner un système informatisé, peuvent être exigés des commis au contrôle de l'inventaire."
14404.00,Un diplôme d'études secondaires est exigé.
14404.00,Un permis provincial d'opérateur radio est habituellement exigé des répartiteurs des services de police et des services d'urgence et des autres opérateurs radio.
14404.00,"Une formation en cours d'emploi, selon un programme officiel, est exigée des répartiteurs des services de police et des services d'urgence. Les autres répartiteurs bénéficient habituellement d'une formation informelle en cours d'emploi."
14405.00,Un diplôme d'études secondaires est exigé.
14405.00,Plusieurs années d'expérience dans un secteur de transport visé sont habituellement exigées.
14405.00,Une formation en cours d'emploi peut être fournie.
20010.00,Un baccalauréat en génie est habituellement exigé.
20010.00,"Une vaste expérience dans le domaine du génie, y compris de l'expérience de supervision, est exigée."
20010.00,"L'appartenance à une association provinciale ou territoriale d'ingénieurs professionnels, en tant qu'ingénieur professionnel est habituellement exigée."
20011.01,Un diplôme d'études universitaires en architecture et l'appartenance à une association d'architectes ainsi que plusieurs années d'expérience en architecture sont exigés des directeurs de services d'architecture.
20011.01,Un diplôme d'études universitaires en architecture paysagiste et un permis d'architecte paysagiste ainsi que plusieurs années d'expérience comme architecte paysagiste sont exigés des directeurs d'architecture paysagiste.
20011.02,Une maîtrise ou un doctorat dans une discipline scientifique et plusieurs années d'expérience dans une discipline scientifique connexe sont exigés des directeurs de services de sciences et des autres directeurs de ce groupe.
20012.00,"Un baccalauréat ou une maîtrise en informatique, en administration, en commerce ou en génie est habituellement exigé."
20012.00,"Plusieurs années d'expérience en analyse de systèmes, en administration de données, en génie logiciel, en conception de réseaux ou en programmation, y compris une expérience en supervision, sont exigées."
21100.01,"Une maîtrise ou un doctorat dans un domaine de la physique, du génie physique ou dans une discipline connexe est habituellement exigé des physiciens."
21100.02,Une maîtrise ou un doctorat en astronomie ou dans une discipline connexe est habituellement exigé des astronomes.
21101.00,"Un baccalauréat en chimie, en biochimie ou dans une discipline connexe est exigé."
21101.00,Une maîtrise ou un doctorat est habituellement exigé pour obtenir un emploi de chercheur en chimie.
21101.00,"Un permis d'exercice émis par une association provinciale de chimistes est exigé au Québec et est offert, bien que facultatif, en Nouvelle-Écosse, en Ontario, en Saskatchewan, en Alberta et en Colombie-Britannique."
21102.01,"Un diplôme d'études universitaires en géologie, en géochimie ou dans un domaine connexe est exigé des géoscientifiques."
21102.01,"Une maîtrise ou un doctorat en géophysique, en physique, en mathématiques ou en génie peut être exigé afin d'obtenir un emploi de géophysicien."
21102.01,"L'affiliation à une association provinciale ou territoriale d'ingénieurs professionnels, de géologues, de géophysiciens et de géoscientifiques est habituellement exigée pour l'emploi et est obligatoire pour la pratique dans toutes les provinces et tous les territoires sauf à l'Île-du-Prince-Édouard et au Yukon."
21102.01,"Les géologues et les géophysiciens peuvent se joindre à une association après avoir obtenu un diplôme reconnu, avoir effectué plusieurs années de travail supervisé et, dans certaines provinces, avoir réussi un examen de compétence."
21102.02,"Un diplôme universitaire en sciences, en mathématiques, en statistique ou en ingénierie et un diplôme d'études supérieures sont exigés des océanographes."
21103.00,"Un baccalauréat ou une maîtrise en sciences en météorologie, en sciences de l'atmosphère ou dans un domaine connexe est exigé."
21103.00,Un doctorat est habituellement exigé pour accéder à un poste de chercheur en météorologie.
21103.00,Une formation donnée par Environnement Canada est offerte aux météorologues opérationnels travaillant au service du gouvernement fédéral.
21103.00,"L'adhésion à la Société canadienne de météorologie et d'océanographie est offerte, bien que facultative, pour les météorologistes qualifiés."
21109.01,"Un baccalauréat en métallurgie, en physique, en chimie ou dans une discipline connexe des sciences physiques est exigé."
21109.02,Une maîtrise ou un doctorat est habituellement exigé des chercheurs scientifiques.
21109.03,Une maîtrise ou un doctorat est habituellement exigé des chercheurs scientifiques.
21109.04,"Des diplômes d'études supérieures dans une vaste gamme de domaines des sciences appliquées, telles que l'ingénierie et la médecineoudes permis peuvent être exigés de certains professionnels dans ce groupe de base."
21110.01,Un baccalauréat en biologie ou dans une discipline connexe est exigé des biologistes.
21110.01,Une maîtrise ou un doctorat en biologie ou dans une discipline connexe est exigé des chercheurs scientifiques en biologie.
21110.01,L'expérience en recherche postdoctorale est habituellement exigée avant d'obtenir un emploi dans des départements universitaires ou des établissements de recherche.
21110.01,Les biologistes sont réglementés en Alberta et en Colombie-Britannique.
21110.02,Un baccalauréat en biologie ou dans une discipline connexe est exigé des biologistes.
21110.02,Une maîtrise ou un doctorat en biologie ou dans une discipline connexe est exigé des chercheurs scientifiques en biologie.
21110.02,L'expérience en recherche postdoctorale est habituellement exigée avant d'obtenir un emploi dans des départements universitaires ou des établissements de recherche.
21110.02,Les biologistes sont réglementés en Alberta et en Colombie-Britannique.
21111.00,Un baccalauréat en sciences forestières ou en génie forestier est exigé.
21111.00,L'appartenance à un organisme de réglementation est exigée dans toutes les provinces sauf à l'Île-du-Prince-Édouard et au Manitoba.
21111.00,Une expérience de travail pratique de deux ans sous supervision et la réussite d'examens professionnels sont habituellement exigées avant l'inscription.
21112.00,Un baccalauréat ou une maîtrise en agriculture ou dans un domaine scientifique connexe est exigé.
21112.00,L'adhésion ou l'admissibilité à l'adhésion à un institut provincial d'agrologie est habituellement exigée.
21112.00,"Au Québec, l'appartenance à l'Ordre professionnel des agronomes est obligatoire."
21120.00,"Un baccalauréat dans une discipline telle que science alimentaire, études environnementales, chimie ou santé et sécurité est habituellement exigé."
21120.00,"Une certification d'inspecteur des services de la santé publique, décernée par l'Association canadienne de la santé publique, est exigée des inspecteurs des services de la santé publique qui travaillent à l'extérieur du Québec."
21120.00,"Une certification en santé et sécurité environnementale, décernée par le Conseil canadien des professionnels en sécurité agréés (CCPSA), est exigée des professionnels en santé et sécurité environnementale."
21200.00,Un baccalauréat d'une école d'architecture reconnue oula réalisation d'un programme d'études de l'Institut royal d'architecture du Canada (IRAC) est exigé.
21200.00,Un diplôme de deuxième cycle en architecture peut être exigé.
21200.00,Un stage de formation de trois ans sous la supervision d'un architecte inscrit est exigé.
21200.00,La réussite de l'examen d'admission pour les architectes est exigée.
21200.00,L'appartenance à un organisme de réglementation provincial est exigée dans toutes les provinces et les Territoires du Nord-Ouest.
21200.00,La certification Leadership in Energy and Environmental Design (LEED) est offerte par le Conseil du bâtiment durable du Canada et peut être exigé par certains employeurs.
21201.00,Un baccalauréat en architecture paysagiste est exigé.
21201.00,Une maîtrise en architecture paysagiste peut être exigée.
21201.00,"L'appartenance à un organisme de réglementation est exigée en Ontario, en Alberta et en Colombie-Britannique."
21201.00,Deux ans d'expérience en conception de paysages et une entrevue avec l'association provinciale ayant autorité sont habituellement exigés des architectes paysagistes dans les autres provinces et territoires pour l'obtention de l'accréditation.
21201.00,La certification Leadership in Energy and Environmental Design (LEED) est offerte par le Conseil du bâtiment durable du Canada et peut être exigé par certains employeurs.
21202.00,"Un baccalauréat en urbanisme, en géographie, en architecture, en génie ou dans une discipline connexe est exigé."
21202.00,"Une maîtrise en planification urbaine et régionale, en design et en planification de l'environnement, en architecture, en génie ou dans une discipline connexe peut être exigée."
21202.00,L'adhésion à l'Institut canadien des urbanistes est habituellement exigée.
21202.00,"Les urbanistes et planificateurs de l'utilisation des sols sont réglementés en Nouvelle-Écosse, au Nouveau-Brunswick, au Québec, en Alberta, dans les Territoires du Nord-Ouest et au Nunavut, et l'appartenance à un institut de planification provincial peut être exigée dans les autres provinces."
21202.00,La certification Leadership in Energy and Environmental Design (LEED) est offerte par le Conseil du bâtiment durable du Canada et peut être exigée par certains employeurs.
21203.00,Un baccalauréat en génie de l'arpentage ou en génie géomatique est habituellement exigé.
21203.00,Un diplôme d'études collégiales en science des levés ou en géomatique complété par des crédits scolaires et la réussite d'un examen d'équivalences régi par une commission régionale d'examinateurs est exigé.
21203.00,Un stage pratique d'un à trois ans est exigé.
21203.00,La réussite d'un examen d'arpenteur-géomètre est exigée.
21203.00,Un permis fédéral ou provincial est exigé pour exercer en tant qu'arpenteur-géomètre.
21210.01,Un diplôme d'études supérieures en mathématiques ou en statistiques est habituellement exigé des mathématiciens et des statisticiens.
21210.02,Un diplôme d'études supérieures en mathématiques ou en statistiques est habituellement exigé des mathématiciens et des statisticiens.
21210.03,"Des études postsecondaires en actuariat, en mathématiques, en statistique, en économie, en commerce ou en administration des affaires sont habituellement exigées des actuaires."
21210.03,Les actuaires sont reconnus par l'Institut canadien des actuaires lorsqu'ils réussissent les examens professionnels etqu'ils cumulent trois ans d'expérience dans le domaine de l'actuariat comme actuaire adjoint ou dans un poste connexe.
21211.00,"Un diplôme de premier cycle en statistiques, mathématiques, informatique,  génie des systèmes informatiques ou une discipline connexe ou un diplôme d'études collégiales en informatique est habituellement exigé."
21211.00,"Une maîtrise ou un doctorat en apprentissage automatique, en science des données ou dans un domaine quantitatif connexe peut être exigé."
21211.00,Une expérience en programmation est habituellement  exigée.
21211.00,Une expérience en modélisation statistique ou en apprentissage machine est généralement exigée.
21220.00,"Un baccalauréat en informatique, en sécurité informatique, en génie des systèmes informatiques, en systèmes d'information ou un diplôme d'études collégiales en technologie de l'information, en administration des réseaux ou dans un autre programme lié à l'informatique est habituellement exigé."
21220.00,Une certification ou une formation donnée par un vendeur de logiciels peut être exigée par certains employeurs.
21221.00,"Un baccalauréat en informatique, en administration des affaires, en systèmes d'information, en technologie de l'information ou un diplôme d'études collégiales ou dans un autre programme lié à l'informatique est habituellement exigé."
21221.00,Une certification ou une formation donnée par un vendeur de logiciels peut être exigée par certains employeurs.
21222.00,"Un diplôme de premier cycle en informatique, en génie informatique, en génie logiciel, en administration des affaires ou dans une discipline connexe ouun diplôme d'études collégiales en informatique est habituellement exigé."
21222.00,Une expérience en programmation informatique est habituellement exigée.
21222.00,"Une certification professionnelle telle que le Certified Information Systems Auditor (CISA), Certified Internal Auditor (CIA) ou tout autre désignation en technologie de l’information (TI) peut être exigée par certains employeurs."
21223.01,"Un diplôme de premier cycle ou un diplôme d'études collégiales, en informatique, en génie informatique  ou en mathématiques est habituellement exigé."
21223.01,Une expérience en programmation informatique et dans un domaine connexe est habituellement exigée.
21223.02,"Un diplôme de premier cycle ou un diplôme d'études collégiales, en informatique, en génie informatique  ou en mathématiques est habituellement exigé."
21223.02,Une expérience en programmation informatique et dans un domaine connexe est habituellement exigée.
21230.00,"Un diplôme de premier cycle ou un diplôme d'études collégiales en informatique, génie informatique ou dans une autre discipline comportant une formation pertinente en programmation est habituellement exigé."
21230.00,Une spécialisation en programmation d'applications scientifiques et en ingénierie nécessite des études postsecondaires ou une expérience spécifique.
21231.00,"Un diplôme de premier cycle en informatique, en génie des systèmes informatiques, en génie logiciel ou en mathématiques ouun diplôme d'études collégiales en informatique est habituellement exigé."
21231.00,Un diplôme de deuxième ou de troisième cycle dans une discipline connexe peut être exigé.
21231.00,Un permis d'exercice accordé par une association provinciale ou territoriale d'ingénieurs est exigé des ingénieurs pour avaliser les dessins industriels et les rapports et pour exercer la profession.
21231.00,"Les ingénieurs diplômés sont admissibles à l'enregistrement comme suite à un programme éducatif accrédité, une expérience de travail supervisé de trois ou quatre ans en génie et la réussite d'un examen d'exercice professionnel."
21231.00,Une expérience en programmation informatique est habituellement exigée.
21232.00,"Un diplôme de premier cycle en informatique, en génie logiciel ou dans une autre discipline comportant une formation pertinente en programmation ou un diplôme d'études collégiales en informatique est habituellement exigé."
21232.00,Une expérience en programmation informatique est habituellement exigée.
21233.00,"Un diplôme de premier cycle, habituellement en informatique ou en design graphique ou un diplôme d'études collégiales en informatique en arts graphiques, ou en création de sites Web est exigé."
21233.00,Une expérience en tant que  designer graphique est habituellement exigée.
21234.00,"Un diplôme de premier cycle, habituellement en informatique, programmation informatique, développement Web ou génie logiciel ou un diplôme d'études collégiales en informatique est exigé"
21234.00,Une expérience en tant que programmeur  est habituellement exigée.
21300.00,Un baccalauréat en génie civil ou dans une discipline connexe du génie est exigé.
21300.00,Un doctorat ou une maîtrise dans une discipline connexe du génie peut être exigé.
21300.00,L'appartenance à une association provinciale ou territoriale d'ingénieurs professionnels est exigée pour approuver des dessins et des rapports techniques et pour exercer la profession à titre d'ingénieur (Ing.).
21300.00,"L'affiliation à une association professionnelle est possible après l'obtention d'un diplôme dans un programme d'enseignement agréé, une expérience de travail de trois ou quatre ans sous supervision en génie et la réussite d'un examen sur l'exercice de la profession."
21300.00,La certification Leadership in Energy and Environmental Design (LEED) est offerte par le Conseil du bâtiment durable du Canada et peut être exigé par certains employeurs.
21301.00,Un baccalauréat en génie mécanique ou dans une discipline connexe du génie est exigé.
21301.00,Un doctorat ou une maîtrise dans une discipline connexe du génie peut être exigé.
21301.00,L'appartenance à une association provinciale ou territoriale d'ingénieurs professionnels est exigée pour approuver des dessins et des rapports techniques et pour exercer la profession à titre d'ingénieur (Ing.).
21301.00,"L'affiliation à une association professionnelle est possible après l'obtention d'un diplôme dans un programme d'enseignement agréé, une expérience de travail sous supervision de trois ou quatre ans en génie et la réussite d'un examen sur l'exercice de la profession."
21310.00,Un baccalauréat en génie électrique ou électronique ou dans une discipline connexe du génie est exigé.
21310.00,Une maîtrise ou un doctorat dans une discipline connexe du génie peut être exigé.
21310.00,Un permis d'exercice émis par une association provinciale ou territoriale d'ingénieurs professionnels est exigé pour pouvoir approuver des dessins et des rapports techniques et pour exercer la profession à titre d'ingénieur (Ing.).
21310.00,"L'affiliation à une association professionnelle est possible après l'obtention d'un diplôme dans un programme d'enseignement agréé, une expérience de travail sous supervision de trois ou quatre ans en génie et la réussite d'un examen sur l'exercice de la profession."
21310.00,La certification Leadership in Energy and Environmental Design (LEED) est offerte par le Conseil du bâtiment durable du Canada et peut être exigée par certains employeurs.
21311.01,"Un baccalauréat en génie informatique, électrique ou électronique ou en génie physique est exigé des ingénieurs informaticiens."
21311.01,Une maîtrise ou un doctorat dans une discipline du génie connexe peut être exigé.
21311.01,Un permis d'exercice émis par une association provinciale ou territoriale d'ingénieurs est exigé pour approuver des dessins et des rapports techniques et exercer la profession à titre d'ingénieur (Ing.).
21311.01,"L'affiliation à une association professionnelle est possible après l'obtention d'un diplôme dans un programme d'enseignement agréé, une expérience de travail de trois ou quatre ans sous supervision en génie et la réussite d'un examen sur l'exercice de la profession."
21311.02,Une maîtrise ou un doctorat dans une discipline du génie connexe peut être exigé.
21311.02,Un permis d'exercice émis par une association provinciale ou territoriale d'ingénieurs est exigé pour approuver des dessins et des rapports techniques et exercer la profession à titre d'ingénieur (Ing.).
21311.02,"L'affiliation à une association professionnelle est possible après l'obtention d'un diplôme dans un programme d'enseignement agréé, une expérience de travail de trois ou quatre ans sous supervision en génie et la réussite d'un examen sur l'exercice de la profession."
21320.00,Un baccalauréat en génie chimique ou dans une discipline connexe du génie est exigé.
21320.00,Un doctorat ou une maîtrise dans une discipline connexe du génie peut être exigé.
21320.00,L'appartenance à une association provinciale ou territoriale d'ingénieurs professionnels est exigée pour approuver des dessins et des rapports techniques et pour exercer la profession à titre d'ingénieur (Ing.).
21320.00,"L'affiliation à une association professionnelle est possible après l'obtention d'un diplôme dans un programme d'enseignement agréé, une expérience de travail de trois ou quatre ans sous supervision en génie et la réussite d'un examen sur l'exercice de la profession."
21321.00,Un baccalauréat en génie industriel ou dans une discipline connexe du génie est exigé.
21321.00,Un doctorat ou une maîtrise dans une discipline connexe du génie peut être exigé.
21321.00,L'appartenance à une association provinciale ou territoriale d'ingénieurs professionnels est exigée pour approuver des dessins et des rapports techniques et pour exercer la profession à titre d'ingénieur (Ing.).
21321.00,"L'affiliation à une association professionnelle est possible après l'obtention d'un diplôme dans un programme d'enseignement agréé, une expérience de travail de trois ou quatre ans sous supervision en génie et la réussite d'un examen sur l'exercice de la profession."
21322.00,"Un baccalauréat en génie métallurgique, chimique, des matériaux ou des produits céramiques ou dans une discipline connexe du génie est exigé."
21322.00,Un doctorat ou une maîtrise dans une discipline connexe du génie peut être exigé.
21322.00,L'appartenance à une association provinciale ou territoriale d'ingénieurs professionnels est exigée pour approuver des dessins et des rapports techniques et pour exercer la profession à titre d'ingénieur (Ing.).
21322.00,"L'affiliation à une association professionnelle est possible après l'obtention d'un diplôme dans un programme d'enseignement agréé, une expérience de travail de trois ou quatre ans sous supervision en génie et la réussite d'un examen sur l'exercice de la profession."
21330.00,Un baccalauréat en génie minier ou dans une discipline connexe du génie est exigé.
21330.00,Un doctorat ou une maîtrise dans une discipline connexe du génie peut être exigé.
21330.00,L'appartenance à une association provinciale ou territoriale d'ingénieurs professionnels est exigée pour approuver des dessins et des rapports techniques et pour exercer la profession à titre d'ingénieur (Ing.).
21330.00,"L'affiliation à une association professionnelle est possible après l'obtention d'un diplôme dans un programme d'enseignement agréé, une expérience de travail de trois ou quatre ans sous supervision en génie et la réussite d'un examen sur l'exercice de la profession."
21331.00,Un baccalauréat en génie géologique ou dans une discipline connexe du génie est exigé.
21331.00,Un doctorat ou une maîtrise dans une discipline connexe du génie peut être exigé.
21331.00,L'appartenance à une association provinciale ou territoriale d'ingénieurs professionnels est exigée pour approuver des dessins et des rapports techniques et pour exercer la profession à titre d'ingénieur (Ing.).
21331.00,"L'affiliation à une association professionnelle est possible après l'obtention d'un diplôme dans un programme d'enseignement agréé, une expérience de travail de trois ou quatre ans sous supervision en génie et la réussite d'un examen sur l'exercice de la profession."
21332.00,Un baccalauréat en génie de l'extraction et du raffinage du pétrole ou dans une discipline connexe du génie est exigé.
21332.00,Un doctorat ou une maîtrise dans une discipline connexe du génie peut être exigé.
21332.00,L'appartenance à une association provinciale ou territoriale d'ingénieurs professionnels est exigée pour approuver des dessins et des rapports techniques et pour exercer la profession à titre d'ingénieur (Ing.).
21332.00,"L'affiliation à une association professionnelle est possible après l'obtention d'un diplôme dans un programme d'enseignement agréé, une expérience de travail de trois ou quatre ans sous supervision en génie et la réussite d'un examen sur l'exercice de la profession."
21390.00,"Un baccalauréat en aérospatiale ou dans une discipline connexe du génie, telle que le génie mécanique ou le génie physique, est exigé."
21390.00,Un doctorat ou une maîtrise dans une discipline connexe du génie peut être exigé.
21390.00,L'appartenance à une association provinciale ou territoriale d'ingénieurs professionnels est exigée pour approuver des dessins et des rapports techniques et pour exercer la profession à titre d'ingénieur (Ing.).
21390.00,"L'affiliation à une association professionnelle est possible après l'obtention d'un diplôme dans un programme d'enseignement agréé, une expérience de travail sous supervision de trois ou quatre ans en génie et la réussite d'un examen sur l'exercice de la profession."
21399.01,Un baccalauréat dans une discipline appropriée de génie est exigé.
21399.01,Un doctorat ou une maîtrise dans une discipline connexe du génie peut être exigé.
21399.01,L'appartenance à une association provinciale ou territoriale d'ingénieurs professionnels est exigée pour approuver des dessins et des rapports techniques et pour exercer la profession à titre d'ingénieur (Ing.).
21399.01,"L'affiliation à une association professionnelle est possible après l'obtention d'un diplôme dans un programme d'enseignement agréé, une expérience de travail de trois ou quatre ans sous supervision en génie et la réussite d'un examen sur l'exercice de la profession."
21399.02,Un baccalauréat dans une discipline appropriée de génie est exigé.
21399.02,Un doctorat ou une maîtrise dans une discipline connexe du génie peut être exigé.
21399.02,L'appartenance à une association provinciale ou territoriale d'ingénieurs professionnels est exigée pour approuver des dessins et des rapports techniques et pour exercer la profession à titre d'ingénieur (Ing.).
21399.02,"L'affiliation à une association professionnelle est possible après l'obtention d'un diplôme dans un programme d'enseignement agréé, une expérience de travail de trois ou quatre ans sous supervision en génie et la réussite d'un examen sur l'exercice de la profession."
21399.03,Un baccalauréat dans une discipline appropriée de génie est exigé.
21399.03,Un doctorat ou une maîtrise dans une discipline connexe du génie peut être exigé.
21399.03,L'appartenance à une association provinciale ou territoriale d'ingénieurs professionnels est exigée pour approuver des dessins et des rapports techniques et pour exercer la profession à titre d'ingénieur (Ing.).
21399.03,"L'affiliation à une association professionnelle est possible après l'obtention d'un diplôme dans un programme d'enseignement agréé, une expérience de travail de trois ou quatre ans sous supervision en génie et la réussite d'un examen sur l'exercice de la profession."
21399.04,Un baccalauréat dans une discipline appropriée de génie est exigé.
21399.04,Un doctorat ou une maîtrise dans une discipline connexe du génie peut être exigé.
21399.04,L'appartenance à une association provinciale ou territoriale d'ingénieurs professionnels est exigée pour approuver des dessins et des rapports techniques et pour exercer la profession à titre d'ingénieur (Ing.).
21399.04,"L'affiliation à une association professionnelle est possible après l'obtention d'un diplôme dans un programme d'enseignement agréé, une expérience de travail de trois ou quatre ans sous supervision en génie et la réussite d'un examen sur l'exercice de la profession."
21399.05,Un baccalauréat dans une discipline appropriée de génie est exigé.
21399.05,Un doctorat ou une maîtrise dans une discipline connexe du génie peut être exigé.
21399.05,L'appartenance à une association provinciale ou territoriale d'ingénieurs professionnels est exigée pour approuver des dessins et des rapports techniques et pour exercer la profession à titre d'ingénieur (Ing.).
21399.05,"L'affiliation à une association professionnelle est possible après l'obtention d'un diplôme dans un programme d'enseignement agréé, une expérience de travail de trois ou quatre ans sous supervision en génie et la réussite d'un examen sur l'exercice de la profession."
22100.01,"Un diplôme d'études collégiales de deux à trois ans en techniques chimiques ou biochimiques, en techniques de génie chimique ou dans une discipline connexe est habituellement exigé des technologues en chimie."
22100.01,Les technologues et techniciens en chimie peuvent obtenir une accréditation nationale de la Société canadienne de technologie chimique.
22100.01,L'accréditation en techniques de génie chimique ou dans un domaine connexe est offerte par les associations provinciales de technologues et techniciens en génie ou en sciences appliquées et peut être exigée par les employeurs.
22100.01,Les technologues et les techniciens en chimie sont réglementés au Québec et en Alberta.
22100.01,"Un stage pratique, habituellement de deux ans, est exigé avant l'accréditation."
22100.02,Un diplôme d'études collégiales de un à deux ans en techniques chimiques ou biochimiques ou en techniques de génie chimique est habituellement exigé des techniciens en chimie.
22100.02,Les technologues et les techniciens en chimie sont réglementés au Québec et en Alberta.
22100.02,"Un stage pratique, habituellement de deux ans, est exigé avant l'accréditation."
22101.01,"Un stage pratique, d'une durée habituelle de deux ans, est exigé avant l'accréditation."
22101.02,"Un diplôme d'études collégiales de deux à trois ans en technologie géologique, en pétrologie, en génie du pétrole, en technologie hydrogéologique ou des nappes phréatiques, en extraction minière, en génie minier, en minéralogie, en métallurgie ou en soudage est habituellement exigé des technologues en géologie et en minéralogie."
22101.02,Un diplôme d'études collégiales de deux à trois ans en électronique est habituellement exigé des technologues en géophysique.
22101.02,Un diplôme d'études collégiales de un à deux ans dans un domaine connexe est exigé des techniciens en géologie et en minéralogie.
22101.02,L'accréditation en géologie et en minéralogie ou dans un domaine connexe est octroyée par les associations provinciales ou de technologues et techniciens en génie ou en sciences appliquées et peut être exigée par les employeurs.
22101.02,"Au Québec, l'appartenance à l'Ordre des technologues professionnels du Québec est exigée pour utiliser le titre de technologue professionnel."
22110.01,"Un diplôme d'études collégiales de deux à trois ans dans un domaine relié à l'agriculture, à la biologie, à la microbiologie, à la faune ou à la gestion des ressources est habituellement exigé pour pouvoir travailler en tant que technologue en biologie."
22110.01,Une certification décernée par des associations provinciales est offerte bien que facultative.
22110.02,Un diplôme d'études collégiales de un à deux ans dans un domaine connexe est exigé pour pouvoir travailler en tant que technicien en biologie.
22110.02,Une certification décernée par des associations provinciales est offerte bien que facultative.
22111.01,Un diplôme d'études secondaires est exigé.
22111.01,"Un baccalauréat ou un diplôme d'études collégiales en agriculture, biologie, chimie, technologie de la transformation des aliments ou dans un domaine connexe est habituellement exigé des inspecteurs employés par le gouvernement."
22111.01,Un baccalauréat ou un diplôme d'études collégiales dans une discipline connexe est parfois exigé des inspecteurs (qui ne sont pas au service du gouvernement).
22111.01,Plusieurs années d'expérience en production agricole ou en transformation du poisson sont habituellement exigées.
22111.01,Une formation en cours d'emploi est exigée.
22111.02,Un diplôme d'études secondaires est exigé.
22111.02,"Un baccalauréat ou un diplôme d'études collégiales en agriculture, biologie, chimie, technologie de la transformation des aliments ou dans un domaine connexe est habituellement exigé des inspecteurs employés par le gouvernement."
22111.02,Un baccalauréat ou un diplôme d'études collégiales dans une discipline connexe est parfois exigé des inspecteurs (qui ne sont pas au service du gouvernement).
22111.02,Plusieurs années d'expérience en production agricole ou en transformation du poisson sont habituellement exigées.
22111.02,Une formation en cours d'emploi est exigée.
22111.03,Un diplôme d'études secondaires est exigé.
22111.03,"Un baccalauréat ou un diplôme d'études collégiales en agriculture, biologie, chimie, technologie de la transformation des aliments ou dans un domaine connexe est habituellement exigé des inspecteurs employés par le gouvernement."
22111.03,Un baccalauréat ou un diplôme d'études collégiales dans une discipline connexe est parfois exigé des inspecteurs (qui ne sont pas au service du gouvernement).
22111.03,Plusieurs années d'expérience en production agricole ou en transformation du poisson sont habituellement exigées.
22111.03,Une formation en cours d'emploi est exigée.
22111.04,Un diplôme d'études secondaires est exigé.
22111.04,"Un baccalauréat ou un diplôme d'études collégiales en agriculture, biologie, chimie, technologie de la transformation des aliments ou dans un domaine connexe est habituellement exigé des inspecteurs employés par le gouvernement."
22111.04,Un baccalauréat ou un diplôme d'études collégiales dans une discipline connexe est parfois exigé des inspecteurs (qui ne sont pas au service du gouvernement).
22111.04,Plusieurs années d'expérience en production agricole ou en transformation du poisson sont habituellement exigées.
22111.04,Une formation en cours d'emploi est exigée.
22111.05,Un diplôme d'études secondaires est exigé.
22111.05,"Un baccalauréat ou un diplôme d'études collégiales en agriculture, biologie, chimie, technologie de la transformation des aliments ou dans un domaine connexe est habituellement exigé des inspecteurs employés par le gouvernement."
22111.05,Un baccalauréat ou un diplôme d'études collégiales dans une discipline connexe est parfois exigé des inspecteurs (qui ne sont pas au service du gouvernement).
22111.05,Plusieurs années d'expérience en production agricole ou en transformation du poisson sont habituellement exigées.
22111.05,Une formation en cours d'emploi est exigée.
22112.00,"Un diplôme d'études collégiales de un à trois ans en technologie forestière, un programme sur les ressources renouvelables ou un programme de garde forestier est habituellement exigé."
22112.00,Un permis d'exercice d'un organisme de réglementation provincial en tant que technologue ou technicien forestier est exigé dans toutes les provinces sauf à l'Île-du-Prince-Édouard et au Manitoba.
22112.00,Un certificat ou un permis de mesureur est exigé pour certains postes.
22112.00,"Au Québec, l'appartenance à l'Ordre des technologues professionnels est exigée pour utiliser le titre de technologue professionnel."
22113.00,"Un diplôme d'études collégiales en gestion des ressources renouvelables, en conservation de l'environnement ou dans une discipline connexe est habituellement exigé."
22113.00,Une formation en cours d'emploi et des cours reliés à la mise en application de la loi et en gestion des ressources sont offerts.
22113.00,"Un permis de conduire de niveau 5, un permis d'application de pesticides et un permis de manutention d'explosifs peuvent être exigés."
22114.01,"Un programme d'apprentissage est offert aux horticulteurs, arboriculteurs et jardiniers-paysagistes."
22114.01,"Un permis provincial d'application d'engrais chimique, de fongicide, d'herbicide et de pesticide peut être exigé."
22114.02,"De l'expérience en tant que manoeuvre d'entretien paysager et d'entretien de terrains peut être exigée des responsables de l'entretien de terrains de golf, des jardiniers-paysagistes et des paysagistes."
22114.02,"Un permis provincial d'application d'engrais chimique, de fongicide, d'herbicide et de pesticide peut être exigé."
22114.03,"Un programme d'apprentissage est offert aux horticulteurs, arboriculteurs et jardiniers-paysagistes."
22114.03,Le certificat de qualification d'horticulteur-paysagiste est facultatif dans toutes les provinces.
22114.03,"Un permis provincial d'application d'engrais chimique, de fongicide, d'herbicide et de pesticide peut être exigé."
22114.03,Les horticulteurs-paysagistes qualifiés peuvent obtenir la mention Sceau rouge après la réussite de l'examen interprovincial Sceau rouge.
22114.03,"Un diplôme d'étude collégiale de deux ans à trois ans en agronomie, en arboriculture, en horticulture, en aménagement paysager, en conception de paysages ou en techniques d'aménagement paysager est habituellement exigé."
22114.04,"Un diplôme d'étude collégiale de deux ans à trois ans en agronomie, en arboriculture, en horticulture, en aménagement paysager, en conception de paysages ou en techniques d'aménagement paysager est habituellement exigé."
22114.04,"Au Québec, l'appartenance à l'organisme de réglementation est exigée pour utiliser le titre de technologue professionnel."
22114.05,"De l'expérience en tant que manoeuvre d'entretien paysager et d'entretien de terrains peut être exigée des responsables de l'entretien de terrains de golf, des jardiniers-paysagistes et des paysagistes."
22114.05,"Un programme d'apprentissage est offert aux horticulteurs, arboriculteurs et jardiniers-paysagistes."
22114.05,"Un permis provincial d'application d'engrais chimique, de fongicide, d'herbicide et de pesticide peut être exigé."
22114.06,"De l'expérience en tant que manoeuvre d'entretien paysager et d'entretien de terrains peut être exigée des responsables de l'entretien de terrains de golf, des jardiniers-paysagistes et des paysagistes."
22114.06,"Un permis provincial d'application d'engrais chimique, de fongicide, d'herbicide et de pesticide peut être exigé."
22114.07,"Un permis provincial d'application d'engrais chimique, de fongicide, d'herbicide et de pesticide peut être exigé."
22210.00,Un diplôme d'études collégiales de deux à trois ans en technologie architecturale ou dans un domaine connexe est habituellement exigé.
22210.00,"Un certificat en technologie architecturale ou dans un domaine connexe, octroyé par une association provinciale de technologues et techniciens en génie, en architecture ou des sciences appliquées peut être exigé par l'employeur."
22210.00,"Un stage pratique, d'une durée habituelle de deux ans, est exigé avant d'être certifié."
22210.00,L'appartenance à un organisme de réglementation provincial est obligatoire en Colombie-Britannique.
22210.00,"Au Québec, l'appartenance à l'Ordre des technologues professionnels du Québec est exigée pour utiliser le titre de technologue professionnel."
22211.00,"Un diplôme d'études universitaires en design industriel, en architecture, en génie ouun diplôme d'études collégiales en design industriel est exigé."
22211.00,Un dossier de présentation démontrant des aptitudes créatives est exigé.
22212.01,Un diplôme d'études secondaires est habituellement exigé.
22212.01,Un diplôme d'études collégiales de deux à trois ans en dessin d'ingénierie et en technique de dessin ou dans un domaine connexe est habituellement exigé des technologues en dessin.
22212.01,"Le certificat de qualification des dessinateurs est offert, bien que facultatif, en Ontario."
22212.01,"La certification en dessin d'ingénierie, en technique de dessin ou dans un domaine connexe offerte par des associations provinciales de technologues et de techniciens en génie et en sciences appliquées peut être exigée par les employeurs."
22212.01,"Une expérience de travail sous supervision, habituellement d'une durée de deux ans, est exigée avant la certification."
22212.02,Un diplôme d'études secondaires est habituellement exigé.
22212.02,Un programme d'études collégiales en dessin de un à deux ans ouun programme d'apprentissage en dessin de trois à quatre ans ouune expérience connexe de quatre à cinq ans ainsi que des cours en dessin de niveau collégial ou offerts par l'industrie sont habituellement exigés des techniciens en dessin.
22212.02,"Le certificat de qualification des dessinateurs est offert, bien que facultatif, en Ontario."
22212.02,"Une expérience de travail sous supervision, habituellement d'une durée de deux ans, est exigée avant la certification."
22213.01,Un diplôme d'études secondaires est habituellement exigé.
22213.01,Un diplôme d'études collégiales de deux à trois ans en géomatique ou en techniques d'arpentage est habituellement exigé des technologues en arpentage.
22213.01,Une accréditation d'une association provinciale de techniciens et technologues peut être exigée par certains employeurs.
22213.01,"Au Québec, l'appartenance à l'Ordre des technologues professionnels du Québec est exigée pour utiliser le titre de technologue professionnel."
22213.02,Un diplôme d'études secondaires est habituellement exigé.
22213.02,Un diplôme d'études collégiales de un à deux ans en géomatique ou en techniques d'arpentage est habituellement exigé des techniciens en arpentage.
22213.02,Une accréditation d'une association provinciale de techniciens et technologues peut être exigée par certains employeurs.
22214.01,Un diplôme d'études secondaires est exigé.
22214.01,"Au Québec, l'appartenance à l'Ordre des technologues professionnels du Québec est exigée pour utiliser le titre de technologue professionnel."
22214.02,Un diplôme d'études secondaires est exigé.
22214.02,"Au Québec, l'appartenance à l'Ordre des technologues professionnels du Québec est exigée pour utiliser le titre de technologue professionnel."
22214.03,Un diplôme d'études secondaires est exigé.
22214.03,"Au Québec, l'appartenance à l'Ordre des technologues professionnels du Québec est exigée pour utiliser le titre de technologue professionnel."
22214.04,Un diplôme d'études secondaires est exigé.
22214.04,"Un diplôme d'études collégiales en cartographie, en photogrammétrie, en levés aériens, en télédétection, en systèmes d'information géographique (SIG) ou en géomatique est exigé des technologues et techniciens en géomatique de ce groupe de base."
22214.04,"Au Québec, l'appartenance à l'Ordre des technologues professionnels du Québec est exigée pour utiliser le titre de technologue professionnel."
22214.05,Un diplôme d'études secondaires est exigé.
22214.05,"Au Québec, l'appartenance à l'Ordre des technologues professionnels du Québec est exigée pour utiliser le titre de technologue professionnel."
22214.05,La réussite d'un programme de technicien en météorologie dispensé par le Service météorologique du Canada est exigée des techniciens en météorologie.
22214.05,Une formation spécialisée supplémentaire est offerte aux techniciens en météorologie et peut être exigée par certains employeurs.
22220.01,Une certification ou une formation fournie par un vendeur de logiciels peut être exigée par certains employeurs.
22220.02,"Un diplôme d'études collégiales ou tout autre programme en informatique, en administration de réseaux, en technologie Web ou en un autre domaine lié, est habituellement exigé."
22220.02,Un permis d'exercice d'un organisme de réglementation est exigé en Saskatchewan.
22221.00,"Un diplôme d'études collégiales en informatique, en programmation informatique ou en administration de réseaux est habituellement exigé."
22221.00,Des cours collégiaux ou autres en programmation informatique ou en administration de réseaux sont habituellement exigés.
22221.00,Une certification ou une formation fournie par un vendeur de logiciels peut être exigée par certains employeurs.
22222.00,"Un diplôme d'études collégiales en informatique, en programmation informatique ou en administration de réseaux est habituellement exigé."
22222.00,Des cours collégiaux ou autres en programmation informatique ou en administration de réseaux sont habituellement exigés.
22222.00,Une certification ou une formation fournie par un vendeur de logiciels peut être exigée par certains employeurs.
22230.00,Un diplôme d'études secondaires est exigé.
22230.00,"La réussite d'un programme d'études postsecondaires approuvé en sciences ou en génie, d'une durée de deux ans, peut être exigée."
22230.00,Une formation théorique et pratique supplémentaire est exigée pour l'obtention d'un certificat d'essais non destructifs.
22230.00,Le certificat d'essais non destructifs de Ressources naturelles Canada est disponible en trois niveaux et est habituellement exigé par l'employeur.
22230.00,Les radiographes industriels qui utilisent des isotopes radioactifs doivent réussir un examen pour être reconnu à titre d'opérateur d'appareils d'exposition accrédité par la Commission canadienne de sûreté nucléaire.
22230.00,"Le certificat d'inspecteur de soudage est offert, en trois niveaux, par le Bureau canadien de soudage et peut être exigé par l'employeur."
22230.00,"Le certificat d'inspecteur de chaudière et d'appareils sous pression, de pipelines d'usage industriel et de réservoir de stockage en surface est offert par l'American Petroleum Institute."
22231.01,Un diplôme d'études universitaires ou collégiales dans un domaine du génie visé ouun certificat de qualification dans un métier et une vaste expérience de travail connexe est exigé.
22231.01,Un permis d'exercice approprié d'ingénieur ou de technicien en génie peut être exigé.
22231.02,Un diplôme d'études universitaires ou collégiales dans un domaine du génie visé ouun certificat de qualification dans un métier et une vaste expérience de travail connexe est exigé.
22231.02,Un permis d'exercice approprié d'ingénieur ou de technicien en génie peut être exigé.
22231.03,Un diplôme d'études universitaires ou collégiales dans un domaine du génie visé ouun certificat de qualification dans un métier et une vaste expérience de travail connexe est exigé.
22231.03,Un permis d'exercice approprié d'ingénieur ou de technicien en génie peut être exigé.
22231.04,Un diplôme d'études universitaires ou collégiales dans un domaine du génie visé ouun certificat de qualification dans un métier et une vaste expérience de travail connexe est exigé.
22231.04,Un permis d'exercice approprié d'ingénieur ou de technicien en génie peut être exigé.
22231.05,Un diplôme d'études universitaires ou collégiales dans un domaine du génie visé ouun certificat de qualification dans un métier et une vaste expérience de travail connexe est exigé.
22231.05,Un permis d'exercice approprié d'ingénieur ou de technicien en génie peut être exigé.
22232.00,Un baccalauréat ou un diplôme d'études collégiales en santé et sécurité au travail est habituellement exigé.
22232.00,Une certification décernée par le Conseil canadien des professionnels en sécurité agréés (CCPSA) peut être exigée des agents de la santé et de la sécurité au travail.
22233.00,Un diplôme d'études secondaires est exigé.
22233.00,"Un diplôme d'études collégiales en techniques de bâtiment ou en techniques du génie civil ou d'architecture et plusieurs années d'expérience connexe ouplusieurs années d'expérience en tant qu'ouvrier qualifié dans un des métiers de la construction tels que la plomberie, la charpenterie ou l'électricité sont habituellement exigés."
22233.00,Un certificat de qualification provincial dans un métier de la construction ou un diplôme de technologue en génie est habituellement exigé.
22233.00,La certification Leadership in Energy and Environmental Design (LEED) est offerte par le Conseil du bâtiment durable du Canada et peut être exigé par certains employeurs.
22233.00,"L'accréditation, en tant qu'agent de la sécurité dans l'industrie de la construction, émise par des associations provinciales reconnues peut être exigée dans les provinces où de telles associations existent."
22233.00,"Les inspecteurs d'habitations nécessitent un permis d'exercice en Ontario, en Alberta et en Colombie-Britannique."
22233.00,"Les conseillers en énergie doivent s'affilier à un organisme de service agréé, suivre la formation requise et réussir l'examen du niveau de base ÉnerGuide et l'examen de conseiller en énergie pour s'inscrire auprès de Ressources naturelles Canada en tant que conseiller en énergie."
22300.01,Un diplôme d'études collégiales de deux à trois ans en technologie du génie civil ou dans une discipline connexe est habituellement exigé des technologues en génie civil.
22300.01,L'accréditation en tant que technologue ou technicien en génie civil ou dans un domaine connexe est accordée par les associations provinciales de technologues et techniciens en génie ou en sciences appliquées et peut être exigée pour certains postes.
22300.01,"De l'expérience supervisée, d'une durée habituelle de deux ans, est exigée avant d'obtenir l'accréditation."
22300.01,"Au Québec, l'appartenance à l'Ordre des technologues professionnels est exigée pour utiliser le titre de technologue professionnel."
22300.02,Un diplôme d'études collégiales de un à deux ans en technologie du génie civil est habituellement exigé des techniciens en génie civil.
22300.02,L'accréditation en tant que technologue ou technicien en génie civil ou dans un domaine connexe est accordée par les associations provinciales de technologues et techniciens en génie ou en sciences appliquées et peut être exigée pour certains postes.
22300.02,"De l'expérience supervisée, d'une durée habituelle de deux ans, est exigée avant d'obtenir l'accréditation."
22301.01,Un diplôme d'études collégiales de deux ou trois ans en technologie du génie mécanique est habituellement exigé des technologues en génie mécanique.
22301.01,L'accréditation en tant que technologue ou technicien en génie mécanique ou dans un domaine connexe est offerte par des associations provinciales de technologues et techniciens en génie ou en sciences appliquées et peut être exigée pour certains postes.
22301.01,"Un stage supervisé, habituellement de deux ans, est exigé avant d'obtenir l'accréditation."
22301.01,"Au Québec, l'appartenance à l'Ordre des technologues professionnels est exigée pour utiliser le titre de technologue professionnel."
22301.02,Un diplôme d'études collégiales de un ou deux ans en technologie du génie mécanique est habituellement exigé des techniciens en génie mécanique.
22301.02,L'accréditation en tant que technologue ou technicien en génie mécanique ou dans un domaine connexe est offerte par des associations provinciales de technologues et techniciens en génie ou en sciences appliquées et peut être exigée pour certains postes.
22301.02,"Un stage supervisé, habituellement de deux ans, est exigé avant d'obtenir l'accréditation."
22302.01,"Un diplôme d'études collégiales de deux à trois ans ou l'équivalent en technologie du génie industriel, des pâtes et papiers, des plastiques, du textile, de la fabrication ou dans un domaine connexe est habituellement exigé des technologues en génie industriel et en génie de fabrication."
22302.01,"L'accréditation en tant que technologue ou technicien en génie industriel, en génie de fabrication ou dans un autre domaine est offerte par des associations provinciales ou territoriales de technologues et techniciens en génie ou en sciences appliquées et peut être exigée pour certains postes."
22302.01,"De l'expérience supervisée, d'une durée habituelle de deux ans, est exigée avant d'obtenir l'accréditation."
22302.01,"Un diplôme d'études collégiales en technologie de fabrication ou l'accréditation professionnelle, ou les deux, et de l'expérience en usinage ou dans le travail des métaux sont exigés des programmeurs DAO-FAO et CNC."
22302.01,"Au Québec, l'appartenance à l'Ordre des technologues professionnels est exigée pour utiliser le titre de technologue professionnel."
22302.02,Un diplôme d'études collégiales de un an à deux ans en technologie du génie industriel ou dans un domaine connexe est habituellement exigé des techniciens en génie industriel et en génie de fabrication.
22302.02,"L'accréditation en tant que technologue ou technicien en génie industriel, en génie de fabrication ou dans un autre domaine est offerte par des associations provinciales ou territoriales de technologues et techniciens en génie ou en sciences appliquées et peut être exigée pour certains postes."
22302.02,"De l'expérience supervisée, d'une durée habituelle de deux ans, est exigée avant d'obtenir l'accréditation."
22302.02,"Un diplôme d'études collégiales en technologie de fabrication ou l'accréditation professionnelle, ou les deux, et de l'expérience en usinage ou dans le travail des métaux sont exigés des programmeurs DAO-FAO et CNC."
22303.00,Un diplôme d'études secondaires est exigé.
22303.00,"Un diplôme d'études collégiales de trois ans en techniques du génie civil ou de la construction ouplusieurs années d'expérience en tant que travailleur qualifié, dans un des métiers de la construction tels que la plomberie, la charpenterie ou l'électricité sont exigés."
22303.00,La certification émise par l'Institut canadien des économistes en construction est habituellement exigée.
22310.01,"Un diplôme d'études collégiales de deux à trois ans en technologie du génie électrique ou électronique, en technologie du génie informatique, en technologie des télécommunications ou l'équivalent est habituellement exigé des technologues en génie électrique et  électronique."
22310.01,L'accréditation en tant que technologue ou technicien en génie électrique ou électronique ou dans un domaine connexe est offerte par des associations provinciales de technologues et techniciens en génie ou en sciences appliquées et peut être exigée pour certains postes.
22310.01,"Un stage supervisé, habituellement de deux ans, est exigé avant d'obtenir l'accréditation."
22310.01,"Au Québec, l'appartenance à l'Ordre des technologues professionnels est exigée pour utiliser le titre de Technologue professionnel."
22310.02,Un diplôme d'études collégiales de un à deux ans en technologie du génie électrique ou électronique est habituellement exigé des techniciens en génie électrique et électronique.
22310.02,L'accréditation en tant que technologue ou technicien en génie électrique ou électronique ou dans un domaine connexe est offerte par des associations provinciales de technologues et techniciens en génie ou en sciences appliquées et peut être exigée pour certains postes.
22310.02,"Un stage supervisé, habituellement de deux ans, est exigé avant d'obtenir l'accréditation."
22311.00,Un diplôme d'études collégiales de deux à trois ans en électronique ouun programme d'apprentissage de quatre ans en entretien et réparation de matériel électronique ouun diplôme d'études secondaires ou des cours de niveau collégial en électronique et une formation en cours d'emploi sont exigés.
22311.00,"Le certificat de qualification pour les électrotechniciens (produits du consommateur) est offert, bien que facultatif, en Ontario, en Colombie-Britannique et au Yukon."
22312.00,Un diplôme d'études secondaires est habituellement exigé.
22312.00,Un apprentissage de quatre ou cinq ans en réparation d'instruments industriels oula réalisation d'un programme d'études collégiales de deux ans en instrumentation industrielle et plusieurs années d'expérience sont habituellement exigés pour un certificat de qualification.
22312.00,"Le certificat de qualification de technicien en instrumentation et contrôle est offert, bien que facultatif, dans toutes les provinces et tous les territoires, sauf au Québec."
22312.00,Les techniciens en instrumentation et contrôle qualifiés peuvent obtenir la mention Sceau rouge après la réussite de l'examen interprovincial Sceau rouge.
22313.01,Un diplôme d'études collégiales de deux à trois ans en avionique ou en électronique est exigé des mécaniciens et techniciens d'instruments et des mécaniciens et techniciens en avionique.
22313.01,Quatre années de formation en milieu de travail ou l'apprentissage en entreprise sont exigées de tous les mécaniciens et techniciens dans ce groupe de base.
22313.01,Les membres de certaines des professions incluses dans ce groupe de base peuvent obtenir une certification spécialisée du Conseil canadien de l'aviation et de l'aérospatiale (CCAA).
22313.01,"Au Québec, l'appartenance à l'Ordre des technologues professionnels du Québec est exigée pour utiliser le titre de technologue professionnel."
22313.02,Un diplôme d'études collégiales de deux à trois ans en avionique ou en électronique est exigé des mécaniciens et techniciens d'instruments et des mécaniciens et techniciens en avionique.
22313.02,Quatre années de formation en milieu de travail ou l'apprentissage en entreprise sont exigées de tous les mécaniciens et techniciens dans ce groupe de base.
22313.02,Les membres de certaines des professions incluses dans ce groupe de base peuvent obtenir une certification spécialisée du Conseil canadien de l'aviation et de l'aérospatiale (CCAA).
22313.02,"Au Québec, l'appartenance à l'Ordre des technologues professionnels du Québec est exigée pour utiliser le titre de technologue professionnel."
22313.03,Un diplôme d'études collégiales de deux à trois ans en avionique ou en électronique est exigé des mécaniciens et techniciens d'instruments et des mécaniciens et techniciens en avionique.
22313.03,Une formation de niveau collégial de deux à trois ans en avionique ou en électronique ettrois à cinq ans d'expérience en tant que mécanicien ou technicien en avionique sont exigés des inspecteurs en avionique.
22313.03,Les membres de certaines des professions incluses dans ce groupe de base peuvent obtenir une certification spécialisée du Conseil canadien de l'aviation et de l'aérospatiale (CCAA).
22313.03,"Au Québec, l'appartenance à l'Ordre des technologues professionnels du Québec est exigée pour utiliser le titre de technologue professionnel."
22313.04,"Une licence de technicien d'entretien d'aéronefs (TEA) (catégorie E - avionique) de Transports Canada est exigée des mécaniciens, techniciens  et inspecteurs en avionique qui signent des libérations d'entretien et qui attestent de la navigabilité des aéronefs."
22313.04,Les membres de certaines des professions incluses dans ce groupe de base peuvent obtenir une certification spécialisée du Conseil canadien de l'aviation et de l'aérospatiale (CCAA).
22313.04,"Au Québec, l'appartenance à l'Ordre des technologues professionnels du Québec est exigée pour utiliser le titre de technologue professionnel."
22313.04,Une formation de niveau collégial de deux à trois ans en avionique ou en électronique ettrois à cinq ans d'expérience en tant que mécanicien ou technicien en avionique sont exigés des inspecteurs en avionique.
30010.00,"Les directeurs des services tels que ceux de la chirurgie, de la médecine clinique ou de la médecine de laboratoire doivent habituellement avoir les diplômes et la formation d'un médecin spécialiste."
30010.00,"Les directeurs des autres services tels que ceux des soins infirmiers, de la diététique ou de la physiothérapie doivent habituellement avoir le diplôme et la formation des professionnels des soins de santé du service concerné."
30010.00,"Plusieurs années d'expérience dans la profession concernée, y compris de l'expérience en supervision, sont habituellement exigées."
30010.00,Les directeurs doivent être agréés dans la profession concernée.
31100.01,"Un baccalauréat ouau Québec, un diplôme d'études collégiales et une année préparatoire aux études médicales sont habituellement exigés."
31100.01,Un diplôme d'une faculté de médecine reconnue et une formation dans une spécialisation sont exigés.
31100.01,La réussite aux examens du Collège royal des médecins et chirurgiens du Canada etun permis d'exercice provincial ou territorial sont exigés.
31100.01,Une résidence de quatre à cinq ans dans une spécialité est exigée.
31100.01,Une résidence reconnue de deux ans en sous-spécialisation peut être exigée.
31100.02,"Un baccalauréat ouau Québec, un diplôme d'études collégiales et une année préparatoire aux études médicales sont habituellement exigés."
31100.02,Un diplôme d'une faculté de médecine reconnue et une formation dans une spécialisation sont exigés.
31100.02,La réussite aux examens du Collège royal des médecins et chirurgiens du Canada etun permis d'exercice provincial ou territorial sont exigés.
31100.02,Une résidence de quatre à cinq ans dans une spécialité est exigée.
31100.02,Une résidence reconnue de deux ans en sous-spécialisation peut être exigée.
31100.03,"Un baccalauréat ouau Québec, un diplôme d'études collégiales et une année préparatoire aux études médicales sont habituellement exigés."
31100.03,Un diplôme d'une faculté de médecine reconnue et une formation dans une spécialisation sont exigés.
31100.03,La réussite aux examens du Collège royal des médecins et chirurgiens du Canada etun permis d'exercice provincial ou territorial sont exigés.
31100.03,Une résidence de quatre à cinq ans dans une spécialité est exigée.
31100.03,Une résidence reconnue de deux ans en sous-spécialisation peut être exigée.
31100.04,"Un baccalauréat ouau Québec, un diplôme d'études collégiales et une année préparatoire aux études médicales sont habituellement exigés."
31100.04,Un diplôme d'une faculté de médecine reconnue et une formation dans une spécialisation sont exigés.
31100.04,La réussite aux examens du Collège royal des médecins et chirurgiens du Canada etun permis d'exercice provincial ou territorial sont exigés.
31100.04,Une résidence de quatre à cinq ans dans une spécialité est exigée.
31100.04,Une résidence reconnue de deux ans en sous-spécialisation peut être exigée.
31100.05,"Un baccalauréat ouau Québec, un diplôme d'études collégiales et une année préparatoire aux études médicales sont habituellement exigés."
31100.05,Un diplôme d'une faculté de médecine reconnue et une formation dans une spécialisation sont exigés.
31100.05,La réussite aux examens du Collège royal des médecins et chirurgiens du Canada etun permis d'exercice provincial ou territorial sont exigés.
31100.05,Une résidence de quatre à cinq ans dans une spécialité est exigée.
31100.05,Une résidence reconnue de deux ans en sous-spécialisation peut être exigée.
31100.06,"Un baccalauréat ouau Québec, un diplôme d'études collégiales et une année préparatoire aux études médicales sont habituellement exigés."
31100.06,Un diplôme d'une faculté de médecine reconnue et une formation dans une spécialisation sont exigés.
31100.06,La réussite aux examens du Collège royal des médecins et chirurgiens du Canada etun permis d'exercice provincial ou territorial sont exigés.
31100.06,Une résidence de quatre à cinq ans dans une spécialité est exigée.
31100.06,Une résidence reconnue de deux ans en sous-spécialisation peut être exigée.
31100.07,"Un baccalauréat ouau Québec, un diplôme d'études collégiales et une année préparatoire aux études médicales sont habituellement exigés."
31100.07,Un diplôme d'une faculté de médecine reconnue et une formation dans une spécialisation sont exigés.
31100.07,La réussite aux examens du Collège royal des médecins et chirurgiens du Canada etun permis d'exercice provincial ou territorial sont exigés.
31100.07,Une résidence de quatre à cinq ans dans une spécialité est exigée.
31100.07,Une résidence reconnue de deux ans en sous-spécialisation peut être exigée.
31100.08,"Un baccalauréat ouau Québec, un diplôme d'études collégiales et une année préparatoire aux études médicales sont habituellement exigés."
31100.08,Un diplôme d'une faculté de médecine reconnue et une formation dans une spécialisation sont exigés.
31100.08,La réussite aux examens du Collège royal des médecins et chirurgiens du Canada etun permis d'exercice provincial ou territorial sont exigés.
31100.08,Une résidence de quatre à cinq ans dans une spécialité est exigée.
31100.08,Une résidence reconnue de deux ans en sous-spécialisation peut être exigée.
31100.09,"Un baccalauréat ouau Québec, un diplôme d'études collégiales et une année préparatoire aux études médicales sont habituellement exigés."
31100.09,Un diplôme d'une faculté de médecine reconnue et une formation dans une spécialisation sont exigés.
31100.09,La réussite aux examens du Collège royal des médecins et chirurgiens du Canada etun permis d'exercice provincial ou territorial sont exigés.
31100.09,Une résidence de quatre à cinq ans dans une spécialité est exigée.
31100.09,Une résidence reconnue de deux ans en sous-spécialisation peut être exigée.
31100.10,"Un baccalauréat ouau Québec, un diplôme d'études collégiales et une année préparatoire aux études médicales sont habituellement exigés."
31100.10,Un diplôme d'une faculté de médecine reconnue et une formation dans une spécialisation sont exigés.
31100.10,La réussite aux examens du Collège royal des médecins et chirurgiens du Canada etun permis d'exercice provincial ou territorial sont exigés.
31100.10,Une résidence de quatre à cinq ans dans une spécialité est exigée.
31100.10,Une résidence reconnue de deux ans en sous-spécialisation peut être exigée.
31100.11,"Un baccalauréat ouau Québec, un diplôme d'études collégiales et une année préparatoire aux études médicales sont habituellement exigés."
31100.11,Un diplôme d'une faculté de médecine reconnue et une formation dans une spécialisation sont exigés.
31100.11,La réussite aux examens du Collège royal des médecins et chirurgiens du Canada etun permis d'exercice provincial ou territorial sont exigés.
31100.11,Une résidence de quatre à cinq ans dans une spécialité est exigée.
31100.11,Une résidence reconnue de deux ans en sous-spécialisation peut être exigée.
31100.12,"Un baccalauréat ouau Québec, un diplôme d'études collégiales et une année préparatoire aux études médicales sont habituellement exigés."
31100.12,Un diplôme d'une faculté de médecine reconnue et une formation dans une spécialisation sont exigés.
31100.12,La réussite aux examens du Collège royal des médecins et chirurgiens du Canada etun permis d'exercice provincial ou territorial sont exigés.
31100.12,Une résidence de quatre à cinq ans dans une spécialité est exigée.
31100.12,Une résidence reconnue de deux ans en sous-spécialisation peut être exigée.
31100.13,"Un baccalauréat ouau Québec, un diplôme d'études collégiales et une année préparatoire aux études médicales sont habituellement exigés."
31100.13,Un diplôme d'une faculté de médecine reconnue et une formation dans une spécialisation sont exigés.
31100.13,La réussite aux examens du Collège royal des médecins et chirurgiens du Canada etun permis d'exercice provincial ou territorial sont exigés.
31100.13,Une résidence de quatre à cinq ans dans une spécialité est exigée.
31100.13,Une résidence reconnue de deux ans en sous-spécialisation peut être exigée.
31100.14,"Un baccalauréat ouau Québec, un diplôme d'études collégiales et une année préparatoire aux études médicales sont habituellement exigés."
31100.14,Un diplôme d'une faculté de médecine reconnue et une formation dans une spécialisation sont exigés.
31100.14,La réussite aux examens du Collège royal des médecins et chirurgiens du Canada etun permis d'exercice provincial ou territorial sont exigés.
31100.14,Une résidence de quatre à cinq ans dans une spécialité est exigée.
31101.01,"Un baccalauréat ouau Québec, un diplôme d'études collégiales et une année préparatoire aux études médicales sont habituellement exigés."
31101.01,Un diplôme d'une faculté de médecine reconnue et une formation dans une spécialisation sont exigés.
31101.01,La réussite aux examens du Collège royal des médecins et chirurgiens du Canada etun permis d'exercice provincial ou territorial sont exigés.
31101.01,Une résidence de cinq à six ans dans une spécialité est exigée.
31101.01,Une formation de deux ans dans une sous-spécialisation peut être exigée.
31101.02,"Un baccalauréat ouau Québec, un diplôme d'études collégiales et une année préparatoire aux études médicales sont habituellement exigés."
31101.02,Un diplôme d'une faculté de médecine reconnue et une formation dans une spécialisation sont exigés.
31101.02,La réussite aux examens du Collège royal des médecins et chirurgiens du Canada etun permis d'exercice provincial ou territorial sont exigés.
31101.02,Une résidence de cinq à six ans dans une spécialité est exigée.
31101.02,Une formation de deux ans dans une sous-spécialisation peut être exigée.
31101.03,"Un baccalauréat ouau Québec, un diplôme d'études collégiales et une année préparatoire aux études médicales sont habituellement exigés."
31101.03,Un diplôme d'une faculté de médecine reconnue et une formation dans une spécialisation sont exigés.
31101.03,La réussite aux examens du Collège royal des médecins et chirurgiens du Canada etun permis d'exercice provincial ou territorial sont exigés.
31101.03,Une résidence de cinq à six ans dans une spécialité est exigée.
31101.03,Une formation de deux ans dans une sous-spécialisation peut être exigée.
31101.04,"Un baccalauréat ouau Québec, un diplôme d'études collégiales et une année préparatoire aux études médicales sont habituellement exigés."
31101.04,Un diplôme d'une faculté de médecine reconnue et une formation dans une spécialisation sont exigés.
31101.04,La réussite aux examens du Collège royal des médecins et chirurgiens du Canada etun permis d'exercice provincial ou territorial sont exigés.
31101.04,Une résidence de cinq à six ans dans une spécialité est exigée.
31101.04,Une formation de deux ans dans une sous-spécialisation peut être exigée.
31101.05,"Un baccalauréat ouau Québec, un diplôme d'études collégiales et une année préparatoire aux études médicales sont habituellement exigés."
31101.05,Un diplôme d'une faculté de médecine reconnue et une formation dans une spécialisation sont exigés.
31101.05,La réussite aux examens du Collège royal des médecins et chirurgiens du Canada etun permis d'exercice provincial ou territorial sont exigés.
31101.05,Une résidence de cinq à six ans dans une spécialité est exigée.
31101.05,Une formation de deux ans dans une sous-spécialisation peut être exigée.
31102.00,"Un baccalauréat ou au Québec, un programme d'études collégiales et une année préparatoire aux études médicales sont habituellement exigés."
31102.00,Un diplôme d'une faculté de médecine reconnue et deux à trois ans de résidence en médecine familiale sont exigés.
31102.00,La réussite aux examens du Conseil médical du Canada ou du Collège des médecins du Québec et un permis d'exercice provincial ou territorial sont exigés.
31103.00,Docteur en médecine vétérinaire
31103.00,Deux ans d'études universitaires en sciences ou un diplôme d'études collégiales en sciences de la santé etun baccalauréat en médecine vétérinaire de quatre à cinq ansetla réussite d'un examen conduisant à un certificat national sont exigés.
31103.00,Un permis d'exercice provincial est exigé.
31103.00,Vétérinaires spécialistes
31103.00,Un diplôme en médecine vétérinaire ainsi que trois à quatre années d’études postdoctorales supplémentaires ou un programme de résidence dans la spécialité de leur choix sont exigés.
31103.00,"Les vétérinaires spécialistes doivent être agréés par l’American College of Veterinary Internal Medicine (ACVIM) ou l’American Board of Veterinary Practitioners (ABVP). Au Québec, ils doivent être agréés par l’Ordre des médecins vétérinaires du Québec et seulement 18 spécialités sont reconnues"
31103.00,Vétérinaire en recherche
31103.00,Deux ans d'études universitaires en sciences ou un diplôme d'études collégiales en sciences de la santé et un baccalauréat en médecine vétérinaire de quatre à cinq ans et la réussite d'un examen conduisant à un certificat national sont exigés.
31103.00,Les emplois au niveau de la recherche peuvent exiger une maîtrise ou un doctorat.
31110.01,"De deux à quatre ans d'études universitaires pré-dentaire ou, au Québec, il est possible d'être admis au programme de médecine dentaire avec un diplôme d'études collégiales en science etun baccalauréat en médecine dentaire sont exigés."
31110.01,Un permis d'exercice provenant d'un organisme de réglementation provincial ou territorial est exigé.
31110.01,Une formation supplémentaire permet aux dentistes généralistes d'accéder à un domaine spécialisé.
31110.02,"De deux à quatre ans d'études universitaires pré-dentaire ou, au Québec, il est possible d'être admis au programme de médecine dentaire avec un diplôme d'études collégiales en science"
31110.02,De quatre à sept ans de résidence spécialisée en chirurgie buccale et maxillo-faciale sont exigés.
31110.03,"De deux à quatre ans d'études universitaires pré-dentaire ou, au Québec, il est possible d'être admis au programme de médecine dentaire avec un diplôme d'études collégiales en science etun baccalauréat en médecine dentaire sont exigés."
31110.03,Un programme d'orthodontie et d'orthopédie dento-faciale avancé de trois ans accrédité par l'Association dentaire canadienne est exigé.
31110.04,"De deux à quatre ans d'études universitaires pré-dentaire ou, au Québec, il est possible d'être admis au programme de médecine dentaire avec un diplôme d'études collégiales en science etun baccalauréat en médecine dentaire sont exigés."
31110.04,Un programme de prothèses avancé de trois ans accrédité par l'Association dentaire canadienne est exigé.
31111.00,"Trois ans d'études universitaires de premier cycle ou, au Québec, un programme d'études collégiales en sciences etun programme d'études universitaires de quatre à cinq ans en optométrie sont exigés."
31111.00,Un permis d'exercice d'un organisme de réglementation provincial ou territorial est exigé.
31112.01,Une maîtrise en audiologie est exigée des audiologistes.
31112.01,"L'appartenance à l'association nationale, l'Association canadienne des orthophonistes et audiologistes, est habituellement exigée."
31112.01,"Dans certaines juridictions, un permis d'exercice peut être exigé des audiologistes afin de vendre des appareils audiométriques."
31112.02,Une maîtrise en orthophonie est exigée des orthophonistes.
31112.02,"Un permis d'exercice provincial est exigé des audiologistes et des orthophonistes à Terre-Neuve-et-Labrador, au Nouveau-Brunswick, au Québec, en Ontario, au Manitoba, en Saskatchewan, en Alberta et en Colombie-Britannique."
31112.02,"L'appartenance à l'association nationale, l'Association canadienne des orthophonistes et audiologistes, est habituellement exigée."
31120.01,Un diplôme universitaire en pharmacie et une formation pratique supervisée sont exigés.
31120.01,Un permis d'exercice est exigé dans toutes les provinces et territoires pour les pharmaciens en milieu communautaire et hospitalier.
31120.02,Un diplôme universitaire en pharmacie et une formation pratique supervisée sont exigés.
31120.02,Un permis d'exercice est exigé dans toutes les provinces et territoires pour les pharmaciens en milieu communautaire et hospitalier.
31121.00,"Un baccalauréat en diététique, en nutrition ou dans un domaine connexe tel que les sciences alimentaires et les sciences de la nutrition d'un programme accrédité par le Partenariat pour la formation et la pratique en nutrition (PFPN), et une période de formation pratique supervisée sont exigés."
31121.00,La réussite de l’Examen d’admission à la profession de diététiste au Canada (EAPDC) est exigé pour les diététistes dans toutes les provinces sauf Québec.
31121.00,Un permis d'exercice est exigé dans toutes les provinces pour les diététistes.
31121.00,"L'appartenance à l'association nationale, Les diététistes du Canada, est volontaire."
31121.00,"Un permis d'exercice est exigé pour les nutritionnistes en Nouvelle-Écosse, au Québec et en Alberta. Dans les autres provinces, les nutritionnistes peuvent exiger la même formation théorique et pratique que les diététistes."
31121.00,L'appartenance à l'organisme Les diététistes du Canada ou à l'organisme de réglementation provincial est possible pour les nutritionnistes qui possèdent la même formation universitaire et pratique que les diététistes.
31200.00,"Un doctorat en psychologie est exigé pour utiliser le titre de « psychologue » à l'Île-du-Prince-Édouard, au Nouveau-Brunswick, au Québec, en Ontario, au Manitoba et en Colombie-Britannique."
31200.00,"Une maîtrise en psychologie est exigée pour utiliser le titre de « psychologue » à Terre-Neuve-et-Labrador, en Nouvelle-Écosse, en Saskatchewan, en Alberta, dans les Territoires du Nord-Ouest et au Nunavut."
31200.00,"Une maîtrise en psychologie est exigée pour utiliser le titre de « psychologue associé » à l'Île-du-Prince-Édouard, en Ontario, au Manitoba et en Colombie-Britannique."
31200.00,Un stage d'expérience pratique supervisé est exigé dans la plupart des provinces et territoires.
31200.00,La réussite à l'examen écrit Examination for Professional Practice in Psychology (EPPP) est exigée dans la plupart des provinces.
31200.00,Des épreuves orales ainsi que des entrevues en comité sont exigées dans certaines provinces.
31200.00,"L'appartenance à l'organisme de réglementation est exigée dans toutes les provinces, dans les Territoires du Nord-Ouest et au Nunavut."
31200.00,Des examens écrits d'éthique et de jurisprudence peuvent être exigés dans certaines juridictions.
31200.00,La formation et l'expérience permettent aux psychologues de se spécialiser dans un domaine en particulier.
31201.00,"Au moins trois années d'études universitaires de premier cycle ou, au Québec un diplôme d'études collégiales en sciences naturelles est exigé."
31201.00,Un programme agréé de docteur en chiropratique de quatre à cinq ans est exigé.
31201.00,La réussite des examens nationaux du Conseil canadien des examens chiropratiques  est nécessaire pour obtenir un permis d'exercice auprès d'un organisme provincial ou territorial.
31201.00,Un permis d'exercice délivré par un organisme de réglementation est exigé dans toutes les provinces ainsi qu'au Yukon.
31202.00,Une maîtrise en physiothérapie ainsi qu'un stage pratique supervisé sont exigés.
31202.00,Un permis d'exercice délivré par un organisme de réglementation est exigé dans toutes les provinces et territoires.
31202.00,La réussite d’un examen de compétence en physiothérapie est exigée dans toutes les provinces et territoires.
31203.00,"Un diplôme universitaire en ergothérapie, comprenant un stage supervisé, est exigé."
31203.00,La réussite d'un examen de certification national ou provincial est exigée.
31203.00,Un permis d'exercice délivré par un organisme de réglementation est exigé dans toutes les provinces et tous les territoires.
31203.00,"L'adhésion à l'association nationale, soit l'Association canadienne des ergothérapeutes, est exigée dans certaines provinces."
31203.00,Une formation complémentaire ou de l'expérience peut permettre aux ergothérapeutes d'acquérir une expertise dans un domaine précis.
31204.01,Un baccalauréat en récréologie avec une spécialisation en ludothérapie est habituellement exigé des ludothérapeutes.
31204.01,La certification des thérapeutes en loisirs est disponible auprès du Conseil national de certification en loisirs thérapeutiques.
31204.01,Une formation pratique sous surveillance dans le domaine de spécialisation est habituellement exigée pour les postes de ce groupe de base.
31204.01,Une accréditation ou l'appartenance à une association professionnelle nationale appropriée ou son homologue provincial peut être exigée.
31204.02,"Un baccalauréat de quatre ans en kinésiologie, en éducation physique ou en cinétique humaine est exigé des kinésiologues."
31204.02,Il est possible d'obtenir l'agrément auprès de l'Alliance canadienne de kinésiologie.
31204.02,Un permis d'exercice d'un organisme de réglementation est exigé pour les kinésiologues en Ontario.
31204.02,"Un baccalauréat de quatre ans en kinésiologie, physiologie de l'exercice, sciences de l'exercice ou cinétique humaine est habituellement exigée des physiologistes de l'exercice."
31204.02,La certification des physiologistes de l'exercice est offerte par la Société canadienne de physiologie de l'exercice.
31204.02,Un baccalauréat en thérapie du sport ouun diplôme en sciences de la santé avec une spécialisation en gestion des blessures sportives est exigé des thérapeutes du sport.
31204.02,La certification des thérapeutes du sport est disponible auprès de l'Association canadienne des thérapeutes du sport.
31204.02,Une formation pratique sous surveillance dans le domaine de spécialisation est habituellement exigée pour les postes de ce groupe de base.
31204.02,Une accréditation ou l'appartenance à une association professionnelle nationale appropriée ou son homologue provincial peut être exigée.
31209.01,"Un programme de quatre ans menant à un doctorat en médecine podiatrique offert au Québec et aux États-Unis, normalement après avoir obtenu un baccalauréat est exigé."
31209.01,Une période de formation médicale (résidence) est exigée en Alberta et en Colombie-Britannique.
31209.01,"Un doctorat en médecine podiatrique est exigé des docteurs en médecine podiatrique au Québec, en Ontario, en Alberta et en Colombie-Britannique."
31209.02,Un programme de trois ans menant à un diplôme avancé en podologie (DCh) au Canadaouun programme menant à un diplôme de premier cycle en médecine podiatrique (D.Pod.M.) à l'étranger (Royaume-Uni) est habituellement exigé.
31209.02,"Un permis d'exercice est exigé au Nouveau-Brunswick, au Québec, en Ontario, au Manitoba, en Saskatchewan, en Alberta et en Colombie-Britannique."
31209.03,Un diplôme universitaire de premier cycle en sciences est exigé.
31209.03,Un programme d'études universitaires en naturopathie offert à l'étranger ouun programme de quatre ans en naturopathie offert par un institut privé est exigé.
31209.03,"Un permis d'exercice est exigé en Nouvelle- Écosse, en Ontario, au Manitoba, en Saskatchewan, en Alberta et en Colombie-Britannique."
31209.04,Un baccalauréat est exigé pour s'inscrire au programme de docteur en ostéopathie.
31209.04,"Un programme d'études de quatre ans en ostéopathie, menant au diplôme de docteur en ostéopathie, etune période de résidence d'un minimum de trois ans en milieu hospitalier sont exigés. Ces qualifications sont obtenues aux États-Unis."
31209.04,La réussite aux examens du Collège royal des médecins et chirurgiens du Canada etun permis d'exercice provincial ou territorial sont exigés.
31300.00,Un diplôme d'études universitaires ou collégiales ou un diplôme de tout autre programme reconnu en soins infirmiers ou en soins infirmiers psychiatriques est exigé.
31300.00,"Des cours en gestion, un diplôme ou un certificat en gestion ou en administration peuvent être exigés."
31300.00,"Un permis d'exercice d'un organisme de réglementation est exigé en tant qu'infirmier autorisé dans toutes les provinces et territoires et en tant qu'infirmier psychiatrique autorisé au Manitoba, en Saskatchewan, en Alberta, en Colombie-Britannique et au Yukon."
31300.00,De l'expérience clinique en tant qu'infirmier autorisé ou infirmier psychiatrique autorisé est exigée.
31301.01,"Un diplôme d'études universitaires ou collégiales, ou la réussite d'un autre programme reconnu en sciences infirmières est exigé."
31301.01,Un permis d'exercice d'un organisme de réglementation provincial ou territorial est exigé dans toutes les provinces et tous les territoires.
31301.02,"Un diplôme d'études universitaires ou collégiales, ou la réussite d'un autre programme reconnu en sciences infirmières est exigé."
31301.02,De l'expérience ou une formation supplémentaire est exigée pour pouvoir se spécialiser dans un domaine particulier des sciences infirmières.
31301.02,Un permis d'exercice d'un organisme de réglementation provincial ou territorial est exigé dans toutes les provinces et tous les territoires.
31301.03,"Un diplôme d'études universitaires ou collégiales, ou la réussite d'un autre programme reconnu en sciences infirmières est exigé."
31301.03,De l'expérience ou une formation supplémentaire est exigée pour pouvoir se spécialiser dans un domaine particulier des sciences infirmières.
31301.03,Un permis d'exercice d'un organisme de réglementation provincial ou territorial est exigé dans toutes les provinces et tous les territoires.
31301.04,Un programme de niveau collégial ou universitaire d'infirmier psychiatrique autorisé est exigé.
31301.04,"Un permis d'exercice est exigé au Manitoba, en Saskatchewan, en Alberta, en Colombie-Britannique et au Yukon."
31301.05,"Une maîtrise ou un doctorat en sciences infirmières est habituellement exigé des infirmiers cliniciens spécialisés, des infirmiers cliniciens, des consultants en soins infirmiers et des chercheurs en sciences infirmières."
31301.05,Un permis d'exercice d'un organisme de réglementation provincial ou territorial est exigé dans toutes les provinces et tous les territoires.
31301.06,"Une maîtrise ou un doctorat en sciences infirmières est habituellement exigé des infirmiers cliniciens spécialisés, des infirmiers cliniciens, des consultants en soins infirmiers et des chercheurs en sciences infirmières."
31301.06,Un permis d'exercice d'un organisme de réglementation provincial ou territorial est exigé dans toutes les provinces et tous les territoires.
31302.00,"Une maîtrise en sciences infirmières, ou la réussite d'un programme de soins infirmiers avec une formation additionnelle prolongée ou avancée en soins infirmiers de santé primaires, ainsi que plusieurs années d'expérience à titre d'infirmier autorisé sont habituellement exigés des infirmiers praticiens."
31302.00,Un permis d'exercice d'un organisme de réglementation provincial ou territorial est exigé dans toutes les provinces et tous les territoires pour porter le titre d'infirmier praticien.
31303.01,Un diplôme universitaire acquis dans le cadre d'un programme d'adjoint au médecin est exigé des adjoints au médecin.
31303.01,Un permis d'exercice d'un organisme de réglementation provincial est exigé pour les adjoints au médecin au Manitoba et au Nouveau-Brunswick.
31303.02,Une formation acquise dans le cadre d'un diplôme d'études universitaires de premier cycle en pratique sage-femme ou l'équivalent et une formation pratique supervisée sont exigées des sages-femmes.
31303.02,"Un permis d'exercice d'un organisme de réglementation provincial est exigé des sages-femmes en Nouvelle-Écosse, au Nouveau-Brunswick, au Québec, en Ontario, au Manitoba, en Saskatchewan, en Alberta, en Colombie-Britannique, dans les Territoires du Nord-Ouest et au Nunavut."
31303.03,Une maîtrise en conseil génétique ainsi que l’accréditation de l’Association Canadienne des Conseillers en génétique (ACCG) sont habituellement exigés des conseillers en génétique.
31303.04,Un diplôme universitaire de premier cycle et un programme de formation de deux ans reconnu en orthoptique sont exigés.
31303.04,Une accréditation par le Conseil canadien d'orthoptique est exigée.
31303.04,L'accréditation par le Conseil canadien d'orthoptique n'est renouvelable qu'après avoir suivi des cours de perfectionnement professionnel.
31303.05,Une maîtrise acquise dans le cadre d'un programme d'assistants de pathologistes est habituellement exigée des assistants en pathologie.
31303.05,"La certification par le Conseil canadien de certification des assistants en pathologie, l'American Society for Clinical Pathology - Board of Certification, ou l'examen de certification des assistants en pathologie est généralement exigée par les employeurs."
31303.05,"L'adhésion à l'association nationale, soit l'Association canadienne des pathologistes, est volontaire, mais peut être exigée par certains employeurs."
32100.00,Un diplôme d'études collégiales de deux ou trois ans en soins de l'optique ou des sciences optiques est exigé.
32100.00,Un permis d'exercice délivré par un organisme de réglementation pour les opticiens est exigé dans toutes les provinces.
32100.00,Les exigences de permis d'exercice pour le champ de pratique et pour les titres protégés liés à la vente ou la distribution et à l'ajustement  des verres de contact varient selon la province.
32101.01,Un diplôme d'études collégiales ou la réussite d'un programme de formation pratique ou d'un autre programme reconnu est exigé des infirmiers auxiliaires.
32101.01,L'adhésion à un organisme de réglementation est exigée dans toutes les provinces et tous les territoires.
32101.01,La réussite d'un examen professionnel est exigée dans toutes les provinces et tous les territoires.
32101.02,La réussite d'un examen professionnel est exigée dans toutes les provinces et tous les territoires.
32101.02,Une formation scolaire supplémentaire en techniques de salle d'opération est exigée des techniciens de salle d'opération.
32101.02,L'adhésion à un organisme de réglementation est exigée dans toutes les provinces et tous les territoires.
32102.00,"La réussite d'un programme d'une durée d'un à trois ans offert en milieu collégial ou hospitalier, ou la réussite d'un autre programme de formation reconnu en soins paramédicaux ou en techniques de soins médicaux d'urgence, est exigée."
32102.00,Un permis d'exercice délivré par un organisme de réglementation est exigé dans toutes les provinces.
32102.00,Un permis de classe appropriée est exigé des conducteurs de véhicules d'urgence.
32103.01,"Une formation collégiale de trois ans ou un diplôme universitaire spécialisé en inhalothérapie, tous les deux comprenant une formation clinique, est exigé des inhalothérapeutes."
32103.01,"Un permis d'exercice est exigé des inhalothérapeutes à Terre-Neuve-et-Labrador, en Nouvelle-Écosse, au Nouveau-Brunswick, au Québec, en Ontario, au Manitoba, en Saskatchewan ainsi qu'en Alberta."
32103.01,"Une certification nationale est disponible pour les inhalothérapeutes qui travaillent à l'Île-du-Prince-Édouard, en Colombie-Britannique, au Yukon, dans les Territoires du Nord-Ouest et au Nunavut."
32103.01,"Au Québec, une attestation est exigée des inhalothérapeutes pour prescrire des médicaments pour la cessation tabagique."
32103.02,"Un programme d'inhalothérapie ou de sciences infirmières, avec au moins un an d'expérience dans le métier, en tant qu'inhalothérapeute ou infirmier autorisé etla réussite d'un programme d'études collégiales ou universitaires en perfusion, comprenant une formation clinique, sont exigés des perfusionnistes cardiovasculaires."
32103.02,L'inscription à la Société canadienne de perfusion clinique est exigée des perfusionnistes cardiovasculaires.
32103.03,"Un diplôme collégial de deux ans dans un domaine connexe des soins de santé, comme un diplôme en inhalothérapie, un diplôme en sciences infirmières ou un diplôme universitaire dans une science connexeetla réussite d'un programme d'études supérieures collégiales en technologie cardiopulmonaire et une formation supplémentaire en technologie pulmonaire disponible à travers des cours ou par une formation clinique supervisée en milieu de travail sont exigés des technologues cardiopulmonaires."
32103.03,"L'adhésion à l'association nationale, la Canadian Association of Cardio-Pulmonary Technologists (CACPT), peut être exigée des technologues cardiopulmonaires."
32104.00,Un diplôme d'études collégiales de deux ou trois ans en technologie de la santé animale ou en technologie vétérinaire est exigé.
32104.00,La réussite d'un examen d'affiliation national peut être exigée par certains employeurs.
32104.00,"L'affiliation à une association provinciale de technologues vétérinaires et de technologues en santé animale est offerte, et obligatoire dans certaines provinces."
32109.01,"Un diplôme d'études collégiales de deux ou trois ans dans un programme de spécialiste en prothèses auditives, et une formation pratique sous supervision, est exigé des audioprothésistes."
32109.01,"Un permis d'exercice délivré par un organisme de réglementation est exigé pour les audioprothésistes dans toutes les provinces, sauf à l'Île-du-Prince-Édouard, au Nouveau-Brunswick et en Ontario. L’Ontario exige  l'appartenance à l'Association of Hearing Instrument Practitioners (AHIP). Les audioprothésistes peuvent prescrire et délivrer des appareils auditifs, sauf en Ontario, où la distribution dépend d'une ordonnance d'un médecin ou un audiologiste."
32109.02,Un diplôme de niveau collégial d'une durée de trois à quatre ans est exigé des aides orthophonistes et assistants en troubles de la communication.
32109.03,"Un programme de formation de technicien en ophtalmologie d'un an en milieu hospitalier, ou un minimum d'un an de formation en cours d'emploi en tant qu'assistant en ophtalmologie certifié sous la supervision d'un ophtalmologiste, sont exigée des techniciens médicaux en ophtalmologie."
32109.03,"Un programme de formation en technologie médicale en ophtalmologie de deux ans en milieu hospitalier ou un programme de diplôme universitaire de quatre ans en technologie médicale en ophtalmologie,  ou un minimum de deux années de formation en cours d'emploi en tant que techniciens en ophtalmologie certifié sous la supervision d'un ophtalmologiste sont exigés des technologues en ophtalmologie."
32109.03,L'accréditation par la « Joint Commission on Allied Health Personnel in Ophthalmology » peut être exigée par les employeurs.
32109.04,"Un diplôme d’études collégiales de trois ans en physiothérapie ou en techniques de réadaptation et un stage sont exigés, pour les thérapeutes en réadaptation physique, lesquels ne sont représentés qu’au Québec seulement."
32109.04,Un permis d'exercice délivré par l'Ordre professionnel de la physiothérapie du Québec (OPPQ) est exigé pour les thérapeutes en réadaptation physique
32109.05,Un diplôme d'études collégiales de deux ans pour assistant en physiothérapie ouun programme d'assistant en thérapie de la réadaptation de deux ans et une formation pratique supervisée sont exigés des assistants en physiothérapie.
32109.05,Un programme d'études collégiales de deux ans pour assistants en ergothérapie est exigé des assistants en ergothérapie.
32110.00,Un diplôme d'études collégiales de deux ou trois ans en denturologie est exigé.
32110.00,Une période d'apprentissage dans une clinique de denturologie reconnue peut être exigée.
32110.00,Le permis d'exercice accordé par l'organisme de réglementation de la province ou du territoire est exigé.
32111.01,"La réussite d'un programme de niveau collégial, de deux à trois ans, reconnu par l'organisme de réglementation dans la province ou le territoire de résidence, est habituellement exigée des hygiénistes dentaires."
32111.01,Un permis d'exercice accordé par l'organisme de la réglementation provinciale ou territoriale est exigé des hygiénistes dentaires.
32111.02,"La réussite d'un programme collégial de deux à trois ans, de dentothérapie d'une institution reconnue, est exigée des thérapeutes dentaires."
32111.02,"Un permis d'exercice est exigé des thérapeutes dentaires en Saskatchewan, au Yukon, dans les Territoires du Nord-Ouest et au Nunavut."
32112.00,Un programme d'études collégiales en techniques dentaires ouune formation en cours d'emploi d'une durée de quatre ans ou plus sous la surveillance d'un technologue ou technicien dentaire diplômé est exigé des technologues et techniciens dentaires.
32112.00,"Les technologues et techniciens dentaires doivent être inscrits auprès de l'organisme de réglementation dans toutes les provinces, sauf au Manitoba et les territoires."
32120.00,Un programme d'études collégiales de deux ou trois ans en technologie de laboratoire médical est exigéetune formation pratique sous supervision peut être exigée.
32120.00,"Un permis d'exercice d'un organisme de réglementation provincial est exigé à Terre-Neuve-et-Labrador, en Nouvelle-Écosse, au Nouveau-Brunswick, au Québec, en Ontario, au Manitoba, en Saskatchewan et en Alberta."
32120.00,L'accréditation par la Société canadienne de science de laboratoire médical est habituellement exigée par les employeurs.
32120.00,Un programme combiné de technologie de laboratoire médical et de radiologie est exigé des techniciens de laboratoire médical et de radiologie.
32120.00,Certains employeurs peuvent exiger un diplôme universitaire en sciences pour les technologistes de laboratoire médical spécialisés.
32121.01,"Un programme de deux à trois ans dans un collège ou un autre programme reconnu en radiodiagnostic ou en appareils d'imagerie par résonance magnétique (pour les technologues en radiologie ou les technologues en résonance magnétique), en technologie appliquée à la médecine nucléaire (pour les technologues en médecine nucléaire) ou en radiothérapie (pour les technologues en radio-oncologie) ouun baccalauréat en sciences de la santé avec spécialisation en radiographie, en médecine nucléaire ou en radiothérapieetun stage pratique supervisé sont exigés."
32121.01,"Un permis d'exercice par un organisme de réglementation est exigé en Nouvelle-Écosse, au Nouveau-Brunswick, au Québec, en Ontario, en Saskatchewan et en Alberta."
32121.01,"L’appartenance à une association provinciale est exigée à Terre-Neuve-et-Labrador, à l'Île-du-Prince-Édouard, au Manitoba et aux Territoires du Nord-Ouest."
32121.01,"L'appartenance à l'association nationale, soit l'Association canadienne des technologues en radiation médicale, est exigée dans toutes les provinces, sauf le Québec et la Colombie-Britannique."
32121.02,"Un programme de deux à trois ans dans un collège ou un autre programme reconnu en radiodiagnostic ou en appareils d'imagerie par résonance magnétique (pour les technologues en radiologie ou les technologues en résonance magnétique), en technologie appliquée à la médecine nucléaire (pour les technologues en médecine nucléaire) ou en radiothérapie (pour les technologues en radio-oncologie) ouun baccalauréat en sciences de la santé avec spécialisation en radiographie, en médecine nucléaire ou en radiothérapieetun stage pratique supervisé sont exigés."
32121.02,"Un permis d'exercice par un organisme de réglementation est exigé en Nouvelle-Écosse, au Nouveau-Brunswick, au Québec, en Ontario, en Saskatchewan et en Alberta."
32121.02,"L’appartenance à une association provinciale est exigée à Terre-Neuve-et-Labrador, à l'Île-du-Prince-Édouard, au Manitoba et aux Territoires du Nord-Ouest."
32121.02,"L'appartenance à l'association nationale, soit l'Association canadienne des technologues en radiation médicale, est exigée dans toutes les provinces, sauf le Québec et la Colombie-Britannique."
32121.03,"Un programme de deux à trois ans dans un collège ou un autre programme reconnu en radiodiagnostic ou en appareils d'imagerie par résonance magnétique (pour les technologues en radiologie ou les technologues en résonance magnétique), en technologie appliquée à la médecine nucléaire (pour les technologues en médecine nucléaire) ou en radiothérapie (pour les technologues en radio-oncologie) ouun baccalauréat en sciences de la santé avec spécialisation en radiographie, en médecine nucléaire ou en radiothérapieetun stage pratique supervisé sont exigés."
32121.03,"Un permis d'exercice par un organisme de réglementation est exigé en Nouvelle-Écosse, au Nouveau-Brunswick, au Québec, en Ontario, en Saskatchewan et en Alberta."
32121.03,"L’appartenance à une association provinciale est exigée à Terre-Neuve-et-Labrador, à l'Île-du-Prince-Édouard, au Manitoba et aux Territoires du Nord-Ouest."
32121.03,"L'appartenance à l'association nationale, soit l'Association canadienne des technologues en radiation médicale, est exigée dans toutes les provinces, sauf le Québec et la Colombie-Britannique."
32121.04,"Un programme de deux à trois ans dans un collège ou un autre programme reconnu en radiodiagnostic ou en appareils d'imagerie par résonance magnétique (pour les technologues en radiologie ou les technologues en résonance magnétique), en technologie appliquée à la médecine nucléaire (pour les technologues en médecine nucléaire) ou en radiothérapie (pour les technologues en radio-oncologie) ouun baccalauréat en sciences de la santé avec spécialisation en radiographie, en médecine nucléaire ou en radiothérapieetun stage pratique supervisé sont exigés."
32121.04,Un certificat collégial en imagerie par résonance magnétique est exigé des technologues en résonance magnétique.
32121.04,"Un permis d'exercice par un organisme de réglementation est exigé en Nouvelle-Écosse, au Nouveau-Brunswick, au Québec, en Ontario, en Saskatchewan et en Alberta."
32121.04,"L’appartenance à une association provinciale est exigée à Terre-Neuve-et-Labrador, à l'Île-du-Prince-Édouard, au Manitoba et aux Territoires du Nord-Ouest."
32122.00,Un programme de trois ou quatre ans en échographie diagnostique ou en technologie en échographieouune formation de deux à trois ans dans un domaine connexe des soins de santé et un programme d'études supérieures d'un an en échographie diagnostique offert par un établissement accrédité sont exigés.
32122.00,Un permis d'exercice d'Échographie Canada ou de l'American Registry of Diagnostic Medical Sonographers est habituellement exigé par les employeurs.
32122.00,"Un permis d'exercice de l'Ordre des technologues en imagerie médicale, en radio-oncologie et en électrophysiologie médicale du Québec est exigé au Québec."
32122.00,L'inscription à la College of Medical Radiation Technologists of Ontario (CMRTO) est exigée en Ontario.
32123.01,Un programme d'études collégiales de deux ans en technologie appliquée à la cardiologie etune formation pratique supervisée sont exigés des technologues en cardiologie.
32123.01,"L'affiliation à la Société canadienne des technologues en cardiologie est exigée des technologues en cardiologie dans toutes les provinces, sauf au Québec."
32123.02,Un programme d'études collégiales ou un programme de formation reconnu en milieu hospitalier de deux ans en technologie de l'électrophysiologie etune formation supervisée sont exigés des technologues en électroencéphalographie.
32123.02,"L'affiliation au Conseil canadien d'agrément des technologues en électroencéphalographie est possible pour les technologues en électroencéphalographie, est exigée en Alberta et est habituellement exigée par les employeurs dans les autres provinces."
32123.02,L'affiliation à l'Association of Electromyography Technologists of Canada est possible pour les technologues en électromyographie et est habituellement exigée par les employeurs.
32123.02,"L'affiliation à l’Ordre des technologues en imagerie médicale, en radio-oncologie et en électrophysiologie médicale du Québec est exigée des technologues en cardiologie et des technologues en électrophysiologie au Québec."
32124.00,Un diplôme collégial de deux ans de technicien en pharmacie ou un diplôme collégial de deux ou trois ans en technique pharmaceutique ainsi qu’une formation pratique sous supervision sont habituellement exigés des techniciens en pharmacie.
32124.00,Les techniciens en pharmacie doivent réussir les examens de certification du Bureau des examinateurs en pharmacie du Canada (BEPC).
32124.00,"Un permis d'exercice d'un organisme de réglementation provincial est exigé dans toutes les provinces pour les techniciens en pharmacie, sauf au Québec."
32129.01,Un diplôme d'études collégiales de deux à trois ans en technique diététique et un programme d'apprentissage supervisé sont exigés des techniciens en diététique.
32129.02,La réussite du programme de formation d'oculariste offert par l'American Society of Ocularists et un programme d'apprentissage supervisé ouun programme d'apprentissage de cinq ans sous la supervision d'un oculariste accrédité est exigé des ocularistes.
32129.02,Un certificat du National Examining Board of Ocularists est habituellement exigé des ocularistes.
32129.03,Un diplôme d'études collégiales de deux ans en technologie des prothèses et des orthèses et trois ans de formation pratique supervisée sont exigés des prothésistes et des orthésistes.
32129.03,Une accréditation du Conseil canadien de la certification des prothésistes et orthésistes peut être exigée des prothésistes et orthésistes.
32129.03,L'affiliation à l'Association canadienne des prothésistes et des orthésistes (ACPO) peut être exigée des techniciens prothésistes et des techniciens orthésistes.
32129.04,Un programme d'études collégiales de deux à trois ans en prothèses et orthèses et un à deux ans de formation pratique supervisée ouun diplôme d'études secondaires et jusqu'à quatre ans de formation pratique sous la supervision d'un prothésiste ou d'un orthésiste accrédité sont habituellement exigés des techniciens prothésistes et des techniciens orthésistes.
32200.01,"Un programme de formation de quatre ou cinq ans en médecine traditionnelle chinoise offert par un établissement privé, menant à l'obtention d'un diplômeouun diplôme en médecine traditionnelle chinoise d'un établissement d'enseignement reconnu à l'étranger sont habituellement exigés des praticiens en médecine traditionnelle chinoise."
32200.01,"Un permis d'exercice d'un organisme de réglementation provincial est exigé des praticiens en médecine traditionnelle chinoise en Ontario et en Colombie-Britannique, ce qui comprend la réussite d'un examen d'enregistrement approuvé."
32200.02,"Un programme de formation de trois ou quatre ans en acupuncture offert par un établissement privé, menant à l'obtention d'un diplôme ouquelques cours universitaires de premier cycle en sciences et une formation dans un domaine connexe à la santé, ou d'une expérience de travail sous la supervision d'un acupuncteur diplômé, sont habituellement exigés des acupuncteurs."
32200.02,"Un permis d'exercice d'un organisme de réglementation provincial est exigé des acupuncteurs à Terre-Neuve-et-Labrador, au Québec, en Ontario, en Alberta et en Colombie-Britannique, ce qui comprend la réussite d'un examen d'enregistrement approuvé."
32201.00,Un programme de 18 à 24 mois ou de 18 à 36 mois en massothérapie dans une école certifiée etune formation pratique sous supervision sont habituellement exigés des massothérapeutes.
32201.00,"L'appartenance à l'association provinciale des massothérapeutes est exigée à Terre-Neuve-et-Labrador, en Ontario et en Colombie-Britannique."
32209.01,"Les autres professions de ce groupe de base exigent habituellement des programmes de formation spécifique au type de pratique, ainsi qu'une formation pratique supervisée."
32209.02,"Les autres professions de ce groupe de base exigent habituellement des programmes de formation spécifique au type de pratique, ainsi qu'une formation pratique supervisée."
32209.03,Un programme de formation de trois ans menant à l'obtention d'un diplôme en homéopathie est habituellement exigé des homéopathes.
32209.03,Un permis d’exercice d’un organisme de réglementation est exigé des homéopathes en Ontario.
32209.04,"Les autres professions de ce groupe de base exigent habituellement des programmes de formation spécifique au type de pratique, ainsi qu'une formation pratique supervisée."
32209.05,"Les autres professions de ce groupe de base exigent habituellement des programmes de formation spécifique au type de pratique, ainsi qu'une formation pratique supervisée."
32209.06,"Les autres professions de ce groupe de base exigent habituellement des programmes de formation spécifique au type de pratique, ainsi qu'une formation pratique supervisée."
33100.01,La réussite d'un programme collégial ou d'un autre programme d'une durée de huit mois à un an en assistance dentaire ouun diplôme d'études secondaires et une formation en milieu de travail sont exigés.
33100.01,"Un permis d'exercice d'un organisme de réglementation provincial est exigé dans toutes les provinces, sauf au Québec et en Ontario."
33100.01,"L'accréditation du Bureau national d'examen d'assistance dentaire est exigée pour effectuer des tâches intra-buccales dans toutes les provinces sauf au Québec, où les assistants dentaires n'effectuent aucune tâche intra-buccale."
33100.02,Un diplôme d'études secondaires et une formation en cours d'emploi pouvant aller jusqu'à deux ans est habituellement exigé des auxiliaires dans les laboratoires dentaires.
33101.00,Un certificat d'études collégiales en science de laboratoire médical est exigé des assistants de laboratoires médicaux et les travailleurs techniques connexes.
33101.00,L'accréditation par la Société canadienne de science de laboratoire médical est habituellement exigée.
33102.00,"Quelques années d'études secondaires et une formation en cours d'emploi ouun programme d'études en préposé au service de soutien personnel,  d'aide-infirmier ou d'aide-soignant en milieu collégial ou en établissement privé, ou un programme collégial de préposé aux soins infirmiers, ainsi qu'une formation pratique supervisée sont exigés."
33102.00,"Des cours spécialisés, par exemple en réanimation cardiorespiratoire (RCR) et en premiers soins sont habituellement exigés."
33102.00,Un permis de conduite d'un niveau approprié peut être exigé pour les préposés médicaux.
33103.00,Un diplôme professionnel d'assistance technique en pharmacie d’une durée maximale de deux ans est habituellement exigé des assistant technique en pharmacie.
33103.00,"Un diplôme collégial d'assistant en pharmacie, d'une durée de six à douze mois ou un diplôme d'études secondaires et plusieurs mois de formation en cours d'emploi est habituellement exigé des assistants en pharmacie."
33109.01,Une formation spécialisée en tests d'audiométrie industrielle est habituellement exigée des techniciens en audiométrie.
33109.02,Un diplôme d'études secondaires etplusieurs mois de formation en cours d'emploi ouun diplôme d'études collégiales en technologie orthopédique sont habituellement exigés des technologues en orthopédie.
33109.02,L'adhésion à la Société canadienne des technologistes en orthopédie est offerte et peut être exigée par les employeurs.
33109.03,"Des cours en soins de santé ou un court programme d'études collégiales relatif au travail des préposés aux soins médicaux, tels que des programmes de formation en récréologie sont offerts et peuvent être exigés par les employeurs."
33109.04,Un diplôme de niveau collégial de six mois en assistant en ophtalmologie  ou une formation en cours d'emploi d'au moins un an sous la supervision d'un ophtalmologiste et la réussite d'un programme approuvé d'études à domicile en assistant ophtalmologie sont exigés des assistants en ophtalmologie.
33109.04,L'accréditation par la Joint Commission on Allied Health Personnel in Ophthalmology peut être exigée par les employeurs.
33109.05,Un diplôme d'études secondaires et plusieurs mois de formation en cours d'emploi sont habituellement exigés des autres préposés de ce groupe de base.
33109.06,Un diplôme d'études secondaires etune formation de niveau collégial de six à neuf mois en processus de stérilisation sont exigés.
33109.07,Un diplôme d'études secondaires et plusieurs mois de formation en cours d'emploi sont habituellement exigés des autres préposés de ce groupe de base.
33109.08,Un diplôme d'études secondaires et plusieurs mois de formation en cours d'emploi sont habituellement exigés des autres préposés de ce groupe de base.
40010.00,Gestionnaires de la fonction publique - élaboration de politiques et de l'administration de programmes de santé
40010.00,"Un baccalauréat ou un diplôme d'études collégiales en sciences de la santé, en administration hospitalière ou en administration publique ou un baccalauréat en sciences sociales est exigé."
40010.00,"Un diplôme d'études supérieures dans le domaine de la santé, en sciences sociales ou dans une discipline administrative peut être exigé."
40010.00,"Plusieurs années d'expérience en tant que recherchiste, expert-conseil ou agent de programme en politiques sociales ou de santé sont habituellement exigées."
40010.00,"L'appartenance à une association du domaine de la santé est exigée pour certains gestionnaires de l'élaboration de politiques et de l'administration des programmes de santé, tels que les médecins hygiénistes en milieu urbain."
40010.00,Gestionnaires de la fonction publique - élaboration de politiques et de l'administration des programmes sociaux
40010.00,"Un baccalauréat ou un diplôme d'études collégiales dans une discipline des sciences sociales, telle que la sociologie ou l'économie, ou de l'administration, par exemple en administration publique, est exigé."
40010.00,Un diplôme d'études supérieures en sciences sociales ou en administration peut être exigé.
40010.00,"Plusieurs années d'expérience à titre de chercheur en politiques sociales, d'expert-conseil ou d'agent de programme sont habituellement exigées."
40011.00,"Un baccalauréat en économie, en administration des affaires, en commerce ou en administration publique est exigé."
40011.00,Une maîtrise en économie ou dans un domaine connexe peut être exigée.
40011.00,"Plusieurs années d'expérience en tant qu'économiste, agent de développement économique ou recherchiste en socio-économie sont exigées."
40012.00,Un baccalauréat en éducation est exigé.
40012.00,Une maîtrise en éducation dans une spécialisation particulière peut être exigée.
40012.00,"Plusieurs années d'expérience comme enseignant et comme agent de programmes, recherchiste ou expert-conseil de l'administration publique dans le domaine des politiques d'enseignement, sont habituellement exigées."
40012.00,Un brevet d'enseignement provincial est habituellement exigé.
40019.00,"Un baccalauréat en sciences sociales, en droit ou en administration des affaires est exigé."
40019.00,"Plusieurs années d'expérience en élaboration de politiques gouvernementales, en recherche ou en administration de programmes ou dans une profession reliée aux sciences sociales, au droit ou à l'administration des affaires sont habituellement exigées."
40020.01,Un diplôme d'études supérieures dans un domaine relié à la faculté visée etplusieurs années d'expérience en tant que professeur au niveau universitaire ou collégial sont exigés des administrateurs de faculté.
40020.02,Un diplôme universitaire de premier cycle en administration des affaires ou dans un domaine connexe etplusieurs années d'expérience en administration des affaires sont exigés des registraires.
40020.03,Un diplôme universitaire de premier cycle en administration des affaires oudes compétences et une certification dans le domaine d'enseignement sont habituellement exigés des administrateurs d'autres types d'écoles de formation professionnelle.
40021.01,Un baccalauréat en éducation est exigé.
40021.01,Une maîtrise en éducation peut être exigée.
40021.01,Plusieurs années d'expérience comme enseignant en chef ou chef de département sont exigées.
40021.01,Un certificat d'enseignant est exigé par la province d'emploi.
40021.01,Un certificat de directeur d'école est parfois exigé des directeurs d'école.
40021.02,Un baccalauréat en éducation est exigé.
40021.02,Une maîtrise en éducation peut être exigée.
40021.02,Plusieurs années d'expérience comme enseignant en chef ou chef de département sont exigées.
40021.02,Un certificat d'agent de supervision est parfois exigé des administrateurs de programmes d'enseignement aux niveaux primaire et secondaire.
40030.00,"Une maîtrise en sciences sociales ou dans une discipline de l'administration etplusieurs années d'expérience dans un poste connexe, tel que travailleur de services sociaux et communautaires, recherchiste des politiques sociales ou de santé, conseiller ou agent de programme, agent de probation ou de libération conditionnelle, ou travailleur social, sont habituellement exigées des directeurs des services sociaux, communautaires et correctionnels."
40030.00,"Une vaste expérience dans un poste, une profession ou une industrie connexe est exigée des directeurs d'associations et d'organismes dotés d'une affiliation."
40040.00,Un diplôme d'études secondaires est exigé.
40040.00,Un diplôme d'études universitaires en sciences sociales ou en gestion des affaires est habituellement exigé.
40040.00,Plusieurs années d'expérience comme officier de police sont exigées.
40041.00,Un diplôme d'études secondaires est exigé.
40041.00,"La réussite d'un programme collégial spécialisé en technologie de protection d'incendies, en science du feu ou dans une discipline connexe est habituellement exigée."
40041.00,Un cours de formation provincial ou municipal destiné aux pompiers est exigé.
40041.00,Un minimum de dix ans d'expérience comme pompier permet habituellement d'accéder à un poste d'officier supérieur.
40042.00,Un diplôme d'études universitaires est habituellement exigé.
40042.00,Une formation militaire est exigée.
40042.00,Une expérience en tant que sous-officier dans les Forces armées ainsi qu'une habileté reconnue en leadership peuvent suppléer à la formation universitaire.
40042.00,"Les hauts gradés, par exemple colonel, doivent posséder une expérience de plusieurs années dans le service militaire."
41100.00,Une vaste expérience en tant qu'avocat ou professeur de droit ainsi qu'une adhésion continue au barreau sont habituellement exigées.
41100.00,Une adhésion en règle à l'association professionnelle de la province ou du territoire ou du barreau est exigée.
41100.00,Les nominations des juges sont faites par le cabinet provincial ou fédéral.
41100.00,"Les juges nommés à des postes plus élevés, tels que juge en chef, ont habituellement de l'expérience en tant que juge à cette cour."
41101.00,Avocats
41101.00,"Deux à trois ans d'études de premier cycle ou, au Québec, un diplôme d'études collégiales, un baccalauréat d'une école de droit reconnue, la réussite de l'examen du barreau ainsi qu'une période de stage sont exigés."
41101.00,Un permis d'exercer accordé par le barreau de la province ou du territoire est exigé.
41101.00,Être un membre actif d'un barreau de la province ou du territoire de pratique du droit.
41101.00,Notaires (au Québec)
41101.00,"Un baccalauréat en droit civil d'une école de droit reconnue et une maîtrise en droit notarial, qui comprend un stage de 16 semaines, d’une école de droit reconnue sont exigés."
41101.00,Un programme de formation de 15 jours à la Chambre des notaires du Québec est exigé.
41101.00,Une licence de la Chambre des notaires du Québec est exigée.
41200.00,Un doctorat dans le domaine de spécialisation est exigé des professeurs universitaires.
41200.00,Une maîtrise dans le domaine de spécialisation est exigée des chargés de cours au niveau universitaire.
41200.00,"Une licence ou l'accréditation peut être exigée des professeurs enseignant à des étudiants qui exerceront une profession dont le champ d'exercice est réglementé tel que la médecine, le génie, l'architecture, la psychologie ou le droit."
41201.01,"L'inscription à un programme d'études universitaires ou collégiales, ou la réussite de celui-ci, est exigée."
41201.02,"L'inscription à un programme d'études universitaires ou collégiales, ou la réussite de celui-ci, est exigée."
41210.00,"Un baccalauréat, un diplôme d'études collégiales ou des compétences marquées dans la discipline d'enseignement sont exigés."
41210.00,Une maîtrise dans la discipline d'enseignement peut être exigée.
41210.00,"Un certificat, un diplôme ou un grade en éducation des adultes peut être exigé."
41210.00,Un programme d'apprentissage et un certificat de qualification ou un certificat de l'industrie sont exigés des professeurs de métiers. Des cours complémentaires en enseignement ou un brevet d'enseignement provincial peuvent également être exigés.
41220.00,"Un baccalauréat en éducation, souvent précédé d'un baccalauréat en arts ou en sciences, est exigé des enseignants de matières scolaires."
41220.00,"Un baccalauréat en éducation, généralement précédé d'une formation ou d'une expérience spécialisée dans la matière enseignée, est exigé des professeurs d'éducation technique ou professionnelle."
41220.00,"Au Québec, un programme d'apprentissage et un certificat de qualification ou un certificat de l'industrie sont exigés des professeurs de métiers."
41220.00,Plusieurs années d'expérience en enseignement sont habituellement exigées des chefs de département.
41220.00,"Une formation supplémentaire est exigée pour se spécialiser en anglais ou en français, langue seconde, ou en orthopédagogie."
41220.00,Un brevet d'enseignement provincial est exigé.
41220.00,L'adhésion à une association ou une fédération provinciale ou territoriale d'enseignants et enseignantes peut être exigée.
41221.00,Un baccalauréat en éducation est exigé.
41221.00,Un baccalauréat en développement de l'enfant peut être exigé.
41221.00,Une formation supplémentaire est exigée pour se spécialiser en orthopédagogie ou dans l'enseignement des langues secondes.
41221.00,"Un brevet d'enseignement provincial est exigé. Un brevet supplémentaire est exigé pour enseigner le français ou l'anglais, langue seconde."
41221.00,L'adhésion à une association ou une fédération provinciale ou territoriale d'enseignants peut être exigée.
41300.00,"Un baccalauréat en travail social est exigé à Terre-Neuve-et-Labrador, en Nouvelle-Écosse, à l'Île-du-Prince-Édouard, au Nouveau-Brunswick, au Québec, en Ontario, au Manitoba, en Saskatchewan, en Colombie-Britannique, dans les Territoires du Nord-Ouest et au Nunavut."
41300.00,"En Alberta, un baccalauréat ou un diplôme en travail social est exigé."
41300.00,Un stage pratique sous surveillance est habituellement exigé.
41300.00,La réussite aux examens écrits et oraux de la province peut être exigée.
41300.00,"L'appartenance à un organisme de réglementation provincial est exigée à Terre-Neuve-et-Labrador, en Nouvelle-Écosse, à l'Île-du-Prince-Édouard, au Nouveau-Brunswick, au Québec, en Ontario, en Alberta et en Colombie-Britannique pour exercer la profession de travailleur social."
41300.00,L'emploi des titres professionnels « travailleur social » et « travailleur social autorisé » est réglementé dans toutes les provinces.
41300.00,L'appartenance à une association provinciale de travailleurs sociaux est habituellement exigée.
41301.00,"Un baccalauréat ou une maîtrise en counseling, en thérapie, en santé mentale, en psychologie ou dans une discipline connexe aux services sociaux est exigé et une période de travail clinique supervisée auprès de clients peut être exigée."
41301.00,"Une maitrise en thérapie est exigée des art thérapeutes, musicothérapeutes et thérapeutes par la danse."
41301.00,L’adhésion à une association provinciale ou fédérale est habituellement exigée par les employeurs.
41301.00,Un permis d'exercice d'un organisme de réglementation provincial est exigé en Nouvelle-Écosse et au Nouveau-Brunswick pour les thérapeutes en counseling.
41301.00,"Pour exercer la psychothérapie, un permis est requis au Québec et l’inscription auprès de l’organisme de réglementation approprié est requise en Ontario."
41301.00,"Au Québec, un permis d'exercice d'un organisme de réglementation provincial est exigé des thérapeutes matrimoniaux et familiaux, des psychoéducateurs, des sexologues et des criminologues."
41302.00,"Un diplôme d’études collégiales, universitaires ou autre programme d’études religieuses est habituellement exigé. Une maîtrise en théologie peut être exigée pour certaines professions dans ce groupe de base."
41302.00,Une période de formation sous la surveillance d'un ministre supérieur est habituellement exigée.
41310.01,Un diplôme d’études secondaire est exigé.
41310.01,Plusieurs années d’expérience comme agent de police sont exigées.
41310.01,Un diplôme d’études universitaires en enquête policière est exigée au Québec.
41310.01,Une formation ou une certification spécialisée peut être exigée pour certains domaines d’investigations.
41310.02,"Les médecins légistes doivent avoir une licence médicale active en Alberta, au Manitoba, et Nouvelle-Écosse et à Terre-Neuve-et-Labrador."
41310.02,"En Ontario et à l'Île-du-Prince-Édouard, les coroners doivent être des médecins titulaires d'un permis médical actif."
41310.02,"Au Québec, les coroners doivent être des membres non retraités du Collège des médecins du Québec, du Barreau du Québec ou de la Chambre des notaires du Québec et posséder un minimum de quatre années d'expérience professionnelle dans leur pratique."
41310.02,"Au Nouveau-Brunswick, en Saskatchewan, en Colombie-Britannique ainsi qu’au Yukon, les Territoires du Nord-Ouest et au Nunavut, il est préférable que les coroners aient une formation et une expérience dans le domaines juridique, médical or d’enquête."
41311.00,"Un baccalauréat en travail social, en criminologie, en psychologie, en sociologie ou dans une autre discipline des sciences sociales est exigé."
41311.00,"Une maîtrise en travail social, en criminologie, en psychologie ou dans une autre discipline des sciences sociales peut être exigée."
41320.00,"Un baccalauréat en orientation, en développement de carrière, en éducation ou en sciences sociales est exigé des conseillers qui travaillent en milieu scolaire."
41320.00,"Une maîtrise en psychologie de l'orientation ou dans un domaine connexe, comme la psychologie de l'éducation, la psychologie du développement ou le travail social est habituellement exigée."
41320.00,Les conseillers en information scolaire qui travaillent dans les établissements d'enseignement postsecondaire doivent posséder un diplôme de premier cycle et parfois un grade supérieur. Une spécialisation dans un domaine particulier des études peut aussi être exigée.
41320.00,"Au Québec, l'adhésion à L'Ordre des conseillers et conseillères d'orientation est exigée pour employer les désignations professionnelles «conseiller d'orientation», «orienteur» et «orienteur professionnel»."
41320.00,Un brevet d'enseignement de la province d'emploi ainsi qu'une certaine expérience en enseignement sont habituellement exigés des conseillers qui travaillent dans les écoles.
41320.00,"Les conseillers en information scolaire qui travaillent dans des collèges et des universités peuvent devoir obtenir un permis d'exercice de l'organisme provincial de réglementation pour les psychologues, les conseillers d'orientation ou les travailleurs sociaux."
41321.00,"Un baccalauréat ou un diplôme d'études collégiales en counseling d'emploi, en développement de carrière ou dans un domaine connexe, tel que le développement des ressources humaines, la psychologie, l'éducation ou les services sociaux est exigé."
41321.00,"Une maîtrise en psychologie du counseling ou dans un domaine connexe tel que la psychologie éducationnelle, la psychologie du développement humain ou le travail social peut être exigée."
41321.00,La certification professionnelle en réadaptation professionnelle peut être exigée de certains employeurs.
41321.00,"Au Québec, seuls les membres de l’Ordre des conseillers et conseillères d'orientation du Québec peuvent utiliser les titres de « conseiller d’orientation », « conseillère d’orientation », « orienteur professionnel » et « orienteur »."
41321.00,"Au Nouveau-Brunswick, seuls les membres du Collège des conseillers et conseillères thérapeutes du Nouveau-Brunswick peuvent utiliser le titre de « conseiller en orientation agréé » ou « conseillère en orientation agréée »."
41321.00,"En Nouvelle-Écosse, Ontario, Alberta, Colombie-Britannique, ainsi qu’au Nouveau-Brunswick, la certification de professionnel/praticien agréé en développement de carrière (CCDP) peut être exigée de certains employeurs."
41400.01,Un baccalauréat ou un diplôme d'études collégiales dans un domaine connexe scientifique ou technique est habituellement exigé dans ce groupe de base.
41400.01,Une maîtrise dans un domaine scientifique connexe peut être exigée.
41400.01,Une certification par l'entremise du Conseil canadien de certification des praticiens en ergonomie est exigée afin d'utiliser le titre de Certificat canadien de praticien(ne) en ergonomie (CCPE). L'adhésion à l'Association canadienne d'ergonomie peut être exigée.
41400.02,Un baccalauréat ou un diplôme d'études collégiales dans un domaine connexe scientifique ou technique est habituellement exigé dans ce groupe de base.
41400.02,Une maîtrise dans un domaine scientifique connexe peut être exigée.
41400.02,Une certification du Conseil canadien d'agrément des hygiénistes du travail peut être exigée des hygiénistes industriels.
41400.03,Un baccalauréat ou un diplôme d'études collégiales dans un domaine connexe scientifique ou technique est habituellement exigé dans ce groupe de base.
41400.03,Une maîtrise dans un domaine scientifique connexe peut être exigée.
41400.03,Un an d'expérience dans le domaine des brevets et la réussite d'examens du Commissionnaire des brevets sont exigés des agents de brevets. Ils peuvent aussi devoir être inscrits dans le répertoire des agents de brevets.
41400.03,La certification de Leadership in Energy and Environmental Design (LEED) offert par le Conseil du bâtiment durable du Canada peut être exigée pour les professions impliquées dans la conception de bâtiments durables et le développement des technologies vertes.
41400.04,Un baccalauréat ou un diplôme d'études collégiales dans un domaine connexe scientifique ou technique est habituellement exigé dans ce groupe de base.
41400.04,Une maîtrise dans un domaine scientifique connexe peut être exigée.
41400.04,La certification de Leadership in Energy and Environmental Design (LEED) offert par le Conseil du bâtiment durable du Canada peut être exigée pour les professions impliquées dans la conception de bâtiments durables et le développement des technologies vertes.
41400.05,Un baccalauréat ou un diplôme d'études collégiales dans un domaine connexe scientifique ou technique est habituellement exigé dans ce groupe de base.
41400.05,Une maîtrise dans un domaine scientifique connexe peut être exigée.
41401.00,"Une maîtrise en économie ou dans un domaine connexe, comme l'administration des affaires ou la statistique, est habituellement exigée."
41401.00,Un doctorat en économie peut être exigé.
41402.00,"Un baccalauréat en économie, en commerce, en administration des affaires ou en administration publique est exigé."
41402.00,L'agrément de spécialiste autorisé en développement économique (Ec.D.) peut être exigé.
41402.00,L’agrément de professionnel agréé en recherche marketing (PARM) peut être exigé.
41403.01,"Un baccalauréat ou un diplôme d'études collégiales dans le domaine des sciences sociales, dans une discipline connexe ou en administration des affaires est habituellement exigé."
41403.01,"Une maîtrise dans le domaine des sciences sociales, dans une discipline connexe ou en administration des affaires peut être exigée."
41403.01,Un permis d'exercice du Conseil de réglementation des consultants en immigration du Canada est exigé des consultants réglementés en immigration canadienne.
41403.02,"Les conseillers en économie domestique doivent avoir un baccalauréat en économie domestique, en enseignement des sciences domestiques, en écologie humaine, en alimentation et nutrition ou en sciences de la famille et de la consommation."
41403.02,"L'inscription est offerte, bien que facultative, pour les conseillers en économie domestique, cependant l'utilisation de la désignation « Professional Home Economist » est réglementée au Nouveau-Brunswick, en Ontario, au Manitoba et en Alberta, et « Registered Professional Home Economist » en Colombie-Britannique."
41403.03,"Un baccalauréat ou un diplôme d'études collégiales dans le domaine des sciences sociales, dans une discipline connexe ou en administration des affaires est habituellement exigé."
41403.03,"Une maîtrise dans le domaine des sciences sociales, dans une discipline connexe ou en administration des affaires peut être exigée."
41403.04,"Un baccalauréat ou un diplôme d'études collégiales dans le domaine des sciences sociales, dans une discipline connexe ou en administration des affaires est habituellement exigé."
41403.04,"Une maîtrise dans le domaine des sciences sociales, dans une discipline connexe ou en administration des affaires peut être exigée."
41403.04,Un permis d'exercice du Conseil de réglementation des consultants en immigration du Canada est exigé des consultants réglementés en immigration canadienne.
41403.05,"Un baccalauréat ou un diplôme d'études collégiales dans le domaine des sciences sociales, dans une discipline connexe ou en administration des affaires est habituellement exigé."
41403.05,"Une maîtrise dans le domaine des sciences sociales, dans une discipline connexe ou en administration des affaires peut être exigée."
41403.06,"Un baccalauréat ou un diplôme d'études collégiales dans le domaine des sciences sociales, dans une discipline connexe ou en administration des affaires est habituellement exigé."
41403.06,"Une maîtrise dans le domaine des sciences sociales, dans une discipline connexe ou en administration des affaires peut être exigée."
41403.07,"Un baccalauréat ou un diplôme d'études collégiales dans le domaine des sciences sociales, dans une discipline connexe ou en administration des affaires est habituellement exigé."
41403.07,"Une maîtrise dans le domaine des sciences sociales, dans une discipline connexe ou en administration des affaires peut être exigée."
41404.00,"Un baccalauréat ou un diplôme d'études collégiales en sciences de la santé, en administration publique, en administration des loisirs ou en administration hospitalière, ou un baccalauréat en sciences sociales, est exigé."
41404.00,"Un diplôme d'études supérieures en sciences de la santé, en sciences sociales ou dans une discipline administrative peut être exigé."
41404.00,"Plusieurs années d'expérience dans le domaine de la santé, à titre de professionnel des soins de santé ou de travailleur des services communautaires ou des services sociaux, sont habituellement exigées."
41405.00,Un baccalauréat en sciences de l'éducation ou dans une discipline telle que les sciences sociales ou l'administration des affaires est exigé.
41405.00,Une maîtrise en éducation peut être exigée.
41405.00,Une formation spécialisée ou l'accréditation peut être exigée.
41405.00,Plusieurs années d'expérience comme enseignant sont habituellement exigées.
41405.00,Un brevet d'enseignement provincial est habituellement exigé pour travailler dans les ministères de l'Éducation provinciaux.
41406.01,"Un diplôme d'études universitaires en administration des loisirs, en administration des sports, en éducation physique, en kinésiologie ou dans une discipline connexe ainsi que de l'expérience de travail dans un domaine connexe ouun diplôme d'études collégiales en sports, en loisirs ou en conditionnement physique, ainsi que de l'expérience dans un domaine connexe, sont exigés."
41406.02,"Un diplôme d'études universitaires en administration des loisirs, en administration des sports, en éducation physique, en kinésiologie ou dans une discipline connexe ainsi que de l'expérience de travail dans un domaine connexe ouun diplôme d'études collégiales en sports, en loisirs ou en conditionnement physique, ainsi que de l'expérience dans un domaine connexe, sont exigés."
41406.03,"Un diplôme d'études universitaires en administration des loisirs, en administration des sports, en éducation physique, en kinésiologie ou dans une discipline connexe ainsi que de l'expérience de travail dans un domaine connexe ouun diplôme d'études collégiales en sports, en loisirs ou en conditionnement physique, ainsi que de l'expérience dans un domaine connexe, sont exigés."
41406.03,"De l'expérience en tant qu'animateur ou responsable de programmes de sports, de loisirs et de conditionnement physique est exigée des superviseurs des programmes de loisirs et de conditionnement physique. Un certificat dans un programme spécialisé, tel que le conditionnement physique ou le secourisme, peut également être exigé."
41407.00,Un baccalauréat est habituellement exigé.
41407.00,Une maîtrise peut être exigée.
41407.00,"Plusieurs années d'expérience comme recherchiste, expert-conseil ou administrateur de programmes peuvent être exigées."
41407.00,Les agents du service extérieur doivent passer un examen d'entrée.
41409.01,Une maîtrise ou un doctorat dans le domaine d'expertise est habituellement exigé.
41409.02,Une maîtrise ou un doctorat dans le domaine d'expertise est habituellement exigé.
41409.03,Une maîtrise ou un doctorat dans le domaine d'expertise est habituellement exigé.
41409.04,Une maîtrise ou un doctorat dans le domaine d'expertise est habituellement exigé.
41409.05,Une maîtrise ou un doctorat dans le domaine d'expertise est habituellement exigé.
41409.06,Une maîtrise ou un doctorat dans le domaine d'expertise est habituellement exigé.
41409.07,Une maîtrise ou un doctorat dans le domaine d'expertise est habituellement exigé.
41409.08,Une maîtrise ou un doctorat dans le domaine d'expertise est habituellement exigé.
41409.09,Une maîtrise ou un doctorat dans le domaine d'expertise est habituellement exigé.
41409.09,"Au Québec, l’appartenance à l’Ordre des criminologues est exigée pour utiliser le titre de Criminologue."
42100.00,Un diplôme d'études secondaires est exigé.
42100.00,Un programme d'études collégiales en techniques policières est exigé au Québec et habituellement exigé dans les autres provinces et territoires.
42100.00,Un programme de formation en patrouille-gendarmerie de trois à six mois est exigé.
42100.00,"Le policier doit satisfaire des critères d'agilité, de force, de condition physique et de bonne vision. Des épreuves psychologiques et autres sont aussi exigées."
42100.00,Une formation ou une accréditation spécialisée peut être exigée pour certains domaines des services de police.
42101.00,Un diplôme d'études secondaires est habituellement exigé.
42101.00,"Une formation collégiale spécialisée en technologie de protection d'incendies, en science du feu ou dans un domaine connexe,etune formation pratique supervisée sont habituellement exigées."
42101.00,Des cours de formation en lutte contre les incendies et en soins médicaux d'urgence sont fournis. La durée de ces cours varie selon les exigences des différents services d'incendie.
42101.00,"Un certificat de qualification pour les pompiers est obligatoire en Nouvelle-Écosse, au Québec, en Ontario, au Manitoba et en Alberta et est offert, bien que facultatif, à Terre-Neuve-et-Labrador, à L'Île-du-Prince-Édouard, au Nouveau-Brunswick, en Saskatchewan, en Colombie-Britannique, au Yukon, dans les Territoires du Nord-Ouest et au Nunavut."
42101.00,De l'expérience en tant que pompier bénévole peut être un atout.
42101.00,"Des exigences de conditionnement physique, d'agilité, de force et de vision doivent être respectées."
42101.00,"Plusieurs années d'expérience sont exigées pour les pompiers de niveau supérieur, tels que les lieutenants et les capitaines."
42102.00,Un diplôme d'études secondaires est exigé.
42102.00,Une formation militaire de base de trois mois est requise et offerte.
42102.00,Une formation de qualification professionnelle d'au moins deux ans est requise.
42102.00,Une formation spécialisée dans l'opération et l'entretien de matériel et de systèmes militaires est offerte.
42200.01,Un baccalauréat en droit ou un diplôme d'études collégiales en droit et une formation interne dans un cabinet d'avocats ou dans une autre entreprise de services juridiques sont exigés des techniciens juridiques.
42200.01,Un permis est exigé des techniciens juridiques pour la prestation de services juridiques avancés.
42200.02,"Une connaissance des principes et procédures juridiques, habituellement acquise à partir de cours parrainés par l'entreprise et avec l'expérience, est exigée des techniciens juridiques indépendants. Ceux-ci peuvent également se qualifier en suivant un programme d'études en techniques juridiques dans un collège communautaire."
42200.02,Un permis est exigé des techniciens juridiques pour la prestation de services juridiques avancés.
42200.03,Un diplôme universitaire en droit ou dans un domaine connexe est habituellement exigé des notaires publics.
42200.03,Les notaires publics sont nommés après que leurs qualifications ont été examinées et certifiées par l'organisme judiciaire de réglementation ayant autorité de la province ou du territoire. La nomination des notaires publics est systématiquement soumise à des limites précises quant aux fonctions qu'ils peuvent exercer ainsi qu'à la durée de l'exercice de ces fonctions.
42200.03,"Un permis provincial est exigé des notaires publics. En Colombie-Britannique, l'adhésion à la Society of Notaries Public est également exigée."
42200.04,"Pour obtenir un permis d'exercice, les agents de marques de commerce doivent travailler dans le domaine du droit des marques de commerce, ce qui inclut la préparation et l'exécution de demandes d'enregistrement de marques de commerce et ce, pendant deux ans, etils doivent réussir l'examen administré conjointement par l'Institut canadien de la propriété intellectuelle et le registraire des marques de commerce de l'Office de la propriété intellectuelle du Canada ouils doivent satisfaire l'une ou l'autre des deux exigences précédentes et être un avocat ayant le droit d'exercer la profession au Canada."
42200.04,Les agents de marques de commerce doivent être inscrits au Bureau des marques de commerce du gouvernement fédéral.
42200.05,"Les exigences des juges de paix peuvent varier d’une formation en droit et en justice, a l’achèvement d’un greffier de la justice, d’un juge de paix ou d’un autre programme de formation judiciaire, selon leurs fonctions et responsabilités."
42200.05,"Les juges de paix dans les provinces sont nommés par le lieutenant-gouverneur en conseil et, dans les territoires, par des commissaires territoriaux nommes par le gouvernement fédéral."
42201.00,"Un diplôme d'études collégiales ou universitaires spécialisées en travail social, en soins à l'enfance et à la jeunesse, en psychologie ou en toute autre discipline des sciences sociales ou de la santé sont habituellement exigées."
42201.00,De l'expérience du milieu des services sociaux en tant que bénévole ou dans les services de soutien peut suppléer aux exigences scolaires pour certaines professions dans ce groupe de base.
42201.00,Les travailleurs des services sociaux peuvent devoir être membres d'un organisme de réglementation provincial dans certaines provinces.
42202.01,Un programme d'études collégiales de deux à quatre ans en éducation de la petite enfance ou un baccalauréat en développement de l'enfant est exigé.
42202.01,L'accréditation est exigée en Ontario et la reconnaissance professionnelle en Colombie-Britannique pour les éducateurs de la petite enfance. L'accréditation est habituellement exigée dans les autres provinces et territoires pour les éducateurs de la petite enfance.
42202.02,Un diplôme d'études secondaires est exigé.
42202.02,De l'expérience avec les enfants est exigée.
42202.02,Un programme menant à un certificat d'aide-éducateur de la petite enfance ou des cours au niveau postsecondaire en éducation de la petite enfance peuvent être exigés.
42202.02,L'accréditation par une association provinciale ou territoriale en tant qu'éducateur de la petite enfance peut être exigée.
42203.00,"Un programme collégial en éducation spécialisée, en réadaptation, en orientation et en mobilité, ou en déficience visuelle, auditive ou intellectuelle est exigé."
42203.00,Un baccalauréat en éducation spécialisée ou dans un domaine connexe tel que le travail social ou la psychologie peut être exigé.
42204.00,"Un diplôme d'études collégiales, universitaires ou autre programme d'études religieuses peut être exigé selon la profession ou la religion."
42204.00,"D'autres conditions d'accès à la profession peuvent être exigées, selon la profession ou la religion."
43100.00,Un diplôme d'études secondaires est exigé.
43100.00,"Un diplôme collégial de 10 mois en assistance à l'enseignement, en assistance pédagogique ou dans un autre programme en sciences sociales est habituellement exigé des aides-enseignants."
43100.00,Une formation spécialisée et de l'expérience peuvent être exigées des aides-enseignants qui aident les élèves ayant des besoins spéciaux.
43109.01,Des compétences dans la matière enseignée doivent être démontrées.
43109.01,Les instructeurs de conduite automobile doivent obtenir un permis spécial d'instructeur de conduite automobile dans leur province d'emploi.
43109.01,Un certificat de l'Association canadienne de yachting peut être exigé des moniteurs de voile et des instructeurs en navigation.
43109.02,Des compétences dans la matière enseignée doivent être démontrées.
43109.03,Des compétences dans la matière enseignée doivent être démontrées.
43109.04,Des compétences dans la matière enseignée doivent être démontrées.
43200.00,Un diplôme d'études secondaires est exigé.
43200.00,Un diplôme d'études collégiales ou un baccalauréat en techniques juridiques est exigé.
43200.00,"De l'expérience en tant qu'huissier de justice ou shérif adjoint ou dans le domaine des services de garde (détention), d'escorte ou de sécurité est exigée des shérifs."
43200.00,Les huissiers de justice doivent habituellement avoir de l'expérience dans un domaine lié au maintien de l'ordre ainsi qu'une connaissance des lois et règlements applicables.
43200.00,Une formation provinciale obligatoire peut être requise.
43200.00,L'appartenance à l'organisme de réglementation provincial est obligatoire pour les huissiers de justice au Québec.
43201.00,Un diplôme d'études secondaires est exigé.
43201.00,"Des études postsecondaires dans les services correctionnels, les études de technique policière ou la criminologie sont exigées au Nouveau-Brunswick, au Québec, en Alberta et en Île-du-Prince-Édouard."
43201.00,Les agents de services correctionnels doivent réussir le cours de formation du Service correctionnel du Canada pour être employés dans les établissements fédéraux.
43201.00,Les agents de services correctionnels doivent habituellement réussir un cours de formation de base pour être employés dans les établissements provinciaux et territoriaux.
43201.00,"Des exigences d'agilité physique, de force et de forme physique doivent être respectées."
43201.00,Les superviseurs des agents de services correctionnels doivent avoir travaillé comme agents de services correctionnels.
43201.00,Un certificat en secourisme et en réanimation cardiorespiratoire (RCR) est habituellement exigé.
43202.01,Un diplôme d'études secondaires est exigé.
43202.01,Un diplôme d'études collégiales ou des cours en droit et en sécurité ou dans un domaine connexe oude l'expérience dans un poste connexe en administration ou en réglementation sont habituellement exigés.
43202.01,Une formation en cours d'emploi est offerte.
43202.02,Un diplôme d'études secondaires est exigé.
43202.02,Un diplôme d'études collégiales ou des cours en droit et en sécurité ou dans un domaine connexe oude l'expérience dans un poste connexe en administration ou en réglementation sont habituellement exigés.
43202.02,Une formation en cours d'emploi est offerte.
43202.03,Un diplôme d'études secondaires est exigé.
43202.03,Un diplôme d'études collégiales ou des cours en droit et en sécurité ou dans un domaine connexe oude l'expérience dans un poste connexe en administration ou en réglementation sont habituellement exigés.
43202.03,Une formation en cours d'emploi est offerte.
43202.04,Un diplôme d'études secondaires est exigé.
43202.04,Un diplôme d'études collégiales ou des cours en droit et en sécurité ou dans un domaine connexe oude l'expérience dans un poste connexe en administration ou en réglementation sont habituellement exigés.
43202.04,Une formation en cours d'emploi est offerte.
43202.05,Un diplôme d'études secondaires est exigé.
43202.05,Un diplôme d'études collégiales ou des cours en droit et en sécurité ou dans un domaine connexe oude l'expérience dans un poste connexe en administration ou en réglementation sont habituellement exigés.
43202.05,Une formation en cours d'emploi est offerte.
43202.06,Un diplôme d'études secondaires est exigé.
43202.06,Un diplôme d'études collégiales ou des cours en droit et en sécurité ou dans un domaine connexe oude l'expérience dans un poste connexe en administration ou en réglementation sont habituellement exigés.
43202.06,Une formation en cours d'emploi est offerte.
43202.07,Un diplôme d'études secondaires est exigé.
43202.07,Un diplôme d'études collégiales ou des cours en droit et en sécurité ou dans un domaine connexe oude l'expérience dans un poste connexe en administration ou en réglementation sont habituellement exigés.
43202.07,Une formation en cours d'emploi est offerte.
43202.08,Un diplôme d'études secondaires est exigé.
43202.08,"Un diplôme d'études collégiales en technologie du génie civil ou de l'architecture et plusieurs années d'expérience dans le domaine de l'application de règlements, de la construction ou un domaine connexe peuvent être exigés des inspecteurs du zonage ou des agents d'application des règlements de zonage."
43202.08,Une formation en cours d'emploi est offerte.
43203.01,Une formation en ligne de quatre semaines et une formation spécialisée de quatre mois et demi au Collège de l’ASFC sont obligatoires pour les agents des services frontaliers.
43203.01,"Les agents des services frontaliers doivent réussir l’examen d’entrée des officiers stagiaires (EEOS), le Cours canadien de sécurité dans le maniement des armes à feu (CCSMAF) et le Cours canadien de sécurité dans le maniement des armes à feu à autorisation restreinte (CCSMAFAR)."
43203.01,"Les agents des services frontaliers doivent réussir une évaluation psychologique, une évaluation des aptitudes psychiques (EAP) et un examen médical."
43203.01,Les agents étudiants de services frontaliers doivent suivre la Formation sur les techniques de maîtrise et de défense (TDM).
43203.01,Un permis de conduire est exigé.
43203.02,Un diplôme d’études secondaires est exigé.
43203.02,Un programme de formation spécialisée offert par le gouvernement est habituellement exigé.
43204.00,Un diplôme d'études secondaires est habituellement exigé.
43204.00,Une formation militaire de base de trois mois est requise et offerte.
43204.00,Une formation de qualification professionnelle d'au moins six mois est requise.
43204.00,Une formation spécialisée dans l'opération et l'entretien de matériel et de systèmes militaires est offerte.
44100.01,Un diplôme d'études secondaires peut être exigé.
44100.01,"Un programme de formation en soins des enfants ou dans un domaine connexe peut être exigé des dispensateurs de soins aux enfants à domicile, des aides à la famille et des parents de famille d'accueil."
44100.01,De l'expérience en soins des enfants ou en économie domestique peut être exigée.
44100.01,Une aptitude manifeste à exécuter le travail est habituellement exigée.
44100.01,Un certificat en secourisme et une formation en réanimation cardiorespiratoire (RCR) peuvent être exigés.
44100.02,Un diplôme d'études secondaires peut être exigé.
44100.02,"Un programme de formation en soins des enfants ou dans un domaine connexe peut être exigé des dispensateurs de soins aux enfants à domicile, des aides à la famille et des parents de famille d'accueil."
44100.02,De l'expérience en soins des enfants ou en économie domestique peut être exigée.
44100.02,Un certificat en secourisme et une formation en réanimation cardiorespiratoire (RCR) peuvent être exigés.
44101.00,Quelques années d'études secondaires sont habituellement exigées.
44101.00,De l'expérience en économie domestique peut être exigée.
44101.00,Une formation collégiale ou d'autres cours en services de maintien à domicile peut être exigée.
44101.00,Un certificat en secourisme peut être exigé.
44101.00,"La réussite d'un programme de formation en soins des personnes âgées, handicapées ou convalescentes, ou d'un programme connexe, peut être exigée."
44200.00,Un diplôme d'études secondaires est habituellement exigé.
44200.00,Une formation militaire de base de trois mois est offerte.
44200.00,Une formation spécialisée dans l'opération et l'entretien de matériel et de systèmes militaires est offerte.
45100.01,Un diplôme d’études secondaires peut être exigé.
45100.01,Un certificat en secourisme et une formation en réanimation cardiorespiratoire (RCR) peuvent être exigés.
45100.02,Un certificat en secourisme et une formation en réanimation cardiorespiratoire (RCR) peuvent être exigés.
50010.00,"Un diplôme d'études supérieures en archivistique ou en histoire et plusieurs années d'expérience comme archiviste ou en recherche historique, y compris de l'expérience en supervision sont exigés."
50010.00,"Un diplôme d'études supérieures en bibliothéconomie et en sciences de l'information et plusieurs années d'expérience comme bibliothécaire, y compris de l'expérience en supervision sont exigés."
50011.00,"Un diplôme d'études universitaires ou collégiales en communication, en radiotélédiffusion, en journalisme ou dans un autre domaine des arts est habituellement exigé."
50011.00,"Plusieurs années d'expérience dans l'édition, le cinéma, la radiotélédiffusion ou le théâtre sont habituellement exigées."
50012.00,"Un diplôme d'études universitaires en récréologie, en éducation physique, en administration des sports ou dans une discipline connexeouun diplôme d'études collégiales en gestion des loisirs ou en administration des sports est habituellement exigé."
50012.00,Un certificat d'entraîneur dans une discipline sportive particulière peut être exigé des directeurs généraux de fédérations sportives.
50012.00,"Plusieurs années d'expérience dans un poste relié à l'administration des sports et des loisirs, à la consultation et à la programmation sont habituellement exigées."
50012.00,Une accréditation municipale comme directeur des loisirs peut être exigée des directeurs des loisirs.
51100.00,Une maîtrise en bibliothéconomie ou une maîtrise en sciences de l'information ou une maîtrise d'un programme accrédité par l'American Library Association est exigée.
51101.01,Les restaurateurs peuvent recevoir un agrément de l’Association Canadienne des restaurateurs professionnels.
51101.01,Une maîtrise en conservation des arts ouun diplôme d'études collégiales de deux ans en technique de restauration et plusieurs années d'expérience en restauration sont exigés des restaurateurs.
51101.02,"Une maîtrise ou un baccalauréat en muséologie, en histoire de l'art ou dans un domaine relié à leur travail sont exigés des conservateurs."
51102.00,Un diplôme universitaire de premier cycle (mineure en archivistique) ouun diplôme d'études universitaires auquel s'ajoute un certificat en archivistique est exigé.
51102.00,"Une maîtrise en archivistique, en archivistique et en science de l'information, en bibliothéconomie ou en histoire peut être exigée."
51110.00,"Un baccalauréat en lettres françaises ou anglaises, en journalisme ou dans une discipline connexe est habituellement exigé."
51110.00,Une formation pertinente peut être exigée des réviseurs et des rédacteurs/réviseurs qui se spécialisent dans un sujet particulier.
51110.00,L'adhésion à l'Association canadienne des rédacteurs-réviseurs peut être exigée.
51110.00,"Plusieurs années d'expérience dans le domaine, de la rédaction, de l'édition ou du journalisme sont habituellement exigées."
51111.01,Un dossier de présentation de documents illustrant le talent et la créativité est un préalable important pour l'embauche.
51111.01,Des programmes d'études universitaires et collégiales en création littéraire sont offerts aux écrivains.
51111.01,L'adhésion à une guilde ou à un syndicat relié à la profession peut être exigée.
51111.02,Un dossier de présentation de documents illustrant le talent et la créativité est un préalable important pour l'embauche.
51111.02,L'adhésion à une guilde ou à un syndicat relié à la profession peut être exigée.
51111.03,"Un diplôme d'études universitaires ou collégiales en anglais, en français, en marketing, en publicité ou dans une autre discipline est habituellement exigé des concepteurs-rédacteurs."
51112.00,"Un diplôme d'études universitaires dans le domaine de spécialisation, tel que l'informatique ou le génie, est habituellement exigé."
51113.00,Un diplôme d'études universitaires ou collégiales en journalisme ou dans une discipline connexe tel qu'en communications est habituellement exigé.
51114.01,"Un diplôme universitaire en traduction avec spécialisation en traduction, en terminologie ou en interprétation dans une paire de langues qui comprend au moins une des deux langues officielles ouun diplôme universitaire dans une discipline connexe, telle que les langues, la linguistique, la philologie et des cours de transfert linguistique, et deux ans d'expérience à temps plein en traduction dans une paire de langues qui comprend au moins une des deux langues officielles oucinq ans d'expérience à temps plein en traduction dans une paire de langues qui comprend au moins une des deux langues officielles sont exigés."
51114.01,"L'agrément sur dossier ou par examen de l'association provinciale ou du Conseil des traducteurs, terminologues et interprètes du Canada (CTTIC) peut être exigé des traducteurs, des terminologues et des interprètes."
51114.01,Les traducteurs ou interprètes travaillant dans un contexte international doivent habituellement connaître trois langues.
51114.01,"L'appartenance à l'association provinciale ou territoriale des traducteurs, interprètes et terminologues peut être exigée."
51114.01,L'emploi de titres professionnels peut être réglementé dans certaines provinces.
51114.02,"Un diplôme universitaire en traduction avec spécialisation en traduction, en terminologie ou en interprétation dans une paire de langues qui comprend au moins une des deux langues officielles ouun diplôme universitaire dans une discipline connexe, telle que les langues, la linguistique, la philologie et des cours de transfert linguistique, et deux ans d'expérience à temps plein en traduction dans une paire de langues qui comprend au moins une des deux langues officielles oucinq ans d'expérience à temps plein en traduction dans une paire de langues qui comprend au moins une des deux langues officielles sont exigés."
51114.02,"L'agrément sur dossier ou par examen de l'association provinciale ou du Conseil des traducteurs, terminologues et interprètes du Canada (CTTIC) peut être exigé des traducteurs, des terminologues et des interprètes."
51114.02,"L'appartenance à l'association provinciale ou territoriale des traducteurs, interprètes et terminologues peut être exigée."
51114.03,"Un diplôme universitaire en traduction avec spécialisation en traduction, en terminologie ou en interprétation dans une paire de langues qui comprend au moins une des deux langues officielles ouun diplôme universitaire dans une discipline connexe, telle que les langues, la linguistique, la philologie et des cours de transfert linguistique, et deux ans d'expérience à temps plein en traduction dans une paire de langues qui comprend au moins une des deux langues officielles oucinq ans d'expérience à temps plein en traduction dans une paire de langues qui comprend au moins une des deux langues officielles sont exigés."
51114.03,"L'agrément sur dossier ou par examen de l'association provinciale ou du Conseil des traducteurs, terminologues et interprètes du Canada (CTTIC) peut être exigé des traducteurs, des terminologues et des interprètes."
51114.03,Les traducteurs ou interprètes travaillant dans un contexte international doivent habituellement connaître trois langues.
51114.03,"L'appartenance à l'association provinciale ou territoriale des traducteurs, interprètes et terminologues peut être exigée."
51114.03,Use of professional titles may be regulated in some provinces.
51114.04,Une formation collégiale ou un certificat d'études universitaires en interprétation de la langue des signes est exigé des interprètes en langue des signes.
51114.04,Un certificat ou une évaluation d'agrément d'interprétation en LSQ ou en ASL peut être exigé des interprètes en langue des signes.
51114.04,L'appartenance à l'association provinciale des interprètes en langue des signes peut être exigée.
51120.01,"Un diplôme d'études universitaires ou collégiales dans les arts de la scène, en radiotélédiffusion, journalisme, administration des affaires, production théâtrale ou cinématographie etde l'expérience dans un poste technique ou de production en cinéma, en radiotélédiffusion ou en théâtre sont habituellement exigés."
51120.01,Il faut faire preuve de créativité pour toutes les professions de ce groupe de base.
51120.02,"Un diplôme d'études universitaires ou collégiales dans les arts de la scène, en radiotélédiffusion, journalisme, administration des affaires, production théâtrale ou cinématographie etde l'expérience dans un poste technique ou de production en cinéma, en radiotélédiffusion ou en théâtre sont habituellement exigés."
51120.02,Il faut faire preuve de créativité pour toutes les professions de ce groupe de base.
51120.03,Un diplôme d'études universitaires ou collégiales en danse ou des études dans une école de danse etune solide formation dans une compagnie de danse sont habituellement exigés.
51120.03,Il faut faire preuve de créativité pour toutes les professions de ce groupe de base.
51120.04,"Un diplôme d'études universitaires ou collégiales dans les arts de la scène, en radiotélédiffusion, journalisme, administration des affaires, production théâtrale ou cinématographie etde l'expérience dans un poste technique ou de production en cinéma, en radiotélédiffusion ou en théâtre sont habituellement exigés."
51120.04,Il faut faire preuve de créativité pour toutes les professions de ce groupe de base.
51120.05,Un diplôme d'études universitaires ou collégiales en cinéma ou en cinématographie et de l'expérience en opération de caméra ou autre poste technique en production cinématographique ou vidéo sont habituellement exigés.
51120.05,Il faut faire preuve de créativité pour toutes les professions de ce groupe de base.
51120.06,Un diplôme d'études universitaires ou collégiales en musique ou dans les arts d'enregistrement et de l'expérience dans un poste technique ou de production dans les arts d'enregistrement sont habituellement exigés.
51120.06,Il faut faire preuve de créativité pour toutes les professions de ce groupe de base.
51120.07,Un diplôme d'études universitaires ou collégiales en cinéma ou en cinématographie et de l'expérience en opération de caméra ou autre poste technique en production cinématographique ou vidéo sont habituellement exigés.
51120.07,Il faut faire preuve de créativité pour toutes les professions de ce groupe de base.
51121.01,"Un baccalauréat en musique ou la réussite d'un programme dans une école, un conservatoire ou une académie de musique est habituellement exigé."
51121.01,"Des études spécialisées en direction d'orchestre, en composition ou en arrangement sont habituellement exigées."
51121.01,De l'expérience en tant que musicien est exigée.
51121.01,"Le talent musical et des aptitudes à la création, tels que démontrés dans un dossier de présentation, constituent des critères d'embauche importants."
51121.02,"Des études spécialisées en direction d'orchestre, en composition ou en arrangement sont habituellement exigées."
51121.02,"Un baccalauréat en musique ou la réussite d'un programme dans une école, un conservatoire ou une académie de musique est habituellement exigé."
51121.02,De l'expérience en tant que musicien est exigée.
51121.02,"Le talent musical et des aptitudes à la création, tels que démontrés dans un dossier de présentation, constituent des critères d'embauche importants."
51121.03,"Des études spécialisées en direction d'orchestre, en composition ou en arrangement sont habituellement exigées."
51121.03,"Un baccalauréat en musique ou la réussite d'un programme dans une école, un conservatoire ou une académie de musique est habituellement exigé."
51121.03,De l'expérience en tant que musicien est exigée.
51121.03,"Le talent musical et des aptitudes à la création, tels que démontrés dans un dossier de présentation, constituent des critères d'embauche importants."
51122.01,"Un diplôme d'études universitaires en musique est habituellement exigé des membres d'un orchestre, des chanteurs et des musiciens professionnels en musique classique."
51122.01,L'adhésion à une guilde ou à un syndicat relié à la profession ou au genre de spectacle ou de représentation peut être exigée.
51122.01,"Le talent musical et des aptitudes, tels que démontrés par une audition, constituent d'importants critères d'embauche."
51122.01,"Une formation musicale collégiale, universitaire ou en enseignement privé est habituellement exigée."
51122.02,"Un diplôme d'études universitaires en musique est habituellement exigé des membres d'un orchestre, des chanteurs et des musiciens professionnels en musique classique."
51122.02,L'adhésion à une guilde ou à un syndicat relié à la profession ou au genre de spectacle ou de représentation peut être exigée.
51122.02,"Le talent musical et des aptitudes, tels que démontrés par une audition, constituent d'importants critères d'embauche."
51122.02,"Une formation musicale collégiale, universitaire ou en enseignement privé est habituellement exigée."
51122.03,"Une formation musicale collégiale, universitaire ou en enseignement privé est habituellement exigée."
51122.03,L'adhésion à une guilde ou à un syndicat relié à la profession ou au genre de spectacle ou de représentation peut être exigée.
51122.03,"Le talent musical et des aptitudes, tels que démontrés par une audition, constituent d'importants critères d'embauche."
52100.01,Un programme collégial de deux à trois ans en bibliothéconomie et en technologie de l'information est habituellement exigé des techniciens dans les bibliothèques.
52100.02,Un diplôme ou un certificat collégial en services techniques d'archives et gestion de documents est exigé des techniciens dans les services d'archives publiques.
52110.00,"Un programme d'études collégiales ou de formation technique en télédiffusion, en technologie audiovisuelle ou dans un domaine connexe etde l'expérience comme aide-cadreur sont habituellement exigés."
52110.00,"Un dossier de présentation illustrant les aptitudes créatrices, le talent artistique et l'expérience peut être exigé."
52111.00,"Un diplôme d'études collégiales en graphisme, en art graphique, en infographie ou en dessin animé est exigé."
52111.00,Un dossier de présentation illustrant les aptitudes créatrices et le talent artistique est exigé.
52111.00,De l'expérience ou une formation de niveau postsecondaire ou collégial ou dans un institut technique en conception de produits multimédias peut être exigée.
52112.00,Un diplôme d'études collégiales en techniques de radiodiffusion ou en électronique est habituellement exigé.
52112.00,Les postes cadres et de supervision de ce groupe de base exigent de l'expérience.
52113.00,"Un diplôme d'études collégiales ou de tout autre programme en techniques du son, en technologie audiovisuelle ou dans un domaine connexe oude l'expérience comme assistant dans un studio d'enregistrement est habituellement exigé."
52113.00,"Les postes supérieurs dans ce groupe de base, tels qu'ingénieur aux enregistrements et ingénieur du son, requièrent de l'expérience."
52114.00,Un diplôme d'études collégiales en arts de la radio ou de la télévision est habituellement exigé.
52114.00,L'adhésion à une guilde ou à un syndicat relié à la profession ou au genre de présentation peut être exigée.
52114.00,"Une formation pratique acquise, par exemple, dans un poste de radio étudiante peut être exigée."
52114.00,Les aptitudes démontrées à l'occasion d'une audition constituent un important critère d'embauche.
52119.01,"Un diplôme d'études collégiales ou universitaires en radiotélédiffusion, en théâtre ou dans un domaine connexe etplusieurs années d'expérience dans un poste de soutien ou d'assistant en cinéma, en radiotélédiffusion ou dans les arts de la scène sont exigés pour la plupart des postes de ce groupe de base."
52119.01,Un dossier de présentation est exigé des régisseurs de plateau.
52119.01,L'adhésion à un syndicat relié à la profession peut être exigée.
52119.02,"Un diplôme d'études collégiales ou la réussite d'un autre programme spécialisé en production théâtrale technique est exigé des chefs électriciens, des éclairagistes, des chefs machinistes et des autres techniciens de plateau."
52119.02,L'adhésion à un syndicat relié à la profession peut être exigée.
52119.03,"Un diplôme d'études collégiales ou la réussite d'un autre programme spécialisé en production théâtrale technique est exigé des chefs électriciens, des éclairagistes, des chefs machinistes et des autres techniciens de plateau."
52119.03,L'adhésion à un syndicat relié à la profession peut être exigée.
52119.04,"Un diplôme d'études collégiales ou universitaires en radiotélédiffusion, en théâtre ou dans un domaine connexe etplusieurs années d'expérience dans un poste de soutien ou d'assistant en cinéma, en radiotélédiffusion ou dans les arts de la scène sont exigés pour la plupart des postes de ce groupe de base."
52119.04,L'adhésion à un syndicat relié à la profession peut être exigée.
52119.05,"Un diplôme d'études collégiales ou universitaires en radiotélédiffusion, en théâtre ou dans un domaine connexe etplusieurs années d'expérience dans un poste de soutien ou d'assistant en cinéma, en radiotélédiffusion ou dans les arts de la scène sont exigés pour la plupart des postes de ce groupe de base."
52119.05,"Un programme de formation pour les maquilleurs travaillant dans le domaine du cinéma, de la télédiffusion et des arts de la scène peut être exigé."
52119.05,Un dossier de présentation démontrant les aptitudes créatives est exigé des maquilleurs.
52119.05,L'adhésion à un syndicat relié à la profession peut être exigée.
52119.06,"Un diplôme d'études collégiales ou universitaires en radiotélédiffusion, en théâtre ou dans un domaine connexe etplusieurs années d'expérience dans un poste de soutien ou d'assistant en cinéma, en radiotélédiffusion ou dans les arts de la scène sont exigés pour la plupart des postes de ce groupe de base."
52119.06,L'adhésion à un syndicat relié à la profession peut être exigée.
52119.07,"Un diplôme d'études collégiales ou la réussite d'un autre programme spécialisé en production théâtrale technique est exigé des chefs électriciens, des éclairagistes, des chefs machinistes et des autres techniciens de plateau."
52119.07,L'adhésion à un syndicat relié à la profession peut être exigée.
52120.01,"Un diplôme d'études universitaires en arts visuels, avec spécialisation en design graphique, en art publicitaire, en communication graphique ou en bande dessinéeouun diplôme d'études collégiales en arts graphiques est exigé."
52120.01,Un dossier de présentation illustrant les aptitudes créatrices et le talent artistique est exigé des designers graphiques et des illustrateurs.
52120.01,De l'expérience ou une formation de niveau postsecondaire ou collégial ou dans un institut technique en conception de produits multimédias peut être exigée.
52120.02,"Un diplôme d'études universitaires en arts visuels, avec spécialisation en design graphique, en art publicitaire, en communication graphique ou en bande dessinéeouun diplôme d'études collégiales en arts graphiques est exigé."
52120.02,Un dossier de présentation illustrant les aptitudes créatrices et le talent artistique est exigé des designers graphiques et des illustrateurs.
52120.02,De l'expérience ou une formation de niveau postsecondaire ou collégial ou dans un institut technique en conception de produits multimédias peut être exigée.
52120.02,"Une formation en biologie, en génie, en architecture ou dans un domaine scientifique en plus d'une formation artistique sont habituellement exigées des illustrateurs médicaux, techniques et scientifiques."
52121.00,Un diplôme ou un certificat collégial en décoration intérieur est habituellement exigé des décorateurs d'intérieur.
52121.00,Un diplôme d'études universitaires ou collégiales en design d'intérieur est habituellement exigé des designers d'intérieur.
52121.00,L'accréditation par un institut ou une association provinciale est exigée pour utiliser les titres protégés liés aux designers d'intérieur dans toutes les provinces sauf l'Île-du-Prince-Édouard.
52121.00,L'adhésion au « Canadian Decorators' Association » est offerte aux décorateurs qualifiés.
52121.00,L'examen nord-américain de qualification « National Council for Interior Design Qualification » (NCIDQ) peut être exigé des designers d'intérieur après six ans d'études et d'expérience combinés.
53100.01,Un diplôme d'études collégiales en techniques de conservation ou de muséologie oula réussite d'autres programmes techniques reliés au travail ou une formation en milieu de travail est exigé pour les autres postes dans ce groupe de base.
53100.02,Un diplôme d'études collégiales en techniques de conservation ou de muséologie oula réussite d'autres programmes techniques reliés au travail ou une formation en milieu de travail est exigé pour les autres postes dans ce groupe de base.
53100.03,Un diplôme d'études collégiales en techniques de conservation ou de muséologie oula réussite d'autres programmes techniques reliés au travail ou une formation en milieu de travail est exigé pour les autres postes dans ce groupe de base.
53100.03,"Un diplôme d'études universitaires dans un domaine relié au travail dans un musée ou une galerie d'art peut être exigé des registraires, des catalogueurs et des interprètes de musée."
53100.04,Un diplôme d'études collégiales en techniques de conservation ou de muséologie oula réussite d'autres programmes techniques reliés au travail ou une formation en milieu de travail est exigé pour les autres postes dans ce groupe de base.
53100.04,"Un diplôme d'études universitaires dans un domaine relié au travail dans un musée ou une galerie d'art peut être exigé des registraires, des catalogueurs et des interprètes de musée."
53100.05,"Un diplôme d'études universitaires dans un domaine relié au travail dans un musée ou une galerie d'art peut être exigé des registraires, des catalogueurs et des interprètes de musée."
53110.00,"Un baccalauréat en arts visuels avec spécialisation en photographie oudes études secondaires, collégiales ou spécialisées en photographie ouune formation approfondie en cours d'emploi, sous la supervision d'un photographe, sont exigés."
53110.00,Un dossier de présentation illustrant le sens artistique et l'esprit technique est exigé.
53110.00,"De l'expérience en photographie informatisée ou en imagerie numérique, ou une connaissance du domaine peut être exigée."
53111.01,Un diplôme d'études secondaires est habituellement exigé.
53111.01,"La plupart des professions de ce groupe de base exigent un diplôme d'études collégiales en radiotélédiffusion, en théâtre ou dans un domaine connexe ouune formation en cours d'emploi."
53111.02,Un diplôme d'études secondaires est habituellement exigé.
53111.02,"La plupart des professions de ce groupe de base exigent un diplôme d'études collégiales en radiotélédiffusion, en théâtre ou dans un domaine connexe ouune formation en cours d'emploi."
53111.02,"L'accréditation pour les projectionnistes est offerte au Nouveau-Brunswick, bien que facultative. Au Québec, le métier de projectionniste est réglementé comme opérateur de machines électriques, catégorie machines cinématographiques."
53111.02,Un permis de travail de la province d'emploi est exigé des projectionnistes.
53111.03,"La plupart des professions de ce groupe de base exigent un diplôme d'études collégiales en radiotélédiffusion, en théâtre ou dans un domaine connexe ouune formation en cours d'emploi."
53111.03,Un diplôme d'études secondaires est habituellement exigé.
53111.04,Un diplôme d'études secondaires est habituellement exigé.
53111.04,"La plupart des professions de ce groupe de base exigent un diplôme d'études collégiales en radiotélédiffusion, en théâtre ou dans un domaine connexe ouune formation en cours d'emploi."
53111.05,Un diplôme d'études secondaires est habituellement exigé.
53111.05,"La plupart des professions de ce groupe de base exigent un diplôme d'études collégiales en radiotélédiffusion, en théâtre ou dans un domaine connexe ouune formation en cours d'emploi."
53111.06,Un diplôme d'études secondaires est habituellement exigé.
53111.06,"La plupart des professions de ce groupe de base exigent un diplôme d'études collégiales en radiotélédiffusion, en théâtre ou dans un domaine connexe ouune formation en cours d'emploi."
53111.07,Un diplôme d'études secondaires est habituellement exigé.
53111.07,"La plupart des professions de ce groupe de base exigent un diplôme d'études collégiales en radiotélédiffusion, en théâtre ou dans un domaine connexe ouune formation en cours d'emploi."
53120.01,Un diplôme d'études collégiales ou universitaires en danse ouun diplôme d'une académie ou d'une école de danse peut être exigé.
53120.01,Les aptitudes démontrées à l'occasion d'une audition constituent un important critère d'embauche.
53120.01,L'adhésion à une guilde ou à un syndicat relié à la profession ou au genre de spectacle ou de représentation peut être exigée.
53120.02,Un diplôme d'études collégiales ou universitaires en danse ouun diplôme d'une académie ou d'une école de danse peut être exigé.
53120.02,Les aptitudes démontrées à l'occasion d'une audition constituent un important critère d'embauche.
53120.02,L'adhésion à une guilde ou à un syndicat relié à la profession ou au genre de spectacle ou de représentation peut être exigée.
53120.02,Les professeurs de danse doivent habituellement posséder de l'expérience en tant que danseur.
53121.01,Les aptitudes démontrées à l'occasion d'une audition ou de rôles précédents constituent un important critère d'embauche.
53121.01,L'adhésion à une guilde ou à un syndicat peut être exigée.
53121.02,Les aptitudes démontrées à l'occasion d'une audition ou de rôles précédents constituent un important critère d'embauche.
53121.02,L'adhésion à une guilde ou à un syndicat peut être exigée.
53121.02,Les professeurs d'art dramatique doivent habituellement posséder de l'expérience comme acteurs.
53121.03,Les aptitudes démontrées à l'occasion d'une audition ou de rôles précédents constituent un important critère d'embauche.
53121.03,L'adhésion à une guilde ou à un syndicat peut être exigée.
53121.03,Une formation dans une école de cirque peut être exigée des artistes de cirque et des acrobates.
53122.01,"Un dossier de présentation illustrant la créativité et le talent ainsi qu'une connaissance de l'emploi sécuritaire de matériel, d'outils et d'équipement sont exigés. Des programmes dans les arts sont offerts dans les universités, les collèges et les écoles des beaux-arts."
53122.01,Un diplôme d'études collégiales en techniques de métiers d'art peut être exigé.
53122.02,"Un dossier de présentation illustrant la créativité et le talent ainsi qu'une connaissance de l'emploi sécuritaire de matériel, d'outils et d'équipement sont exigés. Des programmes dans les arts sont offerts dans les universités, les collèges et les écoles des beaux-arts."
53122.02,Un diplôme d'études collégiales en techniques de métiers d'art peut être exigé.
53122.03,"Un dossier de présentation illustrant la créativité et le talent ainsi qu'une connaissance de l'emploi sécuritaire de matériel, d'outils et d'équipement sont exigés. Des programmes dans les arts sont offerts dans les universités, les collèges et les écoles des beaux-arts."
53122.03,Un diplôme d'études collégiales ou universitaires dans un domaine relié aux arts peut être exigé des professeurs d'art.
53123.01,"Un diplôme universitaire en beaux-arts ou en arts visuels avec spécialisation dans le design des décors de théâtre, le design des vêtements ou de l'aménagement des étalages ouun diplôme d'études collégiales ou d'un établissement d'enseignement des arts avec spécialisation dans le design des décors de théâtre, le design des vêtements est exigé."
53123.01,Un dossier de présentation démontrant les aptitudes créatrices est exigé.
53123.01,L'exploitation de logiciels de conception assistée par ordinateur (CAO) peut être exigée.
53123.02,"Un diplôme universitaire en beaux-arts ou en arts visuels avec spécialisation dans le design des décors de théâtre, le design des vêtements ou de l'aménagement des étalages ouun diplôme d'études collégiales ou d'un établissement d'enseignement des arts avec spécialisation dans le design des décors de théâtre, le design des vêtements est exigé."
53123.02,L'exploitation de logiciels de conception assistée par ordinateur (CAO) peut être exigée.
53123.02,Un dossier de présentation démontrant les aptitudes créatrices est exigé.
53123.03,"Un diplôme universitaire en beaux-arts ou en arts visuels avec spécialisation dans le design des décors de théâtre, le design des vêtements ou de l'aménagement des étalages ouun diplôme d'études collégiales ou d'un établissement d'enseignement des arts avec spécialisation dans le design des décors de théâtre, le design des vêtements est exigé."
53123.03,L'exploitation de logiciels de conception assistée par ordinateur (CAO) peut être exigée.
53123.03,Un dossier de présentation démontrant les aptitudes créatrices est exigé.
53124.01,"Les associations d'artisans, les collèges et les studios privés offrent des programmes de formation."
53124.01,Un diplôme d'études collégiales en techniques des métiers d'art peut être exigé.
53124.01,"Un dossier de présentation illustrant les aptitudes créatives et le talent artistique, ainsi que la connaissance des façons de faire pour manier les matériaux, les outils et le matériel en sécurité sont exigés."
53124.01,Un apprentissage sous la direction d'un maître artisan est souvent la façon d'acquérir les compétences nécessaires.
53124.02,"Les associations d'artisans, les collèges et les studios privés offrent des programmes de formation."
53124.02,Un diplôme d'études collégiales en techniques des métiers d'art peut être exigé.
53124.02,"Un dossier de présentation illustrant les aptitudes créatives et le talent artistique, ainsi que la connaissance des façons de faire pour manier les matériaux, les outils et le matériel en sécurité sont exigés."
53124.02,Un apprentissage sous la direction d'un maître artisan est souvent la façon d'acquérir les compétences nécessaires.
53124.03,"Les associations d'artisans, les collèges et les studios privés offrent des programmes de formation."
53124.03,Un diplôme d'études collégiales en techniques des métiers d'art peut être exigé.
53124.03,"Un dossier de présentation illustrant les aptitudes créatives et le talent artistique, ainsi que la connaissance des façons de faire pour manier les matériaux, les outils et le matériel en sécurité sont exigés."
53124.03,Un apprentissage sous la direction d'un maître artisan est souvent la façon d'acquérir les compétences nécessaires.
53124.04,"Les associations d'artisans, les collèges et les studios privés offrent des programmes de formation."
53124.04,Un diplôme d'études collégiales en techniques des métiers d'art peut être exigé.
53124.04,"Un dossier de présentation illustrant les aptitudes créatives et le talent artistique, ainsi que la connaissance des façons de faire pour manier les matériaux, les outils et le matériel en sécurité sont exigés."
53124.04,Un apprentissage sous la direction d'un maître artisan est souvent la façon d'acquérir les compétences nécessaires.
53124.05,Un apprentissage sous la direction d'un maître artisan est souvent la façon d'acquérir les compétences nécessaires.
53124.05,"Les associations d'artisans, les collèges et les studios privés offrent des programmes de formation."
53124.05,"Un dossier de présentation illustrant les aptitudes créatives et le talent artistique, ainsi que la connaissance des façons de faire pour manier les matériaux, les outils et le matériel en sécurité sont exigés."
53124.05,Un diplôme d'études collégiales en techniques des métiers d'art peut être exigé.
53124.06,Un apprentissage sous la direction d'un maître artisan est souvent la façon d'acquérir les compétences nécessaires.
53124.06,"Les associations d'artisans, les collèges et les studios privés offrent des programmes de formation."
53124.06,"Un dossier de présentation illustrant les aptitudes créatives et le talent artistique, ainsi que la connaissance des façons de faire pour manier les matériaux, les outils et le matériel en sécurité sont exigés."
53124.06,Un diplôme d'études collégiales en techniques des métiers d'art peut être exigé.
53124.07,Un apprentissage sous la direction d'un maître artisan est souvent la façon d'acquérir les compétences nécessaires.
53124.07,"Les associations d'artisans, les collèges et les studios privés offrent des programmes de formation."
53124.07,"Un dossier de présentation illustrant les aptitudes créatives et le talent artistique, ainsi que la connaissance des façons de faire pour manier les matériaux, les outils et le matériel en sécurité sont exigés."
53124.07,Un diplôme d'études collégiales en techniques des métiers d'art peut être exigé.
53124.08,Un apprentissage sous la direction d'un maître artisan est souvent la façon d'acquérir les compétences nécessaires.
53124.08,"Les associations d'artisans, les collèges et les studios privés offrent des programmes de formation."
53124.08,"Un dossier de présentation illustrant les aptitudes créatives et le talent artistique, ainsi que la connaissance des façons de faire pour manier les matériaux, les outils et le matériel en sécurité sont exigés."
53124.08,Un diplôme d'études collégiales en techniques des métiers d'art peut être exigé.
53124.09,Un apprentissage sous la direction d'un maître artisan est souvent la façon d'acquérir les compétences nécessaires.
53124.09,"Les associations d'artisans, les collèges et les studios privés offrent des programmes de formation."
53124.09,"Un dossier de présentation illustrant les aptitudes créatives et le talent artistique, ainsi que la connaissance des façons de faire pour manier les matériaux, les outils et le matériel en sécurité sont exigés."
53124.09,Un diplôme d'études collégiales en techniques des métiers d'art peut être exigé.
53125.00,Un diplôme d'études secondaires est exigé.
53125.00,Un diplôme d'études collégiales en dessin de mode et en techniques du vêtement ouune formation en cours d'emploi de un à deux ans est exigé.
53125.00,Quelques cours de conception de patrons assistée par ordinateur peuvent être exigés.
53200.00,Une aptitude manifeste dans le sport ou le jeu pratiqué est exigée.
53200.00,Une formation intensive sous la direction d'un entraîneur est exigée.
53200.00,L'affiliation à une fédération sportive dans la discipline choisie peut être exigée.
53200.00,Une formation alliant entraînement sportif et formation collégiale ou universitaire est fortement recommandée.
53201.01,Un certificat national d'entraîneur est habituellement exigé des entraîneurs dans tous les sports individuels et d'équipe.
53201.01,Un certificat national d'entraîneur de niveau 3 est habituellement exigé des entraîneurs provinciaux.
53201.01,Un diplôme en éducation physique peut être exigé.
53201.01,Un certificat national d'entraîneur de niveau 4 est habituellement exigé des entraîneurs d'athlètes d'équipes nationales.
53201.02,Une expérience et une connaissance technique du sport sont exigées.
53202.00,Une attestation de compétence et l'affiliation à un organisme de réglementation du sport ou à une commission sont exigées des officiels sportifs.
53202.00,"La réussite d'un programme pour officiels, offert par un organisme de réglementation du sport, est exigée des arbitres sportifs."
54100.01,Un diplôme d'études secondaires est habituellement exigé.
54100.01,"Un diplôme d'études collégiales en récréologie, en loisirs ou en éducation physiqueou une expérience prolongée dans un sport ou une activité particulière est habituellement exigé."
54100.01,"Une certification dans un domaine d'activité, dans un sport ou en conditionnement physique, tel qu'un brevet d'instructeur de ski, d'entraîneur personnel ou un certificat de premiers soins ou de soins d'urgence est habituellement exigé."
54100.01,"Des aptitudes manifestes dans une discipline particulière des sports, des loisirs ou du conditionnement physique sont exigées."
54100.02,Un diplôme d'études secondaires est habituellement exigé.
54100.02,"Un diplôme d'études collégiales en récréologie, en loisirs ou en éducation physiqueou une expérience prolongée dans un sport ou une activité particulière est habituellement exigé."
54100.02,Un certificat d'évaluateur de la condition physique peut être exigé des évaluateurs de la condition physique.
55109.01,Un professionnel du métier assure souvent la formation des autres membres de ces professions.
55109.01,L'adhésion à une guilde ou à un syndicat relié à la profession ou au genre de spectacle ou de représentation peut être exigée.
55109.02,Un professionnel du métier assure souvent la formation des autres membres de ces professions.
55109.02,L'adhésion à une guilde ou à un syndicat relié à la profession ou au genre de spectacle ou de représentation peut être exigée.
55109.03,Une formation dans une école spécialisée est habituellement exigée des mannequins.
55109.03,L'adhésion à une guilde ou à un syndicat relié à la profession ou au genre de spectacle ou de représentation peut être exigée.
55109.04,Un professionnel du métier assure souvent la formation des autres membres de ces professions.
60010.00,"Un diplôme d'études universitaires ou collégiales en administration des affaires ou dans un domaine connexe, avec spécialisation dans la vente etplusieurs années d'expérience comme représentant des ventes ou dans une profession connexe sont habituellement exigés."
60020.00,Un diplôme d'études secondaires est exigé.
60020.00,Un diplôme d'études universitaires ou collégiales en administration des affaires ou dans un domaine apparenté au produit ou au service vendu peut être exigé.
60020.00,Plusieurs années d'expérience dans la vente au détail ou en gros à des niveaux croissants de responsabilité sont habituellement exigées.
60030.00,Un diplôme d'études collégiales ou tout autre programme en gestion des services d'alimentation ou d'hébergement est habituellement exigé.
60030.00,La réussite d'un programme pour un service raisonnable de boissons est habituellement exigée des directeurs d'établissements où l'on sert des boissons alcoolisées.
60030.00,"Plusieurs années d'expérience dans le domaine des services alimentaires, y compris de l'expérience en supervision, sont exigées."
60031.00,Plusieurs années d'expérience au sein de l'industrie hôtelière sont habituellement exigées et peuvent suppléer à la formation scolaire.
60031.00,Un diplôme d'études universitaires ou collégiales en gestion hôtelière ou dans une discipline connexe est habituellement exigé des directeurs qui travaillent dans des chaînes hôtelières ou des établissements d'hébergement importants.
60040.00,Un diplôme d'études collégiales ou un certificat d'études professionnelles dans la matière enseignée peut être exigé.
60040.00,Un à trois ans d'expérience dans le service offert sont habituellement exigés.
60040.00,Un diplôme d'études secondaires est habituellement exigé.
62010.00,Un diplôme d'études secondaires est habituellement exigé.
62010.00,"De l'expérience, dans la vente de détail, par exemple en tant que vendeur, commis-vendeur, caissier, télévendeur, vendeur de porte à porte ou agent de service de location, est habituellement exigée."
62020.00,"Un diplôme d'études collégiales en gestion des services alimentaires, en gestion hôtelière ou de restaurant, ou dans une discipline connexe ouplusieurs années d'expérience dans la préparation ou le service des aliments sont exigés."
62020.00,Un diplôme d'études secondaires est habituellement exigé.
62021.00,Un diplôme d'études secondaires est habituellement exigé.
62021.00,"Un diplôme d'études universitaires ou collégiales en gestion hospitalière, hôtelière ou en gestion des affaires est habituellement exigé."
62021.00,Une vaste expérience dans la surveillance des travaux de nettoyage peut suppléer aux études exigées.
62022.00,De l'expérience dans le domaine de supervision est habituellement exigée.
62022.00,Un diplôme d'études secondaires est habituellement exigé.
62022.00,Des licences de jeux de casino sont habituellement exigées pour tous les employés de casino.
62022.00,Une formation collégiale liée au domaine de supervision peut être exigée.
62023.01,De l'expérience reliée aux fonctions supervisées est exigée.
62023.01,Un diplôme d'études collégiales ou des cours liés aux finances ou aux services à la clientèle peuvent être exigés.
62023.02,De l'expérience reliée aux fonctions supervisées est exigée.
62023.02,Un diplôme d'études collégiales ou des cours liés aux finances ou aux services à la clientèle peuvent être exigés.
62024.00,Un diplôme d'études secondaires est habituellement exigé.
62024.00,De l'expérience dans un domaine particulier des travaux de nettoyage est habituellement exigée.
62024.00,De l'expérience en supervision peut être exigée.
62029.00,Un diplôme d'études secondaires est habituellement exigé.
62029.00,Une formation collégiale liée au domaine de supervision peut être exigée.
62029.00,De l'expérience dans le domaine de supervision est habituellement exigée.
62029.00,"Dans certaines professions de ce groupe (p. ex., superviseur de commissionnaires ou de gardiens de sécurité), les travailleurs peuvent devoir obtenir un certificat ou un permis."
62100.00,Un diplôme d'études universitaires ou collégiales dans un domaine relié au produit ou au service est habituellement exigé.
62100.00,De l'expérience dans la vente ou dans un domaine technique relié aux produits ou aux services peut être exigée.
62100.00,"La connaissance d'une langue étrangère en particulier, ainsi que de l'expérience des voyages ou du travail à l'étranger, peuvent être exigées des spécialistes des ventes techniques qui sollicitent un emploi au sein d'entreprises qui importent ou qui exportent des produits et des biens techniques."
62100.00,De l'expérience en tant que spécialistes des ventes techniques - commerce de gros est exigée des superviseurs de spécialistes des ventes techniques.
62100.00,Un permis de conduire et un bon dossier de conduite peuvent être exigés.
62101.00,"Un diplôme d'études universitaires ou collégiales en administration des affaires, en marketing ou dans une discipline connexe est habituellement exigé."
62101.00,Un diplôme d'études secondaires est exigé.
62101.00,De l'expérience dans des commerces de détail ou de gros est habituellement exigée.
62101.00,Les superviseurs des acheteurs et les acheteurs en chef doivent posséder de l'expérience dans le domaine de supervision ou dans une gamme de marchandises particulières.
62200.01,"Le certificat de qualification de cuisinier ou des compétences, formation et expérience équivalentes, sont exigés."
62200.01,"Les certifications de chef de brigade certifié (CBC) et chef de cuisine certifié (CCC), administrées par l'Institut Culinaire Canadien (ICC) de la Fédération Culinaire Canadienne (FCC) sont offertes aux chefs qualifiés."
62200.01,Les cuisiniers qualifiés peuvent obtenir la mention Sceau rouge après la réussite de l'examen interprovincial Sceau rouge.
62200.01,"Plusieurs années d'expérience dans la préparation des aliments dans un établissement commercial, y compris deux ans dans un poste de surveillance etde l'expérience en tant que sous-chef, chef spécialisé ou chef, ainsi qu'une formation en gestion, sont habituellement exigées des premiers chefs."
62200.01,Un diplôme d'études secondaires est habituellement exigé.
62200.02,"Le certificat de qualification de cuisinier ou des compétences, formation et expérience équivalentes, sont exigés."
62200.02,Les cuisiniers qualifiés peuvent obtenir la mention Sceau rouge après la réussite de l'examen interprovincial Sceau rouge.
62200.02,"Plusieurs années d'expérience dans la préparation des aliments dans un établissement commercial sont habituellement exigées des sous-chefs, des chefs spécialisés et des chefs."
62200.02,Un diplôme d'études secondaires est habituellement exigé.
62200.03,"Le certificat de qualification de cuisinier ou des compétences, formation et expérience équivalentes, sont exigés."
62200.03,"Les certifications de chef de brigade certifié (CBC) et chef de cuisine certifié (CCC), administrées par l'Institut Culinaire Canadien (ICC) de la Fédération Culinaire Canadienne (FCC) sont offertes aux chefs qualifiés."
62200.03,Les cuisiniers qualifiés peuvent obtenir la mention Sceau rouge après la réussite de l'examen interprovincial Sceau rouge.
62200.03,"Plusieurs années d'expérience dans la préparation des aliments dans un établissement commercial sont habituellement exigées des sous-chefs, des chefs spécialisés et des chefs."
62200.03,Un diplôme d'études secondaires est habituellement exigé.
62201.01,"Un programme de niveau collégial de un ou deux ans et un programme d'apprentissage de 12 à 20 mois en milieu de travail, pendant ou après la formation collégiale, sont habituellement exigés des directeurs de funérailles."
62201.01,Un permis d'exercice est exigé des directeurs de funérailles dans la plupart des provinces et des territoires.
62201.01,Un permis d'embaumeur peut être exigé des directeurs de funérailles selon les règlements provinciaux.
62201.02,"Un programme de niveau collégial de deux ou trois ans et un programme d'apprentissage de 12 à 20 mois en milieu de travail, pendant ou après la formation collégiale ouun diplôme d'études collégiales de trois ans sont exigés des embaumeurs."
62201.02,Un permis d'exercice est exigé des embaumeurs dans toutes les provinces.
62202.01,Un diplôme d'études secondaires est habituellement exigé.
62202.01,"Un certificat de qualification comme sertisseur de pierres est offert, bien que facultatif, en Ontario."
62202.01,"Des études collégiales ou autre programme de formation en milieu scolaire ou un programme d'apprentissage en réparation de montres, en joaillerie ou en gemmologie sont habituellement exigés."
62202.02,Un diplôme d'études secondaires est habituellement exigé.
62202.02,"Un certificat de qualification comme sertisseur de pierres est offert, bien que facultatif, en Ontario."
62202.02,"Des études collégiales ou autre programme de formation en milieu scolaire ou un programme d'apprentissage en réparation de montres, en joaillerie ou en gemmologie sont habituellement exigés."
63100.00,Un permis d'exercer émis par l'organisme de réglementation de la province ou du territoire est exigé.
63100.00,"Une formation en cours d'emploi, une formation du secteur de l'assurance et des programmes de formation sont fournis et constituent une condition d'emploi."
63100.00,Un diplôme d'études secondaires est habituellement exigé.
63101.00,Un diplôme d'études secondaires est exigé.
63101.00,Un cours de formation dans le domaine de l'immobilier est exigé.
63101.00,Un permis d'exercer émis par la province ou le territoire d'emploi est exigé.
63102.00,L'accréditation auprès de l'autorité de réglementation des valeurs mobilières dans la province ou le territoire d'emploi est habituellement exigée.
63102.00,L'accréditation des instances dirigeantes appropriées est exigée des représentants qui vendent des produits et des investissements financiers réglementés.
63102.00,"Une formation de six à douze mois sur les services de crédit ou de prêts, est habituellement exigée."
63102.00,Divers cours et programmes de formation sont offerts par l'Institut des banquiers canadiens et peuvent être exigés par les employeurs.
63102.00,Un diplôme d'études secondaires assorti d'une grande expérience du travail de banque est habituellement exigé.
63102.00,Un diplôme d'études universitaires ou collégiales en commerce ou en économie peut être exigé.
63102.00,Un permis pour courtiers de fonds mutuels est habituellement exigé.
63200.00,Un diplôme d'études secondaires est habituellement exigé.
63200.00,"Un programme d'apprentissage de trois ans pour cuisiniers ouun cours de niveau collégial, ou autre, en cuisine ou en salubrité des alimentsouplusieurs années d'expérience comme cuisinier en restauration peuvent être exigés."
63200.00,"Un certificat de qualification est offert, bien que facultatif, dans toutes les provinces et tous les territoires."
63200.00,Les cuisiniers qualifiés peuvent obtenir la mention Sceau rouge après la réussite de l'examen interprovincial Sceau rouge.
63201.00,Un diplôme d'études secondaires peut être exigée.
63201.00,Une formation collégiale ou une autre formation spécialisée en boucherie peut être exigé.
63201.00,Plusieurs années de formation en milieu de travail dans les magasins d'alimentation sont habituellement requises pour les bouchers de détail.
63202.00,Un diplôme d'études secondaires est habituellement exigé.
63202.00,Une formation en cours d'emploi peut être offerte.
63202.00,Un programme d'apprentissage de trois ou quatre ans ouune formation collégiale ou spécialisée en boulangerie-pâtisserie ouplusieurs années d'expérience en boulangerie dans un établissement commercial sont habituellement exigées.
63202.00,Les boulangers-pâtissiers qualifiés peuvent obtenir la mention Sceau rouge après la réussite de l'examen interprovincial Sceau rouge.
63202.00,"Le certificat de qualification est offert, bien que facultatif, à Terre-Neuve-et-Labrador, en Nouvelle-Écosse, à l'Île-du-Prince-Édouard, au Nouveau-Brunswick, au Québec, en Ontario, en Alberta, en Colombie-Britannique, au Yukon, dans les Territoires du Nord-Ouest et au Nunavut."
63210.01,"Un programme d'apprentissage d'un ou deux ans, ou un diplôme d'études collégiales ou une formation spécialisée en coiffure, ainsi qu'une formation en cours d'emploi, sont habituellement exigés."
63210.01,"Un certificat de qualification pour les coiffeurs est obligatoire en Nouvelle-Écosse, en Ontario, au Manitoba, en Saskatchewan et en Alberta, et est offert, bien que facultatif, à Terre-Neuve-et-Labrador, à L'Île-du-Prince-Édouard, au Nouveau-Brunswick, au Québec, en Colombie-Britannique, au Yukon, dans les Territoires du Nord-Ouest et au Nunavut."
63210.01,Les coiffeurs qualifiés peuvent obtenir la mention Sceau rouge après la réussite de l'examen interprovincial Sceau rouge.
63210.01,"Au Nouveau-Brunswick, une licence de l’Association de cosmétologie du Nouveau-Brunswick est obligatoire afin d’utiliser les titres de « coiffeur-styliste », « coiffeuse-styliste », « coiffeur » ou « coiffeuse »."
63210.01,Une diplôme d'études secondaires est exigé.
63210.01,Plusieurs années d'expérience peuvent suppléer aux exigences scolaires et à la formation.
63210.01,Les employeurs peuvent exiger des postulants une démonstration de leur savoir avant l'embauche.
63210.02,"Un certificat de qualification pour les barbiers est obligatoire en Ontario et est offert, bien que facultatif, au Yukon."
63210.02,Une diplôme d'études secondaires est exigé.
63210.02,Les barbiers qualifiés peuvent obtenir la mention Sceau rouge après la réussite de l'examen interprovincial Sceau rouge en tant que coiffeurs.
63210.02,Un programme d'apprentissage de sept mois à un an ou un autre programme pour les barbiers est habituellement exigé.
63210.02,Une formation en cours d'emploi peut suppléer aux exigences scolaires.
63211.01,"Un diplôme d'études secondaires et une formation scolaire, collégiale ou dans une école de soins de beauté sont exigés des cosméticiens, esthéticiens, électrolystes, manucures et pédicures ouune formation en cours d'emploi peut être offerte."
63211.01,Les esthéticiens doivent habituellement être certifiés par un établissement d'enseignement ou de formation professionnelle.
63211.01,"Un programme d'apprentissage pour les électrolystes, les esthéticiens et les poseurs d'ongles est offert au Manitoba. Un certificat de qualification pour chacune de ces trois professions est obligatoire dans cette même province."
63211.01,Un permis d'affaires est exigé des propriétaires exploitants d'établissements offrant ces services.
63211.01,Les praticiens qui offrent ces services doivent se conformer aux procédures de contrôle des infections.
63211.02,"Un diplôme d'études secondaires et une formation scolaire, collégiale ou dans une école de soins de beauté sont exigés des cosméticiens, esthéticiens, électrolystes, manucures et pédicures ouune formation en cours d'emploi peut être offerte."
63211.02,Un permis d'affaires est exigé des propriétaires exploitants d'établissements offrant ces services.
63211.02,Les praticiens qui offrent ces services doivent se conformer aux procédures de contrôle des infections.
63211.03,"Un diplôme d'études secondaires et une formation scolaire, collégiale ou dans une école de soins de beauté sont exigés des cosméticiens, esthéticiens, électrolystes, manucures et pédicures ouune formation en cours d'emploi peut être offerte."
63211.03,Les électrolystes doivent habituellement être certifiés par un établissement d'enseignement ou de formation professionnelle.
63211.03,L'appartenance à l'association provinciale ou nationale d'électrolystes peut être exigée.
63211.03,L'obtention d'un diplôme d'un programme en thérapie dermique peut être exigée pour offrir des services d'électrolyse au laser et de traitement des lésions vasculaires.
63211.03,"Un programme d'apprentissage pour les électrolystes, les esthéticiens et les poseurs d'ongles est offert au Manitoba. Un certificat de qualification pour chacune de ces trois professions est obligatoire dans cette même province."
63211.03,Un permis d'affaires est exigé des propriétaires exploitants d'établissements offrant ces services.
63211.03,Les praticiens qui offrent ces services doivent se conformer aux procédures de contrôle des infections.
63211.04,"Un diplôme d'études secondaires et une formation scolaire, collégiale ou dans une école de soins de beauté sont exigés des cosméticiens, esthéticiens, électrolystes, manucures et pédicures ouune formation en cours d'emploi peut être offerte."
63211.04,"Un programme d'apprentissage pour les électrolystes, les esthéticiens et les poseurs d'ongles est offert au Manitoba. Un certificat de qualification pour chacune de ces trois professions est obligatoire dans cette même province."
63211.04,Un permis d'affaires est exigé des propriétaires exploitants d'établissements offrant ces services.
63211.04,Les praticiens qui offrent ces services doivent se conformer aux procédures de contrôle des infections.
63211.05,"Un diplôme d'études secondaires et une formation scolaire, collégiale ou dans une école de soins de beauté sont exigés des cosméticiens, esthéticiens, électrolystes, manucures et pédicures ouune formation en cours d'emploi peut être offerte."
63211.05,Un permis d'affaires est exigé des propriétaires exploitants d'établissements offrant ces services.
63211.05,Les praticiens qui offrent ces services doivent se conformer aux procédures de contrôle des infections.
63211.06,"Un diplôme d'études secondaires et une formation scolaire, collégiale ou dans une école de soins de beauté sont exigés des cosméticiens, esthéticiens, électrolystes, manucures et pédicures ouune formation en cours d'emploi peut être offerte."
63211.06,Un permis d'affaires est exigé des propriétaires exploitants d'établissements offrant ces services.
63211.06,Les praticiens qui offrent ces services doivent se conformer aux procédures de contrôle des infections.
63211.07,"Un diplôme d'études secondaires et une formation scolaire, collégiale ou dans une école de soins de beauté sont exigés des cosméticiens, esthéticiens, électrolystes, manucures et pédicures ouune formation en cours d'emploi peut être offerte."
63211.07,Un permis d'affaires est exigé des propriétaires exploitants d'établissements offrant ces services.
63211.07,Les praticiens qui offrent ces services doivent se conformer aux procédures de contrôle des infections.
63220.01,"Une formation approfondie, en cours d'emploi, est offerte aux fabricants de chaussures."
63220.01,Quelques années d'études secondaires peuvent être exigées.
63220.01,L'expérience en tant que cordonnier peut être exigée des fabricants de chaussures.
63220.02,Quelques années d'études secondaires peuvent être exigées.
63220.02,Plusieurs mois de formation en cours d'emploi sont fournis aux cordonniers.
63221.00,Une formation collégiale ou spécialisée ou un programme d'apprentissage de tapissier-garnisseur ouplusieurs années de formation en cours d'emploi en tant qu'aide tapissier-garnisseur sont habituellement exigées.
63221.00,"Un certificat de qualification est offert, bien que facultatif, au Québec."
63221.00,Un diplôme d'études secondaires est habituellement exigé.
64100.01,Un diplôme d'études secondaires peut être exigé.
64100.01,Un diplôme d'études universitaires ou collégiales peut être exigé par certains employeurs.
64100.01,Des cours ou une formation sur un sujet particulier peuvent être exigés.
64100.01,"Une aptitude manifeste pour la vente et la connaissance des produits sont habituellement exigées aux vendeurs de produits complexes ou de grand prix, tels que les automobiles, les antiquités ou les ordinateurs."
64100.02,Un diplôme d'études secondaires peut être exigé.
64100.02,De l'expérience préalable en présentation visuelle peut être exigée.
64101.00,De l'expérience dans le domaine de la vente ou dans une profession reliée aux produits ou aux services est habituellement exigée.
64101.00,"Un certificat de l'Association canadienne des professionnels de la vente est offert, bien que facultatif."
64101.00,La connaissance d'une langue étrangère ou de l'expérience de travail ou des voyages à l'étranger peuvent être exigés des représentants des ventes qui sollicitent un emploi au sein d'une entreprise qui importe ou qui exporte des biens ou des services.
64101.00,Un diplôme d'études secondaires est exigé.
64101.00,De l'expérience est exigée des superviseurs et des représentants de commerce cadres.
64101.00,"Un diplôme d'études universitaires, collégiales ou d'un autre programme peut être exigé."
64200.01,Un diplôme d'études secondaires peut être exigé.
64200.01,"Une habileté démontrée à coudre, à créer et à ajuster des vêtements pour hommes ou femmes est exigée des tailleurs et des couturiers; des cours en techniques du vêtement ou en couture, de niveau collégial ou autre, peuvent être exigés."
64200.01,"Une habileté démontrée à coudre, à transformer et à réparer des vêtements est exigée des retoucheurs."
64200.02,Un diplôme d'études secondaires peut être exigé.
64200.02,"Plusieurs années d'expérience dans la sélection des cuirs et dans la confection, l'ajustage, la création et la transformation des vêtements et des accessoires en fourrure sont exigées des fourreurs."
64200.03,Un diplôme d'études secondaires peut être exigé.
64200.03,"Une habileté démontrée dans la confection, la création et l'ajustage des chapeaux et des casquettes est exigée des modistes."
64201.01,Un diplôme d'études secondaires est habituellement exigé.
64201.01,"Des cours de formation spécialisée sont offerts aux conseillers en couleurs, aux conseillers en maquillage et soins de la peau, aux conseillers en perte de poids et à la plupart des autres postes de ce groupe de base."
64201.01,"De l'expertise et de l'expérience dans la mode, les arts, le métier de mannequin ou dans un domaine connexe sont habituellement exigées."
64201.02,Un diplôme d'études secondaires est habituellement exigé.
64201.02,"Des cours de formation spécialisée sont offerts aux conseillers en couleurs, aux conseillers en maquillage et soins de la peau, aux conseillers en perte de poids et à la plupart des autres postes de ce groupe de base."
64201.02,"De l'expertise et de l'expérience dans la mode, les arts, le métier de mannequin ou dans un domaine connexe sont habituellement exigées."
64201.03,Un diplôme d'études secondaires est habituellement exigé.
64201.03,"Des cours de formation spécialisée sont offerts aux conseillers en couleurs, aux conseillers en maquillage et soins de la peau, aux conseillers en perte de poids et à la plupart des autres postes de ce groupe de base."
64201.03,"De l'expertise et de l'expérience dans la mode, les arts, le métier de mannequin ou dans un domaine connexe sont habituellement exigées."
64300.00,Une formation en cours d'emploi de plusieurs semaines est habituellement exigée.
64300.00,Un diplôme d'études secondaires est habituellement exigé.
64300.00,Les maîtres d'hôtel doivent avoir de l'expérience comme serveurs en chef ou serveurs en service d'apparat ou de l'expérience dans le service des aliments.
64301.00,Un diplôme d'études secondaires peut être exigé.
64301.00,Un certificat en service raisonnable de boissons peut être exigé.
64301.00,"Un diplôme d'études collégiales ou un autre programme dans le service de bar, oudes cours dans la préparation des boissons sont habituellement exigés."
64310.00,Un certificat de l'Association canadienne des agences de voyages (ACTA) peut être exigé.
64310.00,Un diplôme d'études collégiales ou une formation spécialisée en tourisme ou dans le domaine des voyages est habituellement exigé.
64310.00,Un diplôme d'études secondaires est habituellement exigé.
64311.01,Un diplôme d'études secondaires et un programme de formation approuvé par Transports Canada sont exigés des commissaires et des agents de bord - transport aérien.
64311.01,"Les agents de bord - transport aérien et par voies navigables, doivent habituellement avoir une expérience de travail avec le public."
64311.02,Un diplôme d'études secondaires et un programme de formation approuvé par Transports Canada sont exigés des commissaires et des agents de bord - transport aérien.
64311.02,"Les commissaires de bord et les directeurs du service à la clientèle, transport aérien, doivent avoir de l'expérience comme agents de bord."
64311.03,"Les agents de bord - transport aérien et par voies navigables, doivent habituellement avoir une expérience de travail avec le public."
64311.03,De l'expérience comme agent de bord peut être exigée des commissaires de marine.
64312.01,Un diplôme d'études secondaires est habituellement exigé.
64312.01,Plusieurs semaines de formation théorique et en cours d'emploi sont offertes pour tous les postes dans ce groupe de base.
64312.01,"De l'expérience en tant qu'agent aux billets, aux bagages et au fret est habituellement exigée des agents d'escale."
64312.02,Un diplôme d'études secondaires est habituellement exigé.
64312.02,Plusieurs semaines de formation théorique et en cours d'emploi sont offertes pour tous les postes dans ce groupe de base.
64312.02,"Un permis restreint d'opérateur radio et, généralement, de l'expérience dans les opérations de ligne aérienne sont exigés des planificateurs de chargements."
64312.03,Un diplôme d'études secondaires est habituellement exigé.
64312.03,Plusieurs semaines de formation théorique et en cours d'emploi sont offertes pour tous les postes dans ce groupe de base.
64313.01,Un diplôme d'études secondaires est habituellement exigé.
64313.01,Une formation en cours d'emploi pouvant aller jusqu'à dix semaines peut être offerte.
64313.02,Un diplôme d'études secondaires est habituellement exigé.
64313.02,Une formation en cours d'emploi pouvant aller jusqu'à dix semaines peut être offerte.
64314.00,"La certification dans le domaine des représentants de services à la clientèle hôtelière est offerte, bien que facultative, en Saskatchewan."
64314.00,Un diplôme d'études secondaires ou l'équivalent est habituellement exigé.
64314.00,Un programme d'apprentissage de deux ans ou un programme d'études collégiales dans le domaine des services de réception ou de la gestion hôtelière peut être exigé.
64320.01,Une formation en cours d'emploi est offerte.
64320.01,La connaissance des deux langues officielles ou d'une autre langue peut être exigée pour certains des postes de ce groupe.
64320.02,Une formation en cours d'emploi est offerte.
64320.02,La connaissance des deux langues officielles ou d'une autre langue peut être exigée pour certains des postes de ce groupe.
64321.00,Un diplôme d'études secondaires est habituellement exigé.
64321.00,Une formation en cours d'emploi est fournie aux donneurs aux tables de jeu.
64321.00,Tous les travailleurs dans les casinos doivent avoir une cote de sécurité.
64321.00,Des licences de jeux de casino sont habituellement exigées pour tous les employés de casino.
64322.00,Les guides compris dans ce groupe doivent connaître un cours d'eau ou un terrain particulier et avoir des aptitudes manifestes dans leur domaine de compétence. Ils doivent aussi détenir les certifications et permis exigés.
64322.00,Les pilotes de montgolfières doivent posséder une formation de 10 heures au sol ainsi que 16 heures d'expérience en tant que pilote commandant de bord et un permis de pilote de ballon émis par Transports Canada. Des heures supplémentaires en tant que commandant de bord peuvent être exigées par certains employeurs.
64322.00,Un certificat de premiers soins et de réanimation cardiorespiratoire (RCR) peut être exigé.
64400.00,Un diplôme d'études collégiales en administration des affaires peut être exigé.
64400.00,Une formation en cours d'emploi est offerte.
64400.00,Un diplôme d'études secondaires est exigé.
64401.00,Un diplôme d'études secondaires ainsi que des cours en administration de bureau peuvent être exigés.
64401.00,Une formation en cours d’emploi est nécessaire.
64401.00,Une bonne forme physique peut être exigée dans certaines professions de ce groupe de base.
64409.00,Un diplôme d'études secondaires est habituellement exigé.
64409.00,Des études collégiales ou postsecondaires peuvent être exigées.
64409.00,De l'expérience du travail de bureau ou dans la vente peut être exigée.
64410.01,Un diplôme d'études secondaires est habituellement exigé.
64410.01,Un diplôme d'études collégiales en droit et sécurité ou en techniques policières peut être exigé.
64410.01,Un permis émis par le Bureau de la sécurité privée est exigé au Québec pour travailler à titre de détective privé ou d'agent de sécurité.
64410.01,"Une certification pour le service raisonnable des boissons est obligatoire pour le personnel de sécurité qui travaille dans des établissements qui servent des boissons alcoolisées en Alberta, en Saskatchewan, au Manitoba, en Ontario et à l’Île-du-Prince-Édouard."
64410.01,Un permis de port d'armes est exigé des gardiens de sécurité qui portent des armes à feu.
64410.02,Un diplôme d'études secondaires est habituellement exigé.
64410.02,Un diplôme d'études collégiales en droit et sécurité ou en techniques policières peut être exigé.
64410.02,La certification de l’Administration canadienne de la sûreté du transport aérien (ACSTA) est exigée des agents de contrôle de sécurité.
64410.02,Un permis de possession et d'acquisition (PPA) et une autorisation d'acquisition d'armes à feu (AAAF) pour les armes à autorisation restreinte et sans restriction sont exigés des conducteurs de voitures blindées.
64410.03,Un diplôme d'études secondaires est habituellement exigé.
64410.03,Un diplôme d'études collégiales en droit et sécurité ou en techniques policières peut être exigé.
64410.03,De l'expérience en tant qu'agent de la paix peut être exigée des agents de sécurité d'entreprise.
64410.04,Un diplôme d'études secondaires est habituellement exigé.
64410.04,Un diplôme d'études collégiales en droit et sécurité ou en techniques policières peut être exigé.
64410.04,Un permis émis par le Bureau de la sécurité privée est exigé au Québec pour travailler à titre de détective privé ou d'agent de sécurité.
64410.04,Un permis d'exercice provincial est requis des détectives privés.
64410.05,Un diplôme d'études secondaires est habituellement exigé.
64410.05,Un diplôme d'études collégiales en droit et sécurité ou en techniques policières peut être exigé.
65100.00,Quelques années d'études secondaires sont habituellement exigées. Certains employeurs peuvent exiger un diplôme d'études secondaires.
65100.00,Les caissiers employés dans des casinos doivent parfois détenir un permis de jeu.
65101.00,Un permis d'opérateur pour les préposés aux pompes de gaz naturel et de propane peut être exigé.
65101.00,Quelques années d'études secondaires sont habituellement exigées.
65102.00,Quelques années d'études secondaires sont habituellement exigées.
65109.01,Quelques années d'études secondaires sont habituellement exigées. Un diplôme d'études secondaires peut être exigé par certains employeurs.
65109.02,Quelques années d'études secondaires sont habituellement exigées. Un diplôme d'études secondaires peut être exigé par certains employeurs.
65109.02,Un permis municipal peut être exigé pour les vendeurs ambulants ou de porte à porte.
65109.03,Quelques années d'études secondaires sont habituellement exigées. Un diplôme d'études secondaires peut être exigé par certains employeurs.
65200.00,"Un programme d'apprentissage pour les serveurs d'aliments et de boissons est offert, bien que facultatif, au Québec et en Saskatchewan."
65200.00,Des cours dans la sélection et le service des vins oude l'expérience comme serveur d'apparat peuvent être exigés des sommeliers.
65200.00,Un programme d'apprentissage d'un ou deux ans oudes cours offerts par une école de formation professionnelle ou un collège peuvent être exigés des serveurs d'apparat.
65200.00,Une formation en cours d'emploi est habituellement offerte.
65200.00,Un diplôme d'études secondaires peut être exigé.
65200.00,Un certificat en service raisonnable de boissons est habituellement exigé des employés qui servent des boissons alcoolisées.
65201.01,Une formation en cours d'emploi est offerte.
65201.01,Quelques années d'études secondaires sont habituellement exigées.
65201.02,Une formation en cours d'emploi est offerte.
65201.02,Quelques années d'études secondaires sont habituellement exigées.
65201.03,Une formation en cours d'emploi est offerte.
65201.03,Quelques années d'études secondaires sont habituellement exigées.
65201.04,Une formation en cours d'emploi est offerte.
65201.04,Quelques années d'études secondaires sont habituellement exigées.
65202.00,Un diplôme d'études secondaires peut être exigé.
65202.00,Une formation en milieu de travail dans les magasins d'alimentation est habituellement offerte aux coupeurs de viande et aux poissonniers pour la vente au détail.
65202.00,Un programme d’apprentissage dans la coupe de viande est facultatif.
65202.00,"Le certificat de qualification des coupeurs de viande est offert, bien que facultatif, en Saskatchewan et en Colombie-Britannique."
65210.01,Quelques années d'études secondaires peuvent être exigées.
65210.02,Quelques années d'études secondaires peuvent être exigées.
65210.03,Quelques années d'études secondaires peuvent être exigées.
65211.01,Une formation en cours d'emploi est habituellement fournie.
65211.01,Quelques années d'études secondaires peuvent être exigées.
65211.02,Une formation en cours d'emploi est habituellement fournie.
65211.02,Quelques années d'études secondaires peuvent être exigées.
65220.00,"Des cours de formation dans le domaine de la surveillance et du soin des animaux, du toilettage ou du dressage des chiens sont habituellement exigés, selon la nature du travail à accomplir. Les travailleurs en soins des animaux peuvent devoir suivre des cours de niveau collégial en santé animale ou en assistance vétérinaire."
65220.00,Un diplôme d'études secondaires est habituellement exigé.
65229.00,Une période de formation sous la surveillance d'un praticien est habituellement exigée.
65310.01,Les postes de ce groupe de base n'exigent pas de scolarité spécifique.
65310.02,Les postes de ce groupe de base n'exigent pas de scolarité spécifique.
65310.02,Certains employeurs peuvent exiger que les préposés aux chambres possèdent un certificat en nettoyage ou un autre certificat semblable.
65311.01,Les postes de ce groupe de base n'exigent pas de scolarité spécifique.
65311.01,Une formation en cours d'emploi est habituellement offerte.
65311.01,De l'expérience dans une profession connexe peut être exigée pour certains postes de ce groupe de base.
65311.02,Les postes de ce groupe de base n'exigent pas de scolarité spécifique.
65311.02,Une formation en cours d'emploi est habituellement offerte.
65311.02,De l'expérience dans une profession connexe peut être exigée pour certains postes de ce groupe de base.
65311.03,Les postes de ce groupe de base n'exigent pas de scolarité spécifique.
65311.03,Une formation en cours d'emploi est habituellement offerte.
65311.03,De l'expérience dans une profession connexe peut être exigée pour certains postes de ce groupe de base.
65311.04,Les postes de ce groupe de base n'exigent pas de scolarité spécifique.
65311.04,Une formation en cours d'emploi est habituellement offerte.
65311.04,De l'expérience dans une profession connexe peut être exigée pour certains postes de ce groupe de base.
65311.05,Les postes de ce groupe de base n'exigent pas de scolarité spécifique.
65311.05,Une formation en cours d'emploi est habituellement offerte.
65311.05,De l'expérience dans une profession connexe peut être exigée pour certains postes de ce groupe de base.
65312.00,Un diplôme d'études secondaires peut être exigé.
65312.00,De l'expérience préalable en nettoyage peut être exigée.
65320.01,Quelques années d'études secondaires sont exigées.
65320.01,"De l'expérience en tant qu'opérateurs de machines de nettoyage à sec et blanchisseries peut être exigée des nettoyeurs de suède, de cuir et de fourrures."
65320.01,De l'expérience en tant qu'examinateur ou emballeur peut être exigée des opérateurs de machines de nettoyage à sec et de blanchisseries.
65320.01,Une formation en cours d'emploi de quatre à huit semaines est habituellement offerte.
65320.02,Quelques années d'études secondaires sont exigées.
65320.02,Une formation en cours d'emploi de quatre à huit semaines est habituellement offerte.
65320.03,Quelques années d'études secondaires sont exigées.
65320.03,Une formation en cours d'emploi de quatre à huit semaines est habituellement offerte.
65329.01,Les postes de ce groupe de base n'exigent pas de scolarité spécifique.
65329.02,Les postes de ce groupe de base n'exigent pas de scolarité spécifique.
65329.03,Les postes de ce groupe de base n'exigent pas de scolarité spécifique.
65329.03,Un permis de conduire est exigé pour certains emplois de ce groupe de base tels que préposés de salon funéraire et préposés aux voitures.
65329.04,Les postes de ce groupe de base n'exigent pas de scolarité spécifique.
65329.05,Les postes de ce groupe de base n'exigent pas de scolarité spécifique.
65329.05,Un permis de conduire est exigé pour certains emplois de ce groupe de base tels que préposés de salon funéraire et préposés aux voitures.
65329.06,Les postes de ce groupe de base n'exigent pas de scolarité spécifique.
65329.07,Les postes de ce groupe de base n'exigent pas de scolarité spécifique.
65329.07,"Les pilotes de drone dont la masse maximale au décollage est de 25 kg doivent passer un examen en ligne (opérations de base) et, pour une masse au décollage supérieure à 25 kg, ils doivent passer un examen en ligne (opérations avancées) et un examen en vol en personne avec Transports Canada pour obtenir leur certificat de pilote de drone."
70010.00,Un diplôme d'études universitaires en génie civil ou un diplôme d'études collégiales en technologie du génie civil est habituellement exigé.
70010.00,Une maîtrise en gestion de projets peut être exigée.
70010.00,"Plusieurs années d'expérience dans l'industrie de la construction, y compris de l'expérience comme contremaître de construction ou surintendant de chantier, sont habituellement exigées."
70010.00,Une vaste expérience dans l'industrie de la construction peut suppléer aux exigences d'études postsecondaires.
70010.00,Certains employeurs peuvent exiger le statut d'ingénieur professionnel ou un certificat de qualification dans un métier de la construction.
70011.00,"Une vaste expérience dans l'industrie de la construction domiciliaire, y compris de l'expérience comme contremaître, est habituellement exigée pour les constructeurs et les rénovateurs de maisons qui sont des travailleurs autonomes."
70011.00,La certification Leadership in Energy and Environmental Design (LEED) peut être considérée comme un atout lors d'appels d'offres et de l'obtention de projets de construction et de rénovation.
70012.01,Un diplôme d'études collégiales ou universitaires en administration des affaires ou dans un domaine lié à l'exploitation et à l'entretien d'immeubles ouune combinaison équivalente de formation technique et d'expérience en administration ou en entretien sont exigés des directeurs de l'exploitation d'immeubles.
70012.01,Plusieurs années d'expérience en supervision dans un service d'exploitation ou d'entretien d'immeubles sont habituellement exigées.
70012.02,"Un diplôme d'études collégiales ou universitaires en génie électrique ou mécanique, ou dans un domaine lié à l'entretien d'immeuble ouune combinaison équivalente de formation technique et d'expérience en entretien d'immeubles sont exigés des directeurs de l'entretien d'immeubles."
70012.02,Plusieurs années d'expérience en supervision dans un service d'exploitation ou d'entretien d'immeubles sont habituellement exigées.
70020.01,Un baccalauréat en administration des affaires ou en génie est habituellement exigé.
70020.01,"Plusieurs années d'expérience dans les opérations de transport sont habituellement exigées, y compris de l'expérience en supervision."
70020.01,"Une vaste expérience comme superviseur et comme conducteur dans un mode de transport en particulier, tel que pilote, conducteur de locomotive, capitaine de navire ou camionneur peut suppléer aux titres scolaires."
70020.01,"Un certificat de qualification comme conducteur dans un mode de transport en particulier tel que pilote de ligne, capitaine de navire ou camionneur est habituellement exigé."
70020.02,Un diplôme d'études secondaires est exigé.
70020.02,Un diplôme d'études collégiales ou universitaires en administration des affaires ou en gestion du transport peut être exigé.
70020.02,Plusieurs années d'expérience du travail de bureau ou d'expérience administrative pratique et de l'expérience dans le domaine du fret sont exigées.
70021.00,Un diplôme d'études universitaires ou collégiales est habituellement exigé.
70021.00,Plusieurs années d'expérience en supervision ou d'expérience opérationnelle dans une installation postale ou de messageries sont habituellement exigées.
72010.00,Un diplôme d'études secondaires est habituellement exigé.
72010.00,Plusieurs années d'expérience en tant que machiniste ou outilleur-ajusteur qualifié sont exigées.
72010.00,"Un certificat de compagnon en tant que machiniste, outilleur-ajusteur ou dans un autre métier relié au travail des métaux est exigé."
72011.00,Un diplôme d'études secondaires est habituellement exigé.
72011.00,Plusieurs années d'expérience comme travailleur qualifié dans le métier supervisé sont exigées.
72011.00,Un certificat de compagnon dans le métier correspondant est exigé.
72012.00,Un diplôme d'études secondaires est habituellement exigé.
72012.00,Plusieurs années d'expérience en tant qu'ouvrier qualifié sont exigées.
72012.00,Un certificat de compagnon dans un métier correspondant est exigé.
72013.00,Un diplôme d'études secondaires est habituellement exigé.
72013.00,Plusieurs années d'expérience en tant que charpentier-menuisier ou ébéniste qualifié sont habituellement exigées.
72013.00,Un certificat de compagnon charpentier est habituellement exigé.
72014.00,Un diplôme d'études secondaires est habituellement exigé.
72014.00,Plusieurs années d'expérience comme travailleur qualifié dans le métier correspondant ou dans le domaine supervisé sont habituellement exigées.
72014.00,Un certificat de compagnon peut être exigé pour certaines des professions de ce groupe de base.
72020.00,Un diplôme d'études secondaires est habituellement exigé.
72020.00,Plusieurs années d'expérience en tant qu'ouvrier qualifié dans un métier correspondant sont habituellement exigées.
72020.00,Un certificat de compagnon dans un métier correspondant est exigé.
72021.00,Un diplôme d'études secondaires est habituellement exigé.
72021.00,Plusieurs années d'expérience dans le poste supervisé sont exigées.
72021.00,Un certificat de compagnon dans un métier approprié peut être exigé.
72022.00,Un diplôme d'études secondaires est exigé.
72022.00,Un diplôme d'études collégiales en technologie des arts graphiques peut être exigé.
72022.00,Plusieurs années d'expérience dans le domaine où s'exerce la supervision sont habituellement exigées.
72022.00,Un certificat de compétence provincial peut être exigé pour certains postes dans ce groupe de base.
72023.00,Un diplôme d'études secondaires est habituellement exigé.
72023.00,Un certificat de Règlement d'exploitation ferroviaire du Canada est exigé.
72023.00,Un certificat conformément au Règlement sur les normes de compétence des employés ferroviaires est exigé.
72023.00,Plusieurs années d'expérience dans les opérations de chemins de fer sont exigées.
72024.00,Un diplôme d'études secondaires est habituellement exigé.
72024.00,Plusieurs années d'expérience comme chauffeur ou opérateur de véhicules du transport en commun ou du transport routier sont habituellement exigées.
72025.00,Un diplôme d'études secondaires est exigé.
72025.00,Plusieurs années d'expérience dans le poste supervisé sont habituellement exigées.
72025.00,Une bonne forme physique peut être exigée dans certaines professions de ce groupe de base.
72100.01,Un diplôme d'études secondaires est habituellement exigé.
72100.01,"Un programme d'apprentissage de quatre ans ouplus de quatre ans d'expérience de travail ainsi qu'une formation spécialisée en usinage des métaux, en milieu industriel, peuvent être exigés pour être admissible au certificat de qualification."
72100.01,"Un certificat de qualification pour les machinistes est offert, bien que facultatif, dans toutes les provinces et tous les territoires."
72100.01,"Un certificat de qualification de machiniste sur matériel à commande numérique par ordinateur (CNC) est offert, bien que facultatif, au Nouveau-Brunswick, au Québec et au Manitoba."
72100.01,Les machinistes qualifiés peuvent obtenir la mention Sceau rouge après la réussite de l'examen interprovincial Sceau rouge.
72100.02,Un diplôme d'études secondaires est habituellement exigé.
72100.02,"Un programme d'apprentissage de quatre ans ouplus de quatre ans d'expérience de travail ainsi qu'une formation spécialisée en usinage des métaux, en milieu industriel, peuvent être exigés pour être admissible au certificat de qualification."
72100.02,"Un certificat de qualification pour les machinistes est offert, bien que facultatif, dans toutes les provinces et tous les territoires."
72100.02,"Un certificat de qualification pour les inspecteurs d'outils et d'appareils de contrôle est offert, bien que facultatif, en Ontario."
72100.02,"Un certificat de qualification de machiniste sur matériel à commande numérique par ordinateur (CNC) est offert, bien que facultatif, au Nouveau-Brunswick, au Québec et au Manitoba."
72100.02,"Plusieurs années d'expérience en tant que machiniste, outilleur-ajusteur ou opérateur de machines-outils peuvent être exigées des vérificateurs d'usinage et d'outillage."
72100.02,Les machinistes qualifiés peuvent obtenir la mention Sceau rouge après la réussite de l'examen interprovincial Sceau rouge.
72101.01,Un diplôme d'études secondaires est habituellement exigé.
72101.01,"Un programme d'apprentissage de quatre ou cinq ans d'outilleur-ajusteur ouplus de cinq ans d'expérience dans le métier ainsi qu'une formation spécialisée d'outilleur-ajusteur, en milieu scolaire ou industriel, sont habituellement exigés pour être admissible au certificat de qualification d'outilleur-ajusteur."
72101.01,"Le certificat de qualification d'outilleur-ajusteur est offert, bien que facultatif, à Terre-Neuve-et-Labrador, en Nouvelle-Écosse, à l'Île-du-Prince-Édouard, au Nouveau-Brunswick, au Québec, en Ontario, au Manitoba et en Colombie-Britannique."
72101.01,Les outilleurs-ajusteurs qualifiés peuvent obtenir la mention Sceau rouge après la réussite de l'examen interprovincial Sceau rouge.
72101.02,Un diplôme d'études secondaires est habituellement exigé.
72101.02,Les moulistes doivent habituellement avoir suivi un programme d'apprentissage de quatre ans ou un programme d'études collégiales dans leur domaine.
72101.02,"Le certificat de qualification de mouliste est offert, bien que facultatif, au Québec et en Ontario."
72101.02,Les modeleurs doivent habituellement avoir suivi un programme d'apprentissage ou un programme d'études collégiales dans leur domaine.
72101.02,"Le certificat de qualification de modeleur est offert, bien que facultatif, en Ontario."
72102.00,Un diplôme d'études secondaires est habituellement exigé.
72102.00,"Un programme d'apprentissage de trois à cinq ans ouplus de quatre ans d'expérience dans le métier ainsi qu'une formation spécialisée en tôlerie, en milieu scolaire ou industriel, sont habituellement exigés pour être admissible au certificat de qualification."
72102.00,"Le certificat de qualification est obligatoire au Nouveau-Brunswick, au Québec, en Ontario, en Saskatchewan et en Alberta et est offert, bien que facultatif, dans les autres provinces et les territoires."
72102.00,"Un certificat de compétence est offert, bien que facultatif, aux régleurs-opérateurs tôliers de précision au Québec."
72102.00,Les ferblantiers qualifiés peuvent obtenir la mention Sceau rouge après la réussite de l'examen interprovincial Sceau rouge.
72103.00,Un diplôme d'études secondaires est habituellement exigé.
72103.00,"Un programme d'apprentissage de trois à quatre ans ouplus de quatre ans d'expérience dans le métier ainsi qu'une formation spécialisée en chaudronnerie, en milieu scolaire ou industriel, sont habituellement exigés pour être admissible au certificat de qualification."
72103.00,"Le certificat de qualification est obligatoire en Nouvelle-Écosse, au Québec et en Alberta et est offert, bien que facultatif, dans les autres provinces."
72103.00,Les chaudronniers qualifiés peuvent obtenir la mention Sceau rouge après la réussite de l'examen interprovincial Sceau rouge.
72104.00,Un diplôme d'études secondaires est habituellement exigé.
72104.00,"Un programme d'apprentissage de trois à quatre ans ouplus de quatre ans d'expérience dans le métier ainsi qu'une formation spécialisée en fabrication d'acier de charpente et de plaques, en milieu scolaire ou industriel, sont habituellement exigés pour être admissible au certificat de qualification."
72104.00,"Le certificat de qualification est offert, bien que facultatif, aux assembleurs de charpentes métalliques, dans toutes les provinces."
72104.00,"Le certificat de qualification est offert, bien que facultatif, aux techniciens d'entretien marin en Nouvelle-Écosse et en Colombie-Britannique."
72104.00,Le certificat de qualification est offert aux travailleurs de ponts et de battage de pieux en Colombie- Britannique.
72104.00,"Le certificat de qualification pour les monteurs d'équipement de chaudière et d'équipements connexes et pour les assembleurs de charpentes métalliques (non-construction) est disponible, bien que facultatif, au Québec."
72104.00,Les monteurs-ajusteurs de charpentes métalliques qualifiés peuvent obtenir la mention Sceau rouge après la réussite de l'examen interprovincial Sceau rouge.
72105.00,Un diplôme d'études secondaires est habituellement exigé.
72105.00,"Un programme d'apprentissage de deux à trois ans ouplus de trois ans d'expérience dans le métier ainsi qu'une formation spécialisée en ferronnerie, en milieu scolaire ou industriel, sont habituellement exigés pour être admissible au certificat de qualification."
72105.00,"Le certificat de qualification pour les monteurs de charpentes en acier (généraliste) est obligatoire en Alberta et est offert, bien que facultatif, à Terre-Neuve-et-Labrador, en Nouvelle-Écosse, à l'Île-du-Prince-Édouard, au Nouveau-Brunswick, en Ontario, au Manitoba et en Colombie-Britannique."
72105.00,"Le certificat de qualification pour les monteurs de charpentes en acier (barres d'armature) est obligatoire au Québec et en Alberta et est offert, bien que facultatif, à Terre-Neuve-et-Labrador, en Nouvelle-Écosse, à l'Île-du-Prince-Édouard, au Nouveau-Brunswick, en Ontario, en Saskatchewan et en Colombie-Britannique."
72105.00,"Le certificat de qualification pour les monteurs de charpentes en acier (structural/ornemental) est obligatoire en Alberta et est offert, bien que facultatif, à Terre-Neuve-et-Labrador, en Nouvelle-Écosse, à l'Île-du-Prince-Édouard, au Nouveau-Brunswick, en Ontario, en Saskatchewan et en Colombie-Britannique."
72105.00,Le certificat de qualification pour les monteurs de charpentes métalliques (monteur de systèmes de construction en métal) est obligatoire en Alberta.
72105.00,Les monteurs de charpentes métalliques qualifiés peuvent obtenir la mention Sceau rouge après la réussite de l'examen interprovincial Sceau rouge.
72106.01,Un diplôme d'études secondaires est habituellement exigé.
72106.01,"Un programme d'apprentissage de trois ans ouplus de trois ans d'expérience dans le métier ainsi qu'une formation spécialisée en soudage, en milieu scolaire ou industriel, sont habituellement exigés pour être admissible au certificat de qualification."
72106.01,"Le certificat de qualification est obligatoire en Alberta, et est offert, bien que facultatif, dans toutes les autres provinces et les territoires."
72106.01,Les soudeurs qualifiés peuvent obtenir la mention Sceau rouge après la réussite de l'examen interprovincial Sceau rouge.
72106.02,Quelques années d'études secondaires sont exigées.
72106.02,Une formation en cours d'emploi de plusieurs mois est habituellement fournie.
72106.02,De l'expérience comme apprenti-opérateur de machines peut être exigée.
72106.02,Une expérience en robotique peut être exigée.
72200.00,Un diplôme d'études secondaires est habituellement exigé.
72200.00,Un programme d'apprentissage de quatre à cinq ans est habituellement exigé.
72200.00,"Le certificat de qualification d'électricien (construction) est obligatoire à Terre-Neuve-et-Labrador, en Nouvelle-Écosse, à l'Île-du-Prince-Édouard, au Nouveau-Brunswick, au Québec, en Ontario, au Manitoba, en Saskatchewan et en Alberta et est offert, bien que facultatif, en Colombie-Britannique, au Yukon, dans les Territoires du Nord-Ouest et au Nunavut."
72200.00,Le certificat de qualification d'électricien (local et rural) est obligatoire à Terre-Neuve-et-Labrador et en Ontario.
72200.00,"Le certificat de qualification de préparateur de commandes électriques (machines) est offert, bien que facultatif, en Ontario."
72200.00,Les électriciens (construction) qualifiés peuvent obtenir la mention Sceau rouge après la réussite de l'examen interprovincial Sceau rouge.
72201.00,Un diplôme d'études secondaires est habituellement exigé.
72201.00,"Un programme d'apprentissage d'électricien industriel de quatre ou cinq ans ouplus de cinq ans d'expérience dans le métier ainsi qu'une formation spécialisée d'électricien industriel, en milieu scolaire ou industriel, sont habituellement exigés pour être admissible au certificat de qualification."
72201.00,"Le certificat de qualification d'électricien industriel est obligatoire à l'Île-du-Prince-Édouard, au Québec et au Manitoba et est offert, bien que facultatif, à Terre-Neuve-et-Labrador, en Nouvelle-Écosse, au Nouveau-Brunswick, en Ontario, en Colombie-Britannique et au Yukon."
72201.00,Un certificat supplémentaire pour électriciens de construction peut être exigé des électriciens industriels lorsque l'équipement électrique industriel n'appartient pas à l'employeur.
72201.00,Les électriciens industriels qualifiés peuvent obtenir la mention Sceau rouge après la réussite de l'examen interprovincial Sceau rouge.
72202.00,Un diplôme d'études secondaires est habituellement exigé.
72202.00,"Un apprentissage de quatre ans, en tant qu'électricien de réseau ouplus de quatre ans d'expérience et de formation en électrotechnique dans un milieu scolaire ou industriel sont habituellement exigés."
72202.00,"Le certificat de qualification est offert, bien que facultatif, au Manitoba, en Alberta, au Yukon, dans les Territoires du Nord-Ouest et au Nunavut."
72203.00,Un diplôme d'études secondaires est habituellement exigé.
72203.00,"Un apprentissage comme monteur de lignes d'une durée de trois ou quatre ans dans le cadre d'un programme provincial ouplus de quatre ans d'expérience dans ce métier ainsi qu'une formation spécialisée en technologie électrique, en milieu scolaire ou industriel, sont habituellement exigés pour les monteurs de lignes électriques et de câbles."
72203.00,"Le certificat de qualification pour les techniciens de lignes électriques est offert, bien que facultatif, à Terre-Neuve-et-Labrador, en Nouvelle-Écosse, à l'Île-du-Prince-Édouard, au Nouveau-Brunswick, en Ontario, en Saskatchewan, en Alberta, en Colombie-Britannique, au Yukon, dans les Territoires du Nord-Ouest et au Nunavut."
72203.00,"Le certificat de qualification pour les monteurs de lignes sous tension de construction est offert, bien que facultatif, à Terre-Neuve-et-Labrador."
72203.00,"Le certificat de qualification pour les monteurs de lignes de distribution d'électricité est offert, bien que facultatif, au Nouveau-Brunswick."
72203.00,Les techniciens de lignes électriques qualifiés peuvent obtenir la mention Sceau rouge après la réussite de l'examen interprovincial Sceau rouge.
72204.00,Un diplôme d'études secondaires est exigé.
72204.00,"Un programme d'apprentissage de quatre ans en montage de lignes et de câbles de télécommunications ou plus de trois ans d'expérience dans le métier et une formation spécialisée en montage de lignes électriques, en milieu scolaire ou industriel, ou un programme d'études collégiales de deux ans en électronique sont habituellement exigés des installateurs et réparateurs de lignes et de câbles de télécommunications."
72204.00,"Un diplôme d'études collégiales en électronique ou des cours reliés à l'électronique et aux systèmes électriques, par correspondance ou en milieu scolaire ou industriel, ainsi qu'une formation en cours d'emploi ou un programme d'apprentissage de quatre ans de technicien de télévision par antenne collective sont exigés des techniciens en entretien d'installations de câblodistribution."
72204.00,"Le certificat de qualification des spécialistes de câblage de réseaux est offert, bien que facultatif, en Ontario."
72205.01,Un diplôme d'études secondaires est exigé.
72205.01,"Un programme d'apprentissage de trois à quatre ans ouplus de trois ans d'expérience dans le métier et une formation spécialisée en installation et en réparation de matériel de télécommunications, en milieu scolaire ou industriel, sont exigés des installateurs et réparateurs de téléphones et de réseaux commutés."
72205.02,Un diplôme d'études secondaires est exigé.
72205.02,"Un programme d'apprentissage de trois à quatre ans ouplus de trois ans d'expérience dans le métier et une formation spécialisée en installation et en réparation de matériel de télécommunications, en milieu scolaire ou industriel, sont exigés des installateurs et réparateurs de téléphones et de réseaux commutés."
72205.03,Un diplôme d'études secondaires est exigé.
72205.03,De l'expérience en tant qu'installateur et réparateur (téléphone et réseau commuté) est habituellement exigée des vérificateurs de services de télécommunications.
72205.04,Un diplôme d'études secondaires est exigé.
72205.04,Un diplôme d'études collégiales en électricité et en électronique et plusieurs mois de formation en cours d'emploi ou un programme d'apprentissage de trois ou quatre ans sont habituellement exigés des techniciens en matériel de télécommunications.
72205.04,"Le certificat de qualification de technicien en communications est offert, bien que facultatif, en Nouvelle-Écosse, en Alberta, en Colombie-Britannique, dans les Territoires du Nord-Ouest et au Nunavut."
72205.05,Un diplôme d'études secondaires est exigé.
72205.05,"Un diplôme d'études collégiales en électronique ou des cours reliés à l'électronique et aux systèmes électriques, par correspondance ou en milieu scolaire ou industriel, ainsi qu'une formation en cours d'emploi ou un programme d'apprentissage de quatre ans de technicien de télévision par antenne collective sont exigés des techniciens en montage d'installations de câblodistribution."
72300.00,Un diplôme d'études secondaires est habituellement exigé.
72300.00,"Un programme d'apprentissage de quatre à cinq ans ouplus de cinq ans d'expérience dans le métier ainsi qu'une formation spécialisée en plomberie, en milieu scolaire ou industriel, sont habituellement exigés pour être admissible au certificat de qualification."
72300.00,"Le certificat de qualification est obligatoire en Nouvelle-Écosse, à l'Île-du-Prince-Édouard, au Nouveau-Brunswick, au Québec, en Ontario, en Saskatchewan et en Alberta et est offert, bien que facultatif, à Terre-Neuve-et-Labrador, au Manitoba, en Colombie-Britannique, au Yukon, dans les Territoires du Nord-Ouest et au Nunavut."
72300.00,Les plombiers qualifiés peuvent obtenir la mention Sceau rouge après la réussite de l'examen interprovincial Sceau rouge.
72301.01,Un diplôme d'études secondaires est habituellement exigé.
72301.01,"Un programme d'apprentissage de quatre à cinq ans ouplus de cinq ans d'expérience dans le métier ainsi qu'une formation spécialisée de tuyauteur, de monteur d'appareils de chauffage ou de poseur de gicleurs, en milieu scolaire ou industriel, sont habituellement exigés pour être admissible au certificat de qualification."
72301.01,"Le certificat de qualification pour les monteurs d'appareils de chauffage est obligatoire en Nouvelle-Écosse, à l'Île-du-Prince-Édouard, au Nouveau-Brunswick, au Québec, en Ontario, au Manitoba et en Alberta et est offert, bien que facultatif, dans les autres provinces et les territoires."
72301.01,Le certificat de qualification pour les poseurs d'appareils de chauffage (hors construction) est obligatoire au Québec.
72301.01,Les monteurs d'appareils de chauffage et les mécaniciens en protection-incendie qualifiés peuvent obtenir la mention Sceau rouge après la réussite de l'examen interprovincial Sceau rouge.
72301.02,Un diplôme d'études secondaires est habituellement exigé.
72301.02,"Un programme d'apprentissage de quatre à cinq ans ouplus de cinq ans d'expérience dans le métier ainsi qu'une formation spécialisée de tuyauteur, de monteur d'appareils de chauffage ou de poseur de gicleurs, en milieu scolaire ou industriel, sont habituellement exigés pour être admissible au certificat de qualification."
72301.02,"Le certificat de qualification pour les mécaniciens en protection-incendie est obligatoire en Nouvelle-Écosse, au Nouveau-Brunswick, au Québec et au Manitoba et est offert, bien que facultatif, dans les autres provinces et les territoires."
72301.02,Le certificat de qualification pour les poseurs de gicleurs (hors construction) est obligatoire au Québec.
72301.02,Les monteurs d'appareils de chauffage et les mécaniciens en protection-incendie qualifiés peuvent obtenir la mention Sceau rouge après la réussite de l'examen interprovincial Sceau rouge.
72302.00,Un diplôme d'études secondaires est habituellement exigé.
72302.00,"Un programme d'apprentissage de deux ou trois ans ouplusieurs années d'expérience dans ce métier ainsi qu'une formation spécialisée de monteur d'installations au gaz, en milieu scolaire ou industriel, sont exigés."
72302.00,"Un certificat de qualification est obligatoire en Nouvelle-Écosse, au Québec, en Alberta, en Colombie-Britannique, au Yukon, dans les Territoires du Nord-Ouest et au Nunavut."
72302.00,Un permis d'exercice provincial de monteur d'installations au gaz est habituellement exigé.
72310.00,Un diplôme d'études secondaires est habituellement exigé.
72310.00,"Un programme d'apprentissage de trois à quatre années ouplus de quatre ans d'expérience dans le métier ainsi qu'une formation spécialisée en charpenterie, en milieu scolaire ou industriel, sont habituellement exigés pour être admissible au certificat de qualification."
72310.00,"Le certificat de qualification pour les charpentiers est obligatoire au Québec et est offert, bien que facultatif, dans les autres provinces et les territoires."
72310.00,"Le certificat de qualification pour les monteurs de charpente est offert, bien que facultatif, en Saskatchewan."
72310.00,Les charpentiers qualifiés peuvent obtenir la mention Sceau rouge après la réussite de l'examen interprovincial Sceau rouge.
72311.00,Un diplôme d'études secondaires est habituellement exigé.
72311.00,"Un programme d'apprentissage de quatre ans ouplus de quatre ans d'expérience dans le métier ainsi qu'une formation spécialisée en ébénisterie, en milieu scolaire ou industriel, sont habituellement exigés pour être admissible au certificat de qualification."
72311.00,"Le certificat de qualification est offert, bien que facultatif, dans toutes les provinces et tous les territoires."
72311.00,Les ébénistes qualifiés peuvent obtenir la mention Sceau rouge après la réussite de l'examen interprovincial Sceau rouge.
72320.00,Un diplôme d'études secondaires est habituellement exigé.
72320.00,"Un programme d'apprentissage de trois à quatre ans ouplus de quatre ans d'expérience dans le métier ainsi qu'une formation spécialisée en briquetage, en milieu scolaire ou industriel, sont habituellement exigés pour être admissible au certificat de qualification."
72320.00,"Le certificat de qualification de briqueteur-maçon  est obligatoire en Nouvelle-Écosse, au Nouveau-Brunswick et au Québec et est offert, bien que facultatif, dans les autres provinces et au Yukon."
72320.00,"Le certificat de qualification de poseur de pierres est offert, bien que facultatif, à Terre-Neuve-et-Labrador."
72320.00,"Le certificat de qualification de maçon en travaux de restauration en pierre est offert, bien que facultatif, en Nouvelle-Écosse."
72320.00,Les briqueteurs-maçons qualifiés peuvent obtenir la mention Sceau rouge après la réussite de l'examen interprovincial Sceau rouge.
72321.00,Un diplôme d'études secondaires est habituellement exigé.
72321.00,"Un programme d'apprentissage d'une durée de trois à quatre ans ouplus de quatre ans d'expérience dans le métier ainsi qu'une formation spécialisée en calorifugeage, en milieu scolaire ou industriel, sont habituellement exigés pour être admissible au certificat de qualification."
72321.00,"Le certificat de qualification de calorifugeur (chaleur et froid) est obligatoire au Québec et est offert, bien que facultatif, à Terre-Neuve-et-Labrador, en Nouvelle-Écosse, à l'Île-du-Prince-Édouard, au Nouveau-Brunswick, au Manitoba, en Saskatchewan, en Alberta, en Colombie-Britannique, au Yukon, dans les Territoires du Nord-Ouest et au Nunavut."
72321.00,Les calorifugeurs (chaleur et froid) qualifiés peuvent obtenir la mention Sceau rouge après la réussite de l'examen interprovincial Sceau rouge.
72400.01,Un diplôme d'études secondaires et une formation ou un programme professionnel sont habituellement exigés.
72400.01,"Un programme d'apprentissage de trois à quatre ans ouplus de cinq ans d'expérience de travail ainsi qu'une formation spécialisée en réparation de machinerie industrielle ou en tant que mécanicien-monteur en milieu industriel, sont habituellement exigés pour être admissible au certificat de qualification."
72400.01,"Le certificat de qualification de mécanicien industriel (de chantier) est offert, bien que facultatif, dans toutes les provinces et tous les territoires."
72400.01,"Le certificat de qualification de mécanicien de chantier est offert, bien que facultatif, au Québec et en Ontario."
72400.01,Les mécaniciens de chantier et les mécaniciens industriels qualifiés peuvent obtenir la mention Sceau rouge après la réussite de l'examen interprovincial Sceau rouge.
72400.02,Une formation supplémentaire dans la transformation du textile et de l'expérience en tant qu'opérateur de machine de fabrication du textile peuvent être exigées des mécaniciens de machines dans l'industrie du textile provenant d'autres industries.
72400.02,"Le certificat de qualification de mécanicien de machine à coudre industrielle est offert, bien que facultatif, au Québec."
72401.00,"Un programme d'apprentissage de trois à cinq ans ouplus de quatre ans d'expérience de travail ainsi qu'une formation spécialisée en réparation de matériel lourd en milieu industriel, sont habituellement exigés pour être admissible au certificat de qualification."
72401.00,"Le certificat de qualification de technicien d'équipement agricole est offert, bien que facultatif, à Terre-Neuve-et-Labrador, en Nouvelle-Écosse, à l'Île-du-Prince-Édouard, au Nouveau-Brunswick, en Ontario, au Manitoba, en Saskatchewan, en Alberta et en Colombie-Britannique."
72401.00,"Le certificat de qualification de technicien d'équipement lourd est obligatoire au Québec (seulement dans l’industrie de la construction) et en Alberta et est offert, bien que facultatif, dans les autres provinces et les territoires."
72401.00,Un diplôme d'études secondaires et une formation ou un programme professionnel sont habituellement exigés.
72401.00,Les techniciens d'équipement lourd et les techniciens de machines agricoles qualifiés peuvent obtenir la mention Sceau rouge après la réussite de l'examen interprovincial Sceau rouge.
72402.00,Un diplôme d'études secondaires et une formation ou un programme professionnel sont habituellement exigés.
72402.00,"Un programme d'apprentissage de trois à cinq ans ouplus de cinq ans d'expérience de travail ainsi qu'une formation spécialisée en réparation de systèmes de réfrigération et de climatisation en milieu industriel, sont habituellement exigés pour être admissible au certificat de qualification."
72402.00,"Le certificat de qualification pour les mécaniciens en réfrigération et en climatisation est obligatoire en Nouvelle-Écosse, au Nouveau-Brunswick, au Québec, en Ontario, au Manitoba, en Saskatchewan et en Alberta, et est offert, bien que facultatif, dans les autres provinces et dans les territoires."
72402.00,"Le certificat de qualification pour les mécaniciens en transport sous froid est offert, bien que facultatif, au Nouveau-Brunswick et en Alberta."
72402.00,Les mécaniciens qualifiés en réfrigération et en climatisation peuvent obtenir la mention Sceau rouge après la réussite de l'examen interprovincial Sceau rouge.
72403.00,Un diplôme d'études secondaires est habituellement exigé.
72403.00,"Un programme d'apprentissage en réparation de wagons, offert par l'industrie, ou trois à quatre ans de formation en cours d'emploi est habituellement exigé."
72403.00,"Un certificat de qualification est offert, bien que facultatif, en Ontario, au Manitoba et en Colombie-Britannique."
72404.01,Un diplôme d'études secondaires est exigé.
72404.01,Un diplôme d'études collégiales en entretien d'aéronefs ouun programme d'apprentissage de quatre ans est habituellement exigé.
72404.01,Plusieurs années de formation en cours d'emploi sont exigées des mécaniciens d'aéronefs.
72404.01,Une licence de technicien d'entretien d'aéronefs (TEA) de Transports Canada est exigée des mécaniciens et des contrôleurs d'aéronefs qui signent des certificats après maintenance et qui attestent de la capacité de vol des aéronefs.
72404.01,"Le certificat de qualification de technicien d'entretien d'aéronefs est offert, bien que facultatif, en Ontario, dans les Territoires du Nord-Ouest et au Nunavut."
72404.01,"Le certificat de qualification de technicien en structures d'aéronefs est offert, bien que facultatif, en Colombie-Britannique."
72404.01,"Une qualification professionnelle est offerte, bien que facultative, dans certaines des professions de ce groupe par le Conseil canadien de l'entretien des aéronefs."
72404.02,Une licence de technicien d'entretien d'aéronefs (TEA) de Transports Canada est exigée des mécaniciens et des contrôleurs d'aéronefs qui signent des certificats après maintenance et qui attestent de la capacité de vol des aéronefs.
72404.02,"Une qualification professionnelle est offerte, bien que facultative, dans certaines des professions de ce groupe par le Conseil canadien de l'entretien des aéronefs."
72404.02,Plusieurs années d'expérience en tant que mécanicien d'aéronefs sont exigées des contrôleurs d'aéronefs.
72405.00,Un diplôme d'études secondaires est habituellement exigé.
72405.00,"Un programme d'apprentissage en montage-ajustage, en usinage, en tuyautage, en mécanique automobile ou en réparation d'équipement lourd ouun programme d'apprentissage de quatre ans en ajustage de machinesouune formation en cours d'emploi de cinq ans est habituellement exigé."
72405.00,Un programme d'études collégiales de deux à trois ans en fabrication d'aéronefs ou en fabrication générale est exigé pour les monteurs de moteurs d'aéronefs.
72405.00,Un certificat de qualification dans un métier connexe peut être exigé.
72406.00,Un diplôme d'études secondaires est habituellement exigé.
72406.00,"Un programme d'apprentissage de quatre à cinq ans ouplus de quatre ans d'expérience dans le métier ainsi qu'une formation spécialisée, en milieu scolaire ou industriel, dans le domaine de la construction ou de la réparation d'ascenseurs sont habituellement exigés pour être admissible au certificat de qualification."
72406.00,"Le certificat de qualification est obligatoire au Québec et en Alberta et est offert, bien que facultatif, en Colombie-Britannique, dans les Territoires du Nord-Ouest et au Nunavut."
72410.01,Un diplôme d'études secondaires et une formation ou un programme professionnel sont habituellement exigés.
72410.01,"Un apprentissage de quatre ans comme mécanicien de véhicules automobiles ouplus de quatre ans d'expérience de travail ainsi qu'une formation spécialisée en technique de l'automobile en milieu industriel, sont exigés pour l'obtention d'un certificat."
72410.01,"Un certificat de qualification de mécanicien de véhicules automobiles est obligatoire en Nouvelle-Écosse, à l'Île-du-Prince-Édouard, au Nouveau-Brunswick, en Ontario et en Alberta et est offert, bien que facultatif, à Terre-Neuve-et-Labrador, au Québec, au Manitoba, en Saskatchewan, en Colombie-Britannique, au Yukon, aux Territoires du Nord-Ouest et au Nunavut."
72410.01,Un certificat de qualification comme mécanicien de véhicules automobiles (transmissions) est obligatoire en Ontario.
72410.01,"Un certificat de qualification comme mécanicien de véhicules automobiles (systèmes de direction, de suspension et de freinage) est obligatoire au Nouveau-Brunswick et en Ontario."
72410.01,"Un certificat de qualification pour techniciens à l'entretien et à la réparation d'automobiles (mécanicien de station-service) est obligatoire en Nouvelle-Écosse et est offert, bien que facultatif, à l'Île-du-Prince-Édouard."
72410.01,Les mécaniciens de véhicules automobiles qualifiés peuvent obtenir la mention Sceau rouge après la réussite de l'examen interprovincial Sceau rouge.
72410.02,Un diplôme d'études secondaires et une formation ou un programme professionnel sont habituellement exigés.
72410.02,Une formation en cours d'emploi de deux à trois ans est fournie par les employeurs.
72410.03,Un diplôme d'études secondaires et une formation ou un programme professionnel sont habituellement exigés.
72410.03,"Un programme d'apprentissage de quatre ans en mécanique de camions de transport ou de remorques de camions ouplus de quatre ans d'expérience de travail ainsi qu'une formation spécialisée en mécanique de camions de transport en milieu industriel, sont exigés pour obtenir le certificat de qualification."
72410.03,"Un certificat de qualification de mécanicien de camions et de véhicules de transport est obligatoire en Nouvelle-Écosse, en Ontario et en Alberta et est offert, bien que facultatif, à Terre-Neuve-et-Labrador, à l'Île-du-Prince-Édouard, au Nouveau-Brunswick, au Québec, au Manitoba, en Saskatchewan, en Colombie-Britannique et au Yukon."
72410.03,"Un certificat de qualification comme technicien de remorques de camions est obligatoire en Ontario et est offert, bien que facultatif, à Terre-Neuve-et-Labrador, en Nouvelle-Écosse, à l'Île-du-Prince-Édouard, au Nouveau-Brunswick, au Manitoba, en Colombie-Britannique et au Yukon."
72410.03,Les réparateurs de remorques de camions et les mécaniciens de camions et de camions de transport qualifiés peuvent obtenir la mention Sceau rouge après la réussite de l'examen interprovincial Sceau rouge.
72411.00,"Le certificat de qualification de débosseleur est obligatoire en Ontario et en Alberta, et est offert, bien que facultatif, au Yukon et dans les Territoires du Nord-Ouest."
72411.00,Les techniciens en peinture d’automobiles qualifiés peuvent obtenir la mention Sceau rouge après la réussite de l'examen interprovincial Sceau rouge.
72411.00,Un diplôme d'études secondaires est habituellement exigé.
72411.00,Une certification dans l'industrie du verre d'automobiles est habituellement exigée.
72411.00,Une combinaison de deux à trois ans d'expérience pertinente et d’éducation sont généralement exigés.
72411.00,Une formation en cours d'emploi d'un à deux ans est offerte par l'employeur.
72411.00,La réussite d'un programme d'apprentissage de trois à quatre ans en carrosserie automobile  ouune combinaison de plus de trois ans d'expérience professionnelle dans le métier de carrossier et de carrossier automobile et la réussite d'un programme de carrosserie automobile de niveau professionnel ou collégial  sont habituellement exigés pour être admissible au certificat de qualification.
72411.00,Un programme d'apprentissage de deux à trois ans en peinture d'automobiles ouun an d'expérience dans le métier de techniciens en peinture d’automobiles et un programme scolaire en peinture d'automobiles sont habituellement exigés pour être admissible au certificat de qualification.
72411.00,"Le certificat de qualification de technicien en collision et en carrosserie automobile est obligatoire en Nouvelle-Écosse, en Ontario et en Alberta et est offert, bien que facultatif, à Terre-Neuve-et-Labrador, à l'Île-du-Prince-Édouard, au Nouveau-Brunswick, au Manitoba, en Saskatchewan, en Colombie-Britannique, au Yukon, aux Territoires du Nord-Ouest et au Nunavut."
72411.00,Les techniciens en collision et en carrosserie automobile qualifiés peuvent obtenir la mention Sceau rouge après la réussite de l'examen interprovincial Sceau rouge.
72411.00,"Le certificat de qualification de techniciens en peinture d’automobiles est obligatoire en Alberta et est offert, bien que facultatif, à Terre-Neuve-et-Labrador, en Nouvelle-Écosse, à l'Île-du-Prince-Édouard, au Nouveau-Brunswick, en Ontario, au Manitoba, en Saskatchewan, en Colombie-Britannique, dans les Territoires du Nord-Ouest et au Yukon."
72411.00,"Un programme d'apprentissage et le certificat de qualification sont offerts, bien que facultatif, aux techniciens de glaces de véhicule automobile en Nouvelle-Écosse, en Ontario et en Colombie-Britannique."
72420.00,Un diplôme d'études secondaires et une formation ou un programme professionnel sont habituellement exigés.
72420.00,Un programme d'apprentissage de trois à quatre ans ouplus de quatre ans d'expérience de travail ainsi qu'une formation spécialisée dans l'installation et la réparation de systèmes de chauffage en milieu industriel sont habituellement exigés pour être admissible au certificat de qualification.
72420.00,"Le certificat de qualification de technicien de systèmes de chauffage à mazout est obligatoire en Nouvelle-Écosse et au Nouveau-Brunswick et est offert, bien que facultatif, à Terre-Neuve-et-Labrador, à l'Île-du-Prince-Édouard, en Colombie-Britannique, au Yukon, dans les Territoires du Nord-Ouest et au Nunavut."
72420.00,Les techniciens de systèmes de chauffage à mazout qualifiés peuvent obtenir la mention Sceau rouge après la réussite de l'examen interprovincial Sceau rouge.
72421.01,Un diplôme d'études secondaires et une formation ou un programme professionnel sont habituellement exigés.
72421.01,Une formation en milieu scolaire ou plusieurs mois de formation en cours d'emploi sont exigés des réparateurs de petits appareils électroménagers.
72421.01,"Le certificat de qualification de technicien d'entretien d'appareils ou de réparateur d'appareils électroménagers est obligatoire en Alberta et est offert, bien que facultatif, à Terre-Neuve-et-Labrador, en Nouvelle-Écosse, à l'Île-du-Prince-Édouard, au Nouveau-Brunswick, au Québec, en Ontario, en Colombie-Britannique, dans les Territoires du Nord-Ouest et au Nunavut."
72421.01,Un permis provincial de monteur d'installations ou le certificat de qualification de technicien d'appareils au gaz peut être exigé des techniciens en entretien et en réparation des appareils d'utilisation de gaz.
72421.01,Les techniciens d'entretien d'appareils électroménagers qualifiés peuvent obtenir la mention Sceau rouge après la réussite de l'examen interprovincial Sceau rouge.
72421.02,Un diplôme d'études secondaires et une formation ou un programme professionnel sont habituellement exigés.
72421.02,Quelques années d'études secondaires et un diplôme d'études collégiales en réparation d'appareils ouune formation de trois ou quatre ans comme apprenti en réparation d'appareils sont exigées des réparateurs de gros appareils.
72421.02,"Le certificat de qualification de technicien d'entretien d'appareils ou de réparateur d'appareils électroménagers est obligatoire en Alberta et est offert, bien que facultatif, à Terre-Neuve-et-Labrador, en Nouvelle-Écosse, à l'Île-du-Prince-Édouard, au Nouveau-Brunswick, au Québec, en Ontario, en Colombie-Britannique, dans les Territoires du Nord-Ouest et au Nunavut."
72421.02,Un permis provincial de monteur d'installations ou le certificat de qualification de technicien d'appareils au gaz peut être exigé des techniciens en entretien et en réparation des appareils d'utilisation de gaz.
72421.02,Les techniciens d'entretien d'appareils électroménagers qualifiés peuvent obtenir la mention Sceau rouge après la réussite de l'examen interprovincial Sceau rouge.
72422.00,Un diplôme d'études secondaires et une formation ou un programme professionnel sont habituellement exigés.
72422.00,"Un programme d'apprentissage de quatre ans ouplus de quatre ans d'expérience de travail ainsi qu'une formation spécialisée en électromécanique, en milieu industriel, sont habituellement exigés pour être admissible au certificat de qualification."
72422.00,"Le certificat de qualification de l'électromécanicien est offert, bien que facultatif, à Terre-Neuve-et-Labrador, en Nouvelle-Écosse, à l'Île-du-Prince-Édouard, au Nouveau-Brunswick, en Ontario, au Manitoba, en Alberta, en Colombie-Britannique, au Yukon et au Nunavut."
72422.00,"Le certificat de qualification de réparateur de moteurs et de matériel électriques - bobinage est offert, bien que facultatif, au Québec."
72422.00,"Le certificat de qualification de l'électromécanicien (entreprise d'électricité) est offert, bien que facultatif, au Nouveau-Brunswick."
72422.00,Les électromécaniciens qualifiés peuvent obtenir la mention Sceau rouge après la réussite de l'examen interprovincial Sceau rouge.
72423.01,Un diplôme d'études secondaires et une formation ou un programme professionnel sont habituellement exigés.
72423.01,Un programme d'apprentissage de trois à quatre ans pour les mécaniciens de motocyclettes ouplus de trois ans d'expérience de travail ainsi qu'une formation scolaire en réparation de motocyclettes sont habituellement exigés pour être admissible au certificat de qualification.
72423.01,"Le certificat de qualification de mécanicien de motocyclettes est obligatoire en Ontario et en Alberta et est offert, bien que facultatif, à Terre-Neuve-et-Labrador, en Nouvelle-Écosse, à l'Île-du-Prince-Édouard, au Nouveau-Brunswick et en Colombie-Britannique."
72423.01,Les techniciens d'entretien et de réparation de véhicules récréatifs qualifiés peuvent obtenir la mention Sceau rouge après la réussite de l'examen interprovincial Sceau rouge.
72423.01,Plusieurs années de formation en cours d'emploi peuvent être exigées des autres mécaniciens de ce groupe de base.
72423.02,"Un programme d'apprentissage de deux à quatre ans ou une formation spécialisée, en milieu scolaire ou industriel, ainsi que plusieurs années d'expérience dans un métier connexe ou plusieurs années de formation en cours d'emploi sont exigés pour les techniciens de véhicules récréatifs."
72423.02,"Le certificat de qualification de technicien d'entretien et de réparation de véhicules de plaisance est obligatoire en Alberta et est offert, bien que facultatif, à Terre-Neuve-et-Labrador, en Nouvelle-Écosse, à l'Île-du-Prince-Édouard, au Nouveau-Brunswick, au Québec, en Ontario, au Manitoba, en Colombie-Britannique et au Yukon."
72423.02,Les techniciens d'entretien et de réparation de véhicules récréatifs qualifiés peuvent obtenir la mention Sceau rouge après la réussite de l'examen interprovincial Sceau rouge.
72429.00,Un diplôme d'études secondaires et une formation ou un programme professionnel sont habituellement exigés.
72429.00,Un programme d'apprentissage de trois à quatre ans ouplusieurs années d'expérience ainsi qu'une formation scolaire en réparation de petits moteurs ou d'autres équipements sont habituellement exigés pour être admissible au certificat de qualification.
72429.00,"Le certificat de qualification pour les mécaniciens de petits moteurs ou d'autres équipements est offert, bien que facultatif, à Terre-Neuve-et-Labrador, à l'Île-du-Prince-Édouard, au Nouveau-Brunswick, en Ontario et au Nunavut."
72429.00,"Le certificat de qualification de mécanicien de moteurs hors-bord et en-bord est offert, bien que facultatif, en Ontario et en Colombie-Britannique."
72429.00,"Le certificat de qualification de technicien de matériel de plein air motorisé, pour certains types d'équipements, est offert, bien que facultatif, au Manitoba, en Alberta, en Colombie-Britannique, au Yukon, dans les Territoires du Nord-Ouest et au Nunavut."
72500.00,Un diplôme d'études secondaires est habituellement exigé.
72500.00,Un programme d'apprentissage d'un à trois ans ouune formation spécialisée de grutier en milieu industriel est habituellement exigé.
72500.00,"Le certificat de qualification des opérateurs de grues automotrices, pour certains types de grues, est obligatoire en Nouvelle-Écosse, au Nouveau-Brunswick, au Québec, en Ontario, au Manitoba, en Alberta et en Colombie-Britannique et est offert, bien que facultatif, dans les autres provinces et les Territoires du Nord-Ouest."
72500.00,"Le certificat de qualification des opérateurs de grue à tour est obligatoire à Terre-Neuve-et-Labrador, en Nouvelle-Écosse, au Québec, en Ontario, au Manitoba, en Alberta et en Colombie-Britannique et est offert, bien que facultatif, à l'Île-du-Prince-Édouard."
72500.00,"Le certificat de qualification des conducteurs de treuil, pour certains types de grues, est obligatoire au Québec, en Ontario, au Manitoba, en Alberta et en Colombie-Britannique et est offert, bien que facultatif, au Nouveau-Brunswick, en Saskatchewan, dans les Territoires du Nord-Ouest et au Nunavut."
72500.00,Un permis de conduire provincial peut être exigé pour permettre aux conducteurs de grues automotrices de circuler sur les voies publiques.
72500.00,Une certification à l'interne peut être exigée des grutiers par l'employeur.
72500.00,Les opérateurs de grue automotrice et de grue à tour qualifiés peuvent obtenir la mention Sceau rouge après la réussite de l'examen interprovincial Sceau rouge.
72501.00,Un diplôme d'études secondaires est habituellement exigé.
72501.00,"Un programme d'apprentissage de deux à trois ans en forage de puits d'eau ouune expérience de deux à trois ans dans le métier ainsi que des cours en forage de puits d'eau, en milieu scolaire ou industriel, sont habituellement exigés pour être éligible au certificat de qualification."
72501.00,"Le certificat de qualification est offert, bien que facultatif, au Nouveau-Brunswick, en Ontario, en Saskatchewan, en Alberta et en Colombie-Britannique."
72600.01,Un diplôme d'études secondaires et un diplôme d'une école de pilotage ou d'aviation accréditée sont exigés.
72600.01,Un diplôme d'études universitaires ou collégiales peut être exigé.
72600.01,Des licences et des annotations additionnelles sont exigées pour pouvoir piloter différents types d'appareils.
72600.01,Une formation structurée est offerte par l'employeur.
72600.01,Un brevet de pilote professionnel (plus de 200 heures d’expérience de vol) ou de pilote de transport aérien (plus de 1500 heures d’expérience de vol) est exigé des pilotes.
72600.02,Un diplôme d'études secondaires et un diplôme d'une école de pilotage ou d'aviation accréditée sont exigés.
72600.02,Un diplôme d'études universitaires ou collégiales peut être exigé.
72600.02,Un brevet de pilote professionnel ou de pilote de transport aérien est exigé.
72600.02,Des licences et des annotations additionnelles sont exigées pour pouvoir piloter différents types d'appareils.
72600.02,Un permis de mécanicien navigant de Transports Canada est exigé des mécaniciens navigants.
72600.02,Une formation structurée est offerte par l'employeur.
72600.03,Un diplôme d'études secondaires et un diplôme d'une école de pilotage ou d'aviation accréditée sont exigés.
72600.03,Un diplôme d'études universitaires ou collégiales peut être exigé.
72600.03,Les licences ou les annotations de Transports Canada pour chaque appareil qu'ils enseignent à piloter sont exigées.
72600.03,Un brevet de pilote professionnel (plus de 200 heures d’expérience de vol) ou de pilote de transport aérien (plus de 1500 heures d’expérience de vol) est exigé des pilotes.
72601.01,Un diplôme d'études secondaires est exigé.
72601.01,Un certificat général de radiotéléphoniste est exigé.
72601.01,"La réussite d'un programme de formation, sous la direction de NAV Canada, comprenant des cours théoriques et une formation en cours d'emploi est exigée des contrôleurs de la circulation aérienne et des spécialistes de l'information de vol."
72601.01,Un permis de spécialiste du contrôle de la circulation aérienne est exigé des contrôleurs de la circulation aérienne.
72601.02,Un diplôme d'études secondaires est exigé.
72601.02,Un certificat général de radiotéléphoniste est exigé.
72601.02,De l'expérience dans le contrôle de la circulation aérienne ou des opérations aériennes ainsi qu'un permis de pilote privé peuvent être exigés des agents de régulation des vols.
72601.03,Un diplôme d'études secondaires est exigé.
72601.03,Un certificat général de radiotéléphoniste est exigé.
72601.03,"La réussite d'un programme de formation, sous la direction de NAV Canada, comprenant des cours théoriques et une formation en cours d'emploi est exigée des contrôleurs de la circulation aérienne et des spécialistes de l'information de vol."
72602.00,Un diplôme d'études secondaires est exigé.
72602.00,La réussite d'un programme d'élève officier de pont d'un institut maritime approuvé ouune expérience de un à trois ans en tant que membre d'équipage de pont est exigée.
72602.00,"Un certificat de compétence d'officier de pont, émis par Transports Canada, est exigé."
72602.00,Les pilotes de navires doivent avoir un brevet de pilote de navires et un certificat de capacité de capitaine.
72603.00,Un diplôme d'études secondaires est exigé.
72603.00,La réussite d'un programme de trois ans en mécanique maritime offert par un institut naval reconnu ouenviron trois ans d'expérience en tant que matelot de la salle des machines et six mois de formation officielle offerte par un institut naval reconnu ouenviron trois ans d'expérience en tant que mécanicien de moteurs et six mois d'expérience en tant que matelot de la salle des machines sont exigés pour obtenir le certificat de mécanicien de marine de quatrième niveau.
72603.00,Un certificat de qualification d'officier mécanicien de marine émis par Transports Canada est exigé.
72604.01,Un diplôme d'études secondaires et plusieurs années d'expérience dans l'industrie ferroviaire sont habituellement exigés des contrôleurs de la circulation ferroviaire.
72604.01,Jusqu'à 35 semaines d'une combinaison de cours de formation et une formation en cours d'emploi sont offertes aux contrôleurs de la circulation ferroviaire.
72604.01,Un certificat de Règlement d'exploitation du transport ferroviaire canadien est exigé des contrôleurs de la circulation ferroviaire.
72604.02,Un diplôme d'études secondaires et plusieurs mois de formation sont exigés des régulateurs de la circulation maritime.
72999.01,Un diplôme d'études secondaires est habituellement exigé.
72999.01,"Un programme d'apprentissage de deux à quatre ans dans un métier connexe tel que serrurier ou réparateur de scies ouune formation spécialisée, en milieu scolaire ou industriel, ainsi que plusieurs années d'expérience dans un métier connexe ouplusieurs années de formation en cours d'emploi sont exigés."
72999.01,Un certificat de qualification provincial ou une licence peut être exigé pour d'autres postes dans ce groupe de base.
72999.02,Un diplôme d'études secondaires est habituellement exigé.
72999.02,"Un programme d'apprentissage de deux à quatre ans dans un métier connexe tel que serrurier ou réparateur de scies ouune formation spécialisée, en milieu scolaire ou industriel, ainsi que plusieurs années d'expérience dans un métier connexe ouplusieurs années de formation en cours d'emploi sont exigés."
72999.02,"Le certificat de qualification de serrurier est offert, bien que facultatif, en Nouvelle-Écosse, au Nouveau-Brunswick, en Saskatchewan, en Alberta, en Colombie-Britannique, dans les Territoires du Nord-Ouest et au Nunavut."
72999.02,Un certificat de qualification provincial ou une licence peut être exigé pour d'autres postes dans ce groupe de base.
72999.03,Un diplôme d'études secondaires est habituellement exigé.
72999.03,"Un programme d'apprentissage de deux à quatre ans dans un métier connexe tel que serrurier ou réparateur de scies ouune formation spécialisée, en milieu scolaire ou industriel, ainsi que plusieurs années d'expérience dans un métier connexe ouplusieurs années de formation en cours d'emploi sont exigés."
72999.03,Un certificat de qualification provincial ou une licence peut être exigé pour d'autres postes dans ce groupe de base.
72999.04,Un diplôme d'études secondaires est habituellement exigé.
72999.04,"Un programme d'apprentissage de deux à quatre ans dans un métier connexe tel que serrurier ou réparateur de scies ouune formation spécialisée, en milieu scolaire ou industriel, ainsi que plusieurs années d'expérience dans un métier connexe ouplusieurs années de formation en cours d'emploi sont exigés."
72999.04,"Le certificat de qualification d'ajusteur et d'affûteur de scies est offert, bien que facultatif, au Québec, en Colombie-Britannique et au Yukon."
72999.05,Un diplôme d'études secondaires est habituellement exigé.
72999.05,"Un programme d'apprentissage de deux à quatre ans dans un métier connexe tel que serrurier ou réparateur de scies ouune formation spécialisée, en milieu scolaire ou industriel, ainsi que plusieurs années d'expérience dans un métier connexe ouplusieurs années de formation en cours d'emploi sont exigés."
72999.05,Un certificat de qualification provincial ou une licence peut être exigé pour d'autres postes dans ce groupe de base.
72999.06,"Les scaphandriers doivent répondre aux exigences de la norme Z275.4-F02 de l'Association canadienne de normalisation (ACN), Norme de compétence pour les opérations de plongée."
72999.06,"La certification des plongeurs commerciaux émise par le Conseil de certification de plongeur du Canada ou une qualification obtenue après avoir suivi un programme de formation académique reconnu, des cours de formation en plongée ou une combinaison de formation académique et d'expérience pratique est exigée des scaphandriers."
72999.06,Un certificat de compétence en plongée et un examen médical effectué par un médecin hyperbare sont exigés des scaphandriers.
72999.06,De l'expérience de plongée dans les forces armées ou dans la police peut être exigée des scaphandriers.
72999.06,Un certificat provincial de dynamiteur est habituellement exigé pour les scaphandriers qui installent et font détoner des explosifs.
73100.00,Un diplôme d'études secondaires est habituellement exigé.
73100.00,"Un programme d'apprentissage de deux à quatre ansouplus de trois ans d'expérience dans le métier et une formation spécialisée en finition de béton, en milieu scolaire ou industriel, sont habituellement exigés pour être admissible au certificat de qualification."
73100.00,"Le certificat de qualification de finisseur de béton est obligatoire au Québec et offert, bien que facultatif, à Terre-Neuve-et-Labrador, en Nouvelle-Écosse, à l'Île-du-Prince-Édouard, au Nouveau-Brunswick, au Manitoba, en Alberta et en Colombie-Britannique."
73100.00,"Le certificat de maçon-cimentier est offert, bien que facultatif, en Ontario."
73100.00,Les finisseurs de béton qualifiés peuvent obtenir la mention Sceau rouge après la réussite de l'examen interprovincial Sceau rouge.
73101.00,Un diplôme d'études secondaires est habituellement exigé.
73101.00,"Un programme d'apprentissage de trois ou quatre ans ouplus de trois ans d'expérience dans le métier ainsi qu'une formation spécialisée en carrelage, en milieu scolaire ou industriel, sont habituellement exigés pour l'obtention du certificat de qualification."
73101.00,"Un certificat de qualification de carreleur est obligatoire au Québec et est offert, bien que facultatif, à Terre-Neuve-et-Labrador, en Nouvelle-Écosse, à l'Île-du-Prince-Édouard, au Nouveau-Brunswick, en Ontario, en Saskatchewan, en Alberta et en Colombie-Britannique."
73101.00,Les carreleurs qualifiés peuvent obtenir la mention Sceau rouge après la réussite de l'examen interprovincial Sceau rouge.
73102.01,Un diplôme d'études secondaires est habituellement exigé.
73102.01,"Un apprentissage de trois à quatre ans comme plâtrier, latteur ou poseur de systèmes intérieurs ouplus de trois ans d'expérience et de formation en milieu scolaire ou industriel comme plâtrier, latteur ou poseur de systèmes intérieurs sont habituellement exigés."
73102.01,"Un certificat de qualification comme plâtrier est obligatoire au Québec et est offert, bien que facultatif, en Ontario, en Saskatchewan et en Colombie-Britannique."
73102.02,Un diplôme d'études secondaires est habituellement exigé.
73102.02,"Un apprentissage de trois à quatre ans comme plâtrier, latteur ou poseur de systèmes intérieurs ouplus de trois ans d'expérience et de formation en milieu scolaire ou industriel comme plâtrier, latteur ou poseur de systèmes intérieurs sont habituellement exigés."
73102.02,"Un certificat de qualification comme poseur de systèmes d'intérieur est offert, bien que facultatif, en Colombie-Britannique."
73102.03,Un diplôme d'études secondaires est habituellement exigé.
73102.03,"Un apprentissage de trois à quatre ans comme plâtrier, latteur ou poseur de systèmes intérieurs ouplus de trois ans d'expérience et de formation en milieu scolaire ou industriel comme plâtrier, latteur ou poseur de systèmes intérieurs sont habituellement exigés."
73102.03,"Le certificat de qualification de latteur (spécialiste de systèmes d'intérieurs) est obligatoire au Québec et est offert, bien que facultatif, dans les autres provinces et au Yukon."
73102.03,Les latteurs (spécialistes de systèmes d'intérieur) qualifiés peuvent obtenir la mention Sceau rouge après la réussite de l'examen interprovincial Sceau rouge.
73110.01,Un diplôme d'études secondaires est habituellement exigé.
73110.01,"Un programme d'apprentissage de deux à trois ans ouplus de trois ans d'expérience dans ce métier ainsi qu'une formation, en milieu scolaire ou industriel, sont habituellement exigés des couvreurs pour être admissible au certificat de qualification."
73110.01,"Le certificat de qualification du couvreur est obligatoire au Québec et est offert, bien que facultatif, dans les autres provinces et les territoires."
73110.01,"Un certificat de qualification pour les couvreurs de toits résidentiels à forte pente est offert, bien que facultatif, en Colombie-Britannique."
73110.02,Un diplôme d'études secondaires est habituellement exigé.
73110.02,Les poseurs de bardeaux requièrent une formation en cours d'emploi d'une durée de un à deux ans.
73111.00,Un diplôme d'études secondaires est habituellement exigé.
73111.00,"Un programme d'apprentissage de trois ou quatre ans ouplus de quatre ans d'expérience dans le métier et quelques cours de formation spécialisée, en milieu scolaire ou industriel, sont habituellement exigés pour obtenir un certificat de qualification."
73111.00,"Le certificat de qualification de vitrier est obligatoire au Québec et est offert, bien que facultatif, dans les autres provinces et les territoires."
73111.00,Les vitriers qualifiés peuvent obtenir la mention Sceau rouge après la réussite de l'examen interprovincial Sceau rouge.
73112.00,Un diplôme d'études secondaires est habituellement exigé.
73112.00,Un programme d'apprentissage de trois à quatre ans ouplus de trois ans d'expérience dans le métier sont habituellement exigés pour être admissible à un certificat de qualification.
73112.00,"Le certificat de qualification de peintre et décorateur est obligatoire au Québec et est offert, bien que facultatif, dans les autres provinces et les territoires."
73112.00,Les peintres et les décorateurs qualifiés peuvent obtenir la mention Sceau rouge après la réussite de l'examen interprovincial Sceau rouge.
73113.00,Un diplôme d'études secondaires est habituellement exigé.
73113.00,Un programme d'apprentissage de deux à trois ans ouplus de quatre ans d'expérience dans ce métier et certains cours dans l'installation de revêtements souples sont habituellement exigés pour être admissible à un certificat de qualification.
73113.00,"Le certificat de qualification des poseurs de revêtements souples est obligatoire au Québec et est offert, bien que facultatif, à Terre-Neuve-et-Labrador, en Nouvelle-Écosse, à l'Île-du-Prince-Édouard, au Nouveau-Brunswick, en Ontario, au Manitoba, en Alberta, en Colombie-Britannique, au Yukon, dans les Territoires du Nord-Ouest et au Nunavut."
73113.00,Les poseurs de revêtements souples qualifiés peuvent obtenir la mention Sceau rouge après la réussite de l'examen interprovincial Sceau rouge.
73200.00,Quelques années d'études secondaires sont habituellement exigées.
73200.00,"Une formation en cours d'emploi et plusieurs mois d'expérience en installation, en réparation ou en entretien reliés au domaine d'emploi sont habituellement exigés."
73200.00,Un permis de conduire peut être exigé.
73201.00,Une éducation secondaire est généralement exigée.
73201.00,De l'expérience préalable en entretien peut être exigée.
73201.00,Un certificat d'ouvrier qualifié dans un ou plusieurs métiers ou de responsable de l'entretien d'immeubles peut être exigé des concierges d'immeubles.
73202.00,Un diplôme d'études secondaires est habituellement exigé.
73202.00,La réussite d'un cours en extermination ou en contrôle de la vermine ou plusieurs mois de formation en cours d'emploi sont habituellement exigés.
73202.00,Un permis provincial en application de pesticides est exigé dans toutes les provinces.
73209.00,Quelques années d'études secondaires sont habituellement exigées.
73209.00,Des cours au niveau collégial ou d'autres cours portant sur un produit en particulier ou sur sa réparation ouplusieurs mois de formation en cours d'emploi sont habituellement exigés.
73300.01,Un diplôme d'études secondaires est habituellement exigé.
73300.01,Une formation en cours d'emploi est offerte.
73300.01,"La réussite d'un programme de formation accrédité pour camionneurs d'une durée de jusqu'à trois mois, offert par un collège ou une école de formation professionnelle, peut être exigée."
73300.01,Un permis de conduire de classe 3 ou D est exigé des conducteurs de camions porteurs.
73300.01,Un permis de conduire de classe 1 ou A est exigé des conducteurs de camions articulés allongés.
73300.01,La mention « freins pneumatiques » (Z) est exigée des conducteurs qui conduisent des véhicules équipés de freins pneumatiques.
73300.01,Les conducteurs qui transportent des substances ou des marchandises dangereuses doivent être détenteurs d'un certificat de transport de marchandises dangereuses.
73300.01,Une mention ou une certification additionnelle peut être exigée pour conduire des camions articulés.
73300.02,Un diplôme d'études secondaires est habituellement exigé.
73300.02,Une formation en cours d'emploi est offerte.
73300.02,"La réussite d'un programme de formation accrédité pour camionneurs d'une durée de jusqu'à trois mois, offert par un collège ou une école de formation professionnelle, peut être exigée."
73300.02,Un permis de conduire de classe 3 ou D est exigé des conducteurs de camions porteurs.
73300.02,Un permis de conduire de classe 1 ou A est exigé des conducteurs de camions articulés allongés.
73300.02,La mention « freins pneumatiques » (Z) est exigée des conducteurs qui conduisent des véhicules équipés de freins pneumatiques.
73300.02,Les conducteurs qui transportent des substances ou des marchandises dangereuses doivent être détenteurs d'un certificat de transport de marchandises dangereuses.
73300.02,Une mention ou une certification additionnelle peut être exigée pour conduire des camions articulés.
73301.01,Un diplôme d'études secondaires est habituellement exigé.
73301.01,"Une formation en cours d'emploi d'une durée allant jusqu'à trois mois, y compris de l'enseignement théorique, est habituellement offerte pour tous les postes de ce groupe de base."
73301.01,Au moins un an d'expérience de conduite sécuritaire est exigé.
73301.01,"Un permis de conduire de classe B, C, E ou F en Ontario et de classe 2 dans les autres provinces et les territoires est exigé des conducteurs d'autobus."
73301.01,La mention « freins pneumatiques » et un certificat de secourisme peuvent être exigés.
73301.02,Un diplôme d'études secondaires est habituellement exigé.
73301.02,"Une formation en cours d'emploi d'une durée allant jusqu'à trois mois, y compris de l'enseignement théorique, est habituellement offerte pour tous les postes de ce groupe de base."
73301.02,Au moins un an d'expérience de conduite sécuritaire est exigé.
73301.02,"Un permis de conduire de classe B, C, E ou F en Ontario et de classe 2 dans les autres provinces et les territoires est exigé des conducteurs d'autobus."
73301.02,La mention « freins pneumatiques » et un certificat de secourisme peuvent être exigés.
73301.03,Un diplôme d'études secondaires est habituellement exigé.
73301.03,"Une formation en cours d'emploi d'une durée allant jusqu'à trois mois, y compris de l'enseignement théorique, est habituellement offerte pour tous les postes de ce groupe de base."
73301.03,Au moins un an d'expérience de conduite sécuritaire est exigé.
73301.03,La mention « freins pneumatiques » et un certificat de secourisme peuvent être exigés.
73301.03,De l'expérience comme conducteur d'autobus de transport en commun est habituellement exigée des opérateurs de métro et de systèmes légers sur rail.
73310.01,Un diplôme d'études secondaires est habituellement exigé.
73310.01,De l'expérience comme chef de train est exigée des mécaniciens de locomotive et peut l'être des mécaniciens de locomotive de cour de triage.
73310.01,Un certificat de Règlement d'exploitation ferroviaire du Canada est exigé des mécaniciens de locomotives.
73310.02,Un diplôme d'études secondaires est habituellement exigé.
73310.02,De l'expérience comme chef de train est exigée des mécaniciens de locomotive et peut l'être des mécaniciens de locomotive de cour de triage.
73310.02,De l'expérience comme manoeuvre de cour de triage peut être exigée des mécaniciens de locomotives de cour de triage.
73311.01,Un diplôme d'études secondaires est habituellement exigé.
73311.01,De l'expérience comme serre-freins est exigée des chefs de train.
73311.01,Un certificat de Règlement d'exploitation ferroviaire du Canada est exigé des chefs de train.
73311.02,Un diplôme d'études secondaires est habituellement exigé.
73311.02,De l'expérience comme manoeuvre du transport ferroviaire est habituellement exigée des serre-freins.
73311.02,Un certificat de Règlement d'exploitation ferroviaire du Canada est exigé des serre-freins.
73400.00,Quelques années d'études secondaires sont exigées.
73400.00,"Un programme d'apprentissage d'un à deux ans ouune formation spécialisée, en milieu scolaire ou industriel, en conduite d'équipement lourd ainsi qu'une formation en cours d'emploi sont exigés."
73400.00,"Le certificat de qualification d'opérateur d'équipement lourd (bulldozer, excavatrice, tractopelle-rétrocaveuse) est obligatoire au Québec et est offert, bien que facultatif, à Terre-Neuve-et-Labrador, en Nouvelle-Écosse, à l'Île-du-Prince-Édouard et en Ontario."
73400.00,La réussite d'un examen interne peut être exigée par l'employeur.
73400.00,Les opérateurs d'équipement lourd qualifiés peuvent obtenir la mention Sceau rouge après la réussite de l'examen interprovincial Sceau rouge.
73401.00,Un diplôme d'études secondaires est habituellement exigé.
73401.00,"Un diplôme d'études collégiales en technologie de l'imprimerie ou une formation spécialisée, en milieu scolaire ou industriel, complétée par une formation en cours d'emploi est habituellement exigé."
73401.00,"Le certificat de compétence est offert, bien que facultatif, au Québec."
73402.01,Un diplôme d'études secondaires est habituellement exigé.
73402.01,Une formation en cours d'emploi est offerte.
73402.01,De l'expérience en tant que conducteur d'équipement lourd peut être exigée des foreurs.
73402.02,Un diplôme d'études secondaires est habituellement exigé.
73402.02,Une formation en cours d'emploi est offerte.
73402.02,De l'expérience en tant qu'aide-dynamiteur de la construction ou de carrières et de mines à ciel ouvert peut être exigée des dynamiteurs.
73402.02,Un permis de dynamitage provincial est habituellement exigé des dynamiteurs.
73402.02,Le certificat de qualification de boutefeu est obligatoire en Nouvelle-Écosse.
74100.01,Un diplôme d'études secondaires ainsi que des cours en administration de bureau peuvent être exigés.
74100.01,Une formation en cours d’emploi est nécessaire.
74100.01,Une bonne forme physique peut être exigée dans certaines professions de ce groupe de base.
74100.02,Un diplôme d'études secondaires ainsi que des cours en administration de bureau peuvent être exigés.
74100.02,Une formation en cours d’emploi est nécessaire.
74100.02,Une bonne forme physique peut être exigée dans certaines professions de ce groupe de base.
74101.00,Quelques années d'études secondaires sont exigées.
74101.00,La Société canadienne des postes offre une formation d'une durée de deux semaines à un mois.
74101.00,Une bonne forme physique est exigée dans certaines professions de ce groupe de base.
74102.00,Des études secondaires peuvent être exigées.
74102.00,Un cautionnement peut être exigé.
74102.00,La capacité à circuler dans les rues et à suivre des indications est habituellement exigée.
74102.00,Une bonne forme physique est exigée dans certaines professions de ce groupe de base.
74200.01,Quelques années d'études secondaires sont habituellement exigées.
74200.01,De l'expérience comme manoeuvre du transport ferroviaire est exigée.
74200.01,Un certificat de Règlement d'exploitation ferroviaire du Canada est exigé des ouvriers de gares de triage.
74200.02,Quelques années d'études secondaires sont habituellement exigées.
74200.02,Une formation en cours d'emploi est offerte.
74200.02,Un certificat de Règlement d'exploitation ferroviaire du Canada est exigé des ouvriers de gares de triage.
74201.01,Quelques années d'études secondaires sont exigées.
74201.01,Une formation en cours d'emploi est offerte.
74201.02,Quelques années d'études secondaires sont exigées.
74201.02,Une formation en cours d'emploi est offerte.
74202.00,Un diplôme d'études secondaires est habituellement exigé.
74202.00,De l'expérience dans le fonctionnement de l'équipement de transport des bagages ou de l'expérience dans un entrepôt peuvent être exigées.
74202.00,Un permis de conduire et un dossier de bon conducteur sont habituellement exigés.
74203.00,Quelques années d'études secondaires sont habituellement exigées.
74203.00,Plusieurs semaines de formation en cours d'emploi sont habituellement exigés.
74204.01,Un diplôme d'études secondaires peut être exigé.
74204.01,Plusieurs années d'expérience comme manoeuvre au sein de la même compagnie peuvent être exigées.
74204.01,Une formation en cours d'emploi est offerte.
74204.01,La certification en eau potable est exigée au Québec et en Ontario pour les travailleurs d'entretien des canalisations d'eau.
74204.02,Un diplôme d'études secondaires peut être exigé.
74204.02,Plusieurs années d'expérience comme manoeuvre au sein de la même compagnie peuvent être exigées.
74204.02,Une formation en cours d'emploi est offerte.
74205.00,De l'expérience en tant que manoeuvre d'entretien public est habituellement exigée.
74205.00,Un permis de conduire approprié au genre d'équipement utilisé peut être exigé.
74205.00,Une formation en cours d'emploi est offerte.
74205.00,"Un certificat de compétence pour arboristes de services publics est offert, bien que facultatif, en Ontario et en Colombie-Britannique."
74205.00,Quelques années d'études secondaires peuvent être exigées.
75100.00,Une formation en cours d'emploi est offerte.
75100.00,Quelques années d'études secondaires peuvent être exigées.
75101.01,Quelques années d'études secondaires peuvent être exigées.
75101.01,Les manutentionnaires d'objets lourds doivent faire preuve de force physique pour accomplir leurs tâches.
75101.02,Quelques années d'études secondaires peuvent être exigées.
75110.00,Une certaine expérience comme manoeuvre en construction peut être exigée des aides de soutien des métiers.
75110.00,"On exige habituellement une expérience d'une saison dans la construction de gazoducs et d'oléoducs pour certains ouvriers des pipelines, tels que les poseurs de pipelines par abattage et les ouvriers aux préchauffeurs."
75110.00,Un certificat en contrôle de la circulation peut être exigé des signaleurs.
75110.00,Un certificat en gréage/élingage peut être exigé des élingueurs et des gréeurs.
75110.00,Une formation en cours d’emploi peut être fournie.
75119.00,Une formation en cours d'emploi est offerte.
75119.00,Quelques années d'études secondaires peuvent être exigées.
75200.01,Quelques années d'études secondaires sont habituellement exigées.
75200.01,Au moins un an d'expérience de conduite sécuritaire est habituellement exigé.
75200.01,"Un permis de conduire de classe G est exigé en Ontario, et un permis de classe 4 est exigé dans les autres provinces et territoires."
75200.01,Une bonne connaissance de la région géographique desservie est exigée et la réussite d'examens écrits sur l'emplacement d'immeubles et de rues et sur la sécurité peut être exigée des chauffeurs de taxi et de limousine.
75200.01,Un permis municipal est habituellement exigé des chauffeurs de taxi.
75200.01,Un certificat de secourisme peut être exigé.
75200.02,Quelques années d'études secondaires sont habituellement exigées.
75200.02,Au moins un an d'expérience de conduite sécuritaire est habituellement exigé.
75200.02,"Un permis de conduire de classe G est exigé en Ontario, et un permis de classe 4 est exigé dans les autres provinces et territoires."
75200.02,Une bonne connaissance de la région géographique desservie est exigée et la réussite d'examens écrits sur l'emplacement d'immeubles et de rues et sur la sécurité peut être exigée des chauffeurs de taxi et de limousine.
75200.02,Un certificat de secourisme peut être exigé.
75201.00,Quelques années d'études secondaires sont habituellement exigées.
75201.00,Un permis de conduire correspondant à la classe du véhicule conduit est exigé.
75201.00,Un an d'expérience de conduite sécuritaire est habituellement exigé.
75201.00,Une formation en cours d'emploi peut être offerte.
75201.00,Les chauffeurs-livreurs et les chauffeurs de services de messagerie peuvent devoir être admissibles au cautionnement et obtenir un certificat de transport de marchandises dangereuses (TMD).
75210.01,Quelques années d'études secondaires sont habituellement exigées.
75210.01,Une formation en cours d'emploi est offerte.
75210.02,Quelques années d'études secondaires sont habituellement exigées.
75210.02,Une formation en cours d'emploi est offerte.
75210.03,Quelques années d'études secondaires sont habituellement exigées.
75210.03,Une formation en cours d'emploi est offerte.
75210.04,Quelques années d'études secondaires sont habituellement exigées.
75210.04,Une formation en cours d'emploi est offerte.
75210.04,"Un certificat de capitaine, capitaine avec restrictions ou de conducteur de petits bâtiments, émis par Transport Canada, est exigé des propriétaires-exploitants de bateaux."
75210.04,Une formation aux fonctions d’urgence en mer (FUM) est requise des opérateurs et des membres d’équipage de bateaux.
75211.01,Quelques années d'études secondaires sont habituellement exigées.
75211.02,Quelques années d'études secondaires sont habituellement exigées.
75212.00,Une formation en cours d'emploi de plusieurs semaines est offerte.
80010.00,"Un baccalauréat en géologie, en sciences de la terre ou en génie pétrolier est habituellement exigé des directeurs d'exploitation pétrolière et gazière."
80010.00,Un baccalauréat en foresterie ou en génie forestier est habituellement exigé des directeurs des opérations forestières.
80010.00,Un baccalauréat en génie minier ou en sciences de la terre est habituellement exigé des directeurs d'exploitation de mine et de carrière.
80010.00,"Plusieurs années d'expérience dans un poste de supervision, dans une industrie en particulier, sont habituellement exigées et cette expérience peut suppléer aux titres scolaires."
80020.00,"Une vaste expérience du domaine agricole acquise dans une ferme, comme fermier, surveillant de ferme, ou ouvrier agricole spécialisé dans la culture ou l'élevage, est habituellement exigée."
80020.00,Un diplôme d'études universitaires ou collégiales en gestion agricole ou autre domaine lié à la production agricole ou à l'élevage peut être exigé.
80021.00,Un diplôme d'études collégiales en horticulture est habituellement exigé.
80021.00,De l'expérience en tant que surveillant de pépinière ou de serre est exigée.
80022.00,"Un permis, une licence ou un bail d'exploitation commerciale d'une alevinière ou d'un établissement aquacole est exigé des gestionnaires en aquaculture qui sont des travailleurs autonomes."
80022.00,Un diplôme d'études secondaires est habituellement exigé.
80022.00,Un diplôme d'études collégiales en aquaculture ou dans un domaine connexe ouplusieurs années d'expérience dans les domaines de la pêche ou de l'aquaculture sont habituellement exigés.
82010.00,Un diplôme d'études secondaires est habituellement exigé.
82010.00,Un diplôme d'études collégiales en technologie forestière ou technique forestière de un à trois ans peut être exigé.
82010.00,Un certificat en secourisme industriel peut être exigé.
82010.00,"Plusieurs années d'expérience en tant que bûcheron, travailleur en sylviculture ou conducteur de machinerie d'exploitation forestière sont habituellement exigées."
82010.00,Un permis d'application de produits chimiques peut être exigé.
82010.00,Une formation interne ainsi que plusieurs mois de formation en cours d'emploi sont offerts par les entreprises.
82020.00,Plusieurs années d'expérience dans des postes supervisés sont habituellement exigées.
82020.00,"Un certificat provincial de surveillant de mine souterraine, de chef d'équipe ou de surveillant de mine de charbon peut être exigé."
82020.00,Un diplôme d'études collégiales ou universitaires en techniques de génie ou d'exploitation minière peut être exigé pour certains postes de ce groupe.
82020.00,Un diplôme d'études secondaires est exigé.
82021.00,Un diplôme d'études secondaires est exigé.
82021.00,"Un diplôme d'études collégiales, ou la réussite de cours approuvés par l'industrie pétrolière, est exigé."
82021.00,Une vaste expérience dans le genre de poste supervisé est exigée.
82021.00,Un diplôme d'un programme d'études collégiales de deux ans en technologie de génie pétrolier peut être exigé.
82021.00,"Des certificats en secourisme, en sensibilisation à l'hydrogène sulfuré, en prévention des éruptions, en contrôle de puits, en Système d'information sur les matières dangereuses utilisées au travail (SIMDUT), en transport de matières dangereuses ou autres sujets techniques, ainsi que ceux reliés à la sécurité, sont exigés. On peut obtenir ces certificats en suivant des cours de courte durée."
82030.01,"Un diplôme d'études universitaires, collégiales ou des cours pertinents offerts par l'industrie agricole, et plusieurs années d'expérience reliées au service agricole offert sont habituellement exigés des entrepreneurs de services agricoles."
82030.01,"Les entrepreneurs fournissant certains services, tels que l'insémination artificielle et l'application de pesticides, peuvent devoir détenir des certificats de formation et des permis provinciaux."
82030.01,Une formation ou une certification de premiers soins peut être exigée.
82030.02,Un diplôme d'études collégiales ou une autre formation spécialisée en agriculture ou en élevage du bétail peut être exigé pour les surveillants d'exploitations agricoles.
82030.02,Une formation ou une certification de premiers soins peut être exigée.
82031.00,"De l'expérience en tant que surveillant en aménagement paysager ou en horticulture, ou en tant que technicien de l'aménagement paysager ou de l'horticulture est exigée."
82031.00,Un diplôme d'études secondaires est habituellement exigé.
82031.00,De l'expérience dans le genre de travail supervisé est exigée.
82031.00,"Un diplôme d'études collégiales, des cours spécialisés, ou un certificat ou de la formation reliés à l'industrie en aménagement paysager et en horticulture sont habituellement exigés."
82031.00,"Un permis provincial d'application d'engrais chimique, de fongicides, d'herbicides et de pesticides peut être exigé."
83100.00,Un certificat du programme de tronc commun de base ou de mineur souterrain de roches dures peut être obtenu en Ontario.
83100.00,Un certificat de secourisme peut être exigé.
83100.00,"Une formation théorique d'une durée d'au plus six semaines, suivie de périodes de formation spécialisée en tant qu'aide ou dans des postes de soutien, est habituellement offerte."
83100.00,Un permis ou un certificat de la compagnie est souvent exigé pour les postes de ce groupe de base.
83100.00,L'expérience de manoeuvre de mine ou de travailleur minier est habituellement exigée.
83100.00,Un certificat provincial de dynamiteur peut être exigé.
83100.00,"Le certificat de qualification de mineur est offert, bien que facultatif, au Québec et au Manitoba."
83100.00,Un diplôme d'études secondaires est habituellement exigé.
83101.01,Un diplôme d'études secondaires est habituellement exigé.
83101.01,"Une formation officielle en cours d'emploi, de trois à six mois, des cours de niveau collégial ou des cours approuvés par l'industrie pétrolière, et quatre ans ou plus d'expérience dans des postes de membre subalterne d'équipe de forage sont exigés des foreurs et des conducteurs de montage d'entretien des puits de pétrole et de gaz."
83101.01,Un diplôme d'études collégiales en forage peut être exigé.
83101.01,Plusieurs années d'expérience en forage terrestre sont exigées pour effectuer des forages en mer.
83101.01,"Des certificats en secourisme, en sensibilisation à l'hydrogène sulfuré, en prévention des éruptions, en contrôle des puits, en Système d'information sur les matières dangereuses utilisées au travail (SIMDUT), en transport de matières dangereuses et un certificat spécial (chaudière) d'opérateur de puits de pétrole sont exigés."
83101.01,Un permis provincial de dynamiteur et un certificat de dynamiteur sismique et de dynamiteur de puits de pétrole sont exigés pour effectuer la perforation des puits.
83101.01,"Le certificat de qualification de technicien en forage est obligatoire en Alberta et est offert, bien que facultatif, à Terre-Neuve-et-Labrador, en Nouvelle-Écosse, à l'Île-du-Prince-Édouard, au Manitoba, en Saskatchewan, en Colombie-Britannique et dans les Territoires du Nord-Ouest."
83101.01,Les techniciens en forage qualifiés peuvent obtenir la mention Sceau rouge après la réussite de l'examen interprovincial Sceau rouge.
83101.02,Un diplôme d'études secondaires est habituellement exigé.
83101.02,Plusieurs années d'expérience en forage terrestre sont exigées pour effectuer des forages en mer.
83101.02,"Des certificats en secourisme, en sensibilisation à l'hydrogène sulfuré, en prévention des éruptions, en contrôle des puits, en Système d'information sur les matières dangereuses utilisées au travail (SIMDUT), en transport de matières dangereuses et un certificat spécial (chaudière) d'opérateur de puits de pétrole sont exigés."
83101.02,"Une formation officielle en cours d'emploi de trois à six mois, et plusieurs années d'expérience dans des postes de diagraphie et de mise à l'essai ou de forage et d'entretien de forage, sont exigées des travailleurs en diagraphie et en mise à l'essai des puits et des travailleurs assimilés."
83101.02,Un diplôme d'études collégiales en électronique ou en technologie du génie peut être exigé des travailleurs en diagraphie de sondages non tubés.
83110.00,"Une expérience de trois à cinq ans, en tant que conducteur de matériel d'abattage d'arbres, est habituellement exigée des conducteurs d'abatteuses-empileuses et d'appareils de débardage."
83110.00,"Une expérience de un à trois ans, en tant que conducteur de matériel d'abattage d'arbres, est habituellement exigée des conducteurs d'ébrancheuses-tronçonneuses et de chargeuses d'arbres."
83110.00,Un certificat de conducteur de machinerie d'abattage d'arbres mobile décerné par la compagnie peut être exigé.
83110.00,Un certificat de Système d'information sur les matières dangereuses utilisées au travail (SIMDUT) et un certificat en secourisme peuvent être exigés.
83110.00,Un diplôme d'études secondaires peut être exigé.
83110.00,De l'expérience en tant qu'opérateur de scie à chaîne et conducteur de débardeur peut être exigée des conducteurs d'abatteuses-tronçonneuses-porteuses.
83110.00,Les exigences d'expérience varient selon la complexité du matériel utilisé.
83110.00,Un certificat de compétence en conduite d'équipement lourd peut être exigé.
83110.00,"Un certificat de compétence provincial de freins à air comprimé peut être exigé en Colombie-Britannique, selon le type de matériel utilisé."
83110.00,La connaissance des règlements de la moisson d'arbres est exigée.
83110.00,Une formation en cours d'emploi de trois à 16 mois est offerte selon la complexité du matériel utilisé et du type d'exploitation forestière.
83120.00,Quelques années d'études secondaires sont habituellement exigées.
83120.00,Un à deux ans d'expérience en tant que matelot de pont sur les bâtiments de pêche est exigé.
83120.00,Un an de service en tant qu'officier de quart est exigé des capitaines.
83120.00,Un certificat de capitaine de bâtiment de pêche est exigé pour tous les postes de ce groupe de base.
83120.00,Un certificat de fonctions d’urgence en mer est exigé de la part de Transports Canada.
83120.00,Un certificat d’exploitation en règle est exigé pour tous les postes de ce groupe de base.
83120.00,Un permis de pêche commerciale est exigé.
83121.00,Plusieurs années d'expérience en tant qu'aide ou membre d'équipage sur un bateau de pêche sont habituellement exigées.
83121.00,Un certificat de fonctions d'urgence en mer est exigé de la part de Transports Canada.
83121.00,Un certificat d'exploitation en règle est exigé.
83121.00,Un permis de pêche commerciale est exigé.
83121.00,Un permis est exigé pour chaque espèce de poisson capturé.
83121.00,"Le certificat de qualification pour les pêcheurs professionnels est offert, bien que facultatif, à Terre-Neuve-et-Labrador."
84100.00,L'expérience en tant que manoeuvre de mine est habituellement exigée.
84100.00,Un diplôme d'études secondaires est habituellement exigé.
84100.00,"Une formation théorique pouvant aller jusqu'à six semaines, suivie de périodes de formation en cours d'emploi, est habituellement exigée des aides ou du personnel de soutien."
84100.00,Un permis ou un certificat de la compagnie sont souvent exigés pour les postes de ce groupe de base.
84100.00,Un certificat peut être obtenu du programme de formation « Tronc commun de base » en Ontario.
84101.01,Un diplôme d'études secondaires est exigé.
84101.01,La réussite de cours approuvés par l'industrie pétrolière peut être exigée.
84101.01,"Une année d'expérience en tant qu'aide de plancher, assistant ou manoeuvre est habituellement exigée."
84101.01,"Des certificats en secourisme, en sensibilisation à l'hydrogène sulfuré, en prévention des éruptions, en Système d'information sur les matières dangereuses utilisées au travail (SIMDUT), en transport de matières dangereuses, en sécurité cryogénique ou autres sujets relatifs à la sécurité peuvent être exigés."
84101.01,Certains employeurs peuvent exiger une certification de technicien d'appareil de forage des motoristes et des accrocheurs.
84101.02,Un diplôme d'études secondaires est exigé.
84101.02,Une formation d'une durée maximale de trois mois auprès d'un opérateur qualifié est exigée des opérateurs à l'entretien de puits de pétrole et de gaz.
84101.02,La réussite de cours approuvés par l'industrie pétrolière peut être exigée.
84101.02,"Une année d'expérience en tant qu'aide de plancher, assistant ou manoeuvre est habituellement exigée."
84101.02,"Des certificats en secourisme, en sensibilisation à l'hydrogène sulfuré, en prévention des éruptions, en Système d'information sur les matières dangereuses utilisées au travail (SIMDUT), en transport de matières dangereuses, en sécurité cryogénique ou autres sujets relatifs à la sécurité peuvent être exigés."
84110.00,De l'expérience en tant que manoeuvre dans l'abattage d'arbres et l'exploitation forestière ou en tant que conducteur de machine d'abattage d'arbres peut être exigée. L'expérience exigée varie selon le genre et l'endroit des opérations dans les régions boisées.
84110.00,L'accréditation provinciale ou un certificat de programme de travailleur forestier est exigé dans certaines provinces.
84110.00,Un certificat du Système d'information sur les matières dangereuses utilisées au travail (SIMDUT) et un certificat en secourisme peuvent être exigés.
84110.00,Un diplôme d'études collégiales pour travailleurs forestiers peut être exigé.
84110.00,"Une formation professionnelle sur l'utilisation de scies à chaîne et leur entretien, et plusieurs mois de formation en cours d'emploi sont habituellement exigés."
84110.00,Un diplôme d'études secondaires peut être exigé.
84110.00,"Un certificat de qualification d'abatteur d'arbres est offert, bien que facultatif, au Québec."
84111.00,Un diplôme d'études collégiales ou d'un autre programme de formation spécialisée pour les ouvriers sylvicoles ou pour les membres d'équipe forestière peut être exigé.
84111.00,Une formation officielle sur l'utilisation de scies à chaîne et sur leur entretien et plusieurs mois de formation en cours d'emploi sont habituellement offerts.
84111.00,Un diplôme d'études secondaires peut être exigé.
84111.00,Un permis d'ouvrier sylvicole peut être exigé.
84111.00,Un permis d'application des produits chimiques est exigé.
84111.00,Les certificats en Système d'information sur les matières dangereuses utilisées au travail (SIMDUT) et en transport des matières dangereuses peuvent être exigés.
84111.00,De l'expérience en tant que manoeuvre d'exploitation forestière peut être exigée.
84120.01,Un diplôme d’études collégiales ou une autre formation spécialisée en agriculture ou en élevage du bétail peut être exigé pour les ouvriers agricoles spécialisés dans l’élevage.
84120.01,"Des connaissances de base en agriculture, habituellement acquises en travaillant dans une ferme familiale, peuvent être exigées pour obtenir un emploi."
84120.01,Une formation ou une certification de premiers soins peut être exigée.
84120.02,"Aucune scolarité spécifique ou formation n'est exigée. Cependant, une formation spécialisée en milieu scolaire est offerte, par exemple, en mécanique de machinerie agricole, en soudure agricole et en application de pesticides."
84120.02,"Des connaissances de base en agriculture, habituellement acquises en travaillant dans une ferme familiale, peuvent être exigées pour obtenir un emploi."
84120.02,Une formation ou une certification de premiers soins peut être exigée.
84121.00,Aucune étude particulière n'est exigée.
84121.00,Une formation en cours d'emploi est offerte.
84121.00,Un certificat de fonctions d’urgence en mer est exigé de la part de Transports Canada.
84121.00,Un programme de formation en matelots de pont peut être exigé.
84121.00,Un an d'expérience est exigé des pêcheurs au chalut.
84121.00,Un permis de pêche commerciale est exigé des matelots de pont sur bateau de pêche.
85100.00,Ce groupe de base n'exige pas de scolarité ni de formation spécifiques.
85101.00,Ce groupe de base n'exige pas de scolarité ni de formation spécifiques.
85102.00,Quelques années d'études secondaires sont habituellement exigées.
85102.00,Un permis de pêche commerciale est exigé des ramasseurs de coquillages.
85102.00,Un certificat de fonctions d'urgence en mer peut être exigé pour certains postes de ce groupe de base.
85103.00,Un diplôme d'études secondaires peut être exigé.
85103.00,Un diplôme d'études collégiales en horticulture ou dans un domaine connexe peut être exigé.
85103.00,Une formation en cours d'emploi est offerte.
85103.00,"Un permis provincial d'application d'engrais chimique, de fongicides, d'herbicides et de pesticides peut être exigé."
85104.00,La réussite de cours de trappeurs ou de chasseurs peut être exigée dans certaines provinces.
85104.00,Un permis de piégeage ou de chasse est exigé par le gouvernement provincial.
85110.00,"En Ontario, les manoeuvres de mines souterraines sont enregistrées au programme de formation de base « Tronc commun »."
85110.00,Une courte période de formation est offerte.
85110.00,Un diplôme d'études secondaires est habituellement exigé.
85111.00,Des cours d'introduction de niveau collégial ou des cours approuvés par l'industrie pétrolière peuvent être exigés.
85111.00,Un diplôme d'études secondaires peut être exigé.
85111.00,"Des certificats en sensibilisation à l'hydrogène sulfuré, en Système d'information sur les matières dangereuses utilisées au travail (SIMDUT) ou en transport de matières dangereuses peuvent être exigés."
85120.00,Un certificat de Système d'information sur les matières dangereuses utilisées au travail (SIMDUT) peut être exigé.
85120.00,Un diplôme d'études secondaires peut être exigé.
85120.00,Un permis d'application de produits chimiques peut être exigé.
85120.00,Un cours en sécurité peut être exigé avant l'embauche.
85120.00,Plusieurs semaines de formation théorique et pratique sont offertes.
85121.00,Quelques années d'études secondaires peuvent être exigées.
85121.00,"Un permis provincial pour l'application d'engrais chimiques, de fongicides, d'insecticides et de pesticides peut être exigé."
90010.00,Un programme d'études universitaires ou collégiales en génie ou en administration des affaires est habituellement exigé.
90010.00,Cinq à dix ans d'expérience en supervision dans un centre de fabrication sont exigés.
90011.01,"Un diplôme d'études universitaires ou collégiales dans une discipline appropriée, telle que le génie électrique pour les directeurs de lignes de transport d'énergie et en techniques de l'hydroéconomie pour les directeurs des services des eaux, est exigé."
90011.01,Plusieurs années d'expérience comme superviseur dans un service d'utilité publique sont exigées.
90011.02,"Un diplôme d'études universitaires ou collégiales dans une discipline appropriée, telle que le génie électrique pour les directeurs de lignes de transport d'énergie et en techniques de l'hydroéconomie pour les directeurs des services des eaux, est exigé."
90011.02,Plusieurs années d'expérience comme superviseur dans un service d'utilité publique sont exigées.
90011.02,"Une accréditation d'ingénieur professionnel est habituellement exigée des directeurs de services d'utilité publique chargés du transport et de la distribution d'énergie électrique, de gaz naturel et de combustible de chauffage."
90011.03,"Un diplôme d'études universitaires ou collégiales dans une discipline appropriée, telle que le génie électrique pour les directeurs de lignes de transport d'énergie et en techniques de l'hydroéconomie pour les directeurs des services des eaux, est exigé."
90011.03,Plusieurs années d'expérience comme superviseur dans un service d'utilité publique sont exigées.
90011.03,"Une accréditation d'ingénieur professionnel est habituellement exigée des directeurs de services d'utilité publique chargés du transport et de la distribution d'énergie électrique, de gaz naturel et de combustible de chauffage."
90011.04,"Un diplôme d'études universitaires ou collégiales dans une discipline appropriée, telle que le génie électrique pour les directeurs de lignes de transport d'énergie et en techniques de l'hydroéconomie pour les directeurs des services des eaux, est exigé."
90011.04,Plusieurs années d'expérience comme superviseur dans un service d'utilité publique sont exigées.
90011.05,"Un diplôme d'études universitaires ou collégiales dans une discipline appropriée, telle que le génie électrique pour les directeurs de lignes de transport d'énergie et en techniques de l'hydroéconomie pour les directeurs des services des eaux, est exigé."
90011.05,Plusieurs années d'expérience comme superviseur dans un service d'utilité publique sont exigées.
92010.00,Un diplôme d'études secondaires est habituellement exigé.
92010.00,"Des études postsecondaires en métallurgie, en sciences ou dans un domaine connexe peuvent être exigées dans certaines des professions incluses dans ce groupe de base."
92010.00,Plusieurs années d'expérience dans un environnement de fabrication ou transformation des métaux/minerais sont habituellement exigées.
92011.00,Un diplôme d'études secondaires est exigé.
92011.00,Une formation postsecondaire en traitement de produits chimiques ou en sciences peut être exigée pour certaines professions de ce groupe de base.
92011.00,"Plusieurs années d'expérience dans les plus hauts postes supervisés, au sein de la même compagnie ou usine, sont habituellement exigées."
92011.00,Certaines des professions de ce groupe de base peuvent exiger une certification ou un permis particulier tel qu'un permis provincial de mécanicien de centrales ou une certification en réfrigération ou en traitement des eaux usées.
92011.00,"Une certification peut être exigée pour les opérateurs d'installation de compostage, d'enfouissement ou de déchets solides."
92012.00,Un diplôme d'études secondaires est habituellement exigé.
92012.00,Une formation postsecondaire en microbiologie ou en chimie peut être exigée dans certaines professions de ce groupe de base.
92012.00,Plusieurs années d'expérience dans l'industrie de la transformation des aliments ou des boissons sont exigées.
92012.00,Les coordonnateurs de l'analyse des risques et de maîtrise des points de contrôles critiques doivent avoir un certificat en Hazard analysis and critical control points (HACCP) ainsi que plusieurs années d'expérience en contrôle de la qualité de la production alimentaire.
92013.00,Un diplôme d'études secondaires est habituellement exigé.
92013.00,Une formation postsecondaire en sciences ou en technologie des plastiques peut être exigée pour certains postes de ce groupe de base.
92013.00,"Plusieurs années d'expérience, en tant qu'opérateur de machine ou assembleur dans la fabrication de produits en caoutchouc ou en plastique, sont habituellement exigées."
92014.00,Un diplôme d'études secondaires est exigé.
92014.00,"Un diplôme d'études collégiales en technologie des pâtes et papiers ou dans une discipline connexe peut être exigé pour certains postes de supervision, pâtes et papiers."
92014.00,Plusieurs années de formation théorique et en cours d'emploi sont offertes.
92014.00,Plusieurs années d'expérience dans le plus haut poste supervisé sont souvent exigées.
92014.00,"Des certificats, tels qu'en marquage du bois et en secourisme en milieu industriel, ainsi qu'un certificat de qualification en gaz naturel, peuvent être exigés."
92015.00,Un diplôme d'études secondaires est habituellement exigé.
92015.00,Une formation postsecondaire en techniques des textiles ou dans un domaine connexe peut être exigée dans certains postes de ce groupe de base.
92015.00,Plusieurs années d'expérience en tant que travailleur dans la profession surveillée sont habituellement exigées.
92015.00,De l'expérience peut être exigée dans un procédé particulier ou dans l'utilisation d'un produit ou d'un type d'équipement en particulier.
92020.00,Un diplôme d'études secondaires est habituellement exigé.
92020.00,"Une formation postsecondaire en génie, en sciences, en affaires ou dans un domaine connexe est habituellement exigée."
92020.00,Plusieurs années d'expérience en tant que travailleur de production dans une usine de fabrication de véhicules automobiles sont exigées.
92021.00,Un diplôme d'études secondaires est habituellement exigé.
92021.00,"Une formation postsecondaire en électronique, en technologie électrique ou de fabrication, ou dans une discipline connexe est habituellement exigée dans certains postes de ce groupe."
92021.00,"Plusieurs années d'expérience comme assembleur, monteur, contrôleur ou vérificateur ou chef d'équipe de matériel électronique sont habituellement exigées dans certains postes de ce groupe."
92022.00,Un diplôme d'études secondaires est habituellement exigé.
92022.00,"De l'expérience comme monteur de meubles et d'accessoires, opérateur de machines à façonner le bois ou comme ébéniste ou retoucheur de meubles est habituellement exigée."
92023.00,Un diplôme d'études secondaires est habituellement exigé.
92023.00,Une formation postsecondaire peut être exigée dans certaines professions de ce groupe.
92023.00,"Plusieurs années d'expérience en tant que monteur ou vérificateur, au sein de la même compagnie, sont habituellement exigées."
92024.00,Un diplôme d'études secondaires peut être exigé.
92024.00,"Plusieurs années d'expérience en tant que monteur ou contrôleur, dans la même compagnie, sont habituellement exigées."
92100.01,Un diplôme d'études secondaires est habituellement exigé.
92100.01,"Un certificat provincial ou territorial en techniques des centrales électriques, selon la classe, est exigé des mécaniciens de centrales. Il existe cinq classes au Manitoba, en Saskatchewan, en Alberta et en Colombie-Britannique, dis qu'il y a quatre classes à Terre-Neuve-et-Labrador, en Nouvelle-Écosse, à l'Île-du-Prince-Édouard, au Nouveau-Brunswick, au Québec, en Ontario, au Yukon, dans les Territoires du Nord-Ouest et au Nunavut."
92100.01,"Le certificat de compétence est offert, bien que facultatif, aux opérateurs de réseaux électriques à Terre-Neuve-et-Labrador."
92100.01,Un programme collégial de formation de mécanicien de centrales et plusieurs années d'expérience sont exigés des mécaniciens de centrales. Un examen est obligatoire pour passer d'une classe à une autre.
92100.02,Un diplôme d'études secondaires est habituellement exigé.
92100.02,Les opérateurs de salle de commande dans les centrales nucléaires doivent obtenir une licence de la Commission canadienne de sûreté nucléaire.
92100.02,Un programme d'apprentissage d'opérateur de réseaux électriques de trois à cinq ansouplus de trois ans d'expérience de travail dans le métier et des cours au niveau collégial ou industriel en technologie électrique ou électronique sont exigés des opérateurs de réseaux électriques.
92100.02,"Le certificat de compétence est offert, bien que facultatif, aux opérateurs de réseaux électriques à Terre-Neuve-et-Labrador."
92101.01,Un diplôme d'études secondaires est exigé.
92101.01,"Des cours collégiaux ou une formation industrielle spécialisée en chimie, dans la lutte contre la pollution ou d'autres sujets connexes sont habituellement exigés."
92101.01,La certification en traitement et en alimentation de l'eau (niveau selon le classement de l'installation) est exigée pour les opérateurs d'usine de traitement de l'eau.
92101.01,La certification en eau potable est exigée au Québec et en Ontario pour les opérateurs qui travaillent dans le traitement et la distribution de l'eau.
92101.01,"Le certificat Systèmes d'information sur les matières dangereuses utilisées au travail (SIMDUT), le transport de matières dangereuses ou des cours sur les pratiques sécuritaires peuvent être exigés."
92101.01,Une formation en cours d'emploi est offerte.
92101.01,"De l'expérience en tant que travailleur dans le domaine de traitement de l'eau ou des eaux usées, peut être exigée."
92101.02,"Des cours collégiaux ou une formation industrielle spécialisée en chimie, dans la lutte contre la pollution ou d'autres sujets connexes sont habituellement exigés."
92101.02,La certification en traitement et en alimentation de l'eau (niveau selon le classement de l'installation) est exigée pour les opérateurs d'usine de traitement de l'eau.
92101.02,La certification en eau potable est exigée au Québec et en Ontario pour les opérateurs qui travaillent dans le traitement et la distribution de l'eau.
92101.02,La certification à la collecte des eaux usées et de traitement des eaux usées (niveau selon le classement de l'installation) est exigée pour les opérateurs d'installation de traitement des eaux usées.
92101.02,"La certification d'opérateur d'installation de déchets solides, d'enfouissement ou de compostage peut être exigée des opérateurs de traitement des déchets, d'installations de compostage et d'autres services de gestion des déchets."
92101.02,"Le certificat Systèmes d'information sur les matières dangereuses utilisées au travail (SIMDUT), le transport de matières dangereuses ou des cours sur les pratiques sécuritaires peuvent être exigés."
92101.02,Une formation en cours d'emploi est offerte.
92101.02,"De l'expérience en tant que travailleur dans le domaine de traitement de l'eau ou des eaux usées, peut être exigée."
93100.00,Un diplôme d'études secondaires est exigé.
93100.00,Un diplôme d'études collégiales peut être exigé dans certaines professions de ce groupe.
93100.00,Une formation en cours d'emploi est offerte.
93100.00,"Plusieurs années d'expérience en tant qu'opérateur de machines ou opérateur de procédés industriels, dans la même compagnie ou service de production, sont exigées."
93101.00,"Un diplôme d'études secondaires est exigé. Des cours en mathématique, en chimie et en physique sont souvent spécifiés."
93101.00,"Un diplôme d'études collégiales en techniques de transformation, en sciences ou dans un domaine connexe peut être exigé pour certains postes."
93101.00,Plusieurs années de formation professionnelle en cours d'emploi sont exigées des opérateurs et des techniciens de conduite de procédés dans le raffinage du pétrole et le traitement des produits chimiques.
93101.00,"De l'expérience comme opérateur dans le raffinage du pétrole ou le traitement des produits chimiques, dans toutes les unités des opérations contrôlées par la salle de commande centrale, est exigée des chefs opérateurs."
93101.00,"Un certificat d'opérateur ou de technicien de salle de commande centrale dans le raffinage du pétrole, émis par l'entreprise, peut être exigé."
93101.00,"Un permis provincial de mécanicien de centrales, d'opérateur de compresseurs ou de spécialiste en réfrigération peut être exigé lorsque certains types d'équipements sont compris dans le procédé."
93101.00,"Un certificat dans le transport des matières dangereuses, un certificat en secourisme et en lutte contre les incendies ou un certificat des Systèmes d'information sur les matières dangereuses utilisées au travail (SIMDUT) peuvent être exigés."
93102.00,Un diplôme d'études secondaires est exigé.
93102.00,Un diplôme d'études collégiales ou un programme en transformation des produits forestiers ou dans un domaine connexe peut être exigé pour un opérateur au contrôle de la réduction en pâte des pâtes et papiers.
93102.00,Plusieurs semaines de formation spécialisée en milieu industriel et plusieurs mois de formation en cours d'emploi sont exigés.
93102.00,"Plusieurs années d'expérience comme opérateur de machines de papetière, de machines à papier et de machines de finissage au sein de la même compagnie sont habituellement exigées."
93102.00,Un certificat en secourisme industriel peut être exigé.
93102.00,Un certificat de compétence pour le gaz naturel peut être exigé.
93200.01,Un diplôme d'études secondaires est exigé.
93200.01,"Un diplôme d'études collégiales en aviation ou en technologie aéronautique, particulièrement en fabrication d'aéronefs, peut être exigé."
93200.01,"Une formation théorique et en cours d'emploi, de plusieurs mois, est offerte aux monteurs d'aéronefs."
93200.02,Un diplôme d'études secondaires est exigé.
93200.02,"Un diplôme d'études collégiales en aviation ou en technologie aéronautique, particulièrement en fabrication d'aéronefs, peut être exigé."
93200.02,De l'expérience en tant que monteur d'aéronefs est exigée des contrôleurs du montage d'aéronefs.
94100.00,Un diplôme d'études secondaires est habituellement exigé.
94100.00,Une formation en cours d'emploi est offerte.
94100.00,De l'expérience en tant que manoeuvre dans le traitement des métaux et des minerais est habituellement exigée des opérateurs de machines.
94101.01,Un diplôme d'études secondaires est exigé.
94101.01,Plusieurs semaines de formation en cours d'emploi sont habituellement exigés.
94101.02,Un diplôme d'études secondaires est exigé.
94101.02,Plusieurs semaines de formation en cours d'emploi sont habituellement exigés.
94101.03,Un diplôme d'études secondaires est exigé.
94101.03,Plusieurs semaines de formation en cours d'emploi sont habituellement exigés.
94102.01,Un diplôme d'études secondaires peut être exigé.
94102.01,De l'expérience en tant qu'aide-opérateur de machine dans la fabrication de verre est habituellement exigée des opérateurs de machines dans ce groupe de base.
94102.02,Un diplôme d'études secondaires peut être exigé.
94102.02,De l'expérience en tant qu'aide-opérateur de machine dans la fabrication de verre est habituellement exigée des opérateurs de machines dans ce groupe de base.
94102.03,Un diplôme d'études secondaires peut être exigé.
94102.03,De l'expérience en tant qu'aide-coupeur de verre est habituellement exigée des coupeurs de verre à la main.
94102.04,Un diplôme d'études secondaires peut être exigé.
94102.04,De l'expérience en tant qu'aide-opérateur de machine dans la fabrication de verre est habituellement exigée des opérateurs de machines dans ce groupe de base.
94102.04,De l'expérience en tant qu'aide-coupeur de verre est habituellement exigée des coupeurs de verre à la main.
94103.01,Quelques années d'études secondaires peuvent être exigées.
94103.01,Une formation en cours d'emploi est offerte.
94103.01,"De l'expérience en tant qu'aide ou manoeuvre dans la fabrication de produits en béton, en argile ou en pierre peut être exigée."
94103.01,De l'expérience en menuiserie ou dans le travail du bois peut être exigée des confectionneurs de moules de ce groupe de base qui construisent et réparent des coffrages en bois.
94103.02,Quelques années d'études secondaires peuvent être exigées.
94103.02,Une formation en cours d'emploi est offerte.
94103.02,"De l'expérience en tant qu'aide ou manoeuvre dans la fabrication de produits en béton, en argile ou en pierre peut être exigée."
94103.03,Quelques années d'études secondaires peuvent être exigées.
94103.03,Une formation en cours d'emploi est offerte.
94103.03,"De l'expérience en tant qu'aide ou manoeuvre dans la fabrication de produits en béton, en argile ou en pierre peut être exigée."
94104.00,Un diplôme d'études secondaires est habituellement exigé.
94104.00,De l'expérience en tant qu'opérateurs de machines et de procédés industriels dans le traitement des métaux et des minerais est habituellement exigée.
94105.01,Un diplôme d'études secondaires peut être exigé.
94105.01,De l'expérience comme manoeuvre ou aide au sein de la même compagnie peut être exigée.
94105.01,Une formation en cours d'emploi est habituellement offerte.
94105.02,Un diplôme d'études secondaires peut être exigé.
94105.02,De l'expérience comme manoeuvre ou aide au sein de la même compagnie peut être exigée.
94105.02,Une formation en cours d'emploi est habituellement offerte.
94106.00,Études secondaires sont exigées.
94106.00,Une formation scolaire ou d'autres cours sur l'utilisation de machines-outils peuvent être exigés.
94106.00,Plusieurs semaines de formation en cours d'emploi sont offerts.
94106.00,"De l'expérience en tant qu'opérateur de machines est nécessaire pour accéder à des postes supérieurs, tels que régleur-opérateur, dans ce groupe de base."
94107.00,Quelques années d'études secondaires sont habituellement exigées.
94107.00,Une formation en cours d'emploi est offerte.
94107.00,De l'expérience comme manoeuvre au sein de la même compagnie peut être exigée.
94110.00,"Un certificat dans le transport des matières dangereuses, certification d'opérateur de chariot élévateur, un certificat en secourisme et en lutte contre les incendies, ou un certificat des Systèmes d'information sur les matières dangereuses utilisées au travail (SIMDUT), et autres formations en santé et sécurité peutent être exigé pour certains des emplois de ce groupe."
94110.00,"Une formation supplémentaire peut être exigée de certains opérateurs à l'emploi des usines de produits pharmaceutiques, d'explosifs et de produits chimiques agricoles ou à l'emploi des entreprises de produits chimiques spécialisés."
94110.00,Une formation en cours d'emploi ou formation régulière/informelle est habituellement exigée.
94110.00,Un diplôme d'études secondaires est habituellement exigé.
94110.00,"De l'expérience dans le traitement des produits chimiques à titre d'assistant, de manoeuvre ou d'aide peut être exigée pour certains des emplois de ce groupe."
94111.01,Un diplôme d'études secondaires est habituellement exigé de tous les opérateurs de ce groupe de base.
94111.01,"Plusieurs années d'expérience en tant qu'aide, préposé ou emballeur, au sein de la même compagnie, peuvent être exigées."
94111.01,Un cours sur le contrôle statistique des procédés peut être exigé.
94111.01,Une formation en cours d'emploi est offerte.
94111.02,Un diplôme d'études secondaires est habituellement exigé de tous les opérateurs de ce groupe de base.
94111.02,"Plusieurs années d'expérience en tant qu'aide, préposé ou emballeur, au sein de la même compagnie, peuvent être exigées."
94111.02,Un cours sur le contrôle statistique des procédés peut être exigé.
94111.02,Une formation en cours d'emploi est offerte.
94111.03,Un diplôme d'études secondaires est habituellement exigé de tous les opérateurs de ce groupe de base.
94111.03,"Plusieurs années d'expérience en tant qu'aide, préposé ou emballeur, au sein de la même compagnie, peuvent être exigées."
94111.03,Un cours sur le contrôle statistique des procédés peut être exigé.
94111.03,Une formation en cours d'emploi est offerte.
94111.04,Un diplôme d'études secondaires est habituellement exigé de tous les opérateurs de ce groupe de base.
94111.04,"Plusieurs années d'expérience en tant qu'aide, préposé ou emballeur, au sein de la même compagnie, peuvent être exigées."
94111.04,Un cours sur le contrôle statistique des procédés peut être exigé.
94111.04,"Des cours sur les systèmes hydrauliques, pneumatiques et électroniques peuvent être exigés des opérateurs de machines de moulage."
94111.04,Une formation en cours d'emploi est offerte.
94112.01,Un diplôme d'études secondaires peut être exigé.
94112.01,De l'expérience en tant que manoeuvre au sein de la même compagnie peut être exigée.
94112.01,Une formation en cours d'emploi est offerte.
94112.02,Un diplôme d'études secondaires peut être exigé.
94112.02,De l'expérience en tant que manoeuvre au sein de la même compagnie peut être exigée.
94112.02,Une formation en cours d'emploi est offerte.
94112.03,Un diplôme d'études secondaires peut être exigé.
94112.03,De l'expérience en tant que manoeuvre au sein de la même compagnie peut être exigée.
94112.03,Une formation en cours d'emploi est offerte.
94120.00,Un diplôme d'études secondaires est habituellement exigé.
94120.00,Des cours collégiaux en techniques de traitement du bois peuvent être exigés.
94120.00,Plusieurs semaines de formation en cours d'emploi sont habituellement offertes.
94120.00,"Plusieurs années d'expérience, dans d'autres postes d'opération de machines à scier au sein de la même compagnie, sont habituellement exigées des chefs scieurs et des raboteurs."
94120.00,Un certificat en secourisme industriel peut être exigé.
94121.00,Un diplôme d'études secondaires est exigé.
94121.00,Un diplôme d'études collégiales en transformation des produits forestiers ou dans un domaine connexe peut être exigé.
94121.00,Plusieurs semaines de formation spécialisée en milieu industriel et/ou de formation en cours d'emploi sont exigés.
94121.00,De l'expérience à titre de manoeuvre dans la même compagnie est habituellement exigée.
94121.00,Un certificat en secourisme industriel peut être exigé.
94121.00,Un certificat pour le gaz naturel peut être exigé.
94122.00,Un diplôme d'études secondaires est exigé par l'industrie des pâtes et papiers et par d'autres gros employeurs.
94122.00,Plusieurs semaines de formation en cours d'emploi sont offertes.
94122.00,De l'expérience comme manoeuvre au sein de la même compagnie peut être exigée.
94123.01,Un diplôme d'études secondaires est habituellement exigé.
94123.01,Une formation en cours d'emploi et jusqu'à deux semaines de formation théorique sont dispensées aux classeurs de bois d'oeuvre.
94123.01,"De l'expérience comme opérateur de machines à scier dans les scieries, comme autre opérateur dans la transformation du bois ou comme manoeuvre dans la transformation du bois est habituellement exigée des classeurs et des vérificateurs de ce groupe de base."
94123.01,Les classeurs de bois d'oeuvre doivent posséder un certificat de classeur de bois d'oeuvre reconnu par l'industrie du bois et émis par une association provinciale.
94123.02,Un diplôme d'études secondaires est habituellement exigé.
94123.02,"De l'expérience comme opérateur de machines à scier dans les scieries, comme autre opérateur dans la transformation du bois ou comme manoeuvre dans la transformation du bois est habituellement exigée des classeurs et des vérificateurs de ce groupe de base."
94124.00,Quelques années d'études secondaires sont habituellement exigées.
94124.00,Une formation en cours d'emploi est habituellement offerte.
94124.00,De l'expérience en tant que manoeuvre au sein de la même entreprise peut être exigée.
94129.00,Un diplôme d'études secondaires est habituellement exigé.
94129.00,Une formation en cours d'emploi de plusieurs semaines est offerte.
94129.00,Une formation spécialisée en milieu scolaire ou une formation en cours d'emploi pouvant durer jusqu'à un an peut être exigée des opérateurs de séchoirs à bois et des opérateurs de presses de panneaux d'aggloméré et de panneaux de particules.
94129.00,De l'expérience comme manoeuvre dans la transformation du bois peut être exigée.
94130.01,Un diplôme d'études secondaires peut être exigé.
94130.01,"Une formation en cours d'emploi de plusieurs semaines est fournie, la durée variant selon la complexité du procédé et le nombre de machines à faire fonctionner."
94130.02,Un diplôme d'études secondaires peut être exigé.
94130.02,"Une formation en cours d'emploi de plusieurs semaines est fournie, la durée variant selon la complexité du procédé et le nombre de machines à faire fonctionner."
94131.00,"Une période de formation en cours d'emploi est offerte et peut durer plusieurs mois, selon la complexité du produit à confectionner et le nombre de machines à faire fonctionner, et selon le degré de responsabilité de l'opérateur quant au réglage et à l'entretien des métiers à tisser."
94131.00,De l'expérience en tant que manoeuvre dans la même compagnie peut être exigée de certains opérateurs dans ce groupe.
94132.00,Quelques années d'études secondaires sont habituellement exigées.
94132.00,De l'expérience comme opérateur de machine à coudre est habituellement exigée.
94132.00,Une formation en cours d'emploi est offerte au besoin.
94133.00,Quelques années d'études secondaires sont habituellement exigées.
94133.00,Une formation en cours d'emploi est offerte.
94133.00,De l'expérience de travail reliée à la fabrication des produits dans ce groupe de base est habituellement exigée.
94140.01,Un diplôme d'études secondaires peut être exigé.
94140.01,Une formation en cours d'emploi est offerte.
94140.01,De l'expérience en tant qu'opérateur de machine dans la transformation des aliments ou des boissons est habituellement exigée des opérateurs de machines de procédés industriels.
94140.02,Un diplôme d'études secondaires peut être exigé.
94140.02,Une formation en cours d'emploi est offerte.
94140.02,De l'expérience en tant que manoeuvre dans la transformation des aliments ou des boissons peut être exigée des opérateurs de machines.
94141.01,Un diplôme d'études secondaires peut être exigé.
94141.01,"Une formation en cours d'emploi est offerte aux bouchers industriels, aux découpeurs de viande industrielle et aux préparateurs de volaille."
94141.02,Un diplôme d'études secondaires peut être exigé.
94141.02,La réussite d'un cours en boucherie industrielle ouune expérience en tant que boucher industriel est exigée des découpeurs de viande industrielle.
94141.03,Un diplôme d'études secondaires peut être exigé.
94141.03,"Une formation en cours d'emploi est offerte aux bouchers industriels, aux découpeurs de viande industrielle et aux préparateurs de volaille."
94142.01,Quelques années d'études secondaires peuvent être exigées.
94142.01,Une formation en cours d'emploi est exigée.
94142.02,Quelques années d'études secondaires peuvent être exigées.
94142.02,Une formation en cours d'emploi est exigée.
94143.00,Un diplôme d'études secondaires est habituellement exigé.
94143.00,De l'expérience en tant que manoeuvre ou opérateur de machine dans l'industrie de la transformation des aliments ou des boissons peut être exigée.
94143.00,Une formation en cours d'emploi est habituellement offerte.
94150.00,Un diplôme d'études secondaires peut être exigé.
94150.00,Des cours en techniques d'imprimerie au niveau collégial ou autre formation spécialisée peuvent être exigés.
94150.00,Une formation en cours d'emploi est offerte.
94151.01,Un diplôme d'études secondaires est exigé.
94151.01,"Un diplôme d'études collégiales en technologie des arts graphiques ouune formation spécialisée, en milieu scolaire ou industriel, complétée par une formation en cours d'emploi, est parfois exigé."
94151.01,"Le certificat de compétence pour quelques postes de ce groupe de base est offert, bien que facultatif, en Ontario, en Alberta, dans les Territoires du Nord-Ouest et au Nunavut."
94151.02,Un diplôme d'études secondaires est exigé.
94151.02,"Un diplôme d'études collégiales en technologie des arts graphiques ouune formation spécialisée, en milieu scolaire ou industriel, complétée par une formation en cours d'emploi, est parfois exigé."
94151.02,"Le certificat de compétence pour quelques postes de ce groupe de base est offert, bien que facultatif, en Ontario, en Alberta, dans les Territoires du Nord-Ouest et au Nunavut."
94151.03,Un diplôme d'études secondaires est exigé.
94151.03,"Un diplôme d'études collégiales en technologie des arts graphiques ouune formation spécialisée, en milieu scolaire ou industriel, complétée par une formation en cours d'emploi, est parfois exigé."
94151.03,"Le certificat de compétence pour quelques postes de ce groupe de base est offert, bien que facultatif, en Ontario, en Alberta, dans les Territoires du Nord-Ouest et au Nunavut."
94152.00,Un diplôme d'études secondaires est habituellement exigé.
94152.00,"Un diplôme d'études collégiales en technologie des arts graphiques ouune formation spécialisée, en milieu scolaire ou industriel, complétée par une formation en cours d'emploi, est parfois exigé."
94153.00,Un diplôme d'études secondaires est habituellement exigé.
94153.00,"Une formation spécialisée en photographie, en milieu scolaire ou industriel oude l'expérience connexe approfondie est exigée pour travailler dans un laboratoire de développement photographique."
94153.00,Une formation en cours d'emploi est fournie pour les emplois d'opérateurs de tireuse de pellicules chez des détaillants.
94200.01,Un diplôme d'études secondaires est habituellement exigé.
94200.01,Une formation en cours d'emploi permet normalement aux travailleurs de ce groupe de base d'acquérir les compétences nécessaires.
94200.02,Un diplôme d'études secondaires est habituellement exigé.
94200.02,Une formation en cours d'emploi permet normalement aux travailleurs de ce groupe de base d'acquérir les compétences nécessaires.
94201.01,"Un diplôme d'études secondaires est habituellement exigé des assembleurs, monteurs, inspecteurs et vérificateurs de matériel électronique."
94201.01,Une formation en cours d'emploi est habituellement offerte.
94201.01,"Un programme d'apprentissage de deux ans et un certificat de qualification pour les assembleurs de matériel électronique sont offerts, bien que facultatif, en Saskatchewan."
94201.02,"Un diplôme d'études secondaires est habituellement exigé des assembleurs, monteurs, inspecteurs et vérificateurs de matériel électronique."
94201.02,Une formation en cours d'emploi est habituellement offerte.
94201.02,"Un programme postsecondaire d'introduction à l'électronique, aux techniques et aux instruments d'essai peut être exigé des vérificateurs."
94201.02,De l'expérience en tant qu'assembleur en électronique et monteur de composants électriques peut être exigée des inspecteurs en électronique.
94202.01,Un diplôme d'études secondaires est habituellement exigées.
94202.01,Une formation en cours d'emploi est offerte.
94202.02,Un diplôme d'études secondaires est habituellement exigées.
94202.02,Une formation en cours d'emploi est offerte.
94202.02,De l'expérience en tant que monteur au sein de la même entreprise peut être exigée des contrôleurs.
94202.02,Un diplôme d'études collégiales en électronique peut être exigé pour certains postes de contrôleurs.
94203.01,Un diplôme d'études secondaires est habituellement exigé.
94203.01,Des cours de niveau collégial en électricité ou en électrotechnologie peuvent être exigés.
94203.01,Plusieurs années de formation en cours d'emploi sont habituellement offertes.
94203.01,"De l'expérience en tant qu'assembleur, ajusteur ou installateur, au sein de la même entreprise, peut être exigée des régleurs, des contrôleurs et des chefs d'équipe de ce groupe de base."
94203.02,Un diplôme d'études secondaires est habituellement exigé.
94203.02,Des cours de niveau collégial en électricité ou en électrotechnologie peuvent être exigés.
94203.02,Plusieurs années de formation en cours d'emploi sont habituellement offertes.
94203.02,"De l'expérience en tant qu'assembleur, ajusteur ou installateur, au sein de la même entreprise, peut être exigée des régleurs, des contrôleurs et des chefs d'équipe de ce groupe de base."
94203.03,Un diplôme d'études secondaires est habituellement exigé.
94203.03,Des cours de niveau collégial en électricité ou en électrotechnologie peuvent être exigés.
94203.03,Plusieurs années de formation en cours d'emploi sont habituellement offertes.
94203.03,"De l'expérience en tant qu'assembleur, ajusteur ou installateur, au sein de la même entreprise, peut être exigée des régleurs, des contrôleurs et des chefs d'équipe de ce groupe de base."
94204.01,Quelques années d'études secondaires sont exigées.
94204.01,Une formation en cours d'emploi pouvant durer jusqu'à deux ans est offerte.
94204.02,Quelques années d'études secondaires sont exigées.
94204.02,Une formation en cours d'emploi pouvant durer jusqu'à deux ans est offerte.
94204.02,De l'expérience en tant que monteur de matériel mécanique peut être exigée des contrôleurs de ce groupe de base.
94205.01,Quelques années d'études secondaires sont habituellement exigées.
94205.01,Une formation en cours d'emploi est offerte.
94205.02,Quelques années d'études secondaires sont habituellement exigées.
94205.02,Une formation en cours d'emploi est offerte.
94205.02,"De l'expérience en tant que monteur, dans la même compagnie, est habituellement exigée des contrôleurs."
94210.01,Diplôme d'études secondaire est habituellement exigée.
94210.01,Une formation en cours d'emploi est offerte.
94210.01,De l'expérience en tant que manoeuvre au sein de la même entreprise peut être exigée pour les monteurs et assembleurs de meubles et d’accessoires.
94210.02,Diplôme d'études secondaire est habituellement exigée.
94210.02,Une formation en cours d'emploi est offerte.
94210.02,"Une formation spécialisée en finition ou en réparation de meubles, en milieu scolaire ou industriel, peut être exigée."
94210.03,Diplôme d'études secondaire est habituellement exigée.
94210.03,Une formation en cours d'emploi est offerte.
94210.03,"Une formation spécialisée en finition ou en réparation de meubles, en milieu scolaire ou industriel, peut être exigée."
94210.04,Diplôme d'études secondaire est habituellement exigée.
94210.04,Une formation en cours d'emploi est offerte.
94210.04,De l'expérience en tant que manoeuvre au sein de la même entreprise peut être exigée pour les monteurs et assembleurs de meubles et d’accessoires.
94211.01,Diplôme d'études secondaires est habituellement exigée.
94211.01,De l'expérience au sein de la même entreprise en tant que manoeuvre peut être exigée.
94211.01,Une formation en cours d'emploi est offerte.
94211.02,Diplôme d'études secondaires est habituellement exigée.
94211.02,De l'expérience au sein de la même entreprise en tant que manoeuvre peut être exigée.
94211.02,De l'expérience connexe dans le montage peut être exigée des contrôleurs.
94211.02,Une formation en cours d'emploi est offerte.
94212.01,Diplôme d'études secondaires est habituellement exigées.
94212.01,"De l'expérience comme manoeuvre au sein de la même compagnie peut être exigée des assembleurs, finisseurs et contrôleurs."
94212.01,Une formation en cours d'emploi est offerte.
94212.02,Diplôme d'études secondaires est habituellement exigées.
94212.02,"De l'expérience comme manoeuvre au sein de la même compagnie peut être exigée des assembleurs, finisseurs et contrôleurs."
94212.02,Une formation en cours d'emploi est offerte.
94213.01,Diplôme d'études secondaires est habituellement exigée.
94213.01,Une formation en cours d'emploi de plusieurs mois est habituellement offerte.
94213.01,"Une formation spécialisée et un certificat ou des cours de niveau collégial peuvent être exigés à certains peintres industriels, tels que les peintres d'aéronefs."
94213.02,Diplôme d'études secondaires est habituellement exigée.
94219.01,Un diplôme d'études secondaires est habituellement exigé.
94219.01,De l'expérience en tant que d'aide ou de manoeuvre dans la même compagnie peut être exigée.
94219.01,Une formation en cours d'emploi est offerte.
94219.01,Un diplôme d'études collégiales ou d'un autre programme de formation en construction d'embarcations peut être exigé.
94219.02,Un diplôme d'études secondaires est habituellement exigé.
94219.02,De l'expérience comme monteur peut être exigée des contrôleurs.
94219.02,Une formation en cours d'emploi est offerte.
95100.00,Un diplôme d'études secondaires peut être exigé dans certains postes de ce groupe.
95101.00,Quelques années d'études secondaires peuvent être exigées.
95102.00,Un diplôme d'études secondaires peut être exigé.
95103.00,Un diplôme d'études secondaires est exigé par l'industrie des pâtes et papiers et par d'autres employeurs importants.
95104.00,Quelques années d'études secondaires sont habituellement exigées.
95105.01,Quelques années d'études secondaires peuvent être exigées.
95105.01,Une formation en cours d'emploi est offerte pour quelques postes dans ce groupe de base.
95105.02,Quelques années d'études secondaires peuvent être exigées.
95105.02,"De l'expérience dans la coupe des tissus, des fourrures ou du cuir est exigée des coupeurs d'échantillons de tissu, de fourrure et de cuir."
95105.02,Une formation en cours d'emploi est offerte pour quelques postes dans ce groupe de base.
95105.03,Quelques années d'études secondaires peuvent être exigées.
95105.03,"De l'expérience dans la coupe des tissus, des fourrures ou du cuir est exigée des coupeurs d'échantillons de tissu, de fourrure et de cuir."
95105.03,Une formation en cours d'emploi est offerte pour quelques postes dans ce groupe de base.
95105.04,Quelques années d'études secondaires peuvent être exigées.
95105.04,"De l'expérience dans la coupe des tissus, des fourrures ou du cuir est exigée des coupeurs d'échantillons de tissu, de fourrure et de cuir."
95105.04,Une formation en cours d'emploi est offerte pour quelques postes dans ce groupe de base.
95106.00,Quelques années d'études secondaires peuvent être exigées.
95107.00,Quelques années d'études secondaires peuvent être exigées.
95109.00,Quelques années d'études secondaires peuvent être exigées.
