Code de profil professionnel SIPeC,Lieux de travail/employeurs,Nom du profil professionnel SIPeC
00010.00,Conseils de bande,Membres des corps législatifs
00010.00,Conseils de direction,Membres des corps législatifs
00010.00,Gouvernement fédéral,Membres des corps législatifs
00010.00,Administrations municipales,Membres des corps législatifs
00010.00,Gouvernements provinciaux,Membres des corps législatifs
00010.00,Conseils ou commissions scolaires,Membres des corps législatifs
00010.00,Gouvernements territoriaux,Membres des corps législatifs
00011.00,Agences,Cadres supérieurs/cadres supérieures - administration publique
00011.00,Conseils de direction,Cadres supérieurs/cadres supérieures - administration publique
00011.00,Commissions,Cadres supérieurs/cadres supérieures - administration publique
00011.00,Services gouvernementaux fédéraux,Cadres supérieurs/cadres supérieures - administration publique
00011.00,Administrations municipales,Cadres supérieurs/cadres supérieures - administration publique
00011.00,Gouvernements provinciaux,Cadres supérieurs/cadres supérieures - administration publique
00011.00,Administrations régionales,Cadres supérieurs/cadres supérieures - administration publique
00011.00,Gouvernements territoriaux,Cadres supérieurs/cadres supérieures - administration publique
00012.00,Sociétés de services aux entreprises,"Cadres supérieurs/cadres supérieures - services financiers, communications et autres services aux entreprises"
00012.00,"Établissements à travers les secteurs des télécommunications, des finances, des assurances, de l'immobilier, du traitement des données, de l'hébergement Web et les services connexes","Cadres supérieurs/cadres supérieures - services financiers, communications et autres services aux entreprises"
00012.00,Travailleurs autonomes,"Cadres supérieurs/cadres supérieures - services financiers, communications et autres services aux entreprises"
00013.00,Associations mutuelles,"Cadres supérieurs/cadres supérieures - santé, enseignement, services sociaux et communautaires et associations mutuelles"
00013.00,"Organisations de soins de santé, de services éducatifs, de services sociaux et communautaires","Cadres supérieurs/cadres supérieures - santé, enseignement, services sociaux et communautaires et associations mutuelles"
00013.00,Travailleurs autonomes,"Cadres supérieurs/cadres supérieures - santé, enseignement, services sociaux et communautaires et associations mutuelles"
00014.00,Services d'hébergement et de restauration,"Cadres supérieurs/cadres supérieures - commerce, radiotélédiffusion et autres services"
00014.00,Établissements en matière de radiodiffusion et les services connexes des médias,"Cadres supérieurs/cadres supérieures - commerce, radiotélédiffusion et autres services"
00014.00,Autres services,"Cadres supérieurs/cadres supérieures - commerce, radiotélédiffusion et autres services"
00014.00,Commerce de détail,"Cadres supérieurs/cadres supérieures - commerce, radiotélédiffusion et autres services"
00014.00,Travailleurs autonomes,"Cadres supérieurs/cadres supérieures - commerce, radiotélédiffusion et autres services"
00014.00,Commerce de gros,"Cadres supérieurs/cadres supérieures - commerce, radiotélédiffusion et autres services"
00015.00,Construction,"Cadres supérieurs/cadres supérieures - construction, transport, production et services d'utilité publique"
00015.00,"Pêche, foresterie, exploitation forestière et agricole","Cadres supérieurs/cadres supérieures - construction, transport, production et services d'utilité publique"
00015.00,Entreprises de fabrication,"Cadres supérieurs/cadres supérieures - construction, transport, production et services d'utilité publique"
00015.00,"Exploitation minière, pétrolière et gazière","Cadres supérieurs/cadres supérieures - construction, transport, production et services d'utilité publique"
00015.00,Impression,"Cadres supérieurs/cadres supérieures - construction, transport, production et services d'utilité publique"
00015.00,Services d'utilité publique,"Cadres supérieurs/cadres supérieures - construction, transport, production et services d'utilité publique"
00015.00,Travailleurs autonomes,"Cadres supérieurs/cadres supérieures - construction, transport, production et services d'utilité publique"
00015.00,Transport et entreposage,"Cadres supérieurs/cadres supérieures - construction, transport, production et services d'utilité publique"
10010.00,Services financiers et départements de comptabilité des entreprises du secteur privé,Directeurs financiers/directrices financières
10010.00,Départements de finances et de comptabilité dans le secteur public,Directeurs financiers/directrices financières
10011.00,Établissements des secteurs privé et public,Directeurs/directrices des ressources humaines
10012.00,Établissements des secteurs privé et public,Directeurs/directrices des achats
10019.00,Établissements des secteurs privé et public,Directeurs/directrices d'autres services administratifs
10020.01,Compagnies d'assurance,Directeurs/directrices des assurances
10020.02,Entreprises de développement immobilier,Directeurs/Directrices de services immobiliers
10020.03,Maisons de courtage en hypothèques,Directeurs/directrices des courtiers en hypothèque
10020.04,Maisons de courtage,Directeurs/directrices des ventes de valeurs mobilières
10020.04,Maisons de courtage en valeurs mobilières et en marchandises,Directeurs/directrices des ventes de valeurs mobilières
10020.04,Maisons d'investissement,Directeurs/directrices des ventes de valeurs mobilières
10021.01,Banques,Directeurs/directrices de banques et autres services de placements
10021.01,Coopératives de crédit,Directeurs/directrices de banques et autres services de placements
10021.01,Sociétés de cartes de crédit,Directeurs/directrices de banques et autres services de placements
10021.01,Sociétés de fiducie,Directeurs/directrices de banques et autres services de placements
10021.01,Sociétés de placements hypothécaires,Directeurs/directrices de banques et autres services de placements
10021.01,Sociétés de prêts à la consommation,Directeurs/directrices de banques et autres services de placements
10021.01,"Autres institutions financières reliées aux prêts, au financement et aux placements",Directeurs/directrices de banques et autres services de placements
10021.01,Sociétés de fonds communs de placement,Directeurs/directrices de banques et autres services de placements
10021.02,Concessionnaires automobiles,Directeurs/directrices du crédit
10021.02,Organismes commerciaux ou industriels,Directeurs/directrices du crédit
10021.02,Grands magasins,Directeurs/directrices du crédit
10021.02,Compagnies d'assurance,Directeurs/directrices du crédit
10021.02,Services d'utilité publique,Directeurs/directrices du crédit
10022.01,"Agences de publicité, de marketing et de relations publiques",Directeurs/directrices de la publicité
10022.01,Établissements de ventes commerciales et industrielles,Directeurs/directrices de la publicité
10022.01,Cabinets d'experts-conseils,Directeurs/directrices de la publicité
10022.01,Ministères gouvernementaux,Directeurs/directrices de la publicité
10022.02,"Agences de publicité, de marketing et de relations publiques",Directeurs/directrices du marketing
10022.02,Établissements de ventes commerciales et industrielles,Directeurs/directrices du marketing
10022.02,Cabinets d'experts-conseils,Directeurs/directrices du marketing
10022.02,Ministères gouvernementaux,Directeurs/directrices du marketing
10022.03,"Agences de publicité, de marketing et de relations publiques",Directeurs/directrices des relations publiques
10022.03,Établissements de ventes commerciales et industrielles,Directeurs/directrices des relations publiques
10022.03,Firmes d'experts-conseils,Directeurs/directrices des relations publiques
10022.03,Ministères gouvernementaux,Directeurs/directrices des relations publiques
10022.04,"Agences de publicité, de marketing et de relations publiques",Directeurs/directrices des affaires électroniques
10022.04,Établissements de ventes commerciales et industrielles,Directeurs/directrices des affaires électroniques
10022.04,Cabinets d'experts-conseils,Directeurs/directrices des affaires électroniques
10022.04,Ministères gouvernementaux,Directeurs/directrices des affaires électroniques
10029.00,Centres de contact,Directeurs/directrices d'autres services aux entreprises
10029.00,Entreprises de conseil en gestion,Directeurs/directrices d'autres services aux entreprises
10029.00,Étude de marché,Directeurs/directrices d'autres services aux entreprises
10029.00,Service de paye,Directeurs/directrices d'autres services aux entreprises
10029.00,Entreprise en sécurité,Directeurs/directrices d'autres services aux entreprises
10030.00,"Compagnies de télécommunication par câble, sans fil, par satellite et autres compagnies de télécommunications",Directeurs/directrices d'entreprises de télécommunications
11100.01,Firmes et départements de comptabilité et de vérification du secteur privé,Vérificateurs/vérificatrices
11100.01,Départements et unités de comptabilité et de vérification du secteur public,Vérificateurs/vérificatrices
11100.01,Travailleurs autonomes,Vérificateurs/vérificatrices
11100.02,Firmes et départements de comptabilité et de vérification du secteur privé,Comptables
11100.02,Départements et unités de comptabilité et de vérification du secteur public,Comptables
11100.02,Travailleurs autonomes,Comptables
11101.01,Banques,Analystes financiers/analystes financières
11101.01,Maisons de courtage,Analystes financiers/analystes financières
11101.01,Établissements des secteurs privé et public,Analystes financiers/analystes financières
11101.01,Compagnies d'assurance,Analystes financiers/analystes financières
11101.01,Sociétés d'investissements,Analystes financiers/analystes financières
11101.01,Entreprises manufacturières,Analystes financiers/analystes financières
11101.01,Sociétés de fonds communs de placement,Analystes financiers/analystes financières
11101.01,Firmes de souscripteurs,Analystes financiers/analystes financières
11101.01,Services d'utilité publique,Analystes financiers/analystes financières
11101.02,Maisons de courtage,Analystes en placements
11101.02,Sociétés d'investissements,Analystes en placements
11102.00,Banques,Conseillers financiers/conseillères financières
11102.00,Gouvernements,Conseillers financiers/conseillères financières
11102.00,Sociétés de placements,Conseillers financiers/conseillères financières
11102.00,Travailleurs autonomes,Conseillers financiers/conseillères financières
11102.00,Sociétés de fonds communs de placement,Conseillers financiers/conseillères financières
11103.01,Sociétés de titres financiers,Agents/agentes en valeurs et agents/agentes en placements
11103.01,Sociétés d'investissements,Agents/agentes en valeurs et agents/agentes en placements
11103.01,Compagnies de placements,Agents/agentes en valeurs et agents/agentes en placements
11103.01,Firmes de courtage,Agents/agentes en valeurs et agents/agentes en placements
11103.02,Sociétés de titres financiers,Négociateurs/négociatrices en valeurs
11103.02,Sociétés d'investissements,Négociateurs/négociatrices en valeurs
11103.02,Compagnies de placements,Négociateurs/négociatrices en valeurs
11103.02,Firmes de courtage,Négociateurs/négociatrices en valeurs
11109.01,Banques,Inspecteurs/inspectrices et vérificateurs financiers/vérificatrices financières
11109.01,Gouvernements,Inspecteurs/inspectrices et vérificateurs financiers/vérificatrices financières
11109.01,Sociétés de placements,Inspecteurs/inspectrices et vérificateurs financiers/vérificatrices financières
11109.01,Travailleurs autonomes,Inspecteurs/inspectrices et vérificateurs financiers/vérificatrices financières
11109.01,Sociétés de fonds communs de placement,Inspecteurs/inspectrices et vérificateurs financiers/vérificatrices financières
11109.02,Banques,Investigateurs financiers/investigatrices financières
11109.02,Gouvernements,Investigateurs financiers/investigatrices financières
11109.02,Sociétés de placements,Investigateurs financiers/investigatrices financières
11109.02,Travailleurs autonomes,Investigateurs financiers/investigatrices financières
11109.02,Sociétés de fonds communs de placement,Investigateurs financiers/investigatrices financières
11109.03,Banques,Preneurs/preneuses ferme
11109.03,Gouvernements,Preneurs/preneuses ferme
11109.03,Sociétés de placements,Preneurs/preneuses ferme
11109.03,Travailleurs autonomes,Preneurs/preneuses ferme
11109.03,Sociétés de fonds communs de placement,Preneurs/preneuses ferme
11109.04,Banques,Agents/agentes de fiducie
11109.04,Gouvernements,Agents/agentes de fiducie
11109.04,Sociétés de placements,Agents/agentes de fiducie
11109.04,Travail autonome,Agents/agentes de fiducie
11109.04,Sociétés de fonds communs de placement,Agents/agentes de fiducie
11109.05,Banques,Courtiers/courtières en hypothèques
11109.05,Gouvernements,Courtiers/courtières en hypothèques
11109.05,Sociétés de placements,Courtiers/courtières en hypothèques
11109.05,Travailleurs autonomes,Courtiers/courtières en hypothèques
11109.05,Sociétés de fonds communs de placement,Courtiers/courtières en hypothèques
11200.00,Établissements des secteurs privé et public,Professionnels/professionnelles en ressources humaines
11200.00,Travailleurs autonomes,Professionnels/professionnelles en ressources humaines
11201.00,Établissements des secteurs privé et public,Professionnels/professionnelles des services-conseils en gestion aux entreprises
11201.00,Entreprises de conseil en gestion,Professionnels/professionnelles des services-conseils en gestion aux entreprises
11201.00,Travailleurs autonomes,Professionnels/professionnelles des services-conseils en gestion aux entreprises
11202.00,Agences de publicité,"Professionnels/professionnelles en publicité, en marketing et en relations publiques"
11202.00,Association professionnelle,"Professionnels/professionnelles en publicité, en marketing et en relations publiques"
11202.00,Firmes d'experts-conseils,"Professionnels/professionnelles en publicité, en marketing et en relations publiques"
11202.00,Sociétés,"Professionnels/professionnelles en publicité, en marketing et en relations publiques"
11202.00,Organismes culturels,"Professionnels/professionnelles en publicité, en marketing et en relations publiques"
11202.00,Galeries d'art,"Professionnels/professionnelles en publicité, en marketing et en relations publiques"
11202.00,Gouvernements,"Professionnels/professionnelles en publicité, en marketing et en relations publiques"
11202.00,Musées,"Professionnels/professionnelles en publicité, en marketing et en relations publiques"
11202.00,Groupes d'intérêt public,"Professionnels/professionnelles en publicité, en marketing et en relations publiques"
11202.00,Travailleurs autonomes,"Professionnels/professionnelles en publicité, en marketing et en relations publiques"
11202.00,Organismes sociaux,"Professionnels/professionnelles en publicité, en marketing et en relations publiques"
12010.00,Établissements des secteurs privé et public,Superviseurs/superviseures de commis de bureau et du personnel de soutien administratif
12011.00,Banques,Superviseurs/superviseures de commis de finance et d'assurance
12011.00,Établissements des secteurs privé et public,Superviseurs/superviseures de commis de finance et d'assurance
12011.00,Compagnies d'assurance,Superviseurs/superviseures de commis de finance et d'assurance
12011.00,Institutions financières,Superviseurs/superviseures de commis de finance et d'assurance
12012.00,Établissements des secteurs privé et public,"Superviseurs/superviseures de commis de bibliothèque, de correspondanciers et d'autres commis à l'information"
12013.00,Établissements des secteurs privé et public,"Superviseurs/superviseures du personnel de coordination de la chaîne d'approvisionnement, du suivi et des horaires"
12100.00,Association professionnelle,Adjoints/adjointes de direction
12100.00,Sociétés,Adjoints/adjointes de direction
12100.00,Gouvernements,Adjoints/adjointes de direction
12101.00,Établissements des secteurs privé et public,Agents/agentes des ressources humaines et de recrutement
12102.00,Établissements des secteurs privé et public,Agents/agentes en approvisionnement aux achats
12103.00,Compagnies spécialisées dans la planification de congrès et d'événements spéciaux,Planificateurs/planificatrices de congrès et d'événements
12103.00,Centres de conférences,Planificateurs/planificatrices de congrès et d'événements
12103.00,Centres de congrès,Planificateurs/planificatrices de congrès et d'événements
12103.00,Gouvernements,Planificateurs/planificatrices de congrès et d'événements
12103.00,Associations professionnelles,Planificateurs/planificatrices de congrès et d'événements
12103.00,Travailleurs autonomes,Planificateurs/planificatrices de congrès et d'événements
12103.00,Entreprises de tourisme,Planificateurs/planificatrices de congrès et d'événements
12103.00,Associations commerciales,Planificateurs/planificatrices de congrès et d'événements
12104.01,Agences gouvernementales,Agents/agentes de taxes d'accise
12104.02,Agences gouvernementales,Agents/agentes de services de prestations gouvernementales
12110.01,Tribunaux judiciaires,Sténographes judiciaires
12110.01,Assemblées législatives fédérales et des comités,Sténographes judiciaires
12110.01,Assemblées législatives provinciales et des comités,Sténographes judiciaires
12110.01,Travailleurs autonomes,Sténographes judiciaires
12110.02,Cabinets de médecins,Transcripteurs médicaux/transcriptrices médicales
12110.02,Centres hospitaliers,Transcripteurs médicaux/transcriptrices médicales
12110.02,Cliniques médicales,Transcripteurs médicaux/transcriptrices médicales
12110.02,Travailleurs autonomes,Transcripteurs médicaux/transcriptrices médicales
12111.00,Cliniques,Personnel en gestion de l’information sur la santé
12111.00,Firmes conseils en gestion de dossiers médicaux,Personnel en gestion de l’information sur la santé
12111.00,Centres hospitaliers,Personnel en gestion de l’information sur la santé
12111.00,Autres établissements de soins de santé,Personnel en gestion de l’information sur la santé
12111.00,Commissions de santé et sécurité au travail,Personnel en gestion de l’information sur la santé
12112.00,Établissements des secteurs privé et public,Techniciens/techniciennes à la gestion des documents
12113.00,Établissements des secteurs privé et public,Agents/agentes de statistiques et professions connexes du soutien de la recherche
12200.00,Établissements des secteurs privé et public,Techniciens/techniciennes en comptabilité et teneurs/teneuses de livres
12200.00,Travailleurs autonomes,Techniciens/techniciennes en comptabilité et teneurs/teneuses de livres
12201.01,Services des réclamations des compagnies d'assurance,Experts/expertes en sinistres
12201.02,Succursales des compagnies d'assurance,Rédacteurs/rédactrices sinistres
12201.02,Sièges sociaux de compagnies d'assurance,Rédacteurs/rédactrices sinistres
12202.00,Succursales des compagnies d'assurance,Assureurs/assureures
12202.00,Sièges sociaux de compagnies d'assurance,Assureurs/assureures
12203.01,Agences gouvernementales,Estimateurs/estimatrices
12203.01,Compagnies du secteur privé,Estimateurs/estimatrices
12203.01,Entreprises de développement immobilier,Estimateurs/estimatrices
12203.01,Travailleurs autonomes,Estimateurs/estimatrices
12203.02,Agences gouvernementales,Experts/expertes en évaluation d'entreprise
12203.02,Compagnies du secteur privé,Experts/expertes en évaluation d'entreprise
12203.02,Entreprises de développement immobilier,Experts/expertes en évaluation d'entreprise
12203.02,Travailleurs autonomes,Experts/expertes en évaluation d'entreprise
12203.03,Agences gouvernementales,Évaluateurs/évaluatrices
12203.03,Compagnies du secteur privé,Évaluateurs/évaluatrices
12203.03,Entreprises de développement immobilier,Évaluateurs/évaluatrices
12203.03,Travailleurs autonomes,Évaluateurs/évaluatrices
13100.00,Établissements des secteurs privé et public,Agents/agentes d'administration
13101.00,Gouvernements,Agents/agentes de gestion immobilière
13101.00,Sociétés de promotion immobilière,Agents/agentes de gestion immobilière
13101.00,Compagnies de gestion immobilière,Agents/agentes de gestion immobilière
13101.00,Agences immobilières,Agents/agentes de gestion immobilière
13101.00,Services de gestion strata,Agents/agentes de gestion immobilière
13102.00,Établissements des secteurs privé et public,Administrateurs/administratrices de la paye
13102.00,Compagnies d'administration de la paye,Administrateurs/administratrices de la paye
13110.00,Établissements des secteurs privé et public,Adjoints administratifs/adjointes administratives
13111.00,Tous les ordres de gouvernement,Adjoints administratifs juridiques/adjointes administratives juridiques
13111.00,Tribunaux fédéraux,Adjoints administratifs juridiques/adjointes administratives juridiques
13111.00,Bureaux du cadastre,Adjoints administratifs juridiques/adjointes administratives juridiques
13111.00,Cabinets d'avocats,Adjoints administratifs juridiques/adjointes administratives juridiques
13111.00,Services juridiques des grandes entreprises,Adjoints administratifs juridiques/adjointes administratives juridiques
13111.00,Tribunaux municipaux,Adjoints administratifs juridiques/adjointes administratives juridiques
13111.00,Tribunaux provinciaux ou territoriaux,Adjoints administratifs juridiques/adjointes administratives juridiques
13111.00,Entreprises de développement immobilier,Adjoints administratifs juridiques/adjointes administratives juridiques
13112.00,Cabinets de médecins,Adjoints administratifs médicaux/adjointes administratives médicales
13112.00,Centres hospitaliers,Adjoints administratifs médicaux/adjointes administratives médicales
13112.00,Cliniques médicales,Adjoints administratifs médicaux/adjointes administratives médicales
13112.00,Divers milieux médicaux,Adjoints administratifs médicaux/adjointes administratives médicales
13200.01,Établissements de courtage,Courtiers/courtières en douanes
13200.01,Maisons de courtage en douanes,Courtiers/courtières en douanes
13200.01,Travailleurs autonomes,Courtiers/courtières en douanes
13200.02,Travailleurs autonomes,Courtiers maritimes/courtières maritimes
13200.02,Maisons de courtage maritime,Courtiers maritimes/courtières maritimes
13201.01,"Usines de fabrication, des firmes de construction",Coordonnateurs/coordonnatrices de la logistique de la production
13201.01,Autres établissements industriels,Coordonnateurs/coordonnatrices de la logistique de la production
13201.02,"Usines de fabrication, des firmes de construction",Coordonnateurs/coordonnatrices de la logistique du transport
13201.02,Autres établissements industriels,Coordonnateurs/coordonnatrices de la logistique du transport
14100.01,Établissements des secteurs privé et public,Employés de bureau – soutien général
14100.02,Établissements des secteurs privé et public,Commis au classement
14101.01,Centres hospitaliers,Réceptionnistes
14101.01,Cabinets de dentiste et de médcin,Réceptionnistes
14101.01,Bureaux dans les secteurs privé et public,Réceptionnistes
14101.02,Centres hospitaliers,Employés à l'admission dans un hôpital
14101.03,Centres hospitaliers,Standardistes et téléphonistes au service des abonnés absents
14101.03,Cabinets de dentiste et de médcin,Standardistes et téléphonistes au service des abonnés absents
14101.03,Bureaux dans les secteurs privé et public,Standardistes et téléphonistes au service des abonnés absents
14101.04,Compagnies de téléphone,Téléphonistes
14102.00,Services du personnel des secteurs privé et public,Commis des services du personnel
14103.00,Tribunaux fédéraux,Commis des services judiciaires et autres professions des services judiciaires
14103.00,Tribunaux municipaux,Commis des services judiciaires et autres professions des services judiciaires
14103.00,Tribunaux provinciaux ou territoriaux,Commis des services judiciaires et autres professions des services judiciaires
14110.01,Centres de contact,Intervieweurs/intervieweuses pour enquêtes
14110.01,Organismes et services gouvernementaux,Intervieweurs/intervieweuses pour enquêtes
14110.01,Entreprises d'études de marché et maisons de sondage,Intervieweurs/intervieweuses pour enquêtes
14110.01,Autres établissements,Intervieweurs/intervieweuses pour enquêtes
14110.01,Services d'utilité publique,Intervieweurs/intervieweuses pour enquêtes
14110.02,Centres de contact,Commis aux statistiques
14110.02,Organismes et services gouvernementaux,Commis aux statistiques
14110.02,Entreprises d'études de marché et maisons de sondage,Commis aux statistiques
14110.02,Autres établissements,Commis aux statistiques
14110.02,Services d'utilité publique,Commis aux statistiques
14111.00,Établissements des secteurs privé et public,Commis à la saisie de données
14112.01,Imprimeries commerciales,Opérateurs/opératrices d'équipement d'éditique
14112.01,Entreprises spécialisées en composition,Opérateurs/opératrices d'équipement d'éditique
14112.01,Services d'imprimerie d'établissements des secteurs privé et public,Opérateurs/opératrices d'équipement d'éditique
14112.01,Maisons d'édition et d'imprimerie,Opérateurs/opératrices d'équipement d'éditique
14112.02,Imprimeries commerciales,Préposés à la saisie et la sortie des données (composition)
14112.02,Entreprises spécialisées en composition,Préposés à la saisie et la sortie des données (composition)
14112.02,Services d'imprimerie d'établissements des secteurs privé et public,Préposés à la saisie et la sortie des données (composition)
14112.02,Maisons d'édition et d'imprimerie,Préposés à la saisie et la sortie des données (composition)
14200.00,Établissements des secteurs privé et public,Commis à la comptabilité et personnel assimilé
14201.01,Banques,Commis de banque
14201.01,Sociétés de crédit,Commis de banque
14201.02,Établissements financiers des secteurs privé et public,Commis d'assurance
14201.02,Compagnies d'assurance des secteurs privé et public,Commis d'assurance
14201.03,Sociétés de crédit,Autres commis de services financiers
14201.03,Établissements financiers des secteurs privé et public,Autres commis de services financiers
14201.03,Sociétés de placements,Autres commis de services financiers
14202.00,Banques,Commis de recouvrement
14202.00,Agences de recouvrement,Commis de recouvrement
14202.00,Sociétés de fiducie,Commis de recouvrement
14202.00,Grands magasins,Commis de recouvrement
14202.00,Services financiers et de délivrance des permis des gouvernements,Commis de recouvrement
14202.00,Sociétés de prêts,Commis de recouvrement
14202.00,Services d'utilité publique,Commis de recouvrement
14300.00,Services de bibliothèque dans les secteurs public et privé,Commis et assistants/assistantes dans les bibliothèques
14300.00,Bibliothèques,Commis et assistants/assistantes dans les bibliothèques
14301.01,Établissements des secteurs privé et public,Commis aux petites annonces
14301.01,Journaux,Commis aux petites annonces
14301.01,Périodiques,Commis aux petites annonces
14301.01,Maisons d'édition,Commis aux petites annonces
14301.02,Établissements des secteurs privé et public,Correspondanciers/correspondancières
14301.02,Journaux,Correspondanciers/correspondancières
14301.02,Périodiques,Correspondanciers/correspondancières
14301.02,Maisons d'édition,Correspondanciers/correspondancières
14301.03,Établissements des secteurs privé et public,Correcteurs/correctrices d'épreuves et les adjoints/adjointes à la rédaction
14301.03,Journaux,Correcteurs/correctrices d'épreuves et les adjoints/adjointes à la rédaction
14301.03,Périodiques,Correcteurs/correctrices d'épreuves et les adjoints/adjointes à la rédaction
14301.03,Maisons d'édition,Correcteurs/correctrices d'épreuves et les adjoints/adjointes à la rédaction
14301.04,Établissements des secteurs privé et public,Lecteurs/lectrices de manuscrits et préposés/préposées aux coupures de journaux
14301.04,Journaux,Lecteurs/lectrices de manuscrits et préposés/préposées aux coupures de journaux
14301.04,Périodiques,Lecteurs/lectrices de manuscrits et préposés/préposées aux coupures de journaux
14301.04,Maisons d'édition,Lecteurs/lectrices de manuscrits et préposés/préposées aux coupures de journaux
14301.05,Établissements des secteurs privé et public,Commis aux règlements
14301.05,Journaux,Commis aux règlements
14301.05,Périodiques,Commis aux règlements
14301.05,Maisons d'édition,Commis aux règlements
14400.00,Établissements de ventes commerciales et industrielles,Expéditeurs/expéditrices et réceptionnaires
14400.00,Entreprises manufacturières,Expéditeurs/expéditrices et réceptionnaires
14400.00,Secteur public,Expéditeurs/expéditrices et réceptionnaires
14400.00,Établissements de vente au détail,Expéditeurs/expéditrices et réceptionnaires
14400.00,Établissements de commerce en gros,Expéditeurs/expéditrices et réceptionnaires
14401.00,Compagnies de construction,Magasiniers/magasinières et commis aux pièces
14401.00,Établissements des secteurs privé et public,Magasiniers/magasinières et commis aux pièces
14401.00,Entreprises forestières,Magasiniers/magasinières et commis aux pièces
14401.00,Centres hospitaliers,Magasiniers/magasinières et commis aux pièces
14401.00,Entreprises de fabrication,Magasiniers/magasinières et commis aux pièces
14401.00,Compagnies minières,Magasiniers/magasinières et commis aux pièces
14401.00,Services de réparation,Magasiniers/magasinières et commis aux pièces
14401.00,Établissements de commerce de détail,Magasiniers/magasinières et commis aux pièces
14401.00,Entrepôts,Magasiniers/magasinières et commis aux pièces
14401.00,Établissements de vente en gros,Magasiniers/magasinières et commis aux pièces
14402.00,Compagnies de construction,Travailleurs/travailleuses de la logistique de la production
14402.00,Établissements industriels,Travailleurs/travailleuses de la logistique de la production
14402.00,Entreprises de fabrication,Travailleurs/travailleuses de la logistique de la production
14402.00,Imprimeries,Travailleurs/travailleuses de la logistique de la production
14402.00,Maisons d'édition,Travailleurs/travailleuses de la logistique de la production
14403.01,Agences gouvernementales,Commis aux achats
14403.01,Entreprises de fabrication,Commis aux achats
14403.01,Établissements de vente au détail,Commis aux achats
14403.01,Établissements de commerce en gros,Commis aux achats
14403.02,Agences gouvernementales,Commis au contrôle de l'inventaire
14403.02,Entreprises de fabrication,Commis au contrôle de l'inventaire
14403.02,Établissements de commerce de détail,Commis au contrôle de l'inventaire
14403.02,Établissements de commerce en gros,Commis au contrôle de l'inventaire
14404.00,Établissements de ventes commerciales et industrielles,Répartiteurs/répartitrices
14404.00,Agences de services d'urgence,Répartiteurs/répartitrices
14404.00,"Services de police, d'incendie et de santé publique",Répartiteurs/répartitrices
14404.00,"Services de taxi, de livraison et de messageries",Répartiteurs/répartitrices
14404.00,Entreprises de camionnage,Répartiteurs/répartitrices
14404.00,Services d'utilité publique,Répartiteurs/répartitrices
14405.00,Lignes aériennes,Horairistes de trajets et d'équipages
14405.00,Systèmes de transport en commun,Horairistes de trajets et d'équipages
14405.00,Compagnies de chemin de fer,Horairistes de trajets et d'équipages
14405.00,Entreprises de transport des secteurs privé et public,Horairistes de trajets et d'équipages
14405.00,"Entreprises de camionnage, de livraison et de messagerie",Horairistes de trajets et d'équipages
20010.00,Sociétés d'ingénieurs-conseils,Directeurs/directrices des services de génie
20010.00,Établissements des secteurs privé et public,Directeurs/directrices des services de génie
20010.00,Entreprises de recherche scientifique,Directeurs/directrices des services de génie
20011.01,Cabinets d'architectes,Directeurs/directrices des services d’architecture et d’urbanisme
20011.01,Établissements des secteurs privé et public,Directeurs/directrices des services d’architecture et d’urbanisme
20011.01,Entreprises de recherche scientifique,Directeurs/directrices des services d’architecture et d’urbanisme
20011.02,Cabinets d'architectes,Directeurs/directrices de service des sciences
20011.02,Établissements des secteurs privé et public,Directeurs/directrices de service des sciences
20011.02,Entreprises de recherche scientifique,Directeurs/directrices de service des sciences
20012.00,Établissements des secteurs privé et public,Gestionnaires des systèmes informatiques
21100.01,"Entreprises de fabrication de matériel électronique, électrique et aérospatial",Physiciens/physiciennes
21100.01,Centres hospitaliers,Physiciens/physiciennes
21100.01,Services hydro-électriques,Physiciens/physiciennes
21100.01,"Entreprises de consultation, de recherche, de traitement et de fabrication",Physiciens/physiciennes
21100.01,Entreprises de télécommunication,Physiciens/physiciennes
21100.01,Laboratoires universitaires et gouvernementaux de recherche,Physiciens/physiciennes
21100.02,Gouvernements,Astronomes
21100.02,Universités,Astronomes
21101.00,Industries chimiques,Chimistes
21101.00,Laboratoires de développement,Chimistes
21101.00,Établissements d'enseignement,Chimistes
21101.00,Organismes gouvernementaux,Chimistes
21101.00,Institutions de santé et autres institutions,Chimistes
21101.00,Entreprises de fabrication,Chimistes
21101.00,Industries de la métallurgie,Chimistes
21101.00,Industries de l'extraction minière,Chimistes
21101.00,Compagnies pétrochimiques,Chimistes
21101.00,Entreprises de pâtes et papiers,Chimistes
21101.00,Laboratoires de contrôle de la qualité,Chimistes
21101.00,Laboratoires de recherche,Chimistes
21101.00,Services d'utilité publique,Chimistes
21102.01,Firmes d'ingénieurs-conseils et d'experts-conseils en géologie et en géophysique,Géoscientifiques
21102.01,Établissements d'enseignement,Géoscientifiques
21102.01,Gouvernements,Géoscientifiques
21102.01,Sociétés minières et pétrolières,Géoscientifiques
21102.01,Travailleurs autonomes,Géoscientifiques
21102.02,Établissements d'enseignement,Océanographes
21102.02,Gouvernements,Océanographes
21102.02,Sociétés d'exploration des zones d'élevage marin,Océanographes
21102.02,Entreprises d'exploration de gisements sur le plancher océanique et de zones de mariculture,Océanographes
21102.02,Travailleurs autonomes,Océanographes
21103.00,Tous les ordres de gouvernement,Météorologues et climatologues
21103.00,Sociétés d'experts-conseils et médias,Météorologues et climatologues
21103.00,Entreprises de ressources naturelles,Météorologues et climatologues
21103.00,Travailleurs autonomes,Météorologues et climatologues
21109.01,Établissements d'enseignement,Métallurgistes
21109.01,Fonction publique,Métallurgistes
21109.01,Établissements industriels,Métallurgistes
21109.02,Établissements d'enseignement,Spécialistes des matériaux
21109.02,Gouvernements,Spécialistes des matériaux
21109.02,Établissements industriels,Spécialistes des matériaux
21109.03,Établissements d'enseignement,Scientifiques en science du sol
21109.03,Gouvernements,Scientifiques en science du sol
21109.03,Établissements industriels,Scientifiques en science du sol
21109.04,Établissements d'enseignement,Astronautes
21109.04,Gouvernements,Astronautes
21110.01,Entreprises chimiques,Biologistes
21110.01,Firmes d'experts-conseils en environnement,Biologistes
21110.01,Gouvernements,Biologistes
21110.01,Institutions de santé et d'éducation,Biologistes
21110.01,Compagnies pharmaceutiques et biotechniques,Biologistes
21110.01,Sociétés exploitantes de ressources et de services d'utilité publique,Biologistes
21110.02,Entreprises chimiques,Microbiologistes et biologistes cellulaires et moléculaires
21110.02,Firmes d'experts-conseils en environnement,Microbiologistes et biologistes cellulaires et moléculaires
21110.02,Gouvernements,Microbiologistes et biologistes cellulaires et moléculaires
21110.02,Institutions de santé et d'éducation,Microbiologistes et biologistes cellulaires et moléculaires
21110.02,Compagnies pharmaceutiques et biotechniques,Microbiologistes et biologistes cellulaires et moléculaires
21110.02,Entreprise de ressources et de services d'utilité publique,Microbiologistes et biologistes cellulaires et moléculaires
21111.00,Cabinets d'experts-conseils,Professionnels/professionnelles des sciences forestières
21111.00,Établissements d'enseignement,Professionnels/professionnelles des sciences forestières
21111.00,Gouvernement fédéral,Professionnels/professionnelles des sciences forestières
21111.00,Industrie forestière,Professionnels/professionnelles des sciences forestières
21111.00,Industries liées à la foresterie,Professionnels/professionnelles des sciences forestières
21111.00,Gouvernements provinciaux,Professionnels/professionnelles des sciences forestières
21111.00,Travailleurs autonomes,Professionnels/professionnelles des sciences forestières
21112.00,"Entreprises, institutions et organismes gouvernementaux qui aident la communauté agricole","Agronomes, conseillers/conseillères et spécialistes en agriculture"
21112.00,Travailleurs autonomes,"Agronomes, conseillers/conseillères et spécialistes en agriculture"
21120.00,Établissements des secteurs privé et public,Professionnels/professionnelles de la santé et sécurité publique et environnementale
21200.00,Cabinets d'architectes,Architectes
21200.00,Gouvernements,Architectes
21200.00,Corporations privées,Architectes
21200.00,Travailleurs autonomes,Architectes
21201.00,Cabinets d'architectes et d'ingénieurs,Architectes paysagistes
21201.00,Organismes environnementaux et de développement du gouvernement,Architectes paysagistes
21201.00,Firmes de consultants en aménagement paysager,Architectes paysagistes
21201.00,Travailleurs autonomes,Architectes paysagistes
21202.00,Tous les ordres de gouvernement,Urbanistes et planificateurs/planificatrices de l'utilisation des sols
21202.00,Firmes d'ingénieurs ou des sociétés de consultants,Urbanistes et planificateurs/planificatrices de l'utilisation des sols
21202.00,Lotisseurs,Urbanistes et planificateurs/planificatrices de l'utilisation des sols
21202.00,Consultants privés,Urbanistes et planificateurs/planificatrices de l'utilisation des sols
21203.00,Tous les ordres de gouvernement,Arpenteurs-géomètres/arpenteuses-géomètres
21203.00,Entreprises de génie ou de construction,Arpenteurs-géomètres/arpenteuses-géomètres
21203.00,Entreprises de ressources naturelles,Arpenteurs-géomètres/arpenteuses-géomètres
21203.00,Bureaux d'experts en arpentage du secteur privé,Arpenteurs-géomètres/arpenteuses-géomètres
21203.00,Entreprises de développement immobilier,Arpenteurs-géomètres/arpenteuses-géomètres
21203.00,Travailleurs autonomes,Arpenteurs-géomètres/arpenteuses-géomètres
21210.01,Banques et sociétés de fiducie,Mathématiciens/mathématiciennes
21210.01,Gouvernements,Mathématiciens/mathématiciennes
21210.01,Compagnies d'assurance,Mathématiciens/mathématiciennes
21210.01,Firmes d'experts-conseils en prestations de retraite,Mathématiciens/mathématiciennes
21210.01,Associations professionnelles,Mathématiciens/mathématiciennes
21210.01,Firmes d'experts-conseils en sciences et en génie,Mathématiciens/mathématiciennes
21210.01,Universités,Mathématiciens/mathématiciennes
21210.02,Banques et sociétés de fiducie,Statisticiens/statisticiennes
21210.02,Gouvernements,Statisticiens/statisticiennes
21210.02,Compagnies d'assurance,Statisticiens/statisticiennes
21210.02,Firmes d'experts-conseils en prestations de retraite,Statisticiens/statisticiennes
21210.02,Associations professionnelles,Statisticiens/statisticiennes
21210.02,Firmes d'experts-conseils en sciences et en génie,Statisticiens/statisticiennes
21210.02,Universités,Statisticiens/statisticiennes
21210.03,Banques et sociétés de fiducie,Actuaires
21210.03,Gouvernements,Actuaires
21210.03,Compagnies d'assurance,Actuaires
21210.03,Firmes d'experts-conseils en prestations de retraite,Actuaires
21210.03,Associations professionnelles,Actuaires
21210.03,Firmes d'experts-conseils en sciences et en génie,Actuaires
21210.03,Travailleurs autonomes,Actuaires
21210.03,Universités,Actuaires
21211.00,Banques,Scientifiques de données
21211.00,Cabinets d'experts-conseils,Scientifiques de données
21211.00,Services informatiques des secteurs privé et public,Scientifiques de données
21211.00,Universités,Scientifiques de données
21220.00,Firmes d'experts-conseils en technologies de l'information,Spécialistes de la cybersécurité
21220.00,Services informatiques des secteurs privé et public,Spécialistes de la cybersécurité
21220.00,Travailleurs autonomes,Spécialistes de la cybersécurité
21221.00,Firmes d'experts-conseils en technologies de l'information,Spécialistes des systèmes commerciaux
21221.00,Services informatiques des secteurs privé et public,Spécialistes des systèmes commerciaux
21222.00,Firmes d'experts-conseils en technologies de l'information,Spécialistes en informatique
21222.00,Services informatiques des secteurs privé et public,Spécialistes en informatique
21222.00,Travailleurs autonomes,Spécialistes en informatique
21223.01,Firmes d'experts-conseils en technologies de l'information,Analystes de bases de données
21223.01,Services informatiques des secteurs privé et public,Analystes de bases de données
21223.02,Firmes d'experts-conseils en technologies de l'information,Administrateurs/administratrices de données
21223.02,Services informatiques des secteurs privé et public,Administrateurs/administratrices de données
21230.00,Sociétés de développement de logiciels pour ordinateurs,Développeurs/développeuses et programmeurs/programmeuses de systèmes informatiques
21230.00,Firmes d'experts-conseils en technologies de l'information,Développeurs/développeuses et programmeurs/programmeuses de systèmes informatiques
21230.00,Services informatiques des secteurs privé et public,Développeurs/développeuses et programmeurs/programmeuses de systèmes informatiques
21230.00,Travailleurs autonomes,Développeurs/développeuses et programmeurs/programmeuses de systèmes informatiques
21231.00,Firmes d'experts-conseils en technologies de l'information,Ingénieurs/ingénieures et concepteurs/conceptrices en logiciel
21231.00,Services informatiques des secteurs privé et public,Ingénieurs/ingénieures et concepteurs/conceptrices en logiciel
21231.00,Firmes de recherche et développement en technologies de l'information,Ingénieurs/ingénieures et concepteurs/conceptrices en logiciel
21231.00,Travailleurs autonomes,Ingénieurs/ingénieures et concepteurs/conceptrices en logiciel
21232.00,Sociétés de développement de logiciels pour ordinateurs,Développeurs/développeuses et programmeurs/programmeuses de logiciels
21232.00,Firmes d'experts-conseils en technologies de l'information,Développeurs/développeuses et programmeurs/programmeuses de logiciels
21232.00,Services informatiques des secteurs privé et public,Développeurs/développeuses et programmeurs/programmeuses de logiciels
21232.00,Travailleurs autonomes,Développeurs/développeuses et programmeurs/programmeuses de logiciels
21233.00,Agences de publicité,Concepteurs/conceptrices Web
21233.00,Sociétés de développement de logiciels pour ordinateurs,Concepteurs/conceptrices Web
21233.00,Firmes d'experts-conseils en technologies de l'information,Concepteurs/conceptrices Web
21233.00,Services informatiques des secteurs privé et public,Concepteurs/conceptrices Web
21233.00,Travailleurs autonomes,Concepteurs/conceptrices Web
21234.00,Agences de publicité,Développeurs/développeuses et programmeurs/programmeuses Web
21234.00,Sociétés de développement de logiciels pour ordinateurs,Développeurs/développeuses et programmeurs/programmeuses Web
21234.00,Firmes d'experts-conseils en technologies de l'information,Développeurs/développeuses et programmeurs/programmeuses Web
21234.00,Services informatiques des secteurs privé et public,Développeurs/développeuses et programmeurs/programmeuses Web
21234.00,Travailleurs autonomes,Développeurs/développeuses et programmeurs/programmeuses Web
21300.00,Tous les ordres de gouvernement,Ingénieurs civils/ingénieures civiles
21300.00,Firmes de construction,Ingénieurs civils/ingénieures civiles
21300.00,Compagnie d'ingénieurs-conseils,Ingénieurs civils/ingénieures civiles
21300.00,Secteur industriel,Ingénieurs civils/ingénieures civiles
21300.00,Travailleurs autonomes,Ingénieurs civils/ingénieures civiles
21301.00,Tous les ordres de gouvernement,Ingénieurs mécaniciens/ingénieures mécaniciennes
21301.00,Firmes de construction,Ingénieurs mécaniciens/ingénieures mécaniciennes
21301.00,Sociétés d'ingénieurs-conseils,Ingénieurs mécaniciens/ingénieures mécaniciennes
21301.00,Secteur industriel,Ingénieurs mécaniciens/ingénieures mécaniciennes
21301.00,Travailleurs autonomes,Ingénieurs mécaniciens/ingénieures mécaniciennes
21310.00,Cabinets d'experts-conseils,Ingénieurs électriciens et électroniciens/ingénieures électriciennes et électroniciennes
21310.00,Services publics d'électricité,Ingénieurs électriciens et électroniciens/ingénieures électriciennes et électroniciennes
21310.00,Gouvernements,Ingénieurs électriciens et électroniciens/ingénieures électriciennes et électroniciennes
21310.00,Entreprises de fabricants de matériel électrique et électronique,Ingénieurs électriciens et électroniciens/ingénieures électriciennes et électroniciennes
21310.00,Entreprises de fabrication,Ingénieurs électriciens et électroniciens/ingénieures électriciennes et électroniciennes
21310.00,Entreprises de télécommunication,Ingénieurs électriciens et électroniciens/ingénieures électriciennes et électroniciennes
21310.00,Entreprises de transport,Ingénieurs électriciens et électroniciens/ingénieures électriciennes et électroniciennes
21311.01,Fabricants de matériel informatique et de télécommunications,Ingénieurs informaticiens/ingénieures informaticiennes et ingénieurs/ingénieures en matériel de télécommunications
21311.01,"Entreprises de génie, de fabrication et de télécommunications",Ingénieurs informaticiens/ingénieures informaticiennes et ingénieurs/ingénieures en matériel de télécommunications
21311.01,Institut de recherche au sein du gouvernement et des établissements d'enseignement,Ingénieurs informaticiens/ingénieures informaticiennes et ingénieurs/ingénieures en matériel de télécommunications
21311.01,Firmes d'experts-conseils en technologies de l'information,Ingénieurs informaticiens/ingénieures informaticiennes et ingénieurs/ingénieures en matériel de télécommunications
21311.01,Services informatiques des secteurs privé et public,Ingénieurs informaticiens/ingénieures informaticiennes et ingénieurs/ingénieures en matériel de télécommunications
21311.02,Fabricants de matériel informatique et de télécommunications,Ingénieurs/ingénieures en systèmes de réseaux et ingénieurs/ingénieures de la communication de données
21311.02,"Entreprises de génie, de fabrication et de télécommunications",Ingénieurs/ingénieures en systèmes de réseaux et ingénieurs/ingénieures de la communication de données
21311.02,Institut de recherche au sein du gouvernement et des établissements d'enseignement,Ingénieurs/ingénieures en systèmes de réseaux et ingénieurs/ingénieures de la communication de données
21311.02,Firmes d'experts-conseils en technologies de l'information,Ingénieurs/ingénieures en systèmes de réseaux et ingénieurs/ingénieures de la communication de données
21311.02,Services informatiques des secteurs privé et public,Ingénieurs/ingénieures en systèmes de réseaux et ingénieurs/ingénieures de la communication de données
21320.00,Cabinets d'experts-conseils,Ingénieurs chimistes/ingénieures chimistes
21320.00,Établissements d'enseignement,Ingénieurs chimistes/ingénieures chimistes
21320.00,Gouvernements,Ingénieurs chimistes/ingénieures chimistes
21320.00,Entreprises de fabrication,Ingénieurs chimistes/ingénieures chimistes
21320.00,Instituts de recherche,Ingénieurs chimistes/ingénieures chimistes
21321.00,Cabinets d'experts-conseils,Ingénieurs/ingénieures d'industrie et de fabrication
21321.00,Institutions financières,Ingénieurs/ingénieures d'industrie et de fabrication
21321.00,Fonction publique,Ingénieurs/ingénieures d'industrie et de fabrication
21321.00,Institutions de santé et autres institutions,Ingénieurs/ingénieures d'industrie et de fabrication
21321.00,Entreprises manufacturières,Ingénieurs/ingénieures d'industrie et de fabrication
21321.00,Entreprises de traitement,Ingénieurs/ingénieures d'industrie et de fabrication
21321.00,Travailleurs autonomes,Ingénieurs/ingénieures d'industrie et de fabrication
21322.00,Sociétés d'ingénieurs-conseils,Ingénieurs/ingénieures métallurgistes et des matériaux
21322.00,Établissements d'enseignement,Ingénieurs/ingénieures métallurgistes et des matériaux
21322.00,Gouvernements,Ingénieurs/ingénieures métallurgistes et des matériaux
21322.00,Entreprises manufacturières,Ingénieurs/ingénieures métallurgistes et des matériaux
21322.00,Compagnies de traitement des métaux,Ingénieurs/ingénieures métallurgistes et des matériaux
21322.00,Compagnies minières,Ingénieurs/ingénieures métallurgistes et des matériaux
21322.00,Instituts de recherche,Ingénieurs/ingénieures métallurgistes et des matériaux
21330.00,Sociétés d'ingénieurs-conseils,Ingénieurs miniers/ingénieures minières
21330.00,Établissements d'enseignement,Ingénieurs miniers/ingénieures minières
21330.00,Gouvernements,Ingénieurs miniers/ingénieures minières
21330.00,Fabrication,Ingénieurs miniers/ingénieures minières
21330.00,Compagnies minières,Ingénieurs miniers/ingénieures minières
21330.00,Instituts de recherche,Ingénieurs miniers/ingénieures minières
21331.00,Sociétés d'ingénieurs-conseils,Ingénieurs/ingénieures géologiques
21331.00,Établissements d'enseignement,Ingénieurs/ingénieures géologiques
21331.00,Services publics d'électricité,Ingénieurs/ingénieures géologiques
21331.00,Gouvernements,Ingénieurs/ingénieures géologiques
21331.00,Compagnies minières,Ingénieurs/ingénieures géologiques
21331.00,Compagnies pétrolières,Ingénieurs/ingénieures géologiques
21331.00,Instituts de recherche,Ingénieurs/ingénieures géologiques
21332.00,Cabinets d'experts-conseils,Ingénieurs/ingénieures de l'extraction et du raffinage du pétrole
21332.00,Établissements d'enseignement,Ingénieurs/ingénieures de l'extraction et du raffinage du pétrole
21332.00,Gouvernements,Ingénieurs/ingénieures de l'extraction et du raffinage du pétrole
21332.00,Compagnies productrices de pétrole,Ingénieurs/ingénieures de l'extraction et du raffinage du pétrole
21332.00,Instituts de recherche,Ingénieurs/ingénieures de l'extraction et du raffinage du pétrole
21332.00,Entreprises de diagraphie et de mise à l'essai des puits,Ingénieurs/ingénieures de l'extraction et du raffinage du pétrole
21390.00,Transporteurs aériens,Ingénieurs/ingénieures en aérospatiale
21390.00,Entreprises de fabrication d'aéronefs et d'engins spatiaux,Ingénieurs/ingénieures en aérospatiale
21390.00,Établissements d'enseignement,Ingénieurs/ingénieures en aérospatiale
21390.00,Gouvernements,Ingénieurs/ingénieures en aérospatiale
21390.00,Instituts de recherche,Ingénieurs/ingénieures en aérospatiale
21399.01,Compagnie d'ingénieurs-conseils,Ingénieurs agricoles/ingénieures agricoles et en bio-ressources
21399.01,Établissements d'enseignement,Ingénieurs agricoles/ingénieures agricoles et en bio-ressources
21399.01,Gouvernements,Ingénieurs agricoles/ingénieures agricoles et en bio-ressources
21399.01,Secteur industriel,Ingénieurs agricoles/ingénieures agricoles et en bio-ressources
21399.01,Instituts de recherche,Ingénieurs agricoles/ingénieures agricoles et en bio-ressources
21399.02,Compagnie d'ingénieurs-conseils,Ingénieurs biomédicaux/ingénieures biomédicales
21399.02,Établissements d'enseignement,Ingénieurs biomédicaux/ingénieures biomédicales
21399.02,Gouvernements,Ingénieurs biomédicaux/ingénieures biomédicales
21399.02,Secteur industriel,Ingénieurs biomédicaux/ingénieures biomédicales
21399.02,Établissements médicaux,Ingénieurs biomédicaux/ingénieures biomédicales
21399.02,Instituts de recherche,Ingénieurs biomédicaux/ingénieures biomédicales
21399.03,Compagnie d'ingénieurs-conseils,Ingénieurs physiciens/ingénieures physiciennes et scientifiques en génie
21399.03,Institutions d'enseignement,Ingénieurs physiciens/ingénieures physiciennes et scientifiques en génie
21399.03,Gouvernements,Ingénieurs physiciens/ingénieures physiciennes et scientifiques en génie
21399.03,Secteur industriel,Ingénieurs physiciens/ingénieures physiciennes et scientifiques en génie
21399.03,Instituts de recherche,Ingénieurs physiciens/ingénieures physiciennes et scientifiques en génie
21399.04,Compagnie d'ingénieurs-conseils,Ingénieurs navals/ingénieures navales
21399.04,Établissements d'enseignement,Ingénieurs navals/ingénieures navales
21399.04,Gouvernements,Ingénieurs navals/ingénieures navales
21399.04,Secteur industriel,Ingénieurs navals/ingénieures navales
21399.04,Instituts de recherche,Ingénieurs navals/ingénieures navales
21399.05,Compagnie d'ingénieurs-conseils,Ingénieurs/ingénieures en textiles
21399.05,Établissements d'enseignement,Ingénieurs/ingénieures en textiles
21399.05,Gouvernements,Ingénieurs/ingénieures en textiles
21399.05,Secteur industriel,Ingénieurs/ingénieures en textiles
21399.05,Instituts de recherche,Ingénieurs/ingénieures en textiles
22100.01,"Industries chimiques, pétrochimiques et pharmaceutiques",Technologues en chimie
22100.01,Sociétés d'ingénieurs-conseils,Technologues en chimie
22100.01,Entreprises de fabrication,Technologues en chimie
22100.01,Laboratoires de contrôle de la qualité,Technologues en chimie
22100.01,Laboratoir de recherche et développement,Technologues en chimie
22100.01,"Services publics, santé, éducation et établissements gouvernementaux",Technologues en chimie
22100.02,"Industries chimiques, pétrochimiques et pharmaceutiques",Techniciens/techniciennes en chimie
22100.02,Compagnie d'ingénieurs-conseils,Techniciens/techniciennes en chimie
22100.02,Entreprises de fabrication,Techniciens/techniciennes en chimie
22100.02,Laboratoires de contrôle de la qualité,Techniciens/techniciennes en chimie
22100.02,Laboratoir de recherche et développement,Techniciens/techniciennes en chimie
22100.02,"Services publics, santé, éducation et établissements gouvernementaux",Techniciens/techniciennes en chimie
22101.01,Firmes d'experts-conseils en géologie et en génie,Technologues en géologie et en minéralogie
22101.01,Établissements d'enseignement,Technologues en géologie et en minéralogie
22101.01,Gouvernements,Technologues en géologie et en minéralogie
22101.01,"Entreprises de fabrication, de construction et de services d'utilité publique",Technologues en géologie et en minéralogie
22101.01,Sociétés pétrolières et minières,Technologues en géologie et en minéralogie
22101.02,Firmes d'experts-conseils en géologie et en génie,Techniciens/techniciennes en géologie et en minéralogie
22101.02,Établissements d'enseignement,Techniciens/techniciennes en géologie et en minéralogie
22101.02,Gouvernements,Techniciens/techniciennes en géologie et en minéralogie
22101.02,"Entreprises de fabrication, de construction et de services d'utilité publique",Techniciens/techniciennes en géologie et en minéralogie
22101.02,Sociétés pétrolières et minières,Techniciens/techniciennes en géologie et en minéralogie
22110.01,Entreprises de biotechnologie,Technologues en biologie
22110.01,Entreprises de produits chimiques et pharmaceutiques,Technologues en biologie
22110.01,Établissements d'enseignement,Technologues en biologie
22110.01,Firmes d'experts-conseils en environnement,Technologues en biologie
22110.01,Gouvernements,Technologues en biologie
22110.01,Institutions de santé,Technologues en biologie
22110.01,Entreprises de produits alimentaires,Technologues en biologie
22110.01,Instituts de recherche,Technologues en biologie
22110.01,Entreprise de ressources et de services d'utilité publique,Technologues en biologie
22110.02,Entreprises de biotechnologie,Techniciens/techniciennes en biologie
22110.02,Entreprises de produits chimiques et pharmaceutiques,Techniciens/techniciennes en biologie
22110.02,Établissements d'enseignement,Techniciens/techniciennes en biologie
22110.02,Firmes d'experts-conseils en environnement,Techniciens/techniciennes en biologie
22110.02,Gouvernements,Techniciens/techniciennes en biologie
22110.02,Institutions de santé,Techniciens/techniciennes en biologie
22110.02,Entreprises de produits alimentaires,Techniciens/techniciennes en biologie
22110.02,Instituts de recherche,Techniciens/techniciennes en biologie
22110.02,Entreprise de ressources et de services d'utilité publique,Techniciens/techniciennes en biologie
22111.01,Organismes et services gouvernementaux,Inspecteurs/inspectrices du poisson et des produits de la pêche
22111.01,Compagnies de transformation des aliments du secteur privé,Inspecteurs/inspectrices du poisson et des produits de la pêche
22111.02,Organismes et services gouvernementaux,Inspecteurs/inspectrices de fruits et de légumes
22111.02,Compagnies de transformation des aliments du secteur privé,Inspecteurs/inspectrices de fruits et de légumes
22111.03,Organismes et services gouvernementaux,Inspecteurs/inspectrices de produits céréaliers
22111.03,Compagnies de transformation des aliments du secteur privé,Inspecteurs/inspectrices de produits céréaliers
22111.04,Organismes et services gouvernementaux,Inspecteurs/inspectrices de viandes
22111.04,Compagnies de transformation des aliments du secteur privé,Inspecteurs/inspectrices de viandes
22111.05,Organismes et services gouvernementaux,Inspecteurs/inspectrices en protection des végétaux
22111.05,Compagnies de transformation des aliments du secteur privé,Inspecteurs/inspectrices en protection des végétaux
22112.00,Firmes d'experts-conseils,Technologues et techniciens/techniciennes en sciences forestières
22112.00,Gouvernement fédéral,Technologues et techniciens/techniciennes en sciences forestières
22112.00,Industrie forestière,Technologues et techniciens/techniciennes en sciences forestières
22112.00,Gouvernements provinciaux,Technologues et techniciens/techniciennes en sciences forestières
22112.00,Travailleurs autonomes,Technologues et techniciens/techniciennes en sciences forestières
22113.00,Services gouvernementaux fédéraux,Techniciens/techniciennes du milieu naturel et de la pêche
22113.00,Services gouvernementaux provinciaux,Techniciens/techniciennes du milieu naturel et de la pêche
22114.01,Terrains de golf,Spécialistes des arbres et des arbustes et techniciens/techniciennes en service d'entretien d'arbres
22114.01,Concepteurs et entrepreneurs en aménagement paysager,Spécialistes des arbres et des arbustes et techniciens/techniciennes en service d'entretien d'arbres
22114.01,Entreprises de services de pelouse et de soins aux arbres,Spécialistes des arbres et des arbustes et techniciens/techniciennes en service d'entretien d'arbres
22114.01,"Parcs nationaux, provinciaux et municipaux",Spécialistes des arbres et des arbustes et techniciens/techniciennes en service d'entretien d'arbres
22114.01,Pépinières et serres,Spécialistes des arbres et des arbustes et techniciens/techniciennes en service d'entretien d'arbres
22114.01,Travailleurs autonomes,Spécialistes des arbres et des arbustes et techniciens/techniciennes en service d'entretien d'arbres
22114.02,Terrains de golf,Responsables de l'entretien d'un terrain de golf
22114.02,Travailleurs autonomes,Responsables de l'entretien d'un terrain de golf
22114.03,Concepteurs et entrepreneurs en aménagement paysager,Horticulteurs/horticultrices
22114.03,Entreprises de services de pelouse et de soins aux arbres,Horticulteurs/horticultrices
22114.03,"Parcs nationaux, provinciaux et municipaux",Horticulteurs/horticultrices
22114.03,Pépinières et serres,Horticulteurs/horticultrices
22114.03,Travailleurs autonomes,Horticulteurs/horticultrices
22114.04,Concepteurs et entrepreneurs en aménagement paysager,"Concepteurs-paysagistes/conceptrices-paysagistes, techniciens/techniciennes et technologues en architecture paysagère"
22114.04,Entreprises de services de pelouse et de soins aux arbres,"Concepteurs-paysagistes/conceptrices-paysagistes, techniciens/techniciennes et technologues en architecture paysagère"
22114.04,"Parcs nationaux, provinciaux et municipaux","Concepteurs-paysagistes/conceptrices-paysagistes, techniciens/techniciennes et technologues en architecture paysagère"
22114.04,Pépinières et serres,"Concepteurs-paysagistes/conceptrices-paysagistes, techniciens/techniciennes et technologues en architecture paysagère"
22114.04,Travailleurs autonomes,"Concepteurs-paysagistes/conceptrices-paysagistes, techniciens/techniciennes et technologues en architecture paysagère"
22114.05,Terrains de golf,Jardiniers-paysagistes/jardinières-paysagistes
22114.05,Concepteurs et entrepreneurs en aménagement paysager,Jardiniers-paysagistes/jardinières-paysagistes
22114.05,Entreprises de services de pelouse et de soins aux arbres,Jardiniers-paysagistes/jardinières-paysagistes
22114.05,"Parcs nationaux, provinciaux et municipaux",Jardiniers-paysagistes/jardinières-paysagistes
22114.05,Pépinières et serres,Jardiniers-paysagistes/jardinières-paysagistes
22114.05,Travailleurs autonomes,Jardiniers-paysagistes/jardinières-paysagistes
22114.06,Terrains de golf,Paysagistes
22114.06,Concepteurs et entrepreneurs en aménagement paysager,Paysagistes
22114.06,Entreprises de services de pelouse et de soins aux arbres,Paysagistes
22114.06,"Parcs nationaux, provinciaux et municipaux",Paysagistes
22114.06,Pépinières et serres,Paysagistes
22114.06,Travailleurs autonomes,Paysagistes
22114.07,Terrains de golf,Spécialistes de pelouses
22114.07,Concepteurs et entrepreneurs en aménagement paysager,Spécialistes de pelouses
22114.07,Entreprises de services de pelouse et de soins aux arbres,Spécialistes de pelouses
22114.07,"Parcs nationaux, provinciaux et municipaux",Spécialistes de pelouses
22114.07,Pépinières et serres,Spécialistes de pelouses
22114.07,Travailleurs autonomes,Spécialistes de pelouses
22210.00,Cabinets d'architectes,Technologues et techniciens/techniciennes en architecture
22210.00,Firmes de construction,Technologues et techniciens/techniciennes en architecture
22210.00,Gouvernements,Technologues et techniciens/techniciennes en architecture
22211.00,Entreprises de fabrication,Designers industriels/designers industrielles
22211.00,Entreprises de design,Designers industriels/designers industrielles
22211.00,Travailleurs autonomes,Designers industriels/designers industrielles
22212.01,Tous les ordres de gouvernement,Technologues en dessin
22212.01,Compagnies de construction,Technologues en dessin
22212.01,Cabinets d'experts-conseils,Technologues en dessin
22212.01,Autres établissements des secteurs privé et public,Technologues en dessin
22212.01,"Entreprises de services publics, de ressources et de fabrication",Technologues en dessin
22212.02,Tous les ordres de gouvernement,Techniciens/techniciennes en dessin
22212.02,Compagnies de construction,Techniciens/techniciennes en dessin
22212.02,Cabinets d'experts-conseils,Techniciens/techniciennes en dessin
22212.02,Autres établissements,Techniciens/techniciennes en dessin
22212.02,"Entreprises de services publics, de ressources et de fabrication",Techniciens/techniciennes en dessin
22213.01,Tous les ordres de gouvernement,Technologues en arpentage et en techniques géodésiques
22213.01,Cabinets d'architectes et d'ingénieurs,Technologues en arpentage et en techniques géodésiques
22213.01,Bureaux d'experts en arpentage du secteur privé,Technologues en arpentage et en techniques géodésiques
22213.02,Tous les ordres de gouvernement,Techniciens/techniciennes en arpentage et en techniques géodésiques
22213.02,Cabinets d'architectes et d'ingénieurs,Techniciens/techniciennes en arpentage et en techniques géodésiques
22213.02,Bureaux d'experts en arpentage du secteur privé,Techniciens/techniciennes en arpentage et en techniques géodésiques
22214.01,Tous les ordres de gouvernement,Technologues et techniciens/techniciennes en cartographie
22214.01,Cabinets d'architectes,Technologues et techniciens/techniciennes en cartographie
22214.01,Sociétés de développement de logiciels pour ordinateurs,Technologues et techniciens/techniciennes en cartographie
22214.01,Firmes d'ingénieurs,Technologues et techniciens/techniciennes en cartographie
22214.01,Entreprises forestière et d’autres ressources naturelles,Technologues et techniciens/techniciennes en cartographie
22214.01,Entreprises cartographie,Technologues et techniciens/techniciennes en cartographie
22214.01,Firmes de consultation et autres établissements scientifiques,Technologues et techniciens/techniciennes en cartographie
22214.01,Services d'utilité publique,Technologues et techniciens/techniciennes en cartographie
22214.02,Tous les ordres de gouvernement,Technologues et techniciens/techniciennes en photogrammétrie
22214.02,Cabinets d'architectes,Technologues et techniciens/techniciennes en photogrammétrie
22214.02,Sociétés de développement de logiciels pour ordinateurs,Technologues et techniciens/techniciennes en photogrammétrie
22214.02,Firmes d'ingénieurs,Technologues et techniciens/techniciennes en photogrammétrie
22214.02,Entreprises forestière et d’autres ressources naturelles,Technologues et techniciens/techniciennes en photogrammétrie
22214.02,Entreprises cartographie,Technologues et techniciens/techniciennes en photogrammétrie
22214.02,Firmes de consultation et autres établissements scientifiques,Technologues et techniciens/techniciennes en photogrammétrie
22214.02,Services d'utilité publique,Technologues et techniciens/techniciennes en photogrammétrie
22214.03,Tous les ordres de gouvernement,Technologues et techniciens en levés aériens et en télédétection
22214.03,Cabinets d'architectes,Technologues et techniciens en levés aériens et en télédétection
22214.03,Sociétés de développement de logiciels pour ordinateurs,Technologues et techniciens en levés aériens et en télédétection
22214.03,Firmes d'ingénieurs,Technologues et techniciens en levés aériens et en télédétection
22214.03,Entreprises forestière et d’autres ressources naturelles,Technologues et techniciens en levés aériens et en télédétection
22214.03,Entreprises cartographie,Technologues et techniciens en levés aériens et en télédétection
22214.03,Firmes de consultation et autres établissements scientifiques,Technologues et techniciens en levés aériens et en télédétection
22214.03,Services d'utilité publique,Technologues et techniciens en levés aériens et en télédétection
22214.04,Tous les ordres de gouvernement,Technologues et techniciens/techniciennes en systèmes d'information géographique (SIG)
22214.04,Cabinets d'architectes,Technologues et techniciens/techniciennes en systèmes d'information géographique (SIG)
22214.04,Sociétés de développement de logiciels pour ordinateurs,Technologues et techniciens/techniciennes en systèmes d'information géographique (SIG)
22214.04,Firmes d'ingénieurs,Technologues et techniciens/techniciennes en systèmes d'information géographique (SIG)
22214.04,Entreprises forestière et d’autres ressources naturelles,Technologues et techniciens/techniciennes en systèmes d'information géographique (SIG)
22214.04,Entreprises cartographie,Technologues et techniciens/techniciennes en systèmes d'information géographique (SIG)
22214.04,Firmes de consultation et autres établissements scientifiques,Technologues et techniciens/techniciennes en systèmes d'information géographique (SIG)
22214.04,Services d'utilité publique,Technologues et techniciens/techniciennes en systèmes d'information géographique (SIG)
22214.05,Tous les ordres de gouvernement,Technologues et techniciens/techniciennes en météorologie
22214.05,Firmes d'experts-conseils,Technologues et techniciens/techniciennes en météorologie
22214.05,Entreprises médiatiques,Technologues et techniciens/techniciennes en météorologie
22214.05,Entreprises de ressources naturelles,Technologues et techniciens/techniciennes en météorologie
22214.05,Services d’utilité publique et de transport,Technologues et techniciens/techniciennes en météorologie
22220.01,Services informatiques des secteurs privé et public,Opérateurs/opératrices en informatique et opérateurs/opératrices de réseau
22220.02,Services informatiques des secteurs privé et public,Techniciens/techniciennes Web
22221.00,Centres d'appel,Agents/agentes de soutien aux utilisateurs
22221.00,Détaillants et manufacturiers de matériel informatique,Agents/agentes de soutien aux utilisateurs
22221.00,Compagnies de soutien technique indépendantes,Agents/agentes de soutien aux utilisateurs
22221.00,Services informatiques des secteurs privé et public,Agents/agentes de soutien aux utilisateurs
22221.00,Travailleurs autonomes,Agents/agentes de soutien aux utilisateurs
22221.00,Développeurs de logiciels,Agents/agentes de soutien aux utilisateurs
22222.00,Services informatiques des secteurs privé et public,Évaluateurs/évaluatrices de systèmes informatiques
22230.00,Entreprises d'inspections industrielles du secteur privé,Vérificateurs/vérificatrices et inspecteurs/inspectrices des essais non destructifs
22230.00,"Services de contrôle de la qualité, d'entretien et de sécurité des industries de production d'énergie, de fabrication, de traitement et de transport",Vérificateurs/vérificatrices et inspecteurs/inspectrices des essais non destructifs
22231.01,Agences gouvernementales,Inspecteurs/inspectrices des anomalies des véhicules motorisés
22231.01,Entreprises privées,Inspecteurs/inspectrices des anomalies des véhicules motorisés
22231.02,Agences gouvernementales,Enquêteurs/enquêteuses d'accidents ferroviaires
22231.02,Entreprises privées,Enquêteurs/enquêteuses d'accidents ferroviaires
22231.03,Agences gouvernementales,Inspecteurs/inspectrices de la navigabilité aérienne
22231.03,Entreprises privées,Inspecteurs/inspectrices de la navigabilité aérienne
22231.04,Agences gouvernementales,Inspecteurs/inspectrices des poids et mesures
22231.04,Entreprises privées,Inspecteurs/inspectrices des poids et mesures
22231.05,Agences gouvernementales,Vérificateurs/vérificatrices d'appareils de forage de pétrole et de gaz
22231.05,Entreprises privées,Vérificateurs/vérificatrices d'appareils de forage de pétrole et de gaz
22232.00,Établissements des secteurs privé et public,Spécialistes de l'hygiène et de la sécurité au travail
22233.00,Cabinets d'experts-conseils en architecture,Inspecteurs/inspectrices en construction
22233.00,Firmes d'experts-conseils en génie civil,Inspecteurs/inspectrices en construction
22233.00,Firmes de construction,Inspecteurs/inspectrices en construction
22233.00,Gouvernement fédéral,Inspecteurs/inspectrices en construction
22233.00,Administrations municipales,Inspecteurs/inspectrices en construction
22233.00,Gouvernements provinciaux,Inspecteurs/inspectrices en construction
22233.00,Travailleurs autonomes,Inspecteurs/inspectrices en construction
22300.01,Firmes de construction,Technologues en génie civil
22300.01,Sociétés d'ingénieurs-conseils,Technologues en génie civil
22300.01,Ministères gouvernementaux,Technologues en génie civil
22300.01,Établissements industriels,Technologues en génie civil
22300.01,Services de travaux publics,Technologues en génie civil
22300.01,Entreprises de transport,Technologues en génie civil
22300.02,Firmes de construction,Techniciens/techniciennes en génie civil
22300.02,Sociétés d'ingénieurs-conseils,Techniciens/techniciennes en génie civil
22300.02,Ministères gouvernementaux,Techniciens/techniciennes en génie civil
22300.02,Établissements industriels,Techniciens/techniciennes en génie civil
22300.02,Services de travaux publics,Techniciens/techniciennes en génie civil
22300.02,Entreprises de transport,Techniciens/techniciennes en génie civil
22301.01,Sociétés d'ingénieurs-conseils,Technologues en génie mécanique
22301.01,Ministères gouvernementaux,Technologues en génie mécanique
22301.01,Divers établissements,Technologues en génie mécanique
22301.01,Usines de fabrication et de traitement,Technologues en génie mécanique
22301.02,Sociétés d'ingénieurs-conseils,Techniciens/techniciennes en génie mécanique
22301.02,Ministères gouvernementaux,Techniciens/techniciennes en génie mécanique
22301.02,Divers établissements,Techniciens/techniciennes en génie mécanique
22301.02,Usines de fabrication et de traitement,Techniciens/techniciennes en génie mécanique
22302.01,Ministères gouvernementaux,Technologues en génie industriel et en génie de fabrication
22302.01,Compagnies d'assurance,Technologues en génie industriel et en génie de fabrication
22302.01,Usines de fabrication et de traitement,Technologues en génie industriel et en génie de fabrication
22302.02,Ministères gouvernementaux,Techniciens/techniciennes en génie industriel et en génie de fabrication
22302.02,Compagnies d'assurance,Techniciens/techniciennes en génie industriel et en génie de fabrication
22302.02,Entreprise manufacturières et autres entreprises,Techniciens/techniciennes en génie industriel et en génie de fabrication
22303.00,Firmes de construction commerciale,Estimateurs/estimatrices en construction
22303.00,Firmes de construction industrielle,Estimateurs/estimatrices en construction
22303.00,"Entrepreneurs en électricité, en mécanique ou des entrepreneurs spécialisés",Estimateurs/estimatrices en construction
22303.00,Firmes de construction domiciliaire,Estimateurs/estimatrices en construction
22303.00,Travailleurs autonomes,Estimateurs/estimatrices en construction
22310.01,Entreprises de communications,Technologues en génie électronique et électrique
22310.01,Cabinets d'experts-conseils,Technologues en génie électronique et électrique
22310.01,Services publics d'électricité,Technologues en génie électronique et électrique
22310.01,Gouvernements,Technologues en génie électronique et électrique
22310.01,Entreprises de fabricants de matériel électrique et électronique,Technologues en génie électronique et électrique
22310.01,"Industries de fabrication, de traitement et de transport",Technologues en génie électronique et électrique
22310.02,Entreprises de communications,Techniciens/techniciennes en génie électronique et électrique
22310.02,Cabinets d'experts-conseils,Techniciens/techniciennes en génie électronique et électrique
22310.02,Services publics d'électricité,Techniciens/techniciennes en génie électronique et électrique
22310.02,Gouvernements,Techniciens/techniciennes en génie électronique et électrique
22310.02,Entreprises de fabricants de matériel électrique et électronique,Techniciens/techniciennes en génie électronique et électrique
22310.02,"Industries de fabrication, de traitement et de transport",Techniciens/techniciennes en génie électronique et électrique
22311.00,Services d'entretien et de réparation des usines de fabrication de matériel électronique,Électroniciens/électroniciennes d'entretien (biens domestiques et commerciaux)
22311.00,Établissements de vente en gros,Électroniciens/électroniciennes d'entretien (biens domestiques et commerciaux)
22312.00,Compagnies de production d'énergie hydro-électrique,Techniciens/techniciennes et mécaniciens/mécaniciennes d'instruments industriels
22312.00,Firmes de construction industrielle,Techniciens/techniciennes et mécaniciens/mécaniciennes d'instruments industriels
22312.00,Compagnies d'instruments industriels,Techniciens/techniciennes et mécaniciens/mécaniciennes d'instruments industriels
22312.00,Entreprises de fabrication,Techniciens/techniciennes et mécaniciens/mécaniciennes d'instruments industriels
22312.00,Compagnies minières,Techniciens/techniciennes et mécaniciens/mécaniciennes d'instruments industriels
22312.00,Compagnies de gaz naturel,Techniciens/techniciennes et mécaniciens/mécaniciennes d'instruments industriels
22312.00,Compagnies de production d'énergie nucléaire,Techniciens/techniciennes et mécaniciens/mécaniciennes d'instruments industriels
22312.00,Compagnies pétrochimiques,Techniciens/techniciennes et mécaniciens/mécaniciennes d'instruments industriels
22312.00,Compagnies de traitement des pâtes et papiers,Techniciens/techniciennes et mécaniciens/mécaniciennes d'instruments industriels
22313.01,Compagnies d'entretien d'aéronefs,Mécaniciens/mécaniciennes et techniciens/techniciennes d'instruments d'aéronefs
22313.01,Entreprises de fabrication d'aéronefs,Mécaniciens/mécaniciennes et techniciens/techniciennes d'instruments d'aéronefs
22313.01,Entreprises de réparation et de révision d'aéronefs,Mécaniciens/mécaniciennes et techniciens/techniciennes d'instruments d'aéronefs
22313.01,Lignes aériennes,Mécaniciens/mécaniciennes et techniciens/techniciennes d'instruments d'aéronefs
22313.01,Autres entreprises d'opérateurs d'aéronefs,Mécaniciens/mécaniciennes et techniciens/techniciennes d'instruments d'aéronefs
22313.02,Compagnies d'entretien d'aéronefs,Mécaniciens/mécaniciennes et techniciens/techniciennes en équipement électrique d'aéronef
22313.02,Entreprises de fabrication d'aéronefs,Mécaniciens/mécaniciennes et techniciens/techniciennes en équipement électrique d'aéronef
22313.02,Entreprises de réparation et de révision d'aéronefs,Mécaniciens/mécaniciennes et techniciens/techniciennes en équipement électrique d'aéronef
22313.02,Lignes aériennes,Mécaniciens/mécaniciennes et techniciens/techniciennes en équipement électrique d'aéronef
22313.02,Autres entreprises d'opérateurs d'aéronefs,Mécaniciens/mécaniciennes et techniciens/techniciennes en équipement électrique d'aéronef
22313.03,Compagnies d'entretien d'aéronefs,Mécaniciens/mécaniciennes et techniciens/techniciennes en avionique
22313.03,Entreprises de fabrication d'aéronefs,Mécaniciens/mécaniciennes et techniciens/techniciennes en avionique
22313.03,Entreprises de réparation et de révision d'aéronefs,Mécaniciens/mécaniciennes et techniciens/techniciennes en avionique
22313.03,Lignes aériennes,Mécaniciens/mécaniciennes et techniciens/techniciennes en avionique
22313.03,Autres entreprises d'opérateurs d'aéronefs,Mécaniciens/mécaniciennes et techniciens/techniciennes en avionique
22313.04,Compagnies d'entretien d'aéronefs,Inspecteurs/inspectrices en avionique
22313.04,Entreprises de fabrication d'aéronefs,Inspecteurs/inspectrices en avionique
22313.04,Entreprises de réparation et de révision d'aéronefs,Inspecteurs/inspectrices en avionique
22313.04,Lignes aériennes,Inspecteurs/inspectrices en avionique
22313.04,Autres entreprises d'opérateurs d'aéronefs,Inspecteurs/inspectrices en avionique
30010.00,Centres hospitaliers,Directeurs/directrices des soins de santé
30010.00,Cliniques médicales,Directeurs/directrices des soins de santé
30010.00,Centres de soins de longue durée,Directeurs/directrices des soins de santé
30010.00,Autres établissements de soins de santé,Directeurs/directrices des soins de santé
31100.01,Centres hospitaliers,Anesthésiologistes
31100.01,Cabinets privés,Anesthésiologistes
31100.02,Centres hospitaliers,"Internistes, généralistes"
31100.02,Cabinets privés,"Internistes, généralistes"
31100.03,Centres hospitaliers,"Pédiatres, généralistes"
31100.03,Cabinets privés,"Pédiatres, généralistes"
31100.04,Centres hospitaliers,Psychiatres
31100.04,Cabinets privés,Psychiatres
31100.05,Centres hospitaliers,Allergologues et immunologistes
31100.05,Stations de radio,Allergologues et immunologistes
31100.06,Centres hospitaliers,Hospitalistes
31100.06,Cabinets privés,Hospitalistes
31100.07,Centres hospitaliers,Neurologues
31100.07,Cabinets privés,Neurologues
31100.08,Centres hospitaliers,Médecins de médecine nucléaire
31100.08,Cabinets privés,Médecins de médecine nucléaire
31100.09,Centres hospitaliers,Dermatologues
31100.09,Cabinets privés,Dermatologues
31100.10,Centres hospitaliers,Médecins de médecine physique et de réadaptation
31100.10,Cabinets privés,Médecins de médecine physique et de réadaptation
31100.11,Centres hospitaliers,Médecins de médecine préventive
31100.11,Cabinets privés,Médecins de médecine préventive
31100.12,Centres hospitaliers,Radiologues
31100.12,Cabinets privés,Radiologues
31100.13,Centres hospitaliers,Autres spécialistes en médecine clinique
31100.13,Cabinets privés,Autres spécialistes en médecine clinique
31100.14,Centres hospitaliers,"Spécialistes en médecine de laboratoire, y compris les pathologistes"
31100.14,Cabinets privés,"Spécialistes en médecine de laboratoire, y compris les pathologistes"
31101.01,Centres hospitaliers,Chirurgiens généraux
31101.02,Centres hospitaliers,Obstétriciens et gynécologues
31101.03,Centres hospitaliers,Ophtalmologistes
31101.04,Centres hospitaliers,Urologues
31101.05,Centres hospitaliers,Autres spécialistes en chirurgie
31102.00,Cliniques,Omnipraticiens/omnipraticiennes et médecins en médecine familiale
31102.00,Centres hospitaliers,Omnipraticiens/omnipraticiennes et médecins en médecine familiale
31102.00,Cabinets privés,Omnipraticiens/omnipraticiennes et médecins en médecine familiale
31103.00,Cliniques vétérinaires,Vétérinaires
31103.00,Exploitation agricole,Vétérinaires
31103.00,Gouvernements,Vétérinaires
31103.00,Secteur industriel,Vétérinaires
31103.00,Laboratoires,Vétérinaires
31103.00,Cabinets privés,Vétérinaires
31110.01,Cliniques,Dentistes
31110.01,Centres hospitaliers,Dentistes
31110.01,Cabinets privés,Dentistes
31110.01,Centres de santé publique,Dentistes
31110.01,Universités,Dentistes
31110.02,Centres hospitaliers,Chirurgiens buccaux et maxillo-faciaux
31110.02,Cabinets privés,Chirurgiens buccaux et maxillo-faciaux
31110.02,Centres de santé publique,Chirurgiens buccaux et maxillo-faciaux
31110.02,Universités,Chirurgiens buccaux et maxillo-faciaux
31110.03,Centres hospitaliers,Orthodontistes
31110.03,Cabinets privés,Orthodontistes
31110.03,Centres de santé publique,Orthodontistes
31110.03,Universités,Orthodontistes
31110.04,Centres hospitaliers,Prosthodontistes
31110.04,Cabinets privés,Prosthodontistes
31110.04,Centres de santé publique,Prosthodontistes
31110.04,Universités,Prosthodontistes
31111.00,Cliniques,Optométristes
31111.00,Cliniques communautaires,Optométristes
31111.00,Cabinets privés,Optométristes
31112.01,Cliniques communautaires,Audiologistes
31112.01,Cliniques,Audiologistes
31112.01,Établissements d'enseignement,Audiologistes
31112.01,Établissements de soins de longue durée,Audiologistes
31112.01,Centres hospitaliers,Audiologistes
31112.01,Cabinets privés,Audiologistes
31112.01,Centres de réadaptation,Audiologistes
31112.02,Cliniques communautaires,Orthophonistes
31112.02,Cliniques,Orthophonistes
31112.02,Établissements d'enseignement,Orthophonistes
31112.02,Établissements de soins de longue durée,Orthophonistes
31112.02,Centres hospitaliers,Orthophonistes
31112.02,Cabinets privés,Orthophonistes
31112.02,Centres de réadaptation,Orthophonistes
31120.01,Pharmacies en établissements de santé,Pharmaciens communautaires/pharmaciennes communautaires et pharmaciens/pharmaciennes d'hôpitaux
31120.01,Pharmacies de détail,Pharmaciens communautaires/pharmaciennes communautaires et pharmaciens/pharmaciennes d'hôpitaux
31120.01,Travailleurs autonomes,Pharmaciens communautaires/pharmaciennes communautaires et pharmaciens/pharmaciennes d'hôpitaux
31120.02,Organismes et services gouvernementaux,Pharmaciens industriels/pharmaciennes industrielles
31120.02,Industrie pharmaceutique,Pharmaciens industriels/pharmaciennes industrielles
31121.00,Cliniques communautaires,Diététistes et nutritionnistes
31121.00,Établissements d'enseignement,Diététistes et nutritionnistes
31121.00,Établissements de soins de longue durée,Diététistes et nutritionnistes
31121.00,Industrie de l'alimentation,Diététistes et nutritionnistes
31121.00,Gouvernements,Diététistes et nutritionnistes
31121.00,Agences de soins à domicile,Diététistes et nutritionnistes
31121.00,Centres hospitaliers,Diététistes et nutritionnistes
31121.00,Travailleurs autonomes,Diététistes et nutritionnistes
31121.00,Installations sportives,Diététistes et nutritionnistes
31200.00,Entreprises,Psychologues
31200.00,Cliniques,Psychologues
31200.00,Organismes des services communautaires,Psychologues
31200.00,Établissements correctionnels,Psychologues
31200.00,Agences gouvernementales,Psychologues
31200.00,Centres hospitaliers,Psychologues
31200.00,Établissements psychiatriques,Psychologues
31200.00,Cabinets privés,Psychologues
31200.00,Organismes de recherche privés,Psychologues
31200.00,Centres de réadaptation,Psychologues
31200.00,Écoles,Psychologues
31200.00,Universités,Psychologues
31201.00,Cliniques,Chiropraticiens/chiropraticiennes
31201.00,Cabinets privés,Chiropraticiens/chiropraticiennes
31202.00,Cliniques,Physiothérapeutes
31202.00,Établissements de soins de longue durée,Physiothérapeutes
31202.00,Centres hospitaliers,Physiothérapeutes
31202.00,Secteur industriel,Physiothérapeutes
31202.00,Cabinets privés,Physiothérapeutes
31202.00,Centres de réadaptation,Physiothérapeutes
31202.00,Installations sportives,Physiothérapeutes
31203.00,Établissements de soins de santé,Ergothérapeutes
31203.00,Organismes privés et de services sociaux,Ergothérapeutes
31203.00,Écoles,Ergothérapeutes
31203.00,Travailleurs autonomes,Ergothérapeutes
31204.01,Cliniques,Thérapeute par les loisirs
31204.01,Établissements d'enseignement,Thérapeute par les loisirs
31204.01,Établissements de soins de longue durée,Thérapeute par les loisirs
31204.01,Centres hospitaliers,Thérapeute par les loisirs
31204.01,Secteur industriel,Thérapeute par les loisirs
31204.01,Centres de soins de longue durée,Thérapeute par les loisirs
31204.01,Cabinets privés,Thérapeute par les loisirs
31204.01,Installations de loisirs,Thérapeute par les loisirs
31204.01,Centres de réadaptation,Thérapeute par les loisirs
31204.01,Installations sportives,Thérapeute par les loisirs
31204.02,Cliniques,Kinésiologues et spécialistes en mécanothérapie
31204.02,Établissements d'enseignement,Kinésiologues et spécialistes en mécanothérapie
31204.02,Établissements de soins de longue durée,Kinésiologues et spécialistes en mécanothérapie
31204.02,Centres hospitaliers,Kinésiologues et spécialistes en mécanothérapie
31204.02,Secteur industriel,Kinésiologues et spécialistes en mécanothérapie
31204.02,Centres de soins de longue durée,Kinésiologues et spécialistes en mécanothérapie
31204.02,Cabinets privés,Kinésiologues et spécialistes en mécanothérapie
31204.02,Centres de loisirs,Kinésiologues et spécialistes en mécanothérapie
31204.02,Centres de réadaptation,Kinésiologues et spécialistes en mécanothérapie
31204.02,Installations sportives,Kinésiologues et spécialistes en mécanothérapie
31209.01,Cliniques,Docteurs en médecine podiatrique
31209.01,Centres hospitaliers,Docteurs en médecine podiatrique
31209.01,Cabinets privés,Docteurs en médecine podiatrique
31209.02,Cliniques,Podologues et podiatres diplômés ou diplômés du premier degré
31209.02,Centres de santé communautaire,Podologues et podiatres diplômés ou diplômés du premier degré
31209.02,Centres hospitaliers,Podologues et podiatres diplômés ou diplômés du premier degré
31209.02,Cabinets privés,Podologues et podiatres diplômés ou diplômés du premier degré
31209.03,Cliniques,Docteurs en médecine naturopathique
31209.03,Centres hospitaliers,Docteurs en médecine naturopathique
31209.03,Stations de radio,Docteurs en médecine naturopathique
31209.04,Cliniques,Docteurs en médecine ostéopathique
31209.04,Centres hospitaliers,Docteurs en médecine ostéopathique
31209.04,Cabinets privés,Docteurs en médecine ostéopathique
31300.00,Cliniques,Coordonnateurs/coordonnatrices et superviseurs/superviseures des soins infirmiers
31300.00,Centres hospitaliers,Coordonnateurs/coordonnatrices et superviseurs/superviseures des soins infirmiers
31300.00,Agences de soins infirmiers,Coordonnateurs/coordonnatrices et superviseurs/superviseures des soins infirmiers
31300.00,Centres de soins de longue durée,Coordonnateurs/coordonnatrices et superviseurs/superviseures des soins infirmiers
31301.01,Cliniques,Infirmiers autorisés/infirmières autorisées en soins généraux
31301.01,Agences de services communautaires,Infirmiers autorisés/infirmières autorisées en soins généraux
31301.01,Compagnies,Infirmiers autorisés/infirmières autorisées en soins généraux
31301.01,Cabinets de médecins,Infirmiers autorisés/infirmières autorisées en soins généraux
31301.01,Établissements de soins de longue durée,Infirmiers autorisés/infirmières autorisées en soins généraux
31301.01,Centres hospitaliers,Infirmiers autorisés/infirmières autorisées en soins généraux
31301.01,Centres de soins de longue durée,Infirmiers autorisés/infirmières autorisées en soins généraux
31301.01,Maisons privées,Infirmiers autorisés/infirmières autorisées en soins généraux
31301.01,Organismes publics et privés,Infirmiers autorisés/infirmières autorisées en soins généraux
31301.01,Centres de réadaptation,Infirmiers autorisés/infirmières autorisées en soins généraux
31301.01,Travailleurs autonomes,Infirmiers autorisés/infirmières autorisées en soins généraux
31301.02,Cliniques,Infirmiers/infirmières en santé du travail
31301.02,Agences de services communautaires,Infirmiers/infirmières en santé du travail
31301.02,Compagnies,Infirmiers/infirmières en santé du travail
31301.02,Cabinets de médecins,Infirmiers/infirmières en santé du travail
31301.02,Établissements de soins de longue durée,Infirmiers/infirmières en santé du travail
31301.02,Centres hospitaliers,Infirmiers/infirmières en santé du travail
31301.02,Centres de soins de longue durée,Infirmiers/infirmières en santé du travail
31301.02,Organismes publics et privés,Infirmiers/infirmières en santé du travail
31301.02,Centres de réadaptation,Infirmiers/infirmières en santé du travail
31301.02,Travailleurs autonomes,Infirmiers/infirmières en santé du travail
31301.03,Cliniques,Infirmiers/infirmières en santé communautaire
31301.03,Agences de services communautaires,Infirmiers/infirmières en santé communautaire
31301.03,Compagnies,Infirmiers/infirmières en santé communautaire
31301.03,Cabinets de médecins,Infirmiers/infirmières en santé communautaire
31301.03,Établissements de soins de longue durée,Infirmiers/infirmières en santé communautaire
31301.03,Centres hospitaliers,Infirmiers/infirmières en santé communautaire
31301.03,Centres de soins de longue durée,Infirmiers/infirmières en santé communautaire
31301.03,Maisons privées,Infirmiers/infirmières en santé communautaire
31301.03,Organismes publics et privés,Infirmiers/infirmières en santé communautaire
31301.03,Centres de réadaptation,Infirmiers/infirmières en santé communautaire
31301.03,Travailleurs autonomes,Infirmiers/infirmières en santé communautaire
31301.04,Cliniques,Infirmiers psychiatriques autorisés/infirmières psychiatriques autorisées
31301.04,Agences de services communautaires,Infirmiers psychiatriques autorisés/infirmières psychiatriques autorisées
31301.04,Compagnies,Infirmiers psychiatriques autorisés/infirmières psychiatriques autorisées
31301.04,Cabinets de médecins,Infirmiers psychiatriques autorisés/infirmières psychiatriques autorisées
31301.04,Établissements de soins de longue durée,Infirmiers psychiatriques autorisés/infirmières psychiatriques autorisées
31301.04,Centres hospitaliers,Infirmiers psychiatriques autorisés/infirmières psychiatriques autorisées
31301.04,Centres de soins de longue durée,Infirmiers psychiatriques autorisés/infirmières psychiatriques autorisées
31301.04,Maisons privées,Infirmiers psychiatriques autorisés/infirmières psychiatriques autorisées
31301.04,Organismes publics et privés,Infirmiers psychiatriques autorisés/infirmières psychiatriques autorisées
31301.04,Centres de réadaptation,Infirmiers psychiatriques autorisés/infirmières psychiatriques autorisées
31301.04,Travailleurs autonomes,Infirmiers psychiatriques autorisés/infirmières psychiatriques autorisées
31301.05,Cliniques,Consultants/consultantes en soins infirmiers et chercheurs infirmiers/chercheuses infirmières en sciences infirmières
31301.05,Agences de services communautaires,Consultants/consultantes en soins infirmiers et chercheurs infirmiers/chercheuses infirmières en sciences infirmières
31301.05,Compagnies,Consultants/consultantes en soins infirmiers et chercheurs infirmiers/chercheuses infirmières en sciences infirmières
31301.05,Cabinets de médecins,Consultants/consultantes en soins infirmiers et chercheurs infirmiers/chercheuses infirmières en sciences infirmières
31301.05,Établissements de soins de longue durée,Consultants/consultantes en soins infirmiers et chercheurs infirmiers/chercheuses infirmières en sciences infirmières
31301.05,Centres hospitaliers,Consultants/consultantes en soins infirmiers et chercheurs infirmiers/chercheuses infirmières en sciences infirmières
31301.05,Centres de soins de longue durée,Consultants/consultantes en soins infirmiers et chercheurs infirmiers/chercheuses infirmières en sciences infirmières
31301.05,Maisons privées,Consultants/consultantes en soins infirmiers et chercheurs infirmiers/chercheuses infirmières en sciences infirmières
31301.05,Organismes publics et privés,Consultants/consultantes en soins infirmiers et chercheurs infirmiers/chercheuses infirmières en sciences infirmières
31301.05,Centres de réadaptation,Consultants/consultantes en soins infirmiers et chercheurs infirmiers/chercheuses infirmières en sciences infirmières
31301.05,Travailleurs autonomes,Consultants/consultantes en soins infirmiers et chercheurs infirmiers/chercheuses infirmières en sciences infirmières
31301.06,Cliniques,Infirmiers cliniciens/infirmières cliniciennes
31301.06,Agences de services communautaires,Infirmiers cliniciens/infirmières cliniciennes
31301.06,Compagnies,Infirmiers cliniciens/infirmières cliniciennes
31301.06,Cabinets de médecins,Infirmiers cliniciens/infirmières cliniciennes
31301.06,Établissements de soins de longue durée,Infirmiers cliniciens/infirmières cliniciennes
31301.06,Centres hospitaliers,Infirmiers cliniciens/infirmières cliniciennes
31301.06,Centres de soins de longue durée,Infirmiers cliniciens/infirmières cliniciennes
31301.06,Maisons privées,Infirmiers cliniciens/infirmières cliniciennes
31301.06,Organismes publics et privés,Infirmiers cliniciens/infirmières cliniciennes
31301.06,Centres de réadaptation,Infirmiers cliniciens/infirmières cliniciennes
31301.06,Travailleurs autonomes,Infirmiers cliniciens/infirmières cliniciennes
31302.00,Cliniques,Infirmiers praticiens/infirmières praticiennes
31302.00,Centres de santé communautaire,Infirmiers praticiens/infirmières praticiennes
31302.00,Centres hospitaliers,Infirmiers praticiens/infirmières praticiennes
31302.00,Centres de réadaptation,Infirmiers praticiens/infirmières praticiennes
31303.01,Cliniques,Adjoints/adjointes au médecin
31303.01,Centres hospitaliers,Adjoints/adjointes au médecin
31303.01,"Cabinets privés, y compris les pratiques d'équipe ou de groupe",Adjoints/adjointes au médecin
31303.02,Centres d'accouchement,Sages-femmes
31303.02,Cliniques,Sages-femmes
31303.02,Centres hospitaliers,Sages-femmes
31303.02,Cabinets privés,Sages-femmes
31303.03,Cliniques,Conseillers/conseillères en génétique
31303.03,Centres hospitaliers,Conseillers/conseillères en génétique
31303.03,Cabinets privés,Conseillers/conseillères en génétique
31303.03,Instituts de recherche,Conseillers/conseillères en génétique
31303.04,Cliniques,Orthoptistes
31303.04,Centres hospitaliers,Orthoptistes
31303.04,Cabinets privés,Orthoptistes
31303.05,Centres hospitaliers,Assistants/assistantes en pathologie
31303.05,Universités,Assistants/assistantes en pathologie
32100.00,Entreprises de vente au détail de produits optiques,Opticiens/opticiennes d'ordonnances
32100.00,Comptoirs de vente au détail de lunettes,Opticiens/opticiennes d'ordonnances
32100.00,Travailleurs autonomes,Opticiens/opticiennes d'ordonnances
32101.01,Cliniques,Infirmiers auxiliaires/infirmières auxiliaires
32101.01,Centres de santé communautaire,Infirmiers auxiliaires/infirmières auxiliaires
32101.01,Compagnies,Infirmiers auxiliaires/infirmières auxiliaires
32101.01,Cabinets de médecins,Infirmiers auxiliaires/infirmières auxiliaires
32101.01,Établissements de soins de longue durée,Infirmiers auxiliaires/infirmières auxiliaires
32101.01,Centres hospitaliers,Infirmiers auxiliaires/infirmières auxiliaires
32101.01,Centres de soins de longue durée,Infirmiers auxiliaires/infirmières auxiliaires
32101.01,Maisons privées,Infirmiers auxiliaires/infirmières auxiliaires
32101.01,Centres de réadaptation,Infirmiers auxiliaires/infirmières auxiliaires
32101.02,Centres hospitaliers,Techniciens de salle d'opération
32102.00,Sociétés de titres financiers,Personnel ambulancier et paramédical
32102.00,Organismes et services gouvernementaux,Personnel ambulancier et paramédical
32102.00,Centres hospitaliers,Personnel ambulancier et paramédical
32102.00,Entreprises manufacturières,Personnel ambulancier et paramédical
32102.00,Compagnies minières,Personnel ambulancier et paramédical
32102.00,Services ambulanciers privés,Personnel ambulancier et paramédical
32102.00,Entreprises privées,Personnel ambulancier et paramédical
32103.01,Établissements de soins de longue durée,Inhalothérapeutes
32103.01,Centres hospitaliers,Inhalothérapeutes
32103.01,Centres de santé publique,Inhalothérapeutes
32103.01,Entreprises privées d'inhalothérapie à domicile,Inhalothérapeutes
32103.02,Centres hospitaliers,Perfusionnistes cardiovasculaires
32103.03,Centres hospitaliers,Technologues cardiopulmonaires
32104.00,Hôpitaux vétérinaires,Technologues en santé animale et techniciens/techniciennes vétérinaires
32104.00,Laboratoires de recherche en santé animale,Technologues en santé animale et techniciens/techniciennes vétérinaires
32104.00,Refuges pour animaux,Technologues en santé animale et techniciens/techniciennes vétérinaires
32104.00,Gouvernements,Technologues en santé animale et techniciens/techniciennes vétérinaires
32104.00,Organismes de protection des animaux,Technologues en santé animale et techniciens/techniciennes vétérinaires
32104.00,Compagnies pharmaceutiques,Technologues en santé animale et techniciens/techniciennes vétérinaires
32104.00,Cliniques vétérinaire,Technologues en santé animale et techniciens/techniciennes vétérinaires
32104.00,Jardins zoologiques,Technologues en santé animale et techniciens/techniciennes vétérinaires
32109.01,Cliniques,Audioprothésistes
32109.01,Établissements d'enseignement,Audioprothésistes
32109.01,Établissements de soins de longue durée,Audioprothésistes
32109.01,Centres hospitaliers,Audioprothésistes
32109.01,Cabinet privé en audiologie,Audioprothésistes
32109.01,Centres de réadaptation,Audioprothésistes
32109.02,Cliniques,Aides-orthophonistes et assistants en troubles de la communication
32109.02,Institutions d'enseignement,Aides-orthophonistes et assistants en troubles de la communication
32109.02,Établissements de soins de longue durée,Aides-orthophonistes et assistants en troubles de la communication
32109.02,Centres hospitaliers,Aides-orthophonistes et assistants en troubles de la communication
32109.02,Cabinets privés en orthophonie,Aides-orthophonistes et assistants en troubles de la communication
32109.02,Centres de réadaptation,Aides-orthophonistes et assistants en troubles de la communication
32109.03,Cliniques,Technologues et techniciens/techniciennes médicaux en ophtalmologie
32109.03,Institutions d'enseignement,Technologues et techniciens/techniciennes médicaux en ophtalmologie
32109.03,Centres hospitaliers,Technologues et techniciens/techniciennes médicaux en ophtalmologie
32109.03,Cabinets privés en orthophonie,Technologues et techniciens/techniciennes médicaux en ophtalmologie
32109.04,Cliniques,Thérapeutes en réadaptation physique
32109.04,Centres de santé communautaire,Thérapeutes en réadaptation physique
32109.04,Institutions d'enseignement,Thérapeutes en réadaptation physique
32109.04,Établissements de soins de longue durée,Thérapeutes en réadaptation physique
32109.04,Centres hospitaliers,Thérapeutes en réadaptation physique
32109.04,Cabinets privés,Thérapeutes en réadaptation physique
32109.04,Centres de réadaptation,Thérapeutes en réadaptation physique
32109.05,Cliniques,Assistants/assistantes en physiothérapie et assistants/assistantes en ergothérapie
32109.05,Institutions d'enseignement,Assistants/assistantes en physiothérapie et assistants/assistantes en ergothérapie
32109.05,Établissements de soins de longue durée,Assistants/assistantes en physiothérapie et assistants/assistantes en ergothérapie
32109.05,Centres hospitaliers,Assistants/assistantes en physiothérapie et assistants/assistantes en ergothérapie
32109.05,Cabinets privés en physiothérapie,Assistants/assistantes en physiothérapie et assistants/assistantes en ergothérapie
32109.05,Centres de réadaptation,Assistants/assistantes en physiothérapie et assistants/assistantes en ergothérapie
32110.00,Cabinets privés,Denturologistes
32111.01,Cliniques,Hygiénistes dentaires
32111.01,Cabinets de dentistes,Hygiénistes dentaires
32111.01,Institutions d'enseignement,Hygiénistes dentaires
32111.01,Agences gouvernementales,Hygiénistes dentaires
32111.01,Centres hospitaliers,Hygiénistes dentaires
32111.01,Secteur privé,Hygiénistes dentaires
32111.02,Établissements fédéraux de soins dentaires,Thérapeutes dentaires
32111.02,Établissements provinciaux ou territoriaux de soins dentaires,Thérapeutes dentaires
32112.00,Laboratoires dentaires,Technologues et techniciens/techniciennes dentaires
32120.00,Banques de sang,Technologues de laboratoires médicaux
32120.00,Cliniques communautaires,Technologues de laboratoires médicaux
32120.00,Centres hospitaliers,Technologues de laboratoires médicaux
32120.00,Laboratoires médicaux de centres hospitaliers,Technologues de laboratoires médicaux
32120.00,Installations de recherche et d'établissements d'enseignement post-secondaire,Technologues de laboratoires médicaux
32120.00,Cliniques privées,Technologues de laboratoires médicaux
32120.00,Instituts de recherche,Technologues de laboratoires médicaux
32121.01,Centres d'oncologie,Technologues en radiologie
32121.01,Cliniques,Technologues en radiologie
32121.01,Collèges et Universités,Technologues en radiologie
32121.01,Centres hospitaliers,Technologues en radiologie
32121.01,Laboratoires de radiologie,Technologues en radiologie
32121.02,Centres d'oncologie,Technologues en médecine nucléaire
32121.02,Cliniques,Technologues en médecine nucléaire
32121.02,Collèges et Universités,Technologues en médecine nucléaire
32121.02,Centres hospitaliers,Technologues en médecine nucléaire
32121.02,Laboratoires de radiologie,Technologues en médecine nucléaire
32121.03,Centres d'oncologie,Technologues en radio-oncologie
32121.03,Cliniques,Technologues en radio-oncologie
32121.03,Collèges et Universités,Technologues en radio-oncologie
32121.03,Centres hospitaliers,Technologues en radio-oncologie
32121.03,Laboratoires de radiologie,Technologues en radio-oncologie
32121.04,Centres d'oncologie,Technologues en résonance magnétique
32121.04,Cliniques,Technologues en résonance magnétique
32121.04,Collèges et Universités,Technologues en résonance magnétique
32121.04,Centres hospitaliers,Technologues en résonance magnétique
32121.04,Laboratoires de radiologie,Technologues en résonance magnétique
32122.00,Cliniques,Technologues en échographie
32122.00,Centres hospitaliers,Technologues en échographie
32123.01,Cliniques,Technologues en cardiologie
32123.01,Centres hospitaliers,Technologues en cardiologie
32123.01,Laboratoires médicaux de centres hospitaliers,Technologues en cardiologie
32123.02,Cliniques,Technologues en électroencéphalographie (EEG) et Technologues en électromyographie (EMG)
32123.02,Centres hospitaliers,Technologues en électroencéphalographie (EEG) et Technologues en électromyographie (EMG)
32123.02,Laboratoires médicaux de centres hospitaliers,Technologues en électroencéphalographie (EEG) et Technologues en électromyographie (EMG)
32124.00,Pharmacies en établissements de santé,Techniciens/techniciennes en pharmacie
32124.00,Centres d'hébergement et de soins de longue durée,Techniciens/techniciennes en pharmacie
32124.00,Industrie pharmaceutique,Techniciens/techniciennes en pharmacie
32124.00,Pharmacies de détail,Techniciens/techniciennes en pharmacie
32129.01,Cafétérias,Techniciens/techniciennes en diététique
32129.01,Établissements de soins de longue durée,Techniciens/techniciennes en diététique
32129.01,Comptoirs de restauration rapide,Techniciens/techniciennes en diététique
32129.01,Centres hospitaliers,Techniciens/techniciennes en diététique
32129.01,Centres de soins de longue durée,Techniciens/techniciennes en diététique
32129.01,Écoles,Techniciens/techniciennes en diététique
32129.02,Laboratoires de prothèses oculaires,Ocularistes
32129.02,Travail autonome,Ocularistes
32129.03,Cliniques,Prothésistes et orthésistes
32129.03,Centres hospitaliers,Prothésistes et orthésistes
32129.03,Entreprises de fabrication de prothèses,Prothésistes et orthésistes
32129.03,Laboratoires de prothèses et d'orthèses,Prothésistes et orthésistes
32129.03,Travail autonome,Prothésistes et orthésistes
32129.04,Cliniques,Techniciens prothésistes/techniciennes prothésistes et techniciens orthésistes/techniciennes orthésistes
32129.04,Centres hospitaliers,Techniciens prothésistes/techniciennes prothésistes et techniciens orthésistes/techniciennes orthésistes
32129.04,Entreprises de fabrication de prothèses,Techniciens prothésistes/techniciennes prothésistes et techniciens orthésistes/techniciennes orthésistes
32129.04,Laboratoires de prothèses et d'orthèses,Techniciens prothésistes/techniciennes prothésistes et techniciens orthésistes/techniciennes orthésistes
32129.04,Travail autonome,Techniciens prothésistes/techniciennes prothésistes et techniciens orthésistes/techniciennes orthésistes
32200.01,Cliniques,Praticiens/praticiennes de médecine traditionnelle chinoise
32200.01,Cabinets privés,Praticiens/praticiennes de médecine traditionnelle chinoise
32200.02,Cliniques,Acupuncteurs/acupunctrices
32200.02,Cabinets privés,Acupuncteurs/acupunctrices
32201.00,Cliniques,Massothérapeutes
32201.00,Institutions d'enseignement,Massothérapeutes
32201.00,Établissements de soins de longue durée,Massothérapeutes
32201.00,Centres hospitaliers,Massothérapeutes
32201.00,Cabinets privés,Massothérapeutes
32201.00,Centres de réadaptation,Massothérapeutes
32209.01,Cliniques,Herboristes
32209.01,Cabinets privés,Herboristes
32209.02,Cliniques,Praticien/praticienne en médecine ostéopathique manuelle
32209.02,Centres de santé,Praticien/praticienne en médecine ostéopathique manuelle
32209.02,Cabinets privés,Praticien/praticienne en médecine ostéopathique manuelle
32209.02,Spas,Praticien/praticienne en médecine ostéopathique manuelle
32209.03,Cliniques,Homéopathes
32209.03,Cabinets privés,Homéopathes
32209.04,Cliniques,Réflexologues
32209.04,Centres de santé,Réflexologues
32209.04,Cabinets privés,Réflexologues
32209.04,Spas,Réflexologues
32209.05,Cliniques,Nutritionniste holistique
32209.05,Centres de santé,Nutritionniste holistique
32209.05,Cabinets privés,Nutritionniste holistique
32209.05,Spas,Nutritionniste holistique
32209.06,Cliniques,Naturothérapeute
32209.06,Centres de santé,Naturothérapeute
32209.06,Cabinets privés,Naturothérapeute
32209.06,Spas,Naturothérapeute
33100.01,Cliniques,Assistants/assistantes dentaires
33100.01,Centres de santé communautaire,Assistants/assistantes dentaires
33100.01,Cabinets de dentistes,Assistants/assistantes dentaires
33100.01,Établissements d'enseignement,Assistants/assistantes dentaires
33100.02,Laboratoires dentaires,Auxiliaires dans les laboratoires dentaires
33101.00,Cliniques,Assistants/assistantes de laboratoires médicaux et préposés/préposées techniques reliés
33101.00,Laboratoires de recherche gouvernementaux,Assistants/assistantes de laboratoires médicaux et préposés/préposées techniques reliés
33101.00,Centres hospitaliers,Assistants/assistantes de laboratoires médicaux et préposés/préposées techniques reliés
33101.00,Laboratoires médicaux de centres hospitaliers,Assistants/assistantes de laboratoires médicaux et préposés/préposées techniques reliés
33101.00,Installations de recherche et d'établissements d'enseignement post-secondaire,Assistants/assistantes de laboratoires médicaux et préposés/préposées techniques reliés
33101.00,Instituts de recherche,Assistants/assistantes de laboratoires médicaux et préposés/préposées techniques reliés
33102.00,Établissements de soins pour personnes âgées,"Aides-infirmiers/aides-infirmières, aides-soignants/aides-soignantes et préposés/préposées aux bénéficiaires"
33102.00,Institutions de santé et autres institutions,"Aides-infirmiers/aides-infirmières, aides-soignants/aides-soignantes et préposés/préposées aux bénéficiaires"
33102.00,Centres hospitaliers,"Aides-infirmiers/aides-infirmières, aides-soignants/aides-soignantes et préposés/préposées aux bénéficiaires"
33102.00,Centres de soins de longue durée,"Aides-infirmiers/aides-infirmières, aides-soignants/aides-soignantes et préposés/préposées aux bénéficiaires"
33103.00,Centres hospitaliers,Assistants techniques/assistantes techniques en pharmacie et assistants/assistantes en pharmacie
33103.00,Cliniques médicales,Assistants techniques/assistantes techniques en pharmacie et assistants/assistantes en pharmacie
33103.00,Pharmacies,Assistants techniques/assistantes techniques en pharmacie et assistants/assistantes en pharmacie
33109.01,Cliniques,Techniciens/techniciennes en audiométrie
33109.01,Établissements d'enseignement,Techniciens/techniciennes en audiométrie
33109.01,Établissements de soins de longue durée,Techniciens/techniciennes en audiométrie
33109.01,Centres hospitaliers,Techniciens/techniciennes en audiométrie
33109.01,Cabinet privé en audiologie,Techniciens/techniciennes en audiométrie
33109.01,Centres de réadaptation,Techniciens/techniciennes en audiométrie
33109.02,Centres hospitaliers,Technologues en orthopédie
33109.02,Cliniques médicales,Technologues en orthopédie
33109.03,Cliniques,Aides en réadaptation
33109.03,Centres hospitaliers,Aides en réadaptation
33109.03,Bureaux de professionnels de la santé,Aides en réadaptation
33109.04,Magasins de détail et laboratoires optiques,Assistants/Assistantes en ophtalmologie
33109.04,Cliniques d'optométriste,Assistants/Assistantes en ophtalmologie
33109.05,Magasins de détail et laboratoires optiques,Techniciens/techniciennes et assistants/assistantes de laboratoire d'optique et d'ophtalmologie
33109.05,Cliniques d'optométriste,Techniciens/techniciennes et assistants/assistantes de laboratoire d'optique et d'ophtalmologie
33109.06,Centres hospitaliers,Techniciens/techniciennes en processus de stérilisation
33109.06,Cliniques médicales,Techniciens/techniciennes en processus de stérilisation
33109.07,Cliniques de collecte de sang,Aides dans les cliniques de collecte de sang
33109.07,Centres hospitaliers,Aides dans les cliniques de collecte de sang
33109.07,Cliniques médicales,Aides dans les cliniques de collecte de sang
33109.08,Centres hospitaliers,Préposés à la morgue
33109.08,Laboratoires de médcine pathologique,Préposés à la morgue
33109.08,Morgues,Préposés à la morgue
40010.00,Tous les ordres de gouvernement,Gestionnaires de la fonction publique - élaboration de politiques et administration de programmes sociaux et de santé
40011.00,Tous les ordres de gouvernement,"Gestionnaires de la fonction publique - analyse économique, élaboration de politiques et administration de programmes"
40012.00,Tous les ordres de gouvernement,Gestionnaires de la fonction publique - élaboration de politiques en matière d'éducation et administration de programmes
40019.00,Tous les ordres de gouvernement,Autres gestionnaires de la fonction publique
40020.01,Collèges,Administrateurs/administratrices de faculté
40020.01,Universités,Administrateurs/administratrices de faculté
40020.02,Collèges,Registraires
40020.02,Universités,Registraires
40020.03,Écoles privées de formation professionnelle,Administrateurs/administratrices d'autres types d'écoles de formation professionnelle
40021.01,Écoles privées et publiques,Directeurs/directrices d'école
40021.02,Conseils ou commissions scolaires,Administrateurs/administratrices de programmes d'enseignement aux niveaux primaire et secondaire
40030.00,Agences de services communautaires,"Directeurs/directrices des services sociaux, communautaires et correctionnels"
40030.00,Institutions correctionnelles,"Directeurs/directrices des services sociaux, communautaires et correctionnels"
40030.00,Services de counselling,"Directeurs/directrices des services sociaux, communautaires et correctionnels"
40030.00,Organisations syndicales,"Directeurs/directrices des services sociaux, communautaires et correctionnels"
40030.00,Organismes non gouvernementaux,"Directeurs/directrices des services sociaux, communautaires et correctionnels"
40030.00,Partis politiques,"Directeurs/directrices des services sociaux, communautaires et correctionnels"
40030.00,Associations professionnelles,"Directeurs/directrices des services sociaux, communautaires et correctionnels"
40030.00,Agences de services sociaux,"Directeurs/directrices des services sociaux, communautaires et correctionnels"
40040.00,Tous les ordres de gouvernement,Officiers/officières de direction des services de police et professions connexes des services de la protection du public
40041.00,Gouvernement fédéral,Chefs et officiers supérieurs/officières supérieures des services d'incendie
40041.00,Établissements industriels ayant un service de lutte contre les incendies,Chefs et officiers supérieurs/officières supérieures des services d'incendie
40041.00,Administrations municipales,Chefs et officiers supérieurs/officières supérieures des services d'incendie
40042.00,Forces armées,Officiers/officières de direction des Forces armées canadiennes
41100.00,Gouvernement fédéral,Juges
41100.00,Gouvernements provinciaux,Juges
41101.00,Entreprises,Avocats/avocates (partout au Canada) et notaires (au Québec)
41101.00,Gouvernement fédéral,Avocats/avocates (partout au Canada) et notaires (au Québec)
41101.00,Cabinets d'avocats,Avocats/avocates (partout au Canada) et notaires (au Québec)
41101.00,Administrations municipales,Avocats/avocates (partout au Canada) et notaires (au Québec)
41101.00,Bureaux de notaire,Avocats/avocates (partout au Canada) et notaires (au Québec)
41101.00,Bureaux de procureurs,Avocats/avocates (partout au Canada) et notaires (au Québec)
41101.00,Gouvernements provinciaux,Avocats/avocates (partout au Canada) et notaires (au Québec)
41101.00,Travailleurs autonomes,Avocats/avocates (partout au Canada) et notaires (au Québec)
41200.00,Collèges et Universités,Professeurs/professeures et chargés/chargées de cours au niveau universitaire
41201.01,Cégeps,Assistants/assistantes d'enseignement au niveau postsecondaire
41201.01,Collèges,Assistants/assistantes d'enseignement au niveau postsecondaire
41201.01,Universités,Assistants/assistantes d'enseignement au niveau postsecondaire
41201.02,Cégeps,Assistants/assistantes de recherche au niveau postsecondaire
41201.02,Collèges,Assistants/assistantes de recherche au niveau postsecondaire
41201.02,Universités,Assistants/assistantes de recherche au niveau postsecondaire
41210.00,Collèges d'agriculture,Enseignants/enseignantes au niveau collégial et autres instructeurs/instructrices en formation professionnelle
41210.00,Cégeps,Enseignants/enseignantes au niveau collégial et autres instructeurs/instructrices en formation professionnelle
41210.00,Agences de services communautaires,Enseignants/enseignantes au niveau collégial et autres instructeurs/instructrices en formation professionnelle
41210.00,Collèges communautaires,Enseignants/enseignantes au niveau collégial et autres instructeurs/instructrices en formation professionnelle
41210.00,Compagnies,Enseignants/enseignantes au niveau collégial et autres instructeurs/instructrices en formation professionnelle
41210.00,Écoles de langues,Enseignants/enseignantes au niveau collégial et autres instructeurs/instructrices en formation professionnelle
41210.00,Établissements d'enseignement privé,Enseignants/enseignantes au niveau collégial et autres instructeurs/instructrices en formation professionnelle
41210.00,Collèges et instituts techniques,Enseignants/enseignantes au niveau collégial et autres instructeurs/instructrices en formation professionnelle
41210.00,Écoles de formation professionnelle,Enseignants/enseignantes au niveau collégial et autres instructeurs/instructrices en formation professionnelle
41220.00,Écoles secondaires privées,Enseignants/enseignantes au niveau secondaire
41220.00,Écoles secondaires publiques,Enseignants/enseignantes au niveau secondaire
41221.00,Écoles primaires privées,Enseignants/enseignantes aux niveaux primaire et préscolaire
41221.00,Écoles primaires publiques,Enseignants/enseignantes aux niveaux primaire et préscolaire
41300.00,Conseil de bandes autochtones,Travailleurs sociaux/travailleuses sociales
41300.00,Sociétés d’aide à l’enfance,Travailleurs sociaux/travailleuses sociales
41300.00,Agences de services communautaires,Travailleurs sociaux/travailleuses sociales
41300.00,Établissements correctionnels,Travailleurs sociaux/travailleuses sociales
41300.00,Programmes d'aide aux employés,Travailleurs sociaux/travailleuses sociales
41300.00,Centres hospitaliers,Travailleurs sociaux/travailleuses sociales
41300.00,Cabinets privés,Travailleurs sociaux/travailleuses sociales
41300.00,Conseils ou commissions scolaires,Travailleurs sociaux/travailleuses sociales
41300.00,Agences de services sociaux,Travailleurs sociaux/travailleuses sociales
41301.00,Centres de counseling,Thérapeutes en counseling et thérapies spécialisées connexes
41301.00,Centres de thérapie familiale,Thérapeutes en counseling et thérapies spécialisées connexes
41301.00,Agences gouvernementales,Thérapeutes en counseling et thérapies spécialisées connexes
41301.00,Foyers de groupes,Thérapeutes en counseling et thérapies spécialisées connexes
41301.00,Cliniques en soins de santé et en réadaptation,Thérapeutes en counseling et thérapies spécialisées connexes
41301.00,Centres hospitaliers,Thérapeutes en counseling et thérapies spécialisées connexes
41301.00,Stations de radio,Thérapeutes en counseling et thérapies spécialisées connexes
41301.00,Agences de services sociaux,Thérapeutes en counseling et thérapies spécialisées connexes
41302.00,Églises,Chefs religieux
41302.00,"Établissements tels que les écoles, les centres hospitaliers et les établissements correctionnels",Chefs religieux
41302.00,Lieux de culte,Chefs religieux
41302.00,Synagogues,Chefs religieux
41302.00,Temples,Chefs religieux
41310.01,Gouvernement fédéral,Enquêteurs/enquêteuses de police et autres professions d’enquête
41310.01,Administrations municipales,Enquêteurs/enquêteuses de police et autres professions d’enquête
41310.01,Gouvernements provinciaux,Enquêteurs/enquêteuses de police et autres professions d’enquête
41310.02,Gouvernement fédéral,Coroners et médecins légistes
41310.02,Administrations municipales,Coroners et médecins légistes
41310.02,Gouvernements provinciaux,Coroners et médecins légistes
41311.00,Établissements correctionnels et organismes communautaires,Agents/agentes de probation et de libération conditionnelle
41311.00,Services gouvernementaux fédéraux,Agents/agentes de probation et de libération conditionnelle
41311.00,Services gouvernementaux provinciaux,Agents/agentes de probation et de libération conditionnelle
41320.00,Installations de recherche et d'établissements d'enseignement post-secondaire,Conseillers/conseillères en information scolaire
41320.00,Conseils ou commissions scolaires,Conseillers/conseillères en information scolaire
41321.00,Firmes d'experts-conseils,Conseillers/conseillères en développement de carrière et conseillers/conseillères en orientation (sauf éducation)
41321.00,Établissements correctionnels,Conseillers/conseillères en développement de carrière et conseillers/conseillères en orientation (sauf éducation)
41321.00,Organismes de services d'emploi,Conseillers/conseillères en développement de carrière et conseillers/conseillères en orientation (sauf éducation)
41321.00,Gouvernements fédéral et provinciaux,Conseillers/conseillères en développement de carrière et conseillers/conseillères en orientation (sauf éducation)
41321.00,Directions des ressources humaines des établissements,Conseillers/conseillères en développement de carrière et conseillers/conseillères en orientation (sauf éducation)
41400.01,Entreprises de fabrication d'ordinateurs,Ergonomes
41400.01,Firmes d'experts-conseils,Ergonomes
41400.01,Établissements d'enseignement,Ergonomes
41400.01,Organisations environnementales et de conservation,Ergonomes
41400.01,Gouvernement fédéral,Ergonomes
41400.01,Administrations municipales,Ergonomes
41400.01,Entreprises de fabrication d'ordinateurs et de mobilier de bureau,Ergonomes
41400.01,Gouvernements provinciaux,Ergonomes
41400.01,Organismes de recherche,Ergonomes
41400.01,Travail autonome,Ergonomes
41400.02,Entreprises de fabrication d'ordinateurs,Hygiénistes industriels/hygiénistes industrielles et hygiénistes du travail
41400.02,Firmes d'experts-conseils,Hygiénistes industriels/hygiénistes industrielles et hygiénistes du travail
41400.02,Établissements d'enseignement,Hygiénistes industriels/hygiénistes industrielles et hygiénistes du travail
41400.02,Organisations environnementales et de conservation,Hygiénistes industriels/hygiénistes industrielles et hygiénistes du travail
41400.02,Gouvernement fédéral,Hygiénistes industriels/hygiénistes industrielles et hygiénistes du travail
41400.02,Administrations municipales,Hygiénistes industriels/hygiénistes industrielles et hygiénistes du travail
41400.02,Entreprises de fabrication d'ordinateurs et de mobilier de bureau,Hygiénistes industriels/hygiénistes industrielles et hygiénistes du travail
41400.02,Gouvernements provinciaux,Hygiénistes industriels/hygiénistes industrielles et hygiénistes du travail
41400.02,Organismes de recherche,Hygiénistes industriels/hygiénistes industrielles et hygiénistes du travail
41400.02,Travail autonome,Hygiénistes industriels/hygiénistes industrielles et hygiénistes du travail
41400.03,Firmes d'experts-conseils,Agents/agentes de brevets
41400.03,Gouvernement fédéral,Agents/agentes de brevets
41400.03,Administrations municipales,Agents/agentes de brevets
41400.03,Gouvernements provinciaux,Agents/agentes de brevets
41400.03,Organismes de recherche,Agents/agentes de brevets
41400.03,Travail autonome,Agents/agentes de brevets
41400.04,Entreprises de fabrication d'ordinateurs,Agents/agentes de programmes et de politiques de la science
41400.04,Firmes d'experts-conseils,Agents/agentes de programmes et de politiques de la science
41400.04,Établissements d'enseignement,Agents/agentes de programmes et de politiques de la science
41400.04,Organisations environnementales et de conservation,Agents/agentes de programmes et de politiques de la science
41400.04,Gouvernement fédéral,Agents/agentes de programmes et de politiques de la science
41400.04,Administrations municipales,Agents/agentes de programmes et de politiques de la science
41400.04,Gouvernements provinciaux,Agents/agentes de programmes et de politiques de la science
41400.04,Organismes de recherche,Agents/agentes de programmes et de politiques de la science
41400.04,Travail autonome,Agents/agentes de programmes et de politiques de la science
41400.05,Entreprises de fabrication d'ordinateurs,Agents/agentes de transfert de technologie
41400.05,Firmes d'experts-conseils,Agents/agentes de transfert de technologie
41400.05,Établissements d'enseignement,Agents/agentes de transfert de technologie
41400.05,Organisations environnementales et de conservation,Agents/agentes de transfert de technologie
41400.05,Gouvernement fédéral,Agents/agentes de transfert de technologie
41400.05,Administrations municipales,Agents/agentes de transfert de technologie
41400.05,Gouvernements provinciaux,Agents/agentes de transfert de technologie
41400.05,Organismes de recherche,Agents/agentes de transfert de technologie
41400.05,Travail autonome,Agents/agentes de transfert de technologie
41401.00,Association professionnelle,"Économistes, recherchistes et analystes des politiques économiques"
41401.00,Banques,"Économistes, recherchistes et analystes des politiques économiques"
41401.00,Organismes et services gouvernementaux,"Économistes, recherchistes et analystes des politiques économiques"
41401.00,Sociétés de placements,"Économistes, recherchistes et analystes des politiques économiques"
41401.00,Organismes de recherche,"Économistes, recherchistes et analystes des politiques économiques"
41401.00,Syndicats,"Économistes, recherchistes et analystes des politiques économiques"
41402.00,Associations d'entreprises,Agents/agentes de développement économique et recherchistes et analystes en marketing
41402.00,Ministères gouvernementaux,Agents/agentes de développement économique et recherchistes et analystes en marketing
41402.00,Organismes internationaux,Agents/agentes de développement économique et recherchistes et analystes en marketing
41402.00,Entreprises de Marketing,Agents/agentes de développement économique et recherchistes et analystes en marketing
41402.00,Travail autonome,Agents/agentes de développement économique et recherchistes et analystes en marketing
41403.01,Firmes d'experts-conseils,Recherchistes en matière de politiques sociales
41403.01,Institutions d'enseignement,Recherchistes en matière de politiques sociales
41403.01,Organismes et services gouvernementaux,Recherchistes en matière de politiques sociales
41403.01,Secteur industriel,Recherchistes en matière de politiques sociales
41403.01,Organismes internationaux,Recherchistes en matière de politiques sociales
41403.01,Organismes non gouvernementaux,Recherchistes en matière de politiques sociales
41403.01,Associations professionnelles,Recherchistes en matière de politiques sociales
41403.01,Instituts de recherche,Recherchistes en matière de politiques sociales
41403.01,Travail autonome,Recherchistes en matière de politiques sociales
41403.02,Firmes d'experts-conseils,Conseillers/conseillères en économie domestique
41403.02,Établissements d'enseignement,Conseillers/conseillères en économie domestique
41403.02,Organismes et services gouvernementaux,Conseillers/conseillères en économie domestique
41403.02,Centres hospitaliers,Conseillers/conseillères en économie domestique
41403.02,Secteur industriel,Conseillers/conseillères en économie domestique
41403.02,Organismes internationaux,Conseillers/conseillères en économie domestique
41403.02,Organismes non gouvernementaux,Conseillers/conseillères en économie domestique
41403.02,Associations professionnelles,Conseillers/conseillères en économie domestique
41403.02,Instituts de recherche,Conseillers/conseillères en économie domestique
41403.02,Travail autonome,Conseillers/conseillères en économie domestique
41403.03,Firmes d'experts-conseils,Analystes de politiques du logement
41403.03,Établissements d'enseignement,Analystes de politiques du logement
41403.03,Organismes et services gouvernementaux,Analystes de politiques du logement
41403.03,Secteur industriel,Analystes de politiques du logement
41403.03,Organismes internationaux,Analystes de politiques du logement
41403.03,Organismes non gouvernementaux,Analystes de politiques du logement
41403.03,Associations professionnelles,Analystes de politiques du logement
41403.03,Instituts de recherche,Analystes de politiques du logement
41403.03,Travail autonome,Analystes de politiques du logement
41403.04,Firmes d'experts-conseils,Consultants/consultantes en immigration et en citoyenneté
41403.04,Organismes et services gouvernementaux,Consultants/consultantes en immigration et en citoyenneté
41403.04,Organismes internationaux,Consultants/consultantes en immigration et en citoyenneté
41403.04,Organismes non gouvernementaux,Consultants/consultantes en immigration et en citoyenneté
41403.04,Associations professionnelles,Consultants/consultantes en immigration et en citoyenneté
41403.04,Travail autonome,Consultants/consultantes en immigration et en citoyenneté
41403.05,Firmes d'experts-conseils,Agents/agentes de projets d'aide et de développement internationaux
41403.05,Établissements d'enseignement,Agents/agentes de projets d'aide et de développement internationaux
41403.05,Organismes et services gouvernementaux,Agents/agentes de projets d'aide et de développement internationaux
41403.05,Secteur industriel,Agents/agentes de projets d'aide et de développement internationaux
41403.05,Organismes internationaux,Agents/agentes de projets d'aide et de développement internationaux
41403.05,Organismes non gouvernementaux,Agents/agentes de projets d'aide et de développement internationaux
41403.05,Associations professionnelles,Agents/agentes de projets d'aide et de développement internationaux
41403.05,Instituts de recherche,Agents/agentes de projets d'aide et de développement internationaux
41403.05,Travail autonome,Agents/agentes de projets d'aide et de développement internationaux
41403.06,Firmes d'experts-conseils,Recherchistes pour des enquêtes sociales
41403.06,Institutions d'enseignement,Recherchistes pour des enquêtes sociales
41403.06,Organismes et services gouvernementaux,Recherchistes pour des enquêtes sociales
41403.06,Centres hospitaliers,Recherchistes pour des enquêtes sociales
41403.06,Secteur industriel,Recherchistes pour des enquêtes sociales
41403.06,Organismes internationaux,Recherchistes pour des enquêtes sociales
41403.06,Organismes non gouvernementaux,Recherchistes pour des enquêtes sociales
41403.06,Associations professionnelles,Recherchistes pour des enquêtes sociales
41403.06,Instituts de recherche,Recherchistes pour des enquêtes sociales
41403.06,Travail autonome,Recherchistes pour des enquêtes sociales
41403.07,Firmes d'experts-conseils,Planificateurs/planificatrices de services sociaux
41403.07,Établissements d'enseignement,Planificateurs/planificatrices de services sociaux
41403.07,Organismes et services gouvernementaux,Planificateurs/planificatrices de services sociaux
41403.07,Centres hospitaliers,Planificateurs/planificatrices de services sociaux
41403.07,Secteur industriel,Planificateurs/planificatrices de services sociaux
41403.07,Organismes internationaux,Planificateurs/planificatrices de services sociaux
41403.07,Organismes non gouvernementaux,Planificateurs/planificatrices de services sociaux
41403.07,Associations professionnelles,Planificateurs/planificatrices de services sociaux
41403.07,Instituts de recherche,Planificateurs/planificatrices de services sociaux
41403.07,Travail autonome,Planificateurs/planificatrices de services sociaux
41404.00,Agences de services communautaires,"Recherchistes, experts-conseils/expertes-conseils et agents/agentes de programmes en politiques de la santé"
41404.00,Firmes d'experts-conseils,"Recherchistes, experts-conseils/expertes-conseils et agents/agentes de programmes en politiques de la santé"
41404.00,Institutions d'enseignement,"Recherchistes, experts-conseils/expertes-conseils et agents/agentes de programmes en politiques de la santé"
41404.00,Organismes et services gouvernementaux,"Recherchistes, experts-conseils/expertes-conseils et agents/agentes de programmes en politiques de la santé"
41404.00,Centres hospitaliers,"Recherchistes, experts-conseils/expertes-conseils et agents/agentes de programmes en politiques de la santé"
41404.00,Organismes internationaux,"Recherchistes, experts-conseils/expertes-conseils et agents/agentes de programmes en politiques de la santé"
41404.00,Organismes non gouvernementaux,"Recherchistes, experts-conseils/expertes-conseils et agents/agentes de programmes en politiques de la santé"
41404.00,Associations professionnelles,"Recherchistes, experts-conseils/expertes-conseils et agents/agentes de programmes en politiques de la santé"
41404.00,Instituts de recherche,"Recherchistes, experts-conseils/expertes-conseils et agents/agentes de programmes en politiques de la santé"
41404.00,Universités,"Recherchistes, experts-conseils/expertes-conseils et agents/agentes de programmes en politiques de la santé"
41405.00,Établissements d'enseignement,"Recherchistes, experts-conseils/expertes-conseils et agents/agentes de programmes en politiques de l'enseignement"
41405.00,Ministères gouvernementaux,"Recherchistes, experts-conseils/expertes-conseils et agents/agentes de programmes en politiques de l'enseignement"
41405.00,Organismes non gouvernementaux,"Recherchistes, experts-conseils/expertes-conseils et agents/agentes de programmes en politiques de l'enseignement"
41405.00,Organismes des secteurs public et privé,"Recherchistes, experts-conseils/expertes-conseils et agents/agentes de programmes en politiques de l'enseignement"
41405.00,Associations professionnelles,"Recherchistes, experts-conseils/expertes-conseils et agents/agentes de programmes en politiques de l'enseignement"
41405.00,Instituts de recherche,"Recherchistes, experts-conseils/expertes-conseils et agents/agentes de programmes en politiques de l'enseignement"
41405.00,Conseils ou commissions scolaires,"Recherchistes, experts-conseils/expertes-conseils et agents/agentes de programmes en politiques de l'enseignement"
41405.00,Travail autonome,"Recherchistes, experts-conseils/expertes-conseils et agents/agentes de programmes en politiques de l'enseignement"
41406.01,Centres communautaires,"Experts-conseils en programmes sportifs, de conditionnement physique et de loisirs"
41406.01,Gouvernement fédéral,"Experts-conseils en programmes sportifs, de conditionnement physique et de loisirs"
41406.01,Administrations municipales,"Experts-conseils en programmes sportifs, de conditionnement physique et de loisirs"
41406.01,Gouvernements provinciaux,"Experts-conseils en programmes sportifs, de conditionnement physique et de loisirs"
41406.01,"Établissements récréatifs, sportifs et de santé","Experts-conseils en programmes sportifs, de conditionnement physique et de loisirs"
41406.01,Maisons de retraite,"Experts-conseils en programmes sportifs, de conditionnement physique et de loisirs"
41406.01,Travail autonome,"Experts-conseils en programmes sportifs, de conditionnement physique et de loisirs"
41406.01,Cabinets et organismes d'experts-conseils en sports et en conditionnement physique,"Experts-conseils en programmes sportifs, de conditionnement physique et de loisirs"
41406.02,Centres communautaires,"Analystes des politiques des sports, des loisirs et du conditionnement physique"
41406.02,Gouvernement fédéral,"Analystes des politiques des sports, des loisirs et du conditionnement physique"
41406.02,Administrations municipales,"Analystes des politiques des sports, des loisirs et du conditionnement physique"
41406.02,Gouvernements provinciaux,"Analystes des politiques des sports, des loisirs et du conditionnement physique"
41406.02,"Établissements récréatifs, sportifs et de santé","Analystes des politiques des sports, des loisirs et du conditionnement physique"
41406.02,Maisons de retraite,"Analystes des politiques des sports, des loisirs et du conditionnement physique"
41406.02,Travail autonome,"Analystes des politiques des sports, des loisirs et du conditionnement physique"
41406.02,Cabinets et organismes d'experts-conseils en sports et en conditionnement physique,"Analystes des politiques des sports, des loisirs et du conditionnement physique"
41406.03,Centres communautaires,"Superviseurs/superviseures des programmes de sports, de loisirs et de conditionnement physique"
41406.03,Gouvernement fédéral,"Superviseurs/superviseures des programmes de sports, de loisirs et de conditionnement physique"
41406.03,Administrations municipales,"Superviseurs/superviseures des programmes de sports, de loisirs et de conditionnement physique"
41406.03,Gouvernements provinciaux,"Superviseurs/superviseures des programmes de sports, de loisirs et de conditionnement physique"
41406.03,"Établissements récréatifs, sportifs et de santé","Superviseurs/superviseures des programmes de sports, de loisirs et de conditionnement physique"
41406.03,Maisons de retraite,"Superviseurs/superviseures des programmes de sports, de loisirs et de conditionnement physique"
41406.03,Travail autonome,"Superviseurs/superviseures des programmes de sports, de loisirs et de conditionnement physique"
41406.03,Cabinets et organismes d'experts-conseils en sports et en conditionnement physique,"Superviseurs/superviseures des programmes de sports, de loisirs et de conditionnement physique"
41407.00,Organismes gouvernementaux,Agents/agentes de programmes propres au gouvernement
41409.01,Établissements des secteurs privé et public,Anthropologues
41409.01,Universités,Anthropologues
41409.02,Établissements des secteurs privé et public,Archéologues
41409.02,Universités,Archéologues
41409.03,Établissements des secteurs privé et public,Géographes
41409.03,Universités,Géographes
41409.04,Établissements des secteurs privé et public,Historiens/historiennes
41409.04,Universités,Historiens/historiennes
41409.05,Établissements des secteurs privé et public,Linguistes
41409.05,Universités,Linguistes
41409.06,Établissements des secteurs privé et public,Politologues
41409.06,Universités,Politologues
41409.07,Établissements des secteurs privé et public,Psychométriciens/psychométriciennes
41409.07,Universités,Psychométriciens/psychométriciennes
41409.08,Établissements des secteurs privé et public,Sociologues
41409.08,Universités,Sociologues
41409.09,Établissements des secteurs privé et public,Autres professionnels/professionnelles des sciences sociales
41409.09,Universités,Autres professionnels/professionnelles des sciences sociales
42100.00,"Administrations municipales et gouvernements régionaux, provinciaux et fédéral",Policiers/policières (sauf cadres supérieurs)
42101.00,Grands complexes industriels qui ont leur propre service de prévention des incendies,Pompiers/pompières
42101.00,"Administrations municipales et gouvernements régionaux, provinciaux et fédéral",Pompiers/pompières
42102.00,Armée canadienne,Membres spécialisés des Forces armées canadiennes
42102.00,Aviation royale canadienne,Membres spécialisés des Forces armées canadiennes
42102.00,Marine royale canadienne,Membres spécialisés des Forces armées canadiennes
42200.01,Cabinets d'avocats,Techniciens juridiques/techniciennes juridiques
42200.01,Services juridiques d'organismes privés et publics,Techniciens juridiques/techniciennes juridiques
42200.01,Entreprises spécialisées dans la recherche de titres,Techniciens juridiques/techniciennes juridiques
42200.02,Travail autonome,Techniciens juridiques indépendants/techniciennes juridiques indépendantes
42200.03,Gouvernements,Notaires publics/notaires publiques
42200.03,Secteur publics et privés,Notaires publics/notaires publiques
42200.03,Travail autonome,Notaires publics/notaires publiques
42200.04,Cabinets d'avocats,Agents/agentes de marques de commerce
42200.04,Services juridiques d'organismes privés et publics,Agents/agentes de marques de commerce
42200.04,Travail autonome,Agents/agentes de marques de commerce
42200.04,Organismes de développement et de recherche de marques de commerce,Agents/agentes de marques de commerce
42200.05,Tribunaux fédéraux,Juges de paix
42200.05,Tribunaux provinciaux,Juges de paix
42200.05,Tribunaux territoriaux,Juges de paix
42201.00,Organismes et centres communautaires,Travailleurs/travailleuses des services sociaux et communautaires
42201.00,Établissements correctionnels,Travailleurs/travailleuses des services sociaux et communautaires
42201.00,Agences gouvernementales,Travailleurs/travailleuses des services sociaux et communautaires
42201.00,Foyers de groupes,Travailleurs/travailleuses des services sociaux et communautaires
42201.00,Organismes de soins de santé mentale,Travailleurs/travailleuses des services sociaux et communautaires
42201.00,Conseils ou commissions scolaires,Travailleurs/travailleuses des services sociaux et communautaires
42201.00,Refuges,Travailleurs/travailleuses des services sociaux et communautaires
42201.00,Agences de services sociaux,Travailleurs/travailleuses des services sociaux et communautaires
42201.00,Centres d'aide aux toxicomanes,Travailleurs/travailleuses des services sociaux et communautaires
42202.01,Centres pour enfants en difficulté d'apprentissage,Éducateurs/éducatrices de la petite enfance
42202.01,Garderies,Éducateurs/éducatrices de la petite enfance
42202.02,Centres pour enfants en difficulté d'apprentissage,Aides-éducateurs/aides-éducatrices de la petite enfance
42202.02,Garderies,Aides-éducateurs/aides-éducatrices de la petite enfance
42203.00,Systèmes scolaires primaires et secondaires,Instructeurs/instructrices pour personnes ayant une déficience
42203.00,Centres de réadaptation,Instructeurs/instructrices pour personnes ayant une déficience
42203.00,Instituts spécialisés d'enseignement,Instructeurs/instructrices pour personnes ayant une déficience
42204.00,Églises,Travailleurs/travailleuses de la religion
42204.00,Entreprises corporatives,Travailleurs/travailleuses de la religion
42204.00,Installations industrielles,Travailleurs/travailleuses de la religion
42204.00,"Établissements tels que les écoles, les centres hospitaliers et les établissements correctionnels",Travailleurs/travailleuses de la religion
42204.00,Lieux de culte,Travailleurs/travailleuses de la religion
42204.00,Cabinets privés,Travailleurs/travailleuses de la religion
42204.00,Synagogues,Travailleurs/travailleuses de la religion
42204.00,Temples,Travailleurs/travailleuses de la religion
43100.00,Écoles primaires publiques et privées,Aides-enseignants/aides-enseignantes aux niveaux primaire et secondaire
43100.00,Écoles secondaires publiques et privées,Aides-enseignants/aides-enseignantes aux niveaux primaire et secondaire
43100.00,Écoles spécialisées,Aides-enseignants/aides-enseignantes aux niveaux primaire et secondaire
43100.00,Centres de soins,Aides-enseignants/aides-enseignantes aux niveaux primaire et secondaire
43109.01,Établissements commerciaux,Instructeurs/instructrices de conduite automobile
43109.01,Écoles de conduite,Instructeurs/instructrices de conduite automobile
43109.01,Gouvernements provinciaux,Instructeurs/instructrices de conduite automobile
43109.01,Travail autonome,Instructeurs/instructrices de conduite automobile
43109.01,Gouvernements territoriaux,Instructeurs/instructrices de conduite automobile
43109.02,Gouvernements provinciaux,Examinateurs/examinatrices de permis de conduire
43109.03,Établissements commerciaux,Professeurs/professeures de couture
43109.03,Détaillants de tissus,Professeurs/professeures de couture
43109.03,Travail autonome,Professeurs/professeures de couture
43109.04,Établissements commerciaux,Instructeurs/instructrices d'école de mannequins
43109.04,Travail autonome,Instructeurs/instructrices d'école de mannequins
43200.00,Tribunaux provinciaux ou territoriaux,Shérifs et huissiers/huissières de justice
43200.00,Travail autonome,Shérifs et huissiers/huissières de justice
43201.00,Gouvernement fédéral,Agents/agentes de services correctionnels
43201.00,Administrations municipales,Agents/agentes de services correctionnels
43201.00,Gouvernements provinciaux,Agents/agentes de services correctionnels
43202.01,Organismes gouvernementaux aux niveaux municipal et provincial,Agents/agentes de contrôle des animaux
43202.01,Administrations municipales,Agents/agentes de contrôle des animaux
43202.01,Gouvernements provinciaux,Agents/agentes de contrôle des animaux
43202.02,Organismes gouvernementaux aux niveaux municipal et provincial,Agents/agentes d'application des règlements municipaux
43202.02,Administrations municipales,Agents/agentes d'application des règlements municipaux
43202.02,Gouvernements provinciaux,Agents/agentes d'application des règlements municipaux
43202.03,Organismes gouvernementaux aux niveaux municipal et provincial,Inspecteurs/inspectrices du transport commercial
43202.03,Administrations municipales,Inspecteurs/inspectrices du transport commercial
43202.03,Gouvernements provinciaux,Inspecteurs/inspectrices du transport commercial
43202.04,Organismes gouvernementaux aux niveaux municipal et provincial,Inspecteurs/inspectrices de la collecte des ordures
43202.04,Administrations municipales,Inspecteurs/inspectrices de la collecte des ordures
43202.04,Gouvernements provinciaux,Inspecteurs/inspectrices de la collecte des ordures
43202.05,Organismes gouvernementaux aux niveaux municipal et provincial,Inspecteurs/inspectrices de permis d'alcool
43202.05,Administrations municipales,Inspecteurs/inspectrices de permis d'alcool
43202.05,Gouvernements provinciaux,Inspecteurs/inspectrices de permis d'alcool
43202.06,Organismes gouvernementaux aux niveaux municipal et provincial,Agents/agentes de surveillance du stationnement
43202.06,Administrations municipales,Agents/agentes de surveillance du stationnement
43202.06,Gouvernements provinciaux,Agents/agentes de surveillance du stationnement
43202.07,Organismes gouvernementaux aux niveaux municipal et provincial,Inspecteurs/inspectrices de taxi
43202.07,Administrations municipales,Inspecteurs/inspectrices de taxi
43202.07,Gouvernements provinciaux,Inspecteurs/inspectrices de taxi
43202.08,Organismes gouvernementaux aux niveaux municipal et provincial,Inspecteurs/inspectrices du zonage
43202.08,Administrations municipales,Inspecteurs/inspectrices du zonage
43202.08,Gouvernements provinciaux,Inspecteurs/inspectrices du zonage
43203.01,Agences gouvernementales,Agents/agentes de services frontaliers et des douanes
43203.02,Agences gouvernementales,Agents/agentes d'immigration
43204.00,Forces armées,Membres des opérations des Forces armées canadiennes
44100.01,Agences de garde d'enfants,Gardiens/gardiennes d'enfants en milieu familial
44100.01,Résidences privées,Gardiens/gardiennes d'enfants en milieu familial
44100.01,Travail autonome,Gardiens/gardiennes d'enfants en milieu familial
44100.02,Agences de garde d'enfants,Parents de famille d'accueil
44100.02,Résidences privées,Parents de famille d'accueil
44100.02,Travail autonome,Parents de famille d'accueil
44101.00,Agences de soins à domicile,"Aides de maintien à domicile, aides familiaux/familiales et personnel assimilé"
44101.00,Résidences privées,"Aides de maintien à domicile, aides familiaux/familiales et personnel assimilé"
44101.00,Travail autonome,"Aides de maintien à domicile, aides familiaux/familiales et personnel assimilé"
44200.00,Armée canadienne,Combattants/combattantes de première ligne des Forces armées canadiennes
44200.00,Aviation royale canadienne,Combattants/combattantes de première ligne des Forces armées canadiennes
44200.00,Marine royale canadienne,Combattants/combattantes de première ligne des Forces armées canadiennes
45100.01,Écoles élémentaires et secondaires publiques et privées,Surveillants/surveillantes d'élèves
45100.02,Municipalités,Brigadiers/brigadières
45100.02,Agences de sécurité publiques et privées,Brigadiers/brigadières
45100.02,Écoles,Brigadiers/brigadières
50010.00,Centre d'archives,"Directeurs/directrices de bibliothèques, des archives, de musées et de galeries d'art"
50010.00,Bibliothèques,"Directeurs/directrices de bibliothèques, des archives, de musées et de galeries d'art"
50010.00,Musées,"Directeurs/directrices de bibliothèques, des archives, de musées et de galeries d'art"
50010.00,Galeries d'art non commerciales,"Directeurs/directrices de bibliothèques, des archives, de musées et de galeries d'art"
50011.00,"Sociétés cinématographiques, troupes de théâtre, maisons d'enregistrement de disques et sociétés de production vidéo","Directeurs/directrices - édition, cinéma, radiotélédiffusion et arts de la scène"
50011.00,"Journaux, périodiques et maisons d'édition","Directeurs/directrices - édition, cinéma, radiotélédiffusion et arts de la scène"
50011.00,Stations de radio,"Directeurs/directrices - édition, cinéma, radiotélédiffusion et arts de la scène"
50011.00,Studios de télévision,"Directeurs/directrices - édition, cinéma, radiotélédiffusion et arts de la scène"
50012.00,Organismes de loisirs et de conditionnement physique communautaires et privés,"Directeurs/directrices de programmes et de services de sports, de loisirs et de conditionnement physique"
50012.00,Municipalités,"Directeurs/directrices de programmes et de services de sports, de loisirs et de conditionnement physique"
50012.00,Organismes d'équipes d'athlétisme professionnel,"Directeurs/directrices de programmes et de services de sports, de loisirs et de conditionnement physique"
50012.00,Fédérations sportives,"Directeurs/directrices de programmes et de services de sports, de loisirs et de conditionnement physique"
51100.00,Services de bibliothèque dans les secteurs public et privé,Bibliothécaires
51100.00,Bibliothèques,Bibliothécaires
51101.01,Galeries d'art,Restaurateurs/restauratrices
51101.01,Musées,Restaurateurs/restauratrices
51101.01,Travailleurs autonomes,Restaurateurs/restauratrices
51101.01,Universités,Restaurateurs/restauratrices
51101.02,Galeries d'art,Conservateurs/conservatrices
51101.02,Musées,Conservateurs/conservatrices
51101.02,Universités,Conservateurs/conservatrices
51102.00,Centre d'archives,Archivistes
51102.00,Entreprises privées,Archivistes
51102.00,Secteurs gouvernemental et paragouvernemental,Archivistes
51110.00,Journaux,"Réviseurs/réviseures, rédacteurs-réviseurs/rédactrices-réviseures et chefs du service des nouvelles"
51110.00,Magazines,"Réviseurs/réviseures, rédacteurs-réviseurs/rédactrices-réviseures et chefs du service des nouvelles"
51110.00,Maison d'édition au sein d'une compagnie,"Réviseurs/réviseures, rédacteurs-réviseurs/rédactrices-réviseures et chefs du service des nouvelles"
51110.00,Entreprises et ministères gouvernementaux produisant des publications,"Réviseurs/réviseures, rédacteurs-réviseurs/rédactrices-réviseures et chefs du service des nouvelles"
51110.00,Maisons d'édition,"Réviseurs/réviseures, rédacteurs-réviseurs/rédactrices-réviseures et chefs du service des nouvelles"
51110.00,Stations de radio,"Réviseurs/réviseures, rédacteurs-réviseurs/rédactrices-réviseures et chefs du service des nouvelles"
51110.00,Travail autonome/travail à la pige,"Réviseurs/réviseures, rédacteurs-réviseurs/rédactrices-réviseures et chefs du service des nouvelles"
51110.00,Stations et réseaux de télévision,"Réviseurs/réviseures, rédacteurs-réviseurs/rédactrices-réviseures et chefs du service des nouvelles"
51111.01,Agences de publicité,"Romanciers, dramaturges, scénaristes, poètes et autres écrivains créatifs"
51111.01,Gouvernements,"Romanciers, dramaturges, scénaristes, poètes et autres écrivains créatifs"
51111.01,Grandes entreprises,"Romanciers, dramaturges, scénaristes, poètes et autres écrivains créatifs"
51111.01,Centres de production multimédia,"Romanciers, dramaturges, scénaristes, poètes et autres écrivains créatifs"
51111.01,Entreprises de médias spécialisés,"Romanciers, dramaturges, scénaristes, poètes et autres écrivains créatifs"
51111.01,Cabinets d'experts-conseils,"Romanciers, dramaturges, scénaristes, poètes et autres écrivains créatifs"
51111.01,Maisons d'édition,"Romanciers, dramaturges, scénaristes, poètes et autres écrivains créatifs"
51111.01,Travailleurs autonomes,"Romanciers, dramaturges, scénaristes, poètes et autres écrivains créatifs"
51111.02,Agences de publicité,Rédacteurs/rédactrices  (non technique)
51111.02,Gouvernements,Rédacteurs/rédactrices  (non technique)
51111.02,Grandes entreprises,Rédacteurs/rédactrices  (non technique)
51111.02,Centres de production multimédia,Rédacteurs/rédactrices  (non technique)
51111.02,Cabinets d'experts-conseils,Rédacteurs/rédactrices  (non technique)
51111.02,Maisons d'édition,Rédacteurs/rédactrices  (non technique)
51111.02,Travailleurs autonomes,Rédacteurs/rédactrices  (non technique)
51111.03,Agences de publicité,Concepteurs-rédacteurs publicitaires/conceptrices-rédactrices publicitaires
51111.03,Gouvernements,Concepteurs-rédacteurs publicitaires/conceptrices-rédactrices publicitaires
51111.03,Grandes entreprises,Concepteurs-rédacteurs publicitaires/conceptrices-rédactrices publicitaires
51111.03,Centres de production multimédia,Concepteurs-rédacteurs publicitaires/conceptrices-rédactrices publicitaires
51111.03,Entreprises de médias spécialisés,Concepteurs-rédacteurs publicitaires/conceptrices-rédactrices publicitaires
51111.03,Cabinets d'experts-conseils,Concepteurs-rédacteurs publicitaires/conceptrices-rédactrices publicitaires
51111.03,Maisons d'édition,Concepteurs-rédacteurs publicitaires/conceptrices-rédactrices publicitaires
51111.03,Travailleurs autonomes,Concepteurs-rédacteurs publicitaires/conceptrices-rédactrices publicitaires
51112.00,Agences de publicité,Rédacteurs/rédactrices techniques
51112.00,Gouvernements,Rédacteurs/rédactrices techniques
51112.00,Grandes entreprises,Rédacteurs/rédactrices techniques
51112.00,Centres de production multimédia,Rédacteurs/rédactrices techniques
51112.00,Entreprises de médias spécialisés,Rédacteurs/rédactrices techniques
51112.00,Maisons d'édition,Rédacteurs/rédactrices techniques
51112.00,Travailleurs autonomes,Rédacteurs/rédactrices techniques
51113.00,Magazines,Journalistes
51113.00,Journaux,Journalistes
51113.00,Centres sportifs et récréatifs,Journalistes
51113.00,Travail autonome/travail à la pige,Journalistes
51113.00,Stations et réseaux de télévision,Journalistes
51114.01,Gouvernements,Traducteurs/traductrices et traducteurs-réviseurs/traductrices-réviseures
51114.01,Services internes de traduction,Traducteurs/traductrices et traducteurs-réviseurs/traductrices-réviseures
51114.01,Organismes internationaux,Traducteurs/traductrices et traducteurs-réviseurs/traductrices-réviseures
51114.01,Grandes entreprises privé,Traducteurs/traductrices et traducteurs-réviseurs/traductrices-réviseures
51114.01,Entreprises médiatiques,Traducteurs/traductrices et traducteurs-réviseurs/traductrices-réviseures
51114.01,Cabinets de traduction,Traducteurs/traductrices et traducteurs-réviseurs/traductrices-réviseures
51114.01,Travail autonome,Traducteurs/traductrices et traducteurs-réviseurs/traductrices-réviseures
51114.02,Gouvernements,Terminologues
51114.02,Services internes de traduction,Terminologues
51114.02,Organismes internationaux,Terminologues
51114.02,Grandes entreprises privé,Terminologues
51114.02,Entreprises médiatiques,Terminologues
51114.02,Agences privées d'interprétation,Terminologues
51114.02,Cabinets de traduction,Terminologues
51114.02,Travail autonome,Terminologues
51114.03,Gouvernements,Interprètes
51114.03,Organismes internationaux,Interprètes
51114.03,Grandes entreprises privé,Interprètes
51114.03,Entreprises médiatiques,Interprètes
51114.03,Agences privées d'interprétation,Interprètes
51114.03,Travail autonome,Interprètes
51114.04,Tribunaux,Interprètes en langue des signes
51114.04,Services gouvernementaux,Interprètes en langue des signes
51114.04,Services d'interprétation,Interprètes en langue des signes
51114.04,Écoles,Interprètes en langue des signes
51114.04,Travail autonome,Interprètes en langue des signes
51114.04,Agences de services sociaux,Interprètes en langue des signes
51114.04,Stations de télévision,Interprètes en langue des signes
51120.01,Compagnies de publicité,"Producteurs/productrices de films cinématographiques, d'émissions de télévision, de radio et de jeux vidéos"
51120.01,Services de radiodiffusion,"Producteurs/productrices de films cinématographiques, d'émissions de télévision, de radio et de jeux vidéos"
51120.01,Sociétés de production cinématographique,"Producteurs/productrices de films cinématographiques, d'émissions de télévision, de radio et de jeux vidéos"
51120.01,Stations de radio,"Producteurs/productrices de films cinématographiques, d'émissions de télévision, de radio et de jeux vidéos"
51120.01,Travailleurs autonomes,"Producteurs/productrices de films cinématographiques, d'émissions de télévision, de radio et de jeux vidéos"
51120.01,Studios d'enregistrement du son,"Producteurs/productrices de films cinématographiques, d'émissions de télévision, de radio et de jeux vidéos"
51120.01,Stations de télévision,"Producteurs/productrices de films cinématographiques, d'émissions de télévision, de radio et de jeux vidéos"
51120.01,Entreprises de jeux vidéo,"Producteurs/productrices de films cinématographiques, d'émissions de télévision, de radio et de jeux vidéos"
51120.02,Compagnies de publicité,Réalisateurs/réalisatrices
51120.02,Services de radiodiffusion,Réalisateurs/réalisatrices
51120.02,Sociétés de production cinématographique,Réalisateurs/réalisatrices
51120.02,Stations de radio,Réalisateurs/réalisatrices
51120.02,Travailleurs autonomes,Réalisateurs/réalisatrices
51120.02,Stations de télévision,Réalisateurs/réalisatrices
51120.02,Troupes de théâtre,Réalisateurs/réalisatrices
51120.03,Compagnies de danse,Chorégraphes
51120.03,Sociétés de production cinématographique,Chorégraphes
51120.03,Travailleurs autonomes,Chorégraphes
51120.03,Troupes de théâtre,Chorégraphes
51120.04,Compagnies de publicité,Directeurs artistiques/directrices artistiques
51120.04,Services de radiodiffusion,Directeurs artistiques/directrices artistiques
51120.04,Sociétés de production cinématographique,Directeurs artistiques/directrices artistiques
51120.04,Travailleurs autonomes,Directeurs artistiques/directrices artistiques
51120.04,Stations de télévision,Directeurs artistiques/directrices artistiques
51120.04,Troupes de théâtre,Directeurs artistiques/directrices artistiques
51120.05,Compagnies de publicité,Monteurs/monteuses de films
51120.05,Services de radiodiffusion,Monteurs/monteuses de films
51120.05,Entreprises de production de disques,Monteurs/monteuses de films
51120.05,Travailleurs autonomes,Monteurs/monteuses de films
51120.05,Studios d'enregistrement du son,Monteurs/monteuses de films
51120.06,Entreprises de production de disques,Producteurs/productrices de disques
51120.06,Travailleurs autonomes,Producteurs/productrices de disques
51120.06,Studios d'enregistrement du son,Producteurs/productrices de disques
51120.07,Compagnies de publicité,Directeurs/directrices de la photographie
51120.07,Services de radiodiffusion,Directeurs/directrices de la photographie
51120.07,Travailleurs autonomes,Directeurs/directrices de la photographie
51120.07,Stations de télévision,Directeurs/directrices de la photographie
51121.01,Orchestres de chambre,Chefs d'orchestre
51121.01,Chorales,Chefs d'orchestre
51121.01,Groupes de musique,Chefs d'orchestre
51121.01,Compagnies d’opéra,Chefs d'orchestre
51121.01,"Orchestres de ballet, de théâtre ou d'opéra",Chefs d'orchestre
51121.01,Travailleurs autonomes,Chefs d'orchestre
51121.01,Compagnies d'enregistrement de son,Chefs d'orchestre
51121.01,Orchestres symphoniques,Chefs d'orchestre
51121.02,Orchestres de chambre,Compositeurs/compositrices
51121.02,Chorales,Compositeurs/compositrices
51121.02,Groupes de musique,Compositeurs/compositrices
51121.02,Compagnies d’opéra,Compositeurs/compositrices
51121.02,"Orchestres de ballet, de théâtre ou d'opéra",Compositeurs/compositrices
51121.02,Travailleurs autonomes,Compositeurs/compositrices
51121.02,Compagnies d'enregistrement de son,Compositeurs/compositrices
51121.02,Orchestres symphoniques,Compositeurs/compositrices
51121.03,Orchestres de chambre,Arrangeurs/arrangeuses
51121.03,Chorales,Arrangeurs/arrangeuses
51121.03,Groupes de musique,Arrangeurs/arrangeuses
51121.03,Compagnies d’opéra,Arrangeurs/arrangeuses
51121.03,"Orchestres de ballet, de théâtre ou d'opéra",Arrangeurs/arrangeuses
51121.03,Travailleurs autonomes,Arrangeurs/arrangeuses
51121.03,Compagnies d'enregistrement de son,Arrangeurs/arrangeuses
51121.03,Orchestres symphoniques,Arrangeurs/arrangeuses
51122.01,Chorales,Musiciens/musiciennes
51122.01,Salles de concert,Musiciens/musiciennes
51122.01,Productions cinématographiques,Musiciens/musiciennes
51122.01,Salons,Musiciens/musiciennes
51122.01,Compagnies d’opéra,Musiciens/musiciennes
51122.01,Orchestres,Musiciens/musiciennes
51122.01,Formations populaires,Musiciens/musiciennes
51122.01,Studio d'enregistrement,Musiciens/musiciennes
51122.01,Studios de télévision,Musiciens/musiciennes
51122.01,Théâtres,Musiciens/musiciennes
51122.02,Chorales,Chanteurs/chanteuses
51122.02,Salles de concert,Chanteurs/chanteuses
51122.02,Productions cinématographiques,Chanteurs/chanteuses
51122.02,Salons,Chanteurs/chanteuses
51122.02,Compagnies d’opéra,Chanteurs/chanteuses
51122.02,Formations populaires,Chanteurs/chanteuses
51122.02,Studio d'enregistrement,Chanteurs/chanteuses
51122.02,Studios de télévision,Chanteurs/chanteuses
51122.02,Théâtres,Chanteurs/chanteuses
51122.03,Académies,Professeurs/professeures de musique et de chant
51122.03,Conservatoires,Professeurs/professeures de musique et de chant
51122.03,Maisons privées,Professeurs/professeures de musique et de chant
51122.03,Travail autonome,Professeurs/professeures de musique et de chant
52100.01,Services de bibliothèque dans les secteurs public et privé,Techniciens/techniciennes dans les bibliothèques
52100.01,Bibliothèques,Techniciens/techniciennes dans les bibliothèques
52100.02,Archives public,Techniciens/techniciennes dans les services d'archives publiques
52110.00,Services informatiques des secteurs privé et public,Cadreurs/cadreuses de films et cadreurs/cadreuses vidéo
52110.00,Compagnies de production de films et de vidéo,Cadreurs/cadreuses de films et cadreurs/cadreuses vidéo
52110.00,Travailleurs autonomes,Cadreurs/cadreuses de films et cadreurs/cadreuses vidéo
52110.00,Stations et réseaux de télévision,Cadreurs/cadreuses de films et cadreurs/cadreuses vidéo
52110.00,Entreprises de production de vidéos,Cadreurs/cadreuses de films et cadreurs/cadreuses vidéo
52111.00,Agences de publicité,Techniciens/techniciennes en graphisme
52111.00,Agences de publicité ou de marketing,Techniciens/techniciennes en graphisme
52111.00,Centres de production multimédias,Techniciens/techniciennes en graphisme
52111.00,Imprimeries,Techniciens/techniciennes en graphisme
52111.00,Maisons d'édition,Techniciens/techniciennes en graphisme
52111.00,Travailleurs autonomes,Techniciens/techniciennes en graphisme
52111.00,Compagnies de production télévisuelle et cinématographique,Techniciens/techniciennes en graphisme
52112.00,Entreprises et chaînes de radiotélédiffusion,Techniciens/techniciennes en radiotélédiffusion
52112.00,Fournisseurs de services de communication sur Internet,Techniciens/techniciennes en radiotélédiffusion
52112.00,Fournisseurs de services de communication sur Internet et de Stations et réseaux de radio,Techniciens/techniciennes en radiotélédiffusion
52113.00,Clubs,Techniciens/techniciennes en enregistrement audio et vidéo
52113.00,Entreprises d'enregistrement de son,Techniciens/techniciennes en enregistrement audio et vidéo
52113.00,Établissements d'enseignement,Techniciens/techniciennes en enregistrement audio et vidéo
52113.00,"Compagnies de production cinématographique, de production de vidéos et de concerts",Techniciens/techniciennes en enregistrement audio et vidéo
52113.00,Hôtels,Techniciens/techniciennes en enregistrement audio et vidéo
52113.00,Centres de production multimédia,Techniciens/techniciennes en enregistrement audio et vidéo
52113.00,Groupes de musique,Techniciens/techniciennes en enregistrement audio et vidéo
52113.00,Fournisseurs de services de communication sur Internet et de Stations et réseaux de radio,Techniciens/techniciennes en enregistrement audio et vidéo
52113.00,Troupes de théâtre et de danse,Techniciens/techniciennes en enregistrement audio et vidéo
52114.00,Entreprises de publicité à la radio ou à la télévision,Annonceurs/annonceuses et autres communicateurs/communicatrices
52114.00,Fournisseurs de services de communication sur Internet et de Stations et réseaux de radio,Annonceurs/annonceuses et autres communicateurs/communicatrices
52119.01,Compagnies de promotion de concerts,Régisseurs/régisseures de plateau
52119.01,Compagnies de production de films et de vidéo,Régisseurs/régisseures de plateau
52119.01,Studio d'enregistrement,Régisseurs/régisseures de plateau
52119.01,Stations et réseaux de télévision,Régisseurs/régisseures de plateau
52119.01,Troupes et compagnies de théâtre et de danse,Régisseurs/régisseures de plateau
52119.02,Compagnies de promotion de concerts,Chefs machinistes de plateau
52119.02,Compagnies de production de films et de vidéo,Chefs machinistes de plateau
52119.02,Studio d'enregistrement,Chefs machinistes de plateau
52119.02,Stations et réseaux de télévision et de radio,Chefs machinistes de plateau
52119.02,Troupes et compagnies de théâtre et de danse,Chefs machinistes de plateau
52119.03,Compagnies de promotion de concerts,Chefs électriciens/chefs électriciennes de plateau et éclairagistes
52119.03,Compagnies de production de films et de vidéo,Chefs électriciens/chefs électriciennes de plateau et éclairagistes
52119.03,Studio d'enregistrement,Chefs électriciens/chefs électriciennes de plateau et éclairagistes
52119.03,Stations et réseaux de télévision et de radio,Chefs électriciens/chefs électriciennes de plateau et éclairagistes
52119.03,Troupes et compagnies de théâtre et de danse,Chefs électriciens/chefs électriciennes de plateau et éclairagistes
52119.04,Compagnies de promotion de concerts,Coordonnateurs/coordonnatrices des cascades et truqueurs/truqueuses
52119.04,Compagnies de production de films et de vidéo,Coordonnateurs/coordonnatrices des cascades et truqueurs/truqueuses
52119.04,Studio d'enregistrement,Coordonnateurs/coordonnatrices des cascades et truqueurs/truqueuses
52119.04,Stations et réseaux de télévision et de radio,Coordonnateurs/coordonnatrices des cascades et truqueurs/truqueuses
52119.04,Troupes et compagnies de théâtre et de danse,Coordonnateurs/coordonnatrices des cascades et truqueurs/truqueuses
52119.05,Compagnies de promotion de concerts,Maquilleurs/maquilleuses
52119.05,Compagnies de production de films et de vidéo,Maquilleurs/maquilleuses
52119.05,Studio d'enregistrement,Maquilleurs/maquilleuses
52119.05,Stations et réseaux de télévision et de radio,Maquilleurs/maquilleuses
52119.05,Troupes et compagnies de théâtre et de danse,Maquilleurs/maquilleuses
52119.06,Compagnies de promotion de concerts,Costumiers/costumières
52119.06,Compagnies de production de films et de vidéo,Costumiers/costumières
52119.06,Stations et réseaux de télévision,Costumiers/costumières
52119.06,Troupes et compagnies de théâtre et de danse,Costumiers/costumières
52119.07,Compagnies de promotion de concerts,Chefs d'atelier de décors et chefs accessoiristes
52119.07,Compagnies de production de films et de vidéo,Chefs d'atelier de décors et chefs accessoiristes
52119.07,Stations et réseaux de télévision,Chefs d'atelier de décors et chefs accessoiristes
52119.07,Troupes et compagnies de théâtre et de danse,Chefs d'atelier de décors et chefs accessoiristes
52120.01,Entreprises de publicité,Designers graphiques
52120.01,Établissements dispensant des services de publicité ou de communication,Designers graphiques
52120.01,Entreprises de design graphique,Designers graphiques
52120.01,Centres de production multimédias,Designers graphiques
52120.01,Travailleurs autonomes,Designers graphiques
52120.02,Travailleurs autonomes,Illustrateurs/illustratrices
52121.00,Lignes aériennes,Designers d'intérieur et décorateurs/décoratrices d'intérieur
52121.00,Cabinets d'architectes,Designers d'intérieur et décorateurs/décoratrices d'intérieur
52121.00,Compagnies de construction,Designers d'intérieur et décorateurs/décoratrices d'intérieur
52121.00,Centres hospitaliers,Designers d'intérieur et décorateurs/décoratrices d'intérieur
52121.00,Chaînes d'hôtel et de restaurants,Designers d'intérieur et décorateurs/décoratrices d'intérieur
52121.00,Firmes de design d'intérieur,Designers d'intérieur et décorateurs/décoratrices d'intérieur
52121.00,Établissements de commerce de détail,Designers d'intérieur et décorateurs/décoratrices d'intérieur
52121.00,Travail autonome,Designers d'intérieur et décorateurs/décoratrices d'intérieur
53100.01,Galeries d'art,Techniciens/techniciennes en restauration et en conservation
53100.01,Musées,Techniciens/techniciennes en restauration et en conservation
53100.02,Galeries d'art,Encadreurs/encadreuses de tableaux
53100.02,Musées,Encadreurs/encadreuses de tableaux
53100.03,Aquariums,Interprètes de musée
53100.03,Galeries d'art,Interprètes de musée
53100.03,Jardins botaniques,Interprètes de musée
53100.03,Centres culturels,Interprètes de musée
53100.03,Sites historiques et patrimoniaux,Interprètes de musée
53100.03,Services d'interprétation,Interprètes de musée
53100.03,Musées,Interprètes de musée
53100.03,Sanctuaires naturels,Interprètes de musée
53100.03,Parcs,Interprètes de musée
53100.03,Jardins zoologiques,Interprètes de musée
53100.04,Galeries d'art,"Adjoints/adjointes à la conservation, les agents/agentes des services de vulgarisation, les techniciens/techniciennes en muséologie et les catalogueurs/catalogueuses et registraires de musée"
53100.04,Musées,"Adjoints/adjointes à la conservation, les agents/agentes des services de vulgarisation, les techniciens/techniciennes en muséologie et les catalogueurs/catalogueuses et registraires de musée"
53100.05,Galeries d'art,Taxidermistes
53100.05,Musées,Taxidermistes
53100.05,Établissements de vente au détail,Taxidermistes
53100.05,Travailleurs autonomes,Taxidermistes
53110.00,Gouvernements,Photographes
53110.00,Magazines,Photographes
53110.00,Musées,Photographes
53110.00,Journaux,Photographes
53110.00,Studios de photographie,Photographes
53110.00,Travailleurs autonomes,Photographes
53111.01,Compagnies de production de films et de vidéo,Grutiers/grutières en cinéma et radiotélédiffusion
53111.01,Studio d'enregistrement,Grutiers/grutières en cinéma et radiotélédiffusion
53111.01,Stations et réseaux de télévision,Grutiers/grutières en cinéma et radiotélédiffusion
53111.01,Compagnies et troupes de théâtre,Grutiers/grutières en cinéma et radiotélédiffusion
53111.02,Compagnies de production de films et de vidéo,Projectionnistes de cinéma
53111.02,Studio d'enregistrement,Projectionnistes de cinéma
53111.02,Stations et réseaux de télévision,Projectionnistes de cinéma
53111.02,Compagnies et troupes de théâtre,Projectionnistes de cinéma
53111.03,Compagnies de production de films et de vidéo,Accessoiristes et constructeurs/constructrices de décors
53111.03,Studio d'enregistrement,Accessoiristes et constructeurs/constructrices de décors
53111.03,Stations et réseaux de télévision,Accessoiristes et constructeurs/constructrices de décors
53111.03,Compagnies et troupes de théâtre,Accessoiristes et constructeurs/constructrices de décors
53111.04,Compagnies de production de films et de vidéo,Assistants/assistantes au script
53111.04,Studio d'enregistrement,Assistants/assistantes au script
53111.04,Stations et réseaux de télévision et de radio,Assistants/assistantes au script
53111.04,Compagnies et troupes de théâtre,Assistants/assistantes au script
53111.05,Compagnies de production de films et de vidéo,Machinistes et monteurs-régleurs/monteuses-régleuses de plateau
53111.05,Stations et réseaux de télévision,Machinistes et monteurs-régleurs/monteuses-régleuses de plateau
53111.05,Compagnies et troupes de théâtre,Machinistes et monteurs-régleurs/monteuses-régleuses de plateau
53111.06,Compagnies de production de films et de vidéo,Habilleurs/habilleuses
53111.06,Stations et réseaux de télévision,Habilleurs/habilleuses
53111.06,Compagnies et troupes de théâtre,Habilleurs/habilleuses
53111.07,Compagnies de production de films et de vidéo,Assistants/assistants à la réalisation
53111.07,Studio d'enregistrement,Assistants/assistants à la réalisation
53111.07,Stations et réseaux de télévision et de radio,Assistants/assistants à la réalisation
53111.07,Compagnies et troupes de théâtre,Assistants/assistants à la réalisation
53120.01,Compagnies de danse et de ballet,Danseurs/danseuses
53120.01,Boîtes de nuit et établissements similaires,Danseurs/danseuses
53120.01,Compagnies de production télévisuelle et cinématographique,Danseurs/danseuses
53120.02,Académies de danse,Professeurs/professeures de danse
53120.02,Écoles de danse,Professeurs/professeures de danse
53121.01,Entreprises cinématographiques,Acteurs/actrices et comédiens/comédiennes
53121.01,Compagnies de production télévisuelle,Acteurs/actrices et comédiens/comédiennes
53121.01,Compagnies de production théâtrale,Acteurs/actrices et comédiens/comédiennes
53121.01,Entreprises de production de vidéos,Acteurs/actrices et comédiens/comédiennes
53121.02,Collèges,Professeurs/professeures d'art dramatique
53121.02,Écoles d'art dramatique,Professeurs/professeures d'art dramatique
53121.02,Universités,Professeurs/professeures d'art dramatique
53121.03,Cirques,Artistes de cirque
53121.03,Travail autonome,Artistes de cirque
53122.01,Travail autonome,Peintres
53122.02,Travail autonome,Sculpteurs/sculpteures
53122.03,Écoles d’art,Professeurs/professeures d'art
53122.03,Collèges,Professeurs/professeures d'art
53122.03,Travail autonome,Professeurs/professeures d'art
53122.03,Universités,Professeurs/professeures d'art
53123.01,Entreprises de radiotélédiffusion,Ensembliers/ensemblières de théâtre
53123.01,Festivals,Ensembliers/ensemblières de théâtre
53123.01,Industries des arts de la scène,Ensembliers/ensemblières de théâtre
53123.02,Entreprises de vêtements et de tissus,Dessinateurs/dessinatrices de mode
53123.02,Travail autonome,Dessinateurs/dessinatrices de mode
53123.03,Entreprises de fabrication,Concepteurs/conceptrices d'expositions
53123.03,Musées,Concepteurs/conceptrices d'expositions
53123.03,Établissements de commerce de détail,Concepteurs/conceptrices d'expositions
53123.03,Travail autonome,Concepteurs/conceptrices d'expositions
53124.01,Travail autonome,Artisans sculpteurs/artisanes sculpteures
53124.02,Travail autonome,Souffleurs/souffleuses de verre
53124.03,Travail autonome,Orfèvres
53124.04,Travail autonome,Potiers/potières
53124.05,Travail autonome,Artisans vitraillistes/artisanes vitraillistes
53124.06,Travail autonome,Confectionneurs/confectionneuses d'instruments musicaux
53124.07,Travail autonome,Tisserands/tisserandes
53124.08,Associations d'artisans,Professeurs/professeures d'artisanat
53124.08,Collèges,Professeurs/professeures d'artisanat
53124.08,Studios privés,Professeurs/professeures d'artisanat
53124.08,Centres récréatifs,Professeurs/professeures d'artisanat
53124.08,Travail autonome,Professeurs/professeures d'artisanat
53124.09,Fleuristeries de grands établissements commerciaux,Décorateurs floraux/décoratrices florales
53124.09,Fleuristes,Décorateurs floraux/décoratrices florales
53124.09,Travail autonome,Décorateurs floraux/décoratrices florales
53125.00,"Manufactures de produits en tissu, en fourrure et en cuir",Patronniers/patronnières de produits textiles et d'articles en cuir et en fourrure
53125.00,Fabricants de patrons,Patronniers/patronnières de produits textiles et d'articles en cuir et en fourrure
53125.00,Travail autonome,Patronniers/patronnières de produits textiles et d'articles en cuir et en fourrure
53200.00,Organismes d'équipes d'athlétisme professionnel,Athlètes
53200.00,Travail autonome,Athlètes
53201.01,Organisations sportives provinciales ou nationales,Entraîneurs/entraîneuses
53201.01,Équipes sportives professionnelles ou amateures,Entraîneurs/entraîneuses
53201.01,Travail autonome,Entraîneurs/entraîneuses
53201.01,Clubs athlétiques et universités,Entraîneurs/entraîneuses
53201.02,Organisations sportives professionnelles,Dépisteurs sportifs/dépisteuses sportives
53202.00,"Commissions, organisations et ligues sportives nationales, provinciales et locales",Arbitres et officiels/officielles de sports
54100.01,Centres communautaires,Animateurs/animatrices et responsables de programmes de sports et de loisirs
54100.01,Institutions correctionnelles,Animateurs/animatrices et responsables de programmes de sports et de loisirs
54100.01,Ministères gouvernementaux,Animateurs/animatrices et responsables de programmes de sports et de loisirs
54100.01,Établissements de soins de santé,Animateurs/animatrices et responsables de programmes de sports et de loisirs
54100.01,Centres de plein air,Animateurs/animatrices et responsables de programmes de sports et de loisirs
54100.01,Entreprises privées,Animateurs/animatrices et responsables de programmes de sports et de loisirs
54100.01,Installations de loisirs,Animateurs/animatrices et responsables de programmes de sports et de loisirs
54100.01,Lieux de villégiature,Animateurs/animatrices et responsables de programmes de sports et de loisirs
54100.01,Maisons de retraite,Animateurs/animatrices et responsables de programmes de sports et de loisirs
54100.01,Clubs sportifs et de conditionnement physique,Animateurs/animatrices et responsables de programmes de sports et de loisirs
54100.01,Entreprises de tourisme,Animateurs/animatrices et responsables de programmes de sports et de loisirs
54100.02,Centres communautaires,Évaluateurs/évaluatrices de la condition physique
54100.02,Gouvernement fédéral,Évaluateurs/évaluatrices de la condition physique
54100.02,Organismes de santé et de sport,Évaluateurs/évaluatrices de la condition physique
54100.02,Administrations municipales,Évaluateurs/évaluatrices de la condition physique
54100.02,Gouvernements provinciaux,Évaluateurs/évaluatrices de la condition physique
54100.02,Établissements récréatifs,Évaluateurs/évaluatrices de la condition physique
54100.02,Travail autonome,Évaluateurs/évaluatrices de la condition physique
54100.02,Cabinets et organismes d'experts-conseils en sports et en conditionnement physique,Évaluateurs/évaluatrices de la condition physique
55109.01,Travail autonome,Amuseurs publics/amuseuses publiques
55109.01,"Rues, parcs et centres commerciaux",Amuseurs publics/amuseuses publiques
55109.02,Compagnies de publicité,Magiciens/magiciennes et illusionnistes
55109.02,Cirques,Magiciens/magiciennes et illusionnistes
55109.02,Compagnies de production,Magiciens/magiciennes et illusionnistes
55109.02,Travail autonome,Magiciens/magiciennes et illusionnistes
55109.02,Théâtres,Magiciens/magiciennes et illusionnistes
55109.03,Compagnies de publicité,Mannequins et modèles
55109.03,Agences de mannequins,Mannequins et modèles
55109.03,Compagnies de production,Mannequins et modèles
55109.04,Compagnies de publicité,Influenceurs
55109.04,Compagnies de production,Influenceurs
55109.04,Travail autonome,Influenceurs
60010.00,Établissements de ventes commerciales et industrielles,Directeurs/directrices des ventes corporatives
60010.00,Établissements de vente en gros et au détail,Directeurs/directrices des ventes corporatives
60020.00,Établissements de vente au détail,Directeurs/directrices - commerce de détail et de gros
60020.00,Gérant ou propriétaire de son propre magasin,Directeurs/directrices - commerce de détail et de gros
60020.00,Établissements de vente en gros,Directeurs/directrices - commerce de détail et de gros
60030.00,Établissements de services d'aliments et de boissons,Directeurs/directrices de la restauration et des services alimentaires
60030.00,Gérant ou propriétaire de son propre magasin,Directeurs/directrices de la restauration et des services alimentaires
60031.00,Hôtels,Directeurs/directrices des services d'hébergement
60031.00,Motels,Directeurs/directrices des services d'hébergement
60031.00,Autres lieux d'hébergement,Directeurs/directrices des services d'hébergement
60031.00,Lieux de villégiature,Directeurs/directrices des services d'hébergement
60031.00,Gérant ou propriétaire de son propre magasin,Directeurs/directrices des services d'hébergement
60031.00,Résidences pour étudiants,Directeurs/directrices des services d'hébergement
60040.00,Services de nettoyage à sec,Directeurs/directrices du service à la clientèle et des services personnels
60040.00,Salons de coiffure,Directeurs/directrices du service à la clientèle et des services personnels
60040.00,Services de nettoyage à domicile,Directeurs/directrices du service à la clientèle et des services personnels
60040.00,Écoles de formation non professionnelle,Directeurs/directrices du service à la clientèle et des services personnels
60040.00,Établissements offrant divers services,Directeurs/directrices du service à la clientèle et des services personnels
62010.00,Entreprises qui font de la vente de porte à porte ou par téléphone,Superviseurs/superviseures des ventes - commerce de détail
62010.00,Agences de location,Superviseurs/superviseures des ventes - commerce de détail
62010.00,Magasins et autres commerces de détail,Superviseurs/superviseures des ventes - commerce de détail
62010.00,Commerces en gros qui font de la vente de détail au public,Superviseurs/superviseures des ventes - commerce de détail
62020.00,Cafétérias,Superviseurs/superviseures des services alimentaires
62020.00,Services de traiteurs,Superviseurs/superviseures des services alimentaires
62020.00,Établissements de services alimentaires,Superviseurs/superviseures des services alimentaires
62020.00,Institutions de santé et autres institutions,Superviseurs/superviseures des services alimentaires
62020.00,Centres hospitaliers,Superviseurs/superviseures des services alimentaires
62021.00,Établissements avec services d'entretien ménager,Gouvernants principaux/gouvernantes principales
62021.00,Centres hospitaliers,Gouvernants principaux/gouvernantes principales
62021.00,Hôtels,Gouvernants principaux/gouvernantes principales
62022.00,Établissements de services des secteurs privé et public,"Superviseurs/superviseures des services d'hébergement, de voyages, de tourisme et des services connexes"
62023.01,Banques,Superviseurs/superviseures des représentants au service à la clientèle - services financiers
62023.01,Sociétés de fiducie,Superviseurs/superviseures des représentants au service à la clientèle - services financiers
62023.01,Établissements des secteurs privé et public,Superviseurs/superviseures des représentants au service à la clientèle - services financiers
62023.01,Institutions financières,Superviseurs/superviseures des représentants au service à la clientèle - services financiers
62023.01,Compagnies d'assurance,Superviseurs/superviseures des représentants au service à la clientèle - services financiers
62023.01,Sociétés de fonds communs de placement,Superviseurs/superviseures des représentants au service à la clientèle - services financiers
62023.02,Centres de contact,Superviseurs/superviseures des représentants au service à la clientèle (sauf services financiers)
62023.02,Établissements des secteurs privé et public,Superviseurs/superviseures des représentants au service à la clientèle (sauf services financiers)
62023.02,Établissements de commerce de détail,Superviseurs/superviseures des représentants au service à la clientèle (sauf services financiers)
62023.02,Companies de téléphonie et d'utilités,Superviseurs/superviseures des représentants au service à la clientèle (sauf services financiers)
62024.00,Établissements de ventes commerciales et industrielles,Surveillants/surveillantes des services de nettoyage
62024.00,Lieux historiques et patrimoniaux,Surveillants/surveillantes des services de nettoyage
62024.00,Centres hospitaliers et autres établissements de soins de santé,Surveillants/surveillantes des services de nettoyage
62024.00,Hôtels,Surveillants/surveillantes des services de nettoyage
62024.00,Motels,Surveillants/surveillantes des services de nettoyage
62024.00,Écoles et autres établissements d'enseignement,Surveillants/surveillantes des services de nettoyage
62024.00,Entreprises spécialisées de services de nettoyage,Surveillants/surveillantes des services de nettoyage
62029.00,Établissements de services des secteurs privé et public,Surveillants/surveillantes des autres services
62100.00,Compagnies de services informatiques,Spécialistes des ventes techniques - commerce de gros
62100.00,Firmes d'ingénieurs,Spécialistes des ventes techniques - commerce de gros
62100.00,Compagnies d'hydroélectricité,Spécialistes des ventes techniques - commerce de gros
62100.00,Industries de fabrication d'équipement industriel,Spécialistes des ventes techniques - commerce de gros
62100.00,Compagnies pharmaceutiques,Spécialistes des ventes techniques - commerce de gros
62100.00,Travail autonome,Spécialistes des ventes techniques - commerce de gros
62101.00,Établissements de vente en gros et au détail,Acheteurs/acheteuses des commerces de détail et de gros
62200.01,Commissionnaires centraux de l'alimentation,Premiers chefs/premières chefs
62200.01,Clubs et établissements similaires,Premiers chefs/premières chefs
62200.01,Centres hospitaliers et autres établissements de soins de santé,Premiers chefs/premières chefs
62200.01,Hôtels,Premiers chefs/premières chefs
62200.01,Restaurants,Premiers chefs/premières chefs
62200.01,Navires,Premiers chefs/premières chefs
62200.02,Commissionnaires centraux de l'alimentation,Sous-chefs
62200.02,Clubs et établissements similaires,Sous-chefs
62200.02,Centres hospitaliers et autres établissements de soins de santé,Sous-chefs
62200.02,Hôtels,Sous-chefs
62200.02,Restaurants,Sous-chefs
62200.02,Navires,Sous-chefs
62200.03,Commissionnaires centraux de l'alimentation,Chefs spécialisés/chefs spécialisées
62200.03,Clubs et établissements similaires,Chefs spécialisés/chefs spécialisées
62200.03,Centres hospitaliers et autres établissements de soins de santé,Chefs spécialisés/chefs spécialisées
62200.03,Hôtels,Chefs spécialisés/chefs spécialisées
62200.03,Restaurants,Chefs spécialisés/chefs spécialisées
62200.03,Navires,Chefs spécialisés/chefs spécialisées
62201.01,Salons funéraires,Directeurs/directrices de funérailles
62201.02,Salons funéraires,Embaumeurs/embaumeuses
62202.01,Fabriques de bijoux,Bijoutiers/bijoutières et personnel assimilé
62202.01,Ateliers de réparation de bijoux,Bijoutiers/bijoutières et personnel assimilé
62202.01,Bijouteries,Bijoutiers/bijoutières et personnel assimilé
62202.01,Travail autonome,Bijoutiers/bijoutières et personnel assimilé
62202.02,Fabriques d'horloges et de montres,Horlogers-rhabilleurs/horlogères-rhabilleuses
62202.02,Magasins de détail d'horloges et de montres,Horlogers-rhabilleurs/horlogères-rhabilleuses
62202.02,Travail autonome,Horlogers-rhabilleurs/horlogères-rhabilleuses
62202.02,Ateliers de réparation de montres,Horlogers-rhabilleurs/horlogères-rhabilleuses
63100.00,Entreprises de courtage,Agents/agentes et courtiers/courtières d'assurance
63100.00,Compagnies d'assurance,Agents/agentes et courtiers/courtières d'assurance
63101.00,Compagnies immobilières,Agents/agentes et vendeurs/vendeuses en immobilier
63102.00,Banques,Représentants/représentantes des ventes financières
63102.00,Sociétés de fiducie,Représentants/représentantes des ventes financières
63102.00,Institutions financières,Représentants/représentantes des ventes financières
63102.00,Sociétés de fonds communs de placement,Représentants/représentantes des ventes financières
63200.00,Commissionnaires centraux de l'alimentation,Cuisiniers/cuisinières
63200.00,Chantiers de construction et des camps de bûcherons,Cuisiniers/cuisinières
63200.00,Établissements d'enseignement,Cuisiniers/cuisinières
63200.00,Centres hospitaliers et autres établissements de soins de santé,Cuisiniers/cuisinières
63200.00,Hôtels,Cuisiniers/cuisinières
63200.00,Restaurants,Cuisiniers/cuisinières
63200.00,Navires,Cuisiniers/cuisinières
63201.00,Boucheries,Bouchers/bouchères - commerce de gros et de détail
63201.00,Poissonneries,Bouchers/bouchères - commerce de gros et de détail
63201.00,Supermarchés,Bouchers/bouchères - commerce de gros et de détail
63201.00,Travail autonome,Bouchers/bouchères - commerce de gros et de détail
63202.00,Boulangeries-pâtisseries,Boulangers-pâtissiers/boulangères-pâtissières
63202.00,Services de traiteurs,Boulangers-pâtissiers/boulangères-pâtissières
63202.00,Centres hospitaliers et autres établissements de soins de santé,Boulangers-pâtissiers/boulangères-pâtissières
63202.00,Hôtels,Boulangers-pâtissiers/boulangères-pâtissières
63202.00,Restaurants,Boulangers-pâtissiers/boulangères-pâtissières
63202.00,Travail autonome,Boulangers-pâtissiers/boulangères-pâtissières
63202.00,Supermarchés,Boulangers-pâtissiers/boulangères-pâtissières
63210.01,Salons de barbiers,Coiffeurs/coiffeuses
63210.01,Salons de coiffure,Coiffeurs/coiffeuses
63210.01,Institutions de santé et autres institutions,Coiffeurs/coiffeuses
63210.01,Travail autonome,Coiffeurs/coiffeuses
63210.01,"Théâtre, studios de cinéma et de télévision",Coiffeurs/coiffeuses
63210.01,Écoles de formation professionnelle,Coiffeurs/coiffeuses
63210.02,Salons de barbiers,Barbiers/barbières
63210.02,Salons de coiffure,Barbiers/barbières
63210.02,Institutions de santé et autres institutions,Barbiers/barbières
63210.02,Travail autonome,Barbiers/barbières
63210.02,"Théâtre, studios de cinéma et de télévision",Barbiers/barbières
63210.02,Écoles de formation professionnelle,Barbiers/barbières
63211.01,Salons de beauté,Esthéticiens/esthéticiennes
63211.01,Travail autonome,Esthéticiens/esthéticiennes
63211.02,Salons de beauté,Cosméticiens/cosméticiennes
63211.02,Rayon des produits de beauté de commerce comme des pharmacies ou des grands magasins,Cosméticiens/cosméticiennes
63211.02,Travail autonome,Cosméticiens/cosméticiennes
63211.03,Salons de beauté,Électrolystes
63211.03,Studios d'électrolyse,Électrolystes
63211.03,Travail autonome,Électrolystes
63211.04,Salons de beauté,Manucures et pédicures
63211.04,Travail autonome,Manucures et pédicures
63211.05,Salons de beauté,Spécialistes du cuir chevelu
63211.05,Cliniques de greffe de cheveux,Spécialistes du cuir chevelu
63211.05,Travail autonome,Spécialistes du cuir chevelu
63211.06,Travail autonome,Tatoueurs/tatoueuses
63211.06,Studios de tatouages,Tatoueurs/tatoueuses
63211.07,Cliniques de greffe de cheveux,Techniciens/techniciennes en greffe de cheveux (non médicaux)
63211.07,Travail autonome,Techniciens/techniciennes en greffe de cheveux (non médicaux)
63220.01,Établissements de fabrication de chaussures,Fabricants/fabricantes de chaussures
63220.01,Travail autonome,Fabricants/fabricantes de chaussures
63220.01,Ateliers de réparation de chaussures,Fabricants/fabricantes de chaussures
63220.02,Établissements de fabrication de chaussures,Cordonniers/cordonnières
63220.02,Travail autonome,Cordonniers/cordonnières
63220.02,Ateliers de réparation de chaussures,Cordonniers/cordonnières
63221.00,Entreprises de réparation de meubles,Tapissiers-garnisseurs/tapissières-garnisseuses
63221.00,Entreprises de vente de meubles,Tapissiers-garnisseurs/tapissières-garnisseuses
63221.00,"Fabricants de meubles, d'aéronefs, de véhicules automobiles et autres entreprises de fabrication",Tapissiers-garnisseurs/tapissières-garnisseuses
63221.00,Travail autonome,Tapissiers-garnisseurs/tapissières-garnisseuses
64100.01,Magasins et autres commerces de détail,Vendeurs/vendeuses - commerce de détail
64100.01,Commerces en gros qui font de la vente de détail au public,Vendeurs/vendeuses - commerce de détail
64100.02,Commerce de détail,Décorateurs/décoratrices - étalagistes
64100.02,Commerces de gros,Décorateurs/décoratrices - étalagistes
64101.00,Sociétés de services aux entreprises,Représentants/représentantes des ventes et des comptes - commerce de gros (non-technique)
64101.00,Fabricants de vêtements,Représentants/représentantes des ventes et des comptes - commerce de gros (non-technique)
64101.00,"Établissements de traitement des aliments, des boissons et du tabac",Représentants/représentantes des ventes et des comptes - commerce de gros (non-technique)
64101.00,Hôtels,Représentants/représentantes des ventes et des comptes - commerce de gros (non-technique)
64101.00,Fabricants de voitures et de pièces d'automobile,Représentants/représentantes des ventes et des comptes - commerce de gros (non-technique)
64101.00,Compagnies pétrolières,Représentants/représentantes des ventes et des comptes - commerce de gros (non-technique)
64101.00,Entreprises de transport,Représentants/représentantes des ventes et des comptes - commerce de gros (non-technique)
64200.01,Ateliers de réparation de vêtements,"Tailleurs/tailleuses, Couturiers/couturières et Retoucheurs/retoucheuses"
64200.01,Détaillants de vêtements,"Tailleurs/tailleuses, Couturiers/couturières et Retoucheurs/retoucheuses"
64200.01,Entreprises de nettoyage à sec,"Tailleurs/tailleuses, Couturiers/couturières et Retoucheurs/retoucheuses"
64200.01,Entreprises de fabrication de vêtements,"Tailleurs/tailleuses, Couturiers/couturières et Retoucheurs/retoucheuses"
64200.01,Travailleurs autonomes,"Tailleurs/tailleuses, Couturiers/couturières et Retoucheurs/retoucheuses"
64200.02,Ateliers de réparation de vêtements,Fourreurs/fourreuses
64200.02,Détaillants de vêtements,Fourreurs/fourreuses
64200.02,Entreprises de nettoyage à sec,Fourreurs/fourreuses
64200.02,Entreprises de fabrication de vêtements,Fourreurs/fourreuses
64200.02,Travailleurs autonomes,Fourreurs/fourreuses
64200.03,Ateliers de réparation de vêtements,Modistes
64200.03,Détaillants de vêtements,Modistes
64200.03,Entreprises de nettoyage à sec,Modistes
64200.03,Entreprises de fabrication de vêtements,Modistes
64200.03,Travailleurs autonomes,Modistes
64201.01,Salons de beauté,Conseillers imagistes/conseillères imagistes
64201.01,Boutiques de mode,Conseillers imagistes/conseillères imagistes
64201.01,Cabinets de conseil en image,Conseillers imagistes/conseillères imagistes
64201.01,Écoles de mannequins,Conseillers imagistes/conseillères imagistes
64201.01,Travailleurs autonomes,Conseillers imagistes/conseillères imagistes
64201.02,Salons de beauté,Conseillers/conseillères en services de mariage
64201.02,Boutiques de mode,Conseillers/conseillères en services de mariage
64201.02,Cabinets de conseil en image,Conseillers/conseillères en services de mariage
64201.02,Écoles de mannequins,Conseillers/conseillères en services de mariage
64201.02,Travailleurs autonomes,Conseillers/conseillères en services de mariage
64201.03,Salons de beauté,Conseillers/conseillères en perte de poids
64201.03,Boutiques de mode,Conseillers/conseillères en perte de poids
64201.03,Cabinets de conseil en image,Conseillers/conseillères en perte de poids
64201.03,Écoles de mannequins,Conseillers/conseillères en perte de poids
64201.03,Travailleurs autonomes,Conseillers/conseillères en perte de poids
64201.03,Travail autonome,Conseillers/conseillères en perte de poids
64201.03,Compagnies d'imagistes-conseils,Conseillers/conseillères en perte de poids
64300.00,Salon-bars,Maîtres d'hôtel et hôtes/hôtesses
64300.00,Salles à manger des hôtels,Maîtres d'hôtel et hôtes/hôtesses
64300.00,Clubs privés,Maîtres d'hôtel et hôtes/hôtesses
64300.00,Restaurants,Maîtres d'hôtel et hôtes/hôtesses
64301.00,Salles de banquets,Barmans/barmaids
64301.00,Bars,Barmans/barmaids
64301.00,Hôtels,Barmans/barmaids
64301.00,Établissements dotés d'un permis d'alcool,Barmans/barmaids
64301.00,Clubs privés,Barmans/barmaids
64301.00,Restaurants,Barmans/barmaids
64301.00,Tavernes,Barmans/barmaids
64310.00,Chaînes d'hôtel,Conseillers/conseillères en voyages
64310.00,Entreprises de tourisme,Conseillers/conseillères en voyages
64310.00,Entreprises de transport,Conseillers/conseillères en voyages
64310.00,Agences de voyages,Conseillers/conseillères en voyages
64311.01,Compagnies aériennes,Agents/agentes de bord - transport aérien
64311.02,Compagnies aériennes,"Commissaires de bord, directeurs/directrices du service à la clientèle et directeurs/directrices de service aux passagers"
64311.03,Compagnies touristiques de voyages organisés et de croisières,Commissaires de marine
64312.01,Compagnies aériennes,Agents/agentes aux passagers et de billetterie - transport aérien
64312.02,Compagnies aériennes,Agents/agentes de fret aérien et d'escale
64312.03,Compagnies aériennes,Agents/agentes de réservations
64313.01,Opérateurs de bateau de croisières,Agents/agentes de billetterie et personnel assimilé (sauf transport aérien)
64313.01,Compagnies d'autobus et des compagnies ferroviaires,Agents/agentes de billetterie et personnel assimilé (sauf transport aérien)
64313.01,Entreprises d'expédition et d'acheminement de fret,Agents/agentes de billetterie et personnel assimilé (sauf transport aérien)
64313.01,Services de transport en commun,Agents/agentes de billetterie et personnel assimilé (sauf transport aérien)
64313.01,Grossistes en voyages,Agents/agentes de billetterie et personnel assimilé (sauf transport aérien)
64313.02,Opérateurs de bateau de croisières,Représentants/représentantes du service à la clientèle en matière de fret (sauf transport aérien)
64313.02,Compagnies d'autobus et des compagnies ferroviaires,Représentants/représentantes du service à la clientèle en matière de fret (sauf transport aérien)
64313.02,Entreprises d'expédition et d'acheminement de fret,Représentants/représentantes du service à la clientèle en matière de fret (sauf transport aérien)
64313.02,Services de transport en commun,Représentants/représentantes du service à la clientèle en matière de fret (sauf transport aérien)
64313.02,Grossistes en voyages,Représentants/représentantes du service à la clientèle en matière de fret (sauf transport aérien)
64314.00,Hôtels,Réceptionnistes d'hôtel
64314.00,Motels,Réceptionnistes d'hôtel
64314.00,Lieux de villégiature,Réceptionnistes d'hôtel
64320.01,Lieux de villégiature ou autres établissements,Guides touristiques
64320.01,Travail autonome,Guides touristiques
64320.01,Voyagistes,Guides touristiques
64320.02,Lieux de villégiature ou autres établissements,Guides itinérants/guides itinérantes
64320.02,Travail autonome,Guides itinérants/guides itinérantes
64320.02,Voyagistes,Guides itinérants/guides itinérantes
64321.00,Casinos,Travailleurs/travailleuses dans les casinos
64322.00,Entreprises privées et centres de villégiature,Guides d'activités récréatives et sportives de plein air
64322.00,Travail autonome,Guides d'activités récréatives et sportives de plein air
64400.00,Banques,Représentants/représentantes au service à la clientèle - institutions financières
64400.00,Sociétés de fiducie,Représentants/représentantes au service à la clientèle - institutions financières
64400.00,Institutions financières,Représentants/représentantes au service à la clientèle - institutions financières
64400.00,Sociétés de fonds communs de placement,Représentants/représentantes au service à la clientèle - institutions financières
64401.00,Société canadienne des postes,Représentants/représentantes des services postaux
64401.00,Entreprises de messageries,Représentants/représentantes des services postaux
64401.00,Établissements des secteurs privé et public,Représentants/représentantes des services postaux
64401.00,Services de messageries et d'expédition de colis,Représentants/représentantes des services postaux
64409.00,Établissements de commerce de détail,Autres préposés/autres préposées aux services d'information et aux services à la clientèle
64410.01,Entreprises,Gardiens/gardiennes de sécurité
64410.01,"Institutions éducatives, culturelles, financières et de santé",Gardiens/gardiennes de sécurité
64410.01,Installations industrielles,Gardiens/gardiennes de sécurité
64410.01,Services de sécurité et d'enquête,Gardiens/gardiennes de sécurité
64410.01,Organisations des secteurs privé et public,Gardiens/gardiennes de sécurité
64410.01,Agences de sécurité publiques et privées,Gardiens/gardiennes de sécurité
64410.01,Complexes résidentiels,Gardiens/gardiennes de sécurité
64410.01,Établissements de commerce de détail,Gardiens/gardiennes de sécurité
64410.01,Travail autonome,Gardiens/gardiennes de sécurité
64410.01,Installations de transport,Gardiens/gardiennes de sécurité
64410.02,Entreprises,Gardiens/gardiennes de voiture blindée
64410.02,"Institutions éducatives, culturelles, financières et de santé",Gardiens/gardiennes de voiture blindée
64410.02,Installations industrielles,Gardiens/gardiennes de voiture blindée
64410.02,Services de sécurité et d'enquête,Gardiens/gardiennes de voiture blindée
64410.02,Organisations des secteurs privé et public,Gardiens/gardiennes de voiture blindée
64410.02,Agences de sécurité publiques et privées,Gardiens/gardiennes de voiture blindée
64410.02,Complexes résidentiels,Gardiens/gardiennes de voiture blindée
64410.02,Établissements de commerce de détail,Gardiens/gardiennes de voiture blindée
64410.02,Travail autonome,Gardiens/gardiennes de voiture blindée
64410.02,Installations de transport,Gardiens/gardiennes de voiture blindée
64410.03,Entreprises,Agents/agentes de sécurité d'entreprises
64410.03,"Institutions éducatives, culturelles, financières et de santé",Agents/agentes de sécurité d'entreprises
64410.03,Installations industrielles,Agents/agentes de sécurité d'entreprises
64410.03,Services de sécurité et d'enquête,Agents/agentes de sécurité d'entreprises
64410.03,Organisations des secteurs privé et public,Agents/agentes de sécurité d'entreprises
64410.03,Agences de sécurité publiques et privées,Agents/agentes de sécurité d'entreprises
64410.03,Complexes résidentiels,Agents/agentes de sécurité d'entreprises
64410.03,Établissements de commerce de détail,Agents/agentes de sécurité d'entreprises
64410.03,Travail autonome,Agents/agentes de sécurité d'entreprises
64410.03,Installations de transport,Agents/agentes de sécurité d'entreprises
64410.04,Entreprises,Enquêteurs privés/enquêteuses privées
64410.04,"Institutions éducatives, culturelles, financières et de santé",Enquêteurs privés/enquêteuses privées
64410.04,Installations industrielles,Enquêteurs privés/enquêteuses privées
64410.04,Services de sécurité et d'enquête,Enquêteurs privés/enquêteuses privées
64410.04,Organisations des secteurs privé et public,Enquêteurs privés/enquêteuses privées
64410.04,Agences de sécurité publiques et privées,Enquêteurs privés/enquêteuses privées
64410.04,Complexes résidentiels,Enquêteurs privés/enquêteuses privées
64410.04,Établissements de commerce de détail,Enquêteurs privés/enquêteuses privées
64410.04,Travail autonome,Enquêteurs privés/enquêteuses privées
64410.04,Installations de transport,Enquêteurs privés/enquêteuses privées
64410.05,Entreprises,Agents/agentes de prévention des vols
64410.05,"Institutions éducatives, culturelles, financières et de santé",Agents/agentes de prévention des vols
64410.05,Installations industrielles,Agents/agentes de prévention des vols
64410.05,Services de sécurité et d'enquête,Agents/agentes de prévention des vols
64410.05,Organisations des secteurs privé et public,Agents/agentes de prévention des vols
64410.05,Agences de sécurité publiques et privées,Agents/agentes de prévention des vols
64410.05,Complexes résidentiels,Agents/agentes de prévention des vols
64410.05,Établissements de commerce de détail,Agents/agentes de prévention des vols
64410.05,Travail autonome,Agents/agentes de prévention des vols
64410.05,Installations de transport,Agents/agentes de prévention des vols
65100.00,Bureaux d'affaire et d'autres entreprises de services,Caissiers/caissières
65100.00,Bureaux de change,Caissiers/caissières
65100.00,Administrations publiques,Caissiers/caissières
65100.00,Centres sportifs et récréatifs,Caissiers/caissières
65100.00,Restaurants,Caissiers/caissières
65100.00,Établissements de vente en gros et au détail,Caissiers/caissières
65100.00,Magasins,Caissiers/caissières
65100.00,Théâtres,Caissiers/caissières
65101.00,Stations-service pour automobiles,Préposés/préposées de stations-service
65102.00,Grands magasins,"Garnisseurs/garnisseuses de tablettes, commis et préposés/préposées aux commandes dans les magasins"
65102.00,Supermarchés,"Garnisseurs/garnisseuses de tablettes, commis et préposés/préposées aux commandes dans les magasins"
65102.00,Quincailleries,"Garnisseurs/garnisseuses de tablettes, commis et préposés/préposées aux commandes dans les magasins"
65102.00,Entrepôts,"Garnisseurs/garnisseuses de tablettes, commis et préposés/préposées aux commandes dans les magasins"
65109.01,Établissements de commerce de détail,Distributeurs/distributrices et Démonstrateurs/démonstratrices
65109.01,Travail autonome,Distributeurs/distributrices et Démonstrateurs/démonstratrices
65109.01,Établissements de vente en gros,Distributeurs/distributrices et Démonstrateurs/démonstratrices
65109.02,Établissements de commerce de détail,Vendeurs/vendeuses de porte à porte
65109.02,Travail autonome,Vendeurs/vendeuses de porte à porte
65109.02,Établissements de vente en gros,Vendeurs/vendeuses de porte à porte
65109.03,Centres d'appel,Préposés/préposées à la sollicitation par téléphone et télévendeurs/télévendeuses
65109.03,Établissements de commerce de détail,Préposés/préposées à la sollicitation par téléphone et télévendeurs/télévendeuses
65109.03,Établissements de vente en gros,Préposés/préposées à la sollicitation par téléphone et télévendeurs/télévendeuses
65200.00,Salles de banquets,Serveurs/serveuses d'aliments et de boissons
65200.00,Bars,Serveurs/serveuses d'aliments et de boissons
65200.00,Hôtels,Serveurs/serveuses d'aliments et de boissons
65200.00,Clubs privés,Serveurs/serveuses d'aliments et de boissons
65200.00,Restaurants,Serveurs/serveuses d'aliments et de boissons
65200.00,Tavernes,Serveurs/serveuses d'aliments et de boissons
65201.01,Cafétérias,Serveurs/serveuses au comptoir et préparateurs/préparatrices d'aliments
65201.01,Cafés,Serveurs/serveuses au comptoir et préparateurs/préparatrices d'aliments
65201.01,Comptoirs de restauration rapide,Serveurs/serveuses au comptoir et préparateurs/préparatrices d'aliments
65201.01,Centres hospitaliers,Serveurs/serveuses au comptoir et préparateurs/préparatrices d'aliments
65201.01,Hôtels,Serveurs/serveuses au comptoir et préparateurs/préparatrices d'aliments
65201.01,Clubs privés,Serveurs/serveuses au comptoir et préparateurs/préparatrices d'aliments
65201.01,Restaurants,Serveurs/serveuses au comptoir et préparateurs/préparatrices d'aliments
65201.02,Cafétérias,Aides de cuisine
65201.02,Cafés,Aides de cuisine
65201.02,Comptoirs de restauration rapide,Aides de cuisine
65201.02,Centres hospitaliers,Aides de cuisine
65201.02,Hôtels,Aides de cuisine
65201.02,Restaurants,Aides de cuisine
65201.03,Cafétérias,Aides de services alimentaires
65201.03,Cafés,Aides de services alimentaires
65201.03,Comptoirs de restauration rapide,Aides de services alimentaires
65201.03,Centres hospitaliers,Aides de services alimentaires
65201.03,Hôtels,Aides de services alimentaires
65201.03,Restaurants,Aides de services alimentaires
65201.04,Cafétérias,Plongeurs/plongeuses
65201.04,Cafés,Plongeurs/plongeuses
65201.04,Comptoirs de restauration rapide,Plongeurs/plongeuses
65201.04,Centres hospitaliers,Plongeurs/plongeuses
65201.04,Hôtels,Plongeurs/plongeuses
65201.04,Restaurants,Plongeurs/plongeuses
65202.00,Poissonneries,Coupeurs/coupeuses de viande et poissonniers/poissonnières - commerce de gros et de détail
65202.00,Supermarchés,Coupeurs/coupeuses de viande et poissonniers/poissonnières - commerce de gros et de détail
65202.00,Travailleurs autonomes,Coupeurs/coupeuses de viande et poissonniers/poissonnières - commerce de gros et de détail
65210.01,Hôtels,Préposés/préposées aux services à la clientèle et porteurs/porteuses de bagages
65210.02,Compagnies de croisières,Préposés/préposées aux passagers à bord de navires et au service ferroviaire
65210.02,Compagnies de transport par voies navigables,Préposés/préposées aux passagers à bord de navires et au service ferroviaire
65210.03,Hôtels,Travailleurs/travailleuses en installations
65210.03,Usines de fabrication et de traitement,Travailleurs/travailleuses en installations
65210.03,Entrepôts de commerce détail et de gros,Travailleurs/travailleuses en installations
65210.03,"Entreprises de transport, d'entreposage et des compagnies de déménagement",Travailleurs/travailleuses en installations
65211.01,Parcs d'attractions,Exploitants/exploitantes d'attraction foraine
65211.01,Carnavals,Exploitants/exploitantes d'attraction foraine
65211.01,Expositions,Exploitants/exploitantes d'attraction foraine
65211.01,Foires,Exploitants/exploitantes d'attraction foraine
65211.01,Travailleurs autonomes,Exploitants/exploitantes d'attraction foraine
65211.02,Parcs d'attractions,"Préposés/préposées dans les parcs d'attractions, les sports et les loisirs"
65211.02,Arénas,"Préposés/préposées dans les parcs d'attractions, les sports et les loisirs"
65211.02,Salons de billards,"Préposés/préposées dans les parcs d'attractions, les sports et les loisirs"
65211.02,Salles de quilles,"Préposés/préposées dans les parcs d'attractions, les sports et les loisirs"
65211.02,Terrains de camping,"Préposés/préposées dans les parcs d'attractions, les sports et les loisirs"
65211.02,Carnavals,"Préposés/préposées dans les parcs d'attractions, les sports et les loisirs"
65211.02,Expositions,"Préposés/préposées dans les parcs d'attractions, les sports et les loisirs"
65211.02,Foires,"Préposés/préposées dans les parcs d'attractions, les sports et les loisirs"
65211.02,Terrains de golf,"Préposés/préposées dans les parcs d'attractions, les sports et les loisirs"
65211.02,Centres sportifs et récréatifs,"Préposés/préposées dans les parcs d'attractions, les sports et les loisirs"
65211.02,Centres de ski,"Préposés/préposées dans les parcs d'attractions, les sports et les loisirs"
65211.02,Clubs de tennis,"Préposés/préposées dans les parcs d'attractions, les sports et les loisirs"
65220.00,Cliniques vétérinaires,Soigneurs/soigneuses d'animaux et travailleurs/travailleuses en soins des animaux
65220.00,Hôpitaux vétérinaires,Soigneurs/soigneuses d'animaux et travailleurs/travailleuses en soins des animaux
65220.00,Refuges pour animaux,Soigneurs/soigneuses d'animaux et travailleurs/travailleuses en soins des animaux
65220.00,Chenils d'élevage et de garde des animaux,Soigneurs/soigneuses d'animaux et travailleurs/travailleuses en soins des animaux
65220.00,Écoles de dressage de chiens,Soigneurs/soigneuses d'animaux et travailleurs/travailleuses en soins des animaux
65220.00,Laboratoires,Soigneurs/soigneuses d'animaux et travailleurs/travailleuses en soins des animaux
65220.00,Établissements de toilettage d'animaux,Soigneurs/soigneuses d'animaux et travailleurs/travailleuses en soins des animaux
65220.00,Animaleries,Soigneurs/soigneuses d'animaux et travailleurs/travailleuses en soins des animaux
65220.00,Travailleurs autonomes,Soigneurs/soigneuses d'animaux et travailleurs/travailleuses en soins des animaux
65220.00,Jardins zoologiques,Soigneurs/soigneuses d'animaux et travailleurs/travailleuses en soins des animaux
65229.00,Centres d'appel,Autre professions de soutien dans les services personnels
65229.00,Travailleurs autonomes,Autre professions de soutien dans les services personnels
65310.01,Entreprises de gestion d'immeubles,Préposés/préposées à l'entretien ménager et au nettoyage - travaux légers
65310.01,Entreprises de nettoyage,Préposés/préposées à l'entretien ménager et au nettoyage - travaux légers
65310.01,Centres hospitaliers,Préposés/préposées à l'entretien ménager et au nettoyage - travaux légers
65310.01,Hôtels,Préposés/préposées à l'entretien ménager et au nettoyage - travaux légers
65310.01,Motels,Préposés/préposées à l'entretien ménager et au nettoyage - travaux légers
65310.01,Particuliers,Préposés/préposées à l'entretien ménager et au nettoyage - travaux légers
65310.01,Installations de loisirs,Préposés/préposées à l'entretien ménager et au nettoyage - travaux légers
65310.01,Lieux de villégiature,Préposés/préposées à l'entretien ménager et au nettoyage - travaux légers
65310.02,Milieux résidentiels,Préposés/préposées à l'entretien ménager
65310.02,Résidences privées,Préposés/préposées à l'entretien ménager
65311.01,Travailleurs autonomes,Nettoyeurs/nettoyeuses de tapis et de meubles rembourrés
65311.01,Compagnies de nettoyage spécialisé,Nettoyeurs/nettoyeuses de tapis et de meubles rembourrés
65311.02,Travailleurs autonomes,Ramoneurs/ramoneuses et Nettoyeurs/nettoyeuses au jet de sable
65311.02,Compagnies de nettoyage spécialisé,Ramoneurs/ramoneuses et Nettoyeurs/nettoyeuses au jet de sable
65311.03,Travailleurs autonomes,Nettoyeurs/nettoyeuses de fournaises et de systèmes de ventilation
65311.03,Compagnies de nettoyage spécialisé,Nettoyeurs/nettoyeuses de fournaises et de systèmes de ventilation
65311.04,Travailleurs autonomes,Nettoyeurs/nettoyeuses de véhicules
65311.04,Compagnies de nettoyage spécialisé,Nettoyeurs/nettoyeuses de véhicules
65311.05,Travailleurs autonomes,Nettoyeurs/nettoyeuses de vitres
65311.05,Compagnies de nettoyage spécialisé,Nettoyeurs/nettoyeuses de vitres
65312.00,Sociétés de gestion d’immeubles et d’appartements,Concierges et nettoyeurs/nettoyeuses – gros travaux
65312.00,Sociétés d'immeuble en copropriété,Concierges et nettoyeurs/nettoyeuses – gros travaux
65312.00,Établissements d'enseignement,Concierges et nettoyeurs/nettoyeuses – gros travaux
65312.00,Établissements de soins de santé,Concierges et nettoyeurs/nettoyeuses – gros travaux
65312.00,Établissements industriels,Concierges et nettoyeurs/nettoyeuses – gros travaux
65312.00,Compagnies de gestion d'édifices à bureau,Concierges et nettoyeurs/nettoyeuses – gros travaux
65312.00,Installations de loisirs,Concierges et nettoyeurs/nettoyeuses – gros travaux
65312.00,Établissements religieux,Concierges et nettoyeurs/nettoyeuses – gros travaux
65312.00,Centres commerciaux,Concierges et nettoyeurs/nettoyeuses – gros travaux
65320.01,Entreprises de nettoyage à sec et de buanderie,Opérateurs/opératrices de machines de nettoyage à sec et de blanchisseries
65320.01,Entreprises de nettoyage de fourrures,Opérateurs/opératrices de machines de nettoyage à sec et de blanchisseries
65320.01,"Services de buanderie des hôtels, des centres hospitaliers et d'autres établissements similaires",Opérateurs/opératrices de machines de nettoyage à sec et de blanchisseries
65320.02,Entreprises de nettoyage à sec et de buanderie,Assembleurs/assembleuses et inspecteurs/inspectrices de machines de nettoyage à sec et de blanchisseries
65320.02,Entreprises de nettoyage de fourrures,Assembleurs/assembleuses et inspecteurs/inspectrices de machines de nettoyage à sec et de blanchisseries
65320.02,"Services de buanderie des hôtels, des centres hospitaliers et d'autres établissements similaires",Assembleurs/assembleuses et inspecteurs/inspectrices de machines de nettoyage à sec et de blanchisseries
65320.03,Entreprises de nettoyage à sec et de buanderie,"Repasseurs/repasseuses, presseurs/presseuses et finisseurs/finisseuses"
65320.03,Entreprises de nettoyage de fourrures,"Repasseurs/repasseuses, presseurs/presseuses et finisseurs/finisseuses"
65320.03,"Services de buanderie des hôtels, des centres hospitaliers et d'autres établissements similaires","Repasseurs/repasseuses, presseurs/presseuses et finisseurs/finisseuses"
65329.01,Salons de beauté,Préposés/préposées de salon de coiffure
65329.02,Entreprises de services au détail et d'autres établissements,Portiers/portières
65329.03,Salons funéraires ou coopératives funéraires,Préposés/préposées de salon funéraire
65329.04,Entreprises de laverie automatique,Préposés/préposées de laverie automatique
65329.04,Entreprises de services au détail et d'autres établissements,Préposés/préposées de laverie automatique
65329.05,Hôtels,Préposés/préposées de terrain de stationnement et préposés/préposées aux voitures
65329.05,Stationnement,Préposés/préposées de terrain de stationnement et préposés/préposées aux voitures
65329.05,Entreprises de services au détail et d'autres établissements,Préposés/préposées de terrain de stationnement et préposés/préposées aux voitures
65329.06,Entreprises de services au détail et d'autres établissements,Placeurs/placeuses et receveurs/receveuses de billets
65329.07,Entreprises de services au détail et d'autres établissements,Autres travailleurs élémentaires/travailleuses élémentaires des services
65329.07,Travailleurs autonomes,Autres travailleurs élémentaires/travailleuses élémentaires des services
70010.00,Services de construction d'entreprises à l’extérieur de l’industrie de la construction,Directeurs/directrices de la construction
70010.00,"Entreprises de construction domiciliaire, commerciale et industrielle",Directeurs/directrices de la construction
70011.00,Gérant ou propriétaire de son propre magasin,Gestionnaires en construction et rénovation domiciliaire
70012.01,Aéroports,Directeurs/directrices d'exploitation d'immeubles
70012.01,Canaux,Directeurs/directrices d'exploitation d'immeubles
70012.01,Centres de congrès,Directeurs/directrices d'exploitation d'immeubles
70012.01,Installations portuaires,Directeurs/directrices d'exploitation d'immeubles
70012.01,Complexes de bureaux,Directeurs/directrices d'exploitation d'immeubles
70012.01,Installations de loisirs,Directeurs/directrices d'exploitation d'immeubles
70012.01,Centre commerciaux,Directeurs/directrices d'exploitation d'immeubles
70012.01,Entrepôts,Directeurs/directrices d'exploitation d'immeubles
70012.02,Aéroports,Directeurs/directrices de l'entretien d'immeubles
70012.02,Institutions d'enseignement,Directeurs/directrices de l'entretien d'immeubles
70012.02,Silos portuaires,Directeurs/directrices de l'entretien d'immeubles
70012.02,Installations portuaires,Directeurs/directrices de l'entretien d'immeubles
70012.02,Établissements de soins de santé,Directeurs/directrices de l'entretien d'immeubles
70012.02,Services d'entretien et de génie mécanique d'entreprises de fabrication et d'autres entreprises industrielles,Directeurs/directrices de l'entretien d'immeubles
70012.02,Immeubles à bureaux,Directeurs/directrices de l'entretien d'immeubles
70012.02,Centre commerciaux,Directeurs/directrices de l'entretien d'immeubles
70012.02,Installations sportives,Directeurs/directrices de l'entretien d'immeubles
70012.02,Universités,Directeurs/directrices de l'entretien d'immeubles
70012.02,Entrepôts,Directeurs/directrices de l'entretien d'immeubles
70020.01,Lignes aériennes,Directeurs/directrices des transports - opérations
70020.01,Lignes d'autobus,Directeurs/directrices des transports - opérations
70020.01,Systèmes de transport en commun,Directeurs/directrices des transports - opérations
70020.01,Compagnies de chemin de fer,Directeurs/directrices des transports - opérations
70020.01,Agences d’expédition,Directeurs/directrices des transports - opérations
70020.01,Entreprises de camionnage,Directeurs/directrices des transports - opérations
70020.02,Entreprises d'expédition de marchandises,Directeurs/directrices des transports - mouvement du fret
70020.02,Entreprises de transport,Directeurs/directrices des transports - mouvement du fret
70020.02,"Services de transport d'entreprises des secteurs du commerce au détail, de la fabrication et des services d'utilité publique",Directeurs/directrices des transports - mouvement du fret
70021.00,Société canadienne des postes,Directeurs/directrices des services postaux et de messageries
70021.00,Entreprises de messageries,Directeurs/directrices des services postaux et de messageries
72010.00,Ateliers d'usinage,"Entrepreneurs/entrepreneuses et contremaîtres/contremaîtresses des machinistes et du personnel des métiers du formage, du profilage et du montage des métaux et personnel assimilé"
72010.00,Entreprises de fabrication,"Entrepreneurs/entrepreneuses et contremaîtres/contremaîtresses des machinistes et du personnel des métiers du formage, du profilage et du montage des métaux et personnel assimilé"
72010.00,"Entreprises de fabrication, de transformation et montage de produits de métal","Entrepreneurs/entrepreneuses et contremaîtres/contremaîtresses des machinistes et du personnel des métiers du formage, du profilage et du montage des métaux et personnel assimilé"
72011.00,Compagnies de câblodistribution et de télévision par satellite,Entrepreneurs/entrepreneuses et contremaîtres/contremaîtresses en électricité et en télécommunications
72011.00,Compagnies de télédistribution,Entrepreneurs/entrepreneuses et contremaîtres/contremaîtresses en électricité et en télécommunications
72011.00,"Entreprises de production, de transmission et de distribution d'électricité",Entrepreneurs/entrepreneuses et contremaîtres/contremaîtresses en électricité et en télécommunications
72011.00,Entrepreneurs en électricité,Entrepreneurs/entrepreneuses et contremaîtres/contremaîtresses en électricité et en télécommunications
72011.00,Services d’entretien dans des bâtiments et autres établissements,Entrepreneurs/entrepreneuses et contremaîtres/contremaîtresses en électricité et en télécommunications
72011.00,"Services d’entretien d’usines, d’exploitation minières, de chantiers navals et d’autres établissements industriels",Entrepreneurs/entrepreneuses et contremaîtres/contremaîtresses en électricité et en télécommunications
72011.00,Commissions des services publics,Entrepreneurs/entrepreneuses et contremaîtres/contremaîtresses en électricité et en télécommunications
72011.00,Travail autonome,Entrepreneurs/entrepreneuses et contremaîtres/contremaîtresses en électricité et en télécommunications
72011.00,Services téléphoniques et autres services de transmission par télécommunications,Entrepreneurs/entrepreneuses et contremaîtres/contremaîtresses en électricité et en télécommunications
72012.00,Compagnies de construction,Entrepreneurs/entrepreneuses et contremaîtres/contremaîtresses en tuyauterie
72012.00,"Services d’entretien d’établissements industriels, commerciaux",Entrepreneurs/entrepreneuses et contremaîtres/contremaîtresses en tuyauterie
72012.00,"Entrepreneurs en mécanique, en plomberie et en tuyauterie",Entrepreneurs/entrepreneuses et contremaîtres/contremaîtresses en tuyauterie
72013.00,Entreprises de charpenterie,Entrepreneurs/entrepreneuses et contremaîtres/contremaîtresses en charpenterie
72013.00,Compagnies de construction,Entrepreneurs/entrepreneuses et contremaîtres/contremaîtresses en charpenterie
72013.00,Entreprises de fabrication et de réparation de mobilier et d'accessoires sur mesure,Entrepreneurs/entrepreneuses et contremaîtres/contremaîtresses en charpenterie
72013.00,Services d’entretien d’établissements industriels,Entrepreneurs/entrepreneuses et contremaîtres/contremaîtresses en charpenterie
72014.00,Entrepreneurs en maçonnerie,Entrepreneurs/entrepreneuses et contremaîtres/contremaîtresses des autres métiers de la construction et des services de réparation et d'installation
72014.00,Entreprises de gestion d'immeubles,Entrepreneurs/entrepreneuses et contremaîtres/contremaîtresses des autres métiers de la construction et des services de réparation et d'installation
72014.00,Points de vente de tapis,Entrepreneurs/entrepreneuses et contremaîtres/contremaîtresses des autres métiers de la construction et des services de réparation et d'installation
72014.00,Entrepreneurs cimentiers,Entrepreneurs/entrepreneuses et contremaîtres/contremaîtresses des autres métiers de la construction et des services de réparation et d'installation
72014.00,Entreprises spécialisées dans l'installation et l'entretien de produits spécifiques,Entrepreneurs/entrepreneuses et contremaîtres/contremaîtresses des autres métiers de la construction et des services de réparation et d'installation
72014.00,Sociétés d'immeuble en copropriété,Entrepreneurs/entrepreneuses et contremaîtres/contremaîtresses des autres métiers de la construction et des services de réparation et d'installation
72014.00,Compagnies de construction,Entrepreneurs/entrepreneuses et contremaîtres/contremaîtresses des autres métiers de la construction et des services de réparation et d'installation
72014.00,Entrepreneurs en installation de produits en verre,Entrepreneurs/entrepreneuses et contremaîtres/contremaîtresses des autres métiers de la construction et des services de réparation et d'installation
72014.00,Entrepreneurs plâtriers,Entrepreneurs/entrepreneuses et contremaîtres/contremaîtresses des autres métiers de la construction et des services de réparation et d'installation
72014.00,Institutions d'enseignement,Entrepreneurs/entrepreneuses et contremaîtres/contremaîtresses des autres métiers de la construction et des services de réparation et d'installation
72014.00,Entrepreneurs en revêtement de sol,Entrepreneurs/entrepreneuses et contremaîtres/contremaîtresses des autres métiers de la construction et des services de réparation et d'installation
72014.00,Entrepreneurs généraux,Entrepreneurs/entrepreneuses et contremaîtres/contremaîtresses des autres métiers de la construction et des services de réparation et d'installation
72014.00,Ateliers de fabrication de produits en verre,Entrepreneurs/entrepreneuses et contremaîtres/contremaîtresses des autres métiers de la construction et des services de réparation et d'installation
72014.00,Établissements de soins de santé,Entrepreneurs/entrepreneuses et contremaîtres/contremaîtresses des autres métiers de la construction et des services de réparation et d'installation
72014.00,Établissements industriels,Entrepreneurs/entrepreneuses et contremaîtres/contremaîtresses des autres métiers de la construction et des services de réparation et d'installation
72014.00,Entreprises de calorifugeage,Entrepreneurs/entrepreneuses et contremaîtres/contremaîtresses des autres métiers de la construction et des services de réparation et d'installation
72014.00,Fabricants de produits préfabriqués en béton,Entrepreneurs/entrepreneuses et contremaîtres/contremaîtresses des autres métiers de la construction et des services de réparation et d'installation
72014.00,Entrepreneurs en carreaux,Entrepreneurs/entrepreneuses et contremaîtres/contremaîtresses des autres métiers de la construction et des services de réparation et d'installation
72014.00,Autres établissements,Entrepreneurs/entrepreneuses et contremaîtres/contremaîtresses des autres métiers de la construction et des services de réparation et d'installation
72014.00,Entrepreneurs de peinture,Entrepreneurs/entrepreneuses et contremaîtres/contremaîtresses des autres métiers de la construction et des services de réparation et d'installation
72014.00,Compagnies de contrôle de la vermine,Entrepreneurs/entrepreneuses et contremaîtres/contremaîtresses des autres métiers de la construction et des services de réparation et d'installation
72014.00,Ateliers spécialisées en réparation,Entrepreneurs/entrepreneuses et contremaîtres/contremaîtresses des autres métiers de la construction et des services de réparation et d'installation
72014.00,Installations de loisirs,Entrepreneurs/entrepreneuses et contremaîtres/contremaîtresses des autres métiers de la construction et des services de réparation et d'installation
72014.00,Établissements religieux,Entrepreneurs/entrepreneuses et contremaîtres/contremaîtresses des autres métiers de la construction et des services de réparation et d'installation
72014.00,Ateliers de réparation et d'entretien,Entrepreneurs/entrepreneuses et contremaîtres/contremaîtresses des autres métiers de la construction et des services de réparation et d'installation
72014.00,Entrepreneurs en toitures,Entrepreneurs/entrepreneuses et contremaîtres/contremaîtresses des autres métiers de la construction et des services de réparation et d'installation
72014.00,Travail autonome,Entrepreneurs/entrepreneuses et contremaîtres/contremaîtresses des autres métiers de la construction et des services de réparation et d'installation
72014.00,Établissements de services,Entrepreneurs/entrepreneuses et contremaîtres/contremaîtresses des autres métiers de la construction et des services de réparation et d'installation
72014.00,Centres commerciaux,Entrepreneurs/entrepreneuses et contremaîtres/contremaîtresses des autres métiers de la construction et des services de réparation et d'installation
72020.00,"Entreprises de fabrication, d'entretien, de réparation ou de révision d'aéronefs",Entrepreneurs/entrepreneuses et contremaîtres/contremaîtresses en mécanique
72020.00,Opérateurs d'aéronefs,Entrepreneurs/entrepreneuses et contremaîtres/contremaîtresses en mécanique
72020.00,Lignes aériennes,Entrepreneurs/entrepreneuses et contremaîtres/contremaîtresses en mécanique
72020.00,Entreprises de services d’appareils électroménagers,Entrepreneurs/entrepreneuses et contremaîtres/contremaîtresses en mécanique
72020.00,Centres d'estimations des dommages de véhicules automobiles,Entrepreneurs/entrepreneuses et contremaîtres/contremaîtresses en mécanique
72020.00,Ateliers de carrosserie,Entrepreneurs/entrepreneuses et contremaîtres/contremaîtresses en mécanique
72020.00,Concessionnaires d'automobiles,Entrepreneurs/entrepreneuses et contremaîtres/contremaîtresses en mécanique
72020.00,Commerces d'entretien d’automobile des établissements de vente au détail,Entrepreneurs/entrepreneuses et contremaîtres/contremaîtresses en mécanique
72020.00,Commerces spécialiés dans l'automobile,Entrepreneurs/entrepreneuses et contremaîtres/contremaîtresses en mécanique
72020.00,Entreprises propriétaires d'équipement lourd,Entrepreneurs/entrepreneuses et contremaîtres/contremaîtresses en mécanique
72020.00,Entreprises de service,Entrepreneurs/entrepreneuses et contremaîtres/contremaîtresses en mécanique
72020.00,Ateliers indépendants de réparation électrique,Entrepreneurs/entrepreneuses et contremaîtres/contremaîtresses en mécanique
72020.00,Entreprises de construction et d'entretien d'ascenseurs,Entrepreneurs/entrepreneuses et contremaîtres/contremaîtresses en mécanique
72020.00,Firmes d'ingénieurs,Entrepreneurs/entrepreneuses et contremaîtres/contremaîtresses en mécanique
72020.00,Compagnies d'entretien de flotte,Entrepreneurs/entrepreneuses et contremaîtres/contremaîtresses en mécanique
72020.00,Grossistes alimentaire,Entrepreneurs/entrepreneuses et contremaîtres/contremaîtresses en mécanique
72020.00,Garages,Entrepreneurs/entrepreneuses et contremaîtres/contremaîtresses en mécanique
72020.00,Compagnies de service et d'installation de systèmes de chauffage,Entrepreneurs/entrepreneuses et contremaîtres/contremaîtresses en mécanique
72020.00,"Entrepreneurs en chauffage, réfrigération et climatisation",Entrepreneurs/entrepreneuses et contremaîtres/contremaîtresses en mécanique
72020.00,Concessionnaires d'appareils lourds,Entrepreneurs/entrepreneuses et contremaîtres/contremaîtresses en mécanique
72020.00,Entreprises de location et de réparation d'appareils lourds,Entrepreneurs/entrepreneuses et contremaîtres/contremaîtresses en mécanique
72020.00,Compagnies de soutien indépendantes,Entrepreneurs/entrepreneuses et contremaîtres/contremaîtresses en mécanique
72020.00,Établissements industriels,Entrepreneurs/entrepreneuses et contremaîtres/contremaîtresses en mécanique
72020.00,Entreprises de fabrication de machinerie industrielle,Entrepreneurs/entrepreneuses et contremaîtres/contremaîtresses en mécanique
72020.00,Services de réparation d’entreprises de détail ou de gros,Entrepreneurs/entrepreneuses et contremaîtres/contremaîtresses en mécanique
72020.00,Établissement industriels,Entrepreneurs/entrepreneuses et contremaîtres/contremaîtresses en mécanique
72020.00,Chantiers de construction,Entrepreneurs/entrepreneuses et contremaîtres/contremaîtresses en mécanique
72020.00,Usines de fabrication  de véhicules automobiles,Entrepreneurs/entrepreneuses et contremaîtres/contremaîtresses en mécanique
72020.00,Entreprises de fabrication de véhicules,Entrepreneurs/entrepreneuses et contremaîtres/contremaîtresses en mécanique
72020.00,Compagnies de transport ferroviaire,Entrepreneurs/entrepreneuses et contremaîtres/contremaîtresses en mécanique
72020.00,Ateliers de réparation de véhicules récréatifs,Entrepreneurs/entrepreneuses et contremaîtres/contremaîtresses en mécanique
72020.00,Services de réparation d'entreprises de détail ou de gros,Entrepreneurs/entrepreneuses et contremaîtres/contremaîtresses en mécanique
72020.00,Services de réparation,Entrepreneurs/entrepreneuses et contremaîtres/contremaîtresses en mécanique
72020.00,Travail autonome,Entrepreneurs/entrepreneuses et contremaîtres/contremaîtresses en mécanique
72020.00,Ateliers d'entretien d'entreprises de fabrication d'équipement électrique,Entrepreneurs/entrepreneuses et contremaîtres/contremaîtresses en mécanique
72020.00,Ateliers de réparation des distributeurs de motocyclettes et vente au détail,Entrepreneurs/entrepreneuses et contremaîtres/contremaîtresses en mécanique
72020.00,Stations-service,Entrepreneurs/entrepreneuses et contremaîtres/contremaîtresses en mécanique
72020.00,Entreprises de fabrication de textile,Entrepreneurs/entrepreneuses et contremaîtres/contremaîtresses en mécanique
72020.00,Entreprises de transport,Entrepreneurs/entrepreneuses et contremaîtres/contremaîtresses en mécanique
72020.00,Usines de fabrication de matériel de transport,Entrepreneurs/entrepreneuses et contremaîtres/contremaîtresses en mécanique
72020.00,Concessionnaires de camions et de remorques,Entrepreneurs/entrepreneuses et contremaîtres/contremaîtresses en mécanique
72020.00,Compagnies de transport urbain en commun,Entrepreneurs/entrepreneuses et contremaîtres/contremaîtresses en mécanique
72020.00,Services d'utilité publique,Entrepreneurs/entrepreneuses et contremaîtres/contremaîtresses en mécanique
72021.00,Compagnies de manutention de fret,Entrepreneurs/entrepreneuses et contremaîtres/contremaîtresses des équipes d'opérateurs d'équipement lourd
72021.00,Compagnies de construction,Entrepreneurs/entrepreneuses et contremaîtres/contremaîtresses des équipes d'opérateurs d'équipement lourd
72021.00,Entrepreneurs en forage et dynamitage,Entrepreneurs/entrepreneuses et contremaîtres/contremaîtresses des équipes d'opérateurs d'équipement lourd
72021.00,Gouvernements,Entrepreneurs/entrepreneuses et contremaîtres/contremaîtresses des équipes d'opérateurs d'équipement lourd
72021.00,Entrepreneurs d'équipement lourd,Entrepreneurs/entrepreneuses et contremaîtres/contremaîtresses des équipes d'opérateurs d'équipement lourd
72021.00,Établissements industriels,Entrepreneurs/entrepreneuses et contremaîtres/contremaîtresses des équipes d'opérateurs d'équipement lourd
72021.00,Usines de fabrication et de traitement,Entrepreneurs/entrepreneuses et contremaîtres/contremaîtresses des équipes d'opérateurs d'équipement lourd
72021.00,Entreprises maritimes de transport de marchandises,Entrepreneurs/entrepreneuses et contremaîtres/contremaîtresses des équipes d'opérateurs d'équipement lourd
72021.00,Compagnies minières,Entrepreneurs/entrepreneuses et contremaîtres/contremaîtresses des équipes d'opérateurs d'équipement lourd
72021.00,Entreprises d'exploitation de mines et de carrières et de construction,Entrepreneurs/entrepreneuses et contremaîtres/contremaîtresses des équipes d'opérateurs d'équipement lourd
72021.00,"Services municipaux, provinciaux et territoriaux, et fédéraux d'entretien public",Entrepreneurs/entrepreneuses et contremaîtres/contremaîtresses des équipes d'opérateurs d'équipement lourd
72021.00,"Compagnies forestières, d'exploitation de pipelines et de manutention de cargaisons",Entrepreneurs/entrepreneuses et contremaîtres/contremaîtresses des équipes d'opérateurs d'équipement lourd
72021.00,Entrepreneurs à contrat avec le gouvernement,Entrepreneurs/entrepreneuses et contremaîtres/contremaîtresses des équipes d'opérateurs d'équipement lourd
72021.00,Entrepreneurs privés engagés par des services d'entretien public du gouvernement,Entrepreneurs/entrepreneuses et contremaîtres/contremaîtresses des équipes d'opérateurs d'équipement lourd
72021.00,Services de travaux publics,Entrepreneurs/entrepreneuses et contremaîtres/contremaîtresses des équipes d'opérateurs d'équipement lourd
72021.00,Services de travaux publics des administrations municipales et des gouvernements provinciaux et fédéral,Entrepreneurs/entrepreneuses et contremaîtres/contremaîtresses des équipes d'opérateurs d'équipement lourd
72021.00,Compagnies ferroviaires,Entrepreneurs/entrepreneuses et contremaîtres/contremaîtresses des équipes d'opérateurs d'équipement lourd
72021.00,Compagnies de transport ferroviaire,Entrepreneurs/entrepreneuses et contremaîtres/contremaîtresses des équipes d'opérateurs d'équipement lourd
72021.00,Entrepôts de commerce détail et de gros,Entrepreneurs/entrepreneuses et contremaîtres/contremaîtresses des équipes d'opérateurs d'équipement lourd
72021.00,Travail autonome,Entrepreneurs/entrepreneuses et contremaîtres/contremaîtresses des équipes d'opérateurs d'équipement lourd
72021.00,Agences d’expédition,Entrepreneurs/entrepreneuses et contremaîtres/contremaîtresses des équipes d'opérateurs d'équipement lourd
72021.00,"Entreprises de transport, d'entreposage et des compagnies de déménagement",Entrepreneurs/entrepreneuses et contremaîtres/contremaîtresses des équipes d'opérateurs d'équipement lourd
72021.00,Entrepreneurs en forage de puits d'eau,Entrepreneurs/entrepreneuses et contremaîtres/contremaîtresses des équipes d'opérateurs d'équipement lourd
72022.00,Imprimeries commerciales,Surveillants/surveillantes de l'imprimerie et du personnel assimilé
72022.00,Services d'imprimerie d'établissements des secteurs privé et public,Surveillants/surveillantes de l'imprimerie et du personnel assimilé
72022.00,Maisons d'édition et d'imprimerie,Surveillants/surveillantes de l'imprimerie et du personnel assimilé
72023.00,Compagnies de transport ferroviaire,Surveillants/surveillantes des opérations du transport ferroviaire
72024.00,Compagnies de transport routier,Surveillants/surveillantes du transport routier et du transport en commun
72024.00,Compagnies de transport,Surveillants/surveillantes du transport routier et du transport en commun
72024.00,Compagnies de transport urbain en commun,Surveillants/surveillantes du transport routier et du transport en commun
72025.00,Société canadienne des postes,Superviseurs/superviseures de services postaux et de messageries
72025.00,Entreprises de messageries,Superviseurs/superviseures de services postaux et de messageries
72025.00,Gouvernements,Superviseurs/superviseures de services postaux et de messageries
72025.00,Grandes entreprises,Superviseurs/superviseures de services postaux et de messageries
72100.01,Ateliers d'usinage,Machinistes
72100.01,"Entreprises de fabrication machinerie, d’équipement, de véhicules automobiles, de pièces d’automobiles, d’aéronefs et autres pièces métalliques façonnées",Machinistes
72100.02,Ateliers d'usinage,Vérificateurs/vérificatrices d'usinage et d'outillage
72100.02,"Entreprises de fabrication machinerie, d’équipement, de véhicules automobiles, de pièces d’automobiles, d’aéronefs et autres pièces métalliques façonnées",Vérificateurs/vérificatrices d'usinage et d'outillage
72101.01,Industrie de fabrication d'aéronefs,Outilleurs-ajusteurs/outilleuses-ajusteuses
72101.01,Industrie de fabrication d'automobiles,Outilleurs-ajusteurs/outilleuses-ajusteuses
72101.01,Industrie de fabrication de machinerie électrique,Outilleurs-ajusteurs/outilleuses-ajusteuses
72101.01,Industrie de fabrication de métaux,Outilleurs-ajusteurs/outilleuses-ajusteuses
72101.01,Industrie de fabrication de plastiques,Outilleurs-ajusteurs/outilleuses-ajusteuses
72101.01,"Ateliers de moulage, d'outillage et de fabrication",Outilleurs-ajusteurs/outilleuses-ajusteuses
72101.02,Industrie de fabrication d'aéronefs,Modeleurs/modeleuses sur métal et Moulistes de moules en métal
72101.02,Industrie de fabrication d'automobiles,Modeleurs/modeleuses sur métal et Moulistes de moules en métal
72101.02,Industrie de fabrication de machinerie électrique,Modeleurs/modeleuses sur métal et Moulistes de moules en métal
72101.02,Industrie de fabrication de métaux,Modeleurs/modeleuses sur métal et Moulistes de moules en métal
72101.02,Industrie de fabrication de plastiques,Modeleurs/modeleuses sur métal et Moulistes de moules en métal
72101.02,"Ateliers de moulage, d'outillage et de fabrication",Modeleurs/modeleuses sur métal et Moulistes de moules en métal
72102.00,Ateliers de façonnage de produits en tôle,Tôliers/tôlières
72102.00,Ateliers de fabrication de feuilles de métal,Tôliers/tôlières
72102.00,Entrepreneurs en tôlerie,Tôliers/tôlières
72102.00,Différentes industries,Tôliers/tôlières
72103.00,Entreprises de fabrication de chaudières,Chaudronniers/chaudronnières
72103.00,Compagnies de construction,Chaudronniers/chaudronnières
72103.00,Centrales de production d'électricité,Chaudronniers/chaudronnières
72103.00,Établissements industriels,Chaudronniers/chaudronnières
72103.00,Entreprises de fabrication,Chaudronniers/chaudronnières
72103.00,Chantiers navals,Chaudronniers/chaudronnières
72104.00,Usines de fabrication de chaudières,Assembleurs/assembleuses et ajusteurs/ajusteuses de plaques et de charpentes métalliques
72104.00,Usines de fabrication de machinerie lourde,Assembleurs/assembleuses et ajusteurs/ajusteuses de plaques et de charpentes métalliques
72104.00,Ateliers de fabrication de plaques,Assembleurs/assembleuses et ajusteurs/ajusteuses de plaques et de charpentes métalliques
72104.00,Chantiers navals,Assembleurs/assembleuses et ajusteurs/ajusteuses de plaques et de charpentes métalliques
72104.00,Ateliers de fabrication d'acier de charpente,Assembleurs/assembleuses et ajusteurs/ajusteuses de plaques et de charpentes métalliques
72105.00,Entrepreneurs en construction de charpentes métalliques,Monteurs/monteuses de charpentes métalliques
72106.01,"Entreprises qui fabriquent des éléments de charpente en acier et en tôlerie, des chaudières, de la machinerie lourde, des avions, des bateaux et d’autres produits métalliques",Soudeurs/soudeuses
72106.01,Travailleurs autonomes,Soudeurs/soudeuses
72106.01,Entrepreneurs en soudure,Soudeurs/soudeuses
72106.01,Ateliers de soudure,Soudeurs/soudeuses
72106.02,"Entreprises qui fabriquent des éléments de charpente en acier et en tôlerie, des chaudières, de la machinerie lourde, des avions, des bateaux et d’autres produits métalliques",Opérateurs/opératrices de machines à souder et à braser
72106.02,Travailleurs autonomes,Opérateurs/opératrices de machines à souder et à braser
72106.02,Entrepreneurs en soudure,Opérateurs/opératrices de machines à souder et à braser
72106.02,Ateliers de soudure,Opérateurs/opératrices de machines à souder et à braser
72200.00,Entrepreneurs en électricité,Électriciens/électriciennes (sauf électriciens industriels/électriciennes industrielles et de réseaux électriques)
72200.00,Services d’entretien dans des bâtiments et autres établissements,Électriciens/électriciennes (sauf électriciens industriels/électriciennes industrielles et de réseaux électriques)
72200.00,Travailleurs autonomes,Électriciens/électriciennes (sauf électriciens industriels/électriciennes industrielles et de réseaux électriques)
72201.00,Entrepreneurs en électricité,Électriciens industriels/électriciennes industrielles
72201.00,"Services d’entretien d’usines, d’exploitation minières, de chantiers navals et d’autres établissements industriels",Électriciens industriels/électriciennes industrielles
72202.00,"Entreprises de production, de transmission et de distribution d'électricité",Électriciens/électriciennes de réseaux électriques
72203.00,"Entreprises de production, de transmission et de distribution d'électricité",Monteurs/monteuses de lignes électriques et de câbles
72203.00,Entrepreneurs en électricité,Monteurs/monteuses de lignes électriques et de câbles
72203.00,Services d'utilité publique,Monteurs/monteuses de lignes électriques et de câbles
72204.00,Compagnies de télédistribution,Installateurs/installatrices et réparateurs/réparatrices de lignes et de câbles de télécommunications
72204.00,Services téléphoniques et autres services de transmission par télécommunications,Installateurs/installatrices et réparateurs/réparatrices de lignes et de câbles de télécommunications
72205.01,Services téléphoniques et autres services de transmission par télécommunications,Installateurs/installatrices et réparateurs/réparatrices de téléphones
72205.02,Services téléphoniques et autres services de transmission par télécommunications,Installateurs/installatrices et réparateurs/réparatrices de réseaux commutés
72205.03,Services téléphoniques et autres services de transmission par télécommunications,Vérificateurs/vérificatrices de services de télécommunications
72205.04,Services téléphoniques et autres services de transmission par télécommunications,Techniciens/techniciennes en matériel de télécommunications
72205.05,Compagnies de câblodistribution et de télévision par satellite,Techniciens/techniciennes en montage d'installations de câblodistribution
72300.00,Services d’entretien de diverses usines et autres établissements,Plombiers/plombières
72300.00,Entrepreneurs en plomberie,Plombiers/plombières
72300.00,Travailleurs autonomes,Plombiers/plombières
72301.01,Services d’entretien de diverses usines et autres établissements,Tuyauteurs/tuyauteuses et monteurs/monteuses d'appareils de chauffage
72301.01,Entrepreneurs d'appareils de chauffage,Tuyauteurs/tuyauteuses et monteurs/monteuses d'appareils de chauffage
72301.01,Travailleurs autonomes,Tuyauteurs/tuyauteuses et monteurs/monteuses d'appareils de chauffage
72301.02,Services d’entretien de diverses usines et autres établissements,Poseurs/poseuses de gicleurs
72301.02,Travailleurs autonomes,Poseurs/poseuses de gicleurs
72301.02,Entrepreneurs de réseau d'extincteurs automatiques,Poseurs/poseuses de gicleurs
72302.00,Établissements de distribution de gaz,Monteurs/monteuses d'installations au gaz
72302.00,Compagnies publiques de distribution de gaz,Monteurs/monteuses d'installations au gaz
72310.00,Entreprises de charpenterie,Charpentiers-menuisiers/charpentières-menuisières
72310.00,Compagnies de construction,Charpentiers-menuisiers/charpentières-menuisières
72310.00,Services d’entretien dans des bâtiments et autres établissements,Charpentiers-menuisiers/charpentières-menuisières
72310.00,Travailleurs autonomes,Charpentiers-menuisiers/charpentières-menuisières
72311.00,Entrepreneurs en ébénisterie,Ébénistes
72311.00,Compagnies de construction,Ébénistes
72311.00,Usines de fabrication ou de réparation de meubles,Ébénistes
72311.00,Travailleurs autonomes,Ébénistes
72320.00,Entrepreneurs en maçonnerie,Briqueteurs-maçons/briqueteuses-maçonnes
72320.00,Compagnies de construction,Briqueteurs-maçons/briqueteuses-maçonnes
72320.00,Travailleurs autonomes,Briqueteurs-maçons/briqueteuses-maçonnes
72321.00,Compagnies de construction,Calorifugeurs/calorifugeuses
72321.00,Entreprises de calorifugeage,Calorifugeurs/calorifugeuses
72321.00,Travailleurs autonomes,Calorifugeurs/calorifugeuses
72400.01,Établissements industriels,Mécaniciens/mécaniciennes de chantier et mécaniciens industriels/mécaniciennes industrielles
72400.01,Établissement industriels,Mécaniciens/mécaniciennes de chantier et mécaniciens industriels/mécaniciennes industrielles
72400.01,Chantiers de construction,Mécaniciens/mécaniciennes de chantier et mécaniciens industriels/mécaniciennes industrielles
72400.01,Services d'utilité publique,Mécaniciens/mécaniciennes de chantier et mécaniciens industriels/mécaniciennes industrielles
72400.02,Filatures du textile,Mécaniciens/mécaniciennes et monteurs/monteuses de machines dans l'industrie du textile
72401.00,Entreprises propriétaires d'équipement lourd,Mécaniciens/mécaniciennes d'équipement lourd
72401.00,Concessionnaires d'appareils lourds,Mécaniciens/mécaniciennes d'équipement lourd
72401.00,Entreprises de location et de réparation d'appareils lourds,Mécaniciens/mécaniciennes d'équipement lourd
72401.00,Compagnies de transport ferroviaire,Mécaniciens/mécaniciennes d'équipement lourd
72401.00,Compagnies de transport urbain en commun,Mécaniciens/mécaniciennes d'équipement lourd
72402.00,Firmes d'ingénieurs,"Mécaniciens/mécaniciennes en chauffage, réfrigération et climatisation"
72402.00,Grossistes alimentaire,"Mécaniciens/mécaniciennes en chauffage, réfrigération et climatisation"
72402.00,"Entrepreneurs en chauffage, réfrigération et climatisation","Mécaniciens/mécaniciennes en chauffage, réfrigération et climatisation"
72402.00,Établissements industriels,"Mécaniciens/mécaniciennes en chauffage, réfrigération et climatisation"
72402.00,Entreprises de détail qui assurent la vente et l'entretien de ces systèmes,"Mécaniciens/mécaniciennes en chauffage, réfrigération et climatisation"
72403.00,Compagnies de transport ferroviaire,Réparateurs/réparatrices de wagons
72403.00,Compagnies de transport urbain en commun,Réparateurs/réparatrices de wagons
72404.01,"Entreprises de fabrication, d'entretien, de réparation ou de révision d'aéronefs",Mécaniciens/mécaniciennes d'aéronefs
72404.01,Opérateurs d'aéronefs,Mécaniciens/mécaniciennes d'aéronefs
72404.01,Lignes aériennes,Mécaniciens/mécaniciennes d'aéronefs
72404.02,"Entreprises de fabrication, d'entretien, de réparation ou de révision d'aéronefs",Contrôleurs/contrôleuses d'aéronefs
72404.02,Opérateurs d'aéronefs,Contrôleurs/contrôleuses d'aéronefs
72404.02,Lignes aériennes,Contrôleurs/contrôleuses d'aéronefs
72405.00,Entreprises de fabrication de machinerie industrielle,Ajusteurs/ajusteuses de machines
72405.00,Usines de fabrication de matériel de transport,Ajusteurs/ajusteuses de machines
72406.00,Entreprises de construction et d'entretien d'ascenseurs,Constructeurs/constructrices et mécaniciens/mécaniciennes d'ascenseurs
72410.01,Commerces d'entretien d’automobile des établissements de vente au détail,Mécaniciens/mécaniciennes de véhicules automobiles
72410.01,Commerces spécialiés dans l'automobile,Mécaniciens/mécaniciennes de véhicules automobiles
72410.01,Garages,Mécaniciens/mécaniciennes de véhicules automobiles
72410.01,Concessionnaires d'automobiles,Mécaniciens/mécaniciennes de véhicules automobiles
72410.01,Stations-service,Mécaniciens/mécaniciennes de véhicules automobiles
72410.01,Entreprises de transport,Mécaniciens/mécaniciennes de véhicules automobiles
72410.02,Entreprises de fabrication de véhicules,Réparateurs/réparatrices de véhicules automobiles
72410.03,Compagnies d'entretien de flotte,Mécaniciens/mécaniciennes de camions et de remorques
72410.03,Services de réparation,Mécaniciens/mécaniciennes de camions et de remorques
72410.03,Entreprises de transport,Mécaniciens/mécaniciennes de camions et de remorques
72410.03,Concessionnaires de camions et de remorques,Mécaniciens/mécaniciennes de camions et de remorques
72411.00,Centres d'estimations des dommages de véhicules automobiles,"Techniciens/techniciennes en collision, en carrosserie, en peinture et en glace de véhicule automobile et estimateurs/estimatrices de dommages"
72411.00,Ateliers de carrosserie,"Techniciens/techniciennes en collision, en carrosserie, en peinture et en glace de véhicule automobile et estimateurs/estimatrices de dommages"
72411.00,Concessionnaires d'automobiles,"Techniciens/techniciennes en collision, en carrosserie, en peinture et en glace de véhicule automobile et estimateurs/estimatrices de dommages"
72411.00,Usines de fabrication  de véhicules automobiles,"Techniciens/techniciennes en collision, en carrosserie, en peinture et en glace de véhicule automobile et estimateurs/estimatrices de dommages"
72420.00,Compagnies de service et d'installation de systèmes de chauffage,Installateurs/installatrices de brûleurs à l'huile et à combustibles solides
72421.01,Compagnies d'entretien d'appareils,Réparateurs/réparatrices de petits appareils électroménagers
72421.01,Services de réparation d'entreprises de détail ou de gros,Réparateurs/réparatrices de petits appareils électroménagers
72421.01,Services de réparation,Réparateurs/réparatrices de petits appareils électroménagers
72421.01,Travailleurs autonomes,Réparateurs/réparatrices de petits appareils électroménagers
72421.02,Compagnies d'entretien d'appareils,Réparateurs/réparatrices de gros appareils électroménagers
72421.02,Services de réparation d'entreprises de détail ou de gros,Réparateurs/réparatrices de gros appareils électroménagers
72421.02,Services de réparation,Réparateurs/réparatrices de gros appareils électroménagers
72421.02,Travailleurs autonomes,Réparateurs/réparatrices de gros appareils électroménagers
72422.00,Ateliers indépendants de réparation électrique,Électromécaniciens/électromécaniciennes
72422.00,Services de réparation d’entreprises de détail ou de gros,Électromécaniciens/électromécaniciennes
72422.00,Ateliers d'entretien d'entreprises de fabrication d'équipement électrique,Électromécaniciens/électromécaniciennes
72423.01,Compagnies de soutien indépendantes,"Mécaniciens/mécaniciennes de motocyclettes, de véhicules tout-terrain et personnel mécanicien assimilé"
72423.01,Ateliers de réparation des distributeurs de motocyclettes et vente au détail,"Mécaniciens/mécaniciennes de motocyclettes, de véhicules tout-terrain et personnel mécanicien assimilé"
72423.02,Ateliers de réparation de véhicules récréatifs,Technicien/technicienne de véhicules récréatifs
72423.02,Travailleurs autonomes,Technicien/technicienne de véhicules récréatifs
72429.00,Entreprises de service,Autres réparateurs/réparatrices de petits moteurs et de petits équipements
72429.00,Compagnies de soutien indépendantes,Autres réparateurs/réparatrices de petits moteurs et de petits équipements
72500.00,Compagnies de manutention de fret,Grutiers/grutières
72500.00,Compagnies de construction,Grutiers/grutières
72500.00,Établissements industriels,Grutiers/grutières
72500.00,Compagnies minières,Grutiers/grutières
72500.00,Compagnies ferroviaires,Grutiers/grutières
72501.00,Gouvernements,Foreurs/foreuses de puits d'eau
72501.00,Travailleurs autonomes,Foreurs/foreuses de puits d'eau
72501.00,Entrepreneurs en forage de puits d'eau,Foreurs/foreuses de puits d'eau
72600.01,Compagnies aériennes et de fret aérien,Pilotes aériens
72600.01,Écoles de pilotage,Pilotes aériens
72600.01,Opérateurs d'aéronefs du secteur privé et public,Pilotes aériens
72600.02,Compagnies aériennes et de fret aérien,Mécaniciens de bord
72600.02,Écoles de pilotage,Mécaniciens de bord
72600.02,Opérateurs d'aéronefs du secteur privé et public,Mécaniciens de bord
72600.03,Compagnies aériennes et de fret aérien,Instructeurs/instructrices de vol
72600.03,Écoles de pilotage,Instructeurs/instructrices de vol
72600.03,Opérateurs d'aéronefs du secteur privé et public,Instructeurs/instructrices de vol
72601.01,Forces canadiennes,Contrôleurs/contrôleuses de la circulation aérienne
72601.01,NAV Canada,Contrôleurs/contrôleuses de la circulation aérienne
72601.02,Compagnies de services aéroportuaires,Agents/agentes de régulation des vols
72601.02,Forces canadiennes,Agents/agentes de régulation des vols
72601.03,Forces canadiennes,Spécialistes de l'information de vol
72601.03,NAV Canada,Spécialistes de l'information de vol
72602.00,Services gouvernementaux fédéraux,Officiers/officières de pont du transport par voies navigables
72602.00,Compagnies de transport maritime,Officiers/officières de pont du transport par voies navigables
72603.00,Services gouvernementaux fédéraux,Officiers mécaniciens/officières mécaniciennes du transport par voies navigables
72603.00,Compagnies de transport maritime,Officiers mécaniciens/officières mécaniciennes du transport par voies navigables
72604.01,Compagnies de transport ferroviaire,Contrôleurs/contrôleuses de la circulation ferroviaire
72604.02,Garde côtière canadienne,Régulateurs/régulatrices de la circulation maritime
72604.02,Autorités responsables des canaux et des écluses,Régulateurs/régulatrices de la circulation maritime
72604.02,Installations portuaires,Régulateurs/régulatrices de la circulation maritime
72999.01,Établissements de fabrication et de réparation d'armes à feu,Armuriers/armurières
72999.01,Travailleurs autonomes,Armuriers/armurières
72999.02,Serrureries,Serruriers/serrurières
72999.02,Travailleurs autonomes,Serruriers/serrurières
72999.03,Ateliers de service après-vente de coffres-forts et de chambres fortes,Installateurs-réparateurs/installatrices-réparatrices de coffres-forts et de chambres fortes
72999.03,Travailleurs autonomes,Installateurs-réparateurs/installatrices-réparatrices de coffres-forts et de chambres fortes
72999.04,Ateliers de réparation de scies,Ajusteurs/ajusteuses de scies
72999.04,Travailleurs autonomes,Ajusteurs/ajusteuses de scies
72999.05,Usines de fabrication de produits métallurgiques ouvrés,Monteurs/monteuses de matrices
72999.05,Usines de fabrication de matériel de transport,Monteurs/monteuses de matrices
72999.06,Entreprises de plongée professionnelle,Scaphandriers/scaphandrières
72999.06,Sociétés pétrolières et gazières qui ont des installations en haute mer,Scaphandriers/scaphandrières
72999.06,Compagnies de transport et de construction maritimes,Scaphandriers/scaphandrières
73100.00,Entrepreneurs cimentiers,Finisseurs/finisseuses de béton
73100.00,Compagnies de construction,Finisseurs/finisseuses de béton
73100.00,Fabricants de produits préfabriqués en béton,Finisseurs/finisseuses de béton
73100.00,Travailleurs autonomes,Finisseurs/finisseuses de béton
73101.00,Compagnies de construction,Carreleurs/carreleuses
73101.00,Entrepreneurs en carreaux,Carreleurs/carreleuses
73101.00,Travailleurs autonomes,Carreleurs/carreleuses
73102.01,Compagnies de construction,Plâtriers/plâtrières
73102.01,Entrepreneurs plâtriers,Plâtriers/plâtrières
73102.01,Travailleurs autonomes,Plâtriers/plâtrières
73102.02,Compagnies de construction,Poseurs/poseuses de systèmes intérieurs
73102.02,Entrepreneurs plâtriers,Poseurs/poseuses de systèmes intérieurs
73102.02,Travailleurs autonomes,Poseurs/poseuses de systèmes intérieurs
73102.03,Compagnies de construction,Latteurs/latteuses
73102.03,Entrepreneurs plâtriers,Latteurs/latteuses
73102.03,Travailleurs autonomes,Latteurs/latteuses
73110.01,Entrepreneurs généraux,Couvreurs/couvreuses
73110.01,Entrepreneurs en toitures,Couvreurs/couvreuses
73110.01,Travailleurs autonomes,Couvreurs/couvreuses
73110.02,Entrepreneurs généraux,Poseurs/poseuses de bardeaux
73110.02,Entrepreneurs en toitures,Poseurs/poseuses de bardeaux
73110.02,Travailleurs autonomes,Poseurs/poseuses de bardeaux
73111.00,Entrepreneurs en installation de produits en verre,Vitriers/vitrières
73111.00,Ateliers de fabrication de produits en verre,Vitriers/vitrières
73111.00,Ateliers de réparation et d'entretien,Vitriers/vitrières
73111.00,Travailleurs autonomes,Vitriers/vitrières
73112.00,Entrepreneurs en gestion de bâtiments,Peintres et décorateurs/décoratrices (sauf décorateurs/décoratrices d'intérieur)
73112.00,Compagnies de construction,Peintres et décorateurs/décoratrices (sauf décorateurs/décoratrices d'intérieur)
73112.00,Entrepreneurs de peinture,Peintres et décorateurs/décoratrices (sauf décorateurs/décoratrices d'intérieur)
73112.00,Travail autonome,Peintres et décorateurs/décoratrices (sauf décorateurs/décoratrices d'intérieur)
73113.00,Points de vente de tapis,Poseurs/poseuses de revêtements d'intérieur
73113.00,Compagnies de construction,Poseurs/poseuses de revêtements d'intérieur
73113.00,Entrepreneurs en revêtement de sol,Poseurs/poseuses de revêtements d'intérieur
73113.00,Travailleurs autonomes,Poseurs/poseuses de revêtements d'intérieur
73200.00,Entreprises spécialisées dans l'installation et l'entretien de produits spécifiques,"Personnel d'installation, d'entretien et de réparation d'équipement résidentiel et commercial"
73201.00,Entreprises de gestion d'immeubles,Préposés à l’entretien général et surintendants/surintendantes
73201.00,Sociétés d'immeuble en copropriété,Préposés à l’entretien général et surintendants/surintendantes
73201.00,Institutions d'enseignement,Préposés à l’entretien général et surintendants/surintendantes
73201.00,Établissements de soins de santé,Préposés à l’entretien général et surintendants/surintendantes
73201.00,Établissements industriels,Préposés à l’entretien général et surintendants/surintendantes
73201.00,Autres établissements,Préposés à l’entretien général et surintendants/surintendantes
73201.00,Installations de loisirs,Préposés à l’entretien général et surintendants/surintendantes
73201.00,Établissements religieux,Préposés à l’entretien général et surintendants/surintendantes
73201.00,Centres commerciaux,Préposés à l’entretien général et surintendants/surintendantes
73202.00,Compagnies de contrôle de la vermine,Fumigateurs/fumigatrices et préposés/préposées au contrôle de la vermine
73202.00,Travailleurs autonomes,Fumigateurs/fumigatrices et préposés/préposées au contrôle de la vermine
73209.00,Ateliers spécialisées en réparation,Autres réparateurs/réparatrices et préposés/préposées à l'entretien
73209.00,Établissements de services,Autres réparateurs/réparatrices et préposés/préposées à l'entretien
73300.01,Agences de services de placement,Conducteurs/conductrices de camions sur longue distance
73300.01,Entreprises de frabrication et de distribution,Conducteurs/conductrices de camions sur longue distance
73300.01,Entreprises de déménagement,Conducteurs/conductrices de camions sur longue distance
73300.01,Travailleurs autonomes,Conducteurs/conductrices de camions sur longue distance
73300.01,Entreprises de transport,Conducteurs/conductrices de camions sur longue distance
73300.02,Agences de services de placement,Conducteurs routiers/conductrices routières et conducteurs/conductrices de camions locaux
73300.02,Entreprises de frabrication et de distribution,Conducteurs routiers/conductrices routières et conducteurs/conductrices de camions locaux
73300.02,Entreprises de déménagement,Conducteurs routiers/conductrices routières et conducteurs/conductrices de camions locaux
73300.02,Travailleurs autonomes,Conducteurs routiers/conductrices routières et conducteurs/conductrices de camions locaux
73300.02,Entreprises de transport,Conducteurs routiers/conductrices routières et conducteurs/conductrices de camions locaux
73301.01,Entreprises de transport privées,Conducteurs/conductrices d'autobus et de tramways
73301.01,Sociétés de transport,Conducteurs/conductrices d'autobus et de tramways
73301.01,Compagnies de transport urbain en commun,Conducteurs/conductrices d'autobus et de tramways
73301.02,Entreprises de transport privées,Conducteurs/conductrices d'autobus scolaires
73301.02,Conseils ou commissions scolaires,Conducteurs/conductrices d'autobus scolaires
73301.03,Compagnies de transport urbain en commun,Opérateurs/opératrices de métro et de systèmes légers sur rail
73310.01,Compagnies de transport ferroviaire,Mécaniciens/mécaniciennes de locomotive
73310.02,Usagers industriels et commerciaux du transport ferroviaire,Mécaniciens/mécaniciennes de locomotive de cour de triage
73310.02,Compagnies de transport ferroviaire,Mécaniciens/mécaniciennes de locomotive de cour de triage
73311.01,Compagnies de transport ferroviaire,Chefs de train
73311.02,Compagnies de transport ferroviaire,Serre-freins
73400.00,Compagnies de construction,Conducteurs/conductrices d'équipement lourd
73400.00,Entrepreneurs d'équipement lourd,Conducteurs/conductrices d'équipement lourd
73400.00,"Compagnies forestières, d'exploitation de pipelines et de manutention de cargaisons",Conducteurs/conductrices d'équipement lourd
73400.00,Services de travaux publics,Conducteurs/conductrices d'équipement lourd
73401.00,Imprimeries commerciales,Opérateurs/opératrices de presses à imprimer
73401.00,Services d'imprimerie d'établissements des secteurs privé et public,Opérateurs/opératrices de presses à imprimer
73401.00,Maisons d'édition et d'imprimerie,Opérateurs/opératrices de presses à imprimer
73402.01,Entrepreneurs en forage et dynamitage,"Foreurs/foreuses de mines à ciel ouvert, de carrières et de chantiers de construction"
73402.01,Entreprises d'exploitation de mines et de carrières et de construction,"Foreurs/foreuses de mines à ciel ouvert, de carrières et de chantiers de construction"
73402.02,Entrepreneurs en forage et dynamitage,"Dynamiteurs/dynamiteuses de mines à ciel ouvert, de carrières et de chantiers de construction"
73402.02,Entreprises d'exploitation de mines et de carrières et de construction,"Dynamiteurs/dynamiteuses de mines à ciel ouvert, de carrières et de chantiers de construction"
74100.01,Société canadienne des postes,Trieurs/trieuses de courrier
74100.01,Entreprises de messageries,Trieurs/trieuses de courrier
74100.01,Établissements des secteurs privé et public,Trieurs/trieuses de courrier
74100.01,Services de messageries et d'expédition de colis,Trieurs/trieuses de courrier
74100.02,Société canadienne des postes,Commis à la salle du courrier
74100.02,Entreprises de messageries,Commis à la salle du courrier
74100.02,Établissements des secteurs privé et public,Commis à la salle du courrier
74100.02,Services de messageries et d'expédition de colis,Commis à la salle du courrier
74101.00,Société canadienne des postes,Facteurs/factrices
74102.00,Entreprises de messageries,Messagers/messagères
74102.00,Établissements des secteurs privé et public,Messagers/messagères
74200.01,Compagnies de transport ferroviaire,Ouvriers/ouvrières de gare de triage du transport ferroviaire
74200.02,Compagnies de transport ferroviaire,Ouvriers/ouvrières à l'entretien de la voie ferrée
74201.01,Services gouvernementaux fédéraux,Matelots de salle des machines du transport par voies navigables
74201.01,Compagnies de transport maritime,Matelots de salle des machines du transport par voies navigables
74201.02,Services gouvernementaux fédéraux,Matelots de pont du transport par voies navigables
74201.02,Compagnies de transport maritime,Matelots de pont du transport par voies navigables
74202.00,Compagnies de services aéroportuaires,Agents/agentes de piste dans le transport aérien
74202.00,Gouvernement fédéral,Agents/agentes de piste dans le transport aérien
74203.00,Ateliers d'entretien et de réparation de voitures et de camions,Préposés/préposées à la pose et à l'entretien des pièces mécaniques d'automobiles et de camions et équipements lourds
74203.00,"Compagnies minières, forestières et construction",Préposés/préposées à la pose et à l'entretien des pièces mécaniques d'automobiles et de camions et équipements lourds
74203.00,Départements de service d'établissements industriels,Préposés/préposées à la pose et à l'entretien des pièces mécaniques d'automobiles et de camions et équipements lourds
74204.01,Usines de traitement des eaux usées,Personnel d'entretien des canalisations d'eau
74204.01,Usines de filtration et de distribution d'eau,Personnel d'entretien des canalisations d'eau
74204.02,Établissements de distribution de gaz,Personnel d'entretien des canalisations de gaz
74205.00,"Services municipaux, provinciaux et territoriaux, et fédéraux d'entretien public",Conducteurs/conductrices de machinerie d'entretien public et personnel assimilé
74205.00,Entrepreneurs privés engagés par des services d'entretien public du gouvernement,Conducteurs/conductrices de machinerie d'entretien public et personnel assimilé
75100.00,Entreprises maritimes de transport de marchandises,Débardeurs/débardeuses
75100.00,Agences d’expédition,Débardeurs/débardeuses
75101.01,Usines de fabrication et de traitement,Manutentionnaires qui travaillent manuellement
75101.01,Entrepôts de commerce détail et de gros,Manutentionnaires qui travaillent manuellement
75101.01,"Entreprises de transport, d'entreposage et des compagnies de déménagement",Manutentionnaires qui travaillent manuellement
75101.02,Usines de fabrication et de traitement,Manutentionnaires qui utilisent des appareils de manutention
75101.02,Entrepôts de commerce détail et de gros,Manutentionnaires qui utilisent des appareils de manutention
75101.02,"Entreprises de transport, d'entreposage et des compagnies de déménagement",Manutentionnaires qui utilisent des appareils de manutention
75110.00,Compagnies de construction,Aides de soutien des métiers et manoeuvres en construction
75110.00,Exploitants de carrières ou de mines à ciel ouvert,Aides de soutien des métiers et manoeuvres en construction
75110.00,Entrepreneurs en construction,Aides de soutien des métiers et manoeuvres en construction
75119.00,"Entreprises manufacturières, de services d'utilité publique et d'entretien",Autres manoeuvres et aides de soutien de métiers
75200.01,Travailleurs autonomes,Chauffeurs/chauffeuses de taxi et de limousine
75200.01,Entreprises de taxis et de transport,Chauffeurs/chauffeuses de taxi et de limousine
75200.02,Entreprises,Chauffeurs/chauffeuses
75200.02,Gouvernements,Chauffeurs/chauffeuses
75200.02,Organismes,Chauffeurs/chauffeuses
75200.02,Particuliers,Chauffeurs/chauffeuses
75201.00,Entreprises et autres établissements,Chauffeurs-livreurs/chauffeuses-livreuses de services de livraison et distributeurs/distributrices porte-à-porte
75201.00,Services de messageries,Chauffeurs-livreurs/chauffeuses-livreuses de services de livraison et distributeurs/distributrices porte-à-porte
75201.00,Laiteries,Chauffeurs-livreurs/chauffeuses-livreuses de services de livraison et distributeurs/distributrices porte-à-porte
75201.00,Pharmacies,Chauffeurs-livreurs/chauffeuses-livreuses de services de livraison et distributeurs/distributrices porte-à-porte
75201.00,Entreprises de nettoyage à sec,Chauffeurs-livreurs/chauffeuses-livreuses de services de livraison et distributeurs/distributrices porte-à-porte
75201.00,Cantines roulantes,Chauffeurs-livreurs/chauffeuses-livreuses de services de livraison et distributeurs/distributrices porte-à-porte
75201.00,Distributeurs de journaux,Chauffeurs-livreurs/chauffeuses-livreuses de services de livraison et distributeurs/distributrices porte-à-porte
75201.00,Travailleurs autonomes,Chauffeurs-livreurs/chauffeuses-livreuses de services de livraison et distributeurs/distributrices porte-à-porte
75201.00,Établissements de restauration rapide,Chauffeurs-livreurs/chauffeuses-livreuses de services de livraison et distributeurs/distributrices porte-à-porte
75210.01,Entreprises exploitant des bacs à câble,Personnel des écluses
75210.01,Autorités portuaires et de canaux,Personnel des écluses
75210.01,Gouvernement fédéral,Personnel des écluses
75210.01,Débarcadères de traversiers,Personnel des écluses
75210.02,Entreprises exploitant des bacs à câble,Conducteurs/conductrices de bacs à câble
75210.02,Gouvernement fédéral,Conducteurs/conductrices de bacs à câble
75210.02,Débarcadères de traversiers,Conducteurs/conductrices de bacs à câble
75210.03,Entreprises exploitant des bacs à câble,Ouvriers/ouvrières au débarcadère de traversiers
75210.03,Gouvernement fédéral,Ouvriers/ouvrières au débarcadère de traversiers
75210.03,Débarcadères de traversiers,Ouvriers/ouvrières au débarcadère de traversiers
75210.04,Autorités portuaires et de canaux,Opérateurs de bateaux
75210.04,Compagnies navales qui offrent des visites touristiques et de service de taxis nautiques,Opérateurs de bateaux
75210.04,Travailleurs autonomes,Opérateurs de bateaux
75211.01,Compagnies de transport ferroviaire,Manoeuvres dans le transport ferroviaire
75211.02,Compagnies de transport routier,Manoeuvres dans le transport routier
75212.00,Entrepreneurs à contrat avec le gouvernement,Manoeuvres à l'entretien des travaux publics
75212.00,Services de travaux publics des administrations municipales et des gouvernements provinciaux et fédéral,Manoeuvres à l'entretien des travaux publics
80010.00,Entreprises de pêche commerciale,Directeurs/directrices de l'exploitation des ressources naturelles et de la pêche
80010.00,Entreprises de foresterie et d'abattage des arbres,Directeurs/directrices de l'exploitation des ressources naturelles et de la pêche
80010.00,Entreprises d'exploitation de mines et de carrières,Directeurs/directrices de l'exploitation des ressources naturelles et de la pêche
80010.00,Entreprises de forage pétrolier et gazier,Directeurs/directrices de l'exploitation des ressources naturelles et de la pêche
80010.00,Entreprises de production et de services,Directeurs/directrices de l'exploitation des ressources naturelles et de la pêche
80020.00,Exploitation agricole,Gestionnaires en agriculture
80020.00,Travailleurs autonomes,Gestionnaires en agriculture
80021.00,Serres,Gestionnaires en horticulture
80021.00,Pépinières,Gestionnaires en horticulture
80022.00,Entreprises aquacoles commerciales,Gestionnaires en aquaculture
80022.00,Alevinières privées ou publiques,Gestionnaires en aquaculture
80022.00,Travailleurs autonomes,Gestionnaires en aquaculture
82010.00,Agences gouvernementales,Surveillants/surveillantes de l'exploitation forestière
82010.00,Entreprises en exploitation forestière,Surveillants/surveillantes de l'exploitation forestière
82010.00,Entrepreneurs en exploitation forestière,Surveillants/surveillantes de l'exploitation forestière
82020.00,Mines de charbon et de minerais métallifères et non métallifères,Surveillants/surveillantes de l'exploitation des mines et des carrières
82020.00,Carrières,Surveillants/surveillantes de l'exploitation des mines et des carrières
82021.00,Entrepreneurs en forage et en entretien de puits,Entrepreneurs/entrepreneuses et surveillants/surveillantes du forage et des services reliés à l'extraction de pétrole et de gaz
82021.00,Compagnies productrices de pétrole,Entrepreneurs/entrepreneuses et surveillants/surveillantes du forage et des services reliés à l'extraction de pétrole et de gaz
82021.00,Travailleurs autonomes,Entrepreneurs/entrepreneuses et surveillants/surveillantes du forage et des services reliés à l'extraction de pétrole et de gaz
82030.01,Entreprises de services agricoles,Entrepreneurs/entrepreneuses de services agricoles
82030.01,Travailleurs autonomes,Entrepreneurs/entrepreneuses de services agricoles
82030.02,Fermes générales,Surveillants/surveillantes d’exploitations agricoles
82030.02,Exploitations agricoles spécialisées,Surveillants/surveillantes d’exploitations agricoles
82031.00,Cimetières,"Entrepreneurs/entrepreneuses et superviseurs/superviseures des services de l'aménagement paysager, de l'entretien des terrains et de l'horticulture"
82031.00,Entreprises d'aménagement paysager,"Entrepreneurs/entrepreneuses et superviseurs/superviseures des services de l'aménagement paysager, de l'entretien des terrains et de l'horticulture"
82031.00,Services d'aménagement paysager à l'intérieur de services des travaux publics et des entreprises privées,"Entrepreneurs/entrepreneuses et superviseurs/superviseures des services de l'aménagement paysager, de l'entretien des terrains et de l'horticulture"
82031.00,Entreprises d'entretien des pelouses,"Entrepreneurs/entrepreneuses et superviseurs/superviseures des services de l'aménagement paysager, de l'entretien des terrains et de l'horticulture"
82031.00,Pépinières et serres,"Entrepreneurs/entrepreneuses et superviseurs/superviseures des services de l'aménagement paysager, de l'entretien des terrains et de l'horticulture"
82031.00,Entreprises d'entretien des arbres,"Entrepreneurs/entrepreneuses et superviseurs/superviseures des services de l'aménagement paysager, de l'entretien des terrains et de l'horticulture"
83100.00,Mines de charbon et de minerais métallifères et non métallifères,"Mineurs/mineuses d'extraction et de préparation, mines souterraines"
83100.00,"Entrepreneurs spécialisés en construction de mines, de puits et de tunnels","Mineurs/mineuses d'extraction et de préparation, mines souterraines"
83101.01,Entrepreneurs en forage et en entretien de puits,Foreurs/foreuses et personnel à l'entretien des puits de pétrole et de gaz
83101.01,Compagnies productrices de pétrole,Foreurs/foreuses et personnel à l'entretien des puits de pétrole et de gaz
83101.02,Compagnies productrices de pétrole,Travailleurs/travailleuses en diagraphie et en mise à l'essai des puits et travailleurs assimilés/travailleuses assimilées
83101.02,Entreprises de diagraphie et de mise à l'essai des puits,Travailleurs/travailleuses en diagraphie et en mise à l'essai des puits et travailleurs assimilés/travailleuses assimilées
83110.00,Entreprises en exploitation forestière,Conducteurs/conductrices de machines d'abattage d'arbres
83110.00,Entrepreneurs en exploitation forestière,Conducteurs/conductrices de machines d'abattage d'arbres
83120.00,Entreprises exploitant des navires de pêche commerciale,Capitaines et officiers/officières de bâtiments de pêche
83121.00,Propriétaires-exploitants de bateaux de pêche qui sont travailleurs autonomes,Pêcheurs indépendants/pêcheuses indépendantes
84100.00,Mines de charbon et de minerais métallifères et non métallifères,Travailleurs/travailleuses d'entretien et de soutien des mines souterraines
84101.01,Entrepreneurs en forage et en entretien de puits,Travailleurs/travailleuses au forage de puits de pétrole et de gaz
84101.01,Compagnies productrices de pétrole,Travailleurs/travailleuses au forage de puits de pétrole et de gaz
84101.02,Entrepreneurs en forage et en entretien de puits,Travailleurs/travailleuses à l'entretien de puits de pétrole et de gaz
84101.02,Compagnies productrices de pétrole,Travailleurs/travailleuses à l'entretien de puits de pétrole et de gaz
84110.00,Entreprises en exploitation forestière,Opérateurs/opératrices de scies à chaîne et d'engins de débardage
84110.00,Entrepreneurs en exploitation forestière,Opérateurs/opératrices de scies à chaîne et d'engins de débardage
84111.00,Services gouvernementaux,Ouvriers/ouvrières en sylviculture et en exploitation forestière
84111.00,Entreprises en exploitation forestière,Ouvriers/ouvrières en sylviculture et en exploitation forestière
84111.00,Entrepreneurs en exploitation forestière,Ouvriers/ouvrières en sylviculture et en exploitation forestière
84120.01,Fermes de cultures de plein champ,Ouvriers spécialisés/ouvrières spécialisées dans l'élevage du bétail
84120.01,Fermes de cultures fruitières,Ouvriers spécialisés/ouvrières spécialisées dans l'élevage du bétail
84120.01,Fermes d'élevage,Ouvriers spécialisés/ouvrières spécialisées dans l'élevage du bétail
84120.01,Exploitations agricoles spécialisées,Ouvriers spécialisés/ouvrières spécialisées dans l'élevage du bétail
84120.01,Fermes de cultures maraîchères,Ouvriers spécialisés/ouvrières spécialisées dans l'élevage du bétail
84120.02,Fermes de cultures de plein champ,Opérateurs/opératices de machineries agricoles
84120.02,Fermes de cultures fruitières,Opérateurs/opératices de machineries agricoles
84120.02,Fermes d'élevage,Opérateurs/opératices de machineries agricoles
84120.02,Exploitations agricoles spécialisées,Opérateurs/opératices de machineries agricoles
84120.02,Fermes de cultures maraîchères,Opérateurs/opératices de machineries agricoles
84121.00,Entreprises exploitant des navires de pêche commerciale,Matelots de pont sur les bateaux de pêche
84121.00,Pêcheurs/pêcheuses autonomes,Matelots de pont sur les bateaux de pêche
85100.00,Fermes de cultures de plein champ,Manoeuvres aux soins du bétail
85100.00,Fermes de cultures fruitières et maraîchères,Manoeuvres aux soins du bétail
85100.00,Fermes d'élevage,Manoeuvres aux soins du bétail
85100.00,Exploitations agricoles spécialisées,Manoeuvres aux soins du bétail
85101.00,Fermes de cultures de plein champ,Manoeuvres à la récolte
85101.00,Fermes de cultures fruitières,Manoeuvres à la récolte
85101.00,Fermes d'élevage,Manoeuvres à la récolte
85101.00,Exploitations agricoles spécialisées,Manoeuvres à la récolte
85101.00,Fermes de cultures maraîchères,Manoeuvres à la récolte
85102.00,Entreprises aquacoles commerciales,Manoeuvres de l'aquaculture et de la mariculture
85102.00,Alevinières privées ou publiques,Manoeuvres de l'aquaculture et de la mariculture
85103.00,Pépinières et serres intérieures et extérieures,Manoeuvres de pépinières et de serres
85104.00,Travailleurs autonomes,Trappeurs/trappeuses et chasseurs/chasseuses
85110.00,Mines de charbon et de minerais métallifères et non métallifères,Manoeuvres des mines
85111.00,Entrepreneurs en forage et en entretien de puits,"Manoeuvres de forage et d'entretien des puits de pétrole et de gaz, et personnel assimilé"
85111.00,Compagnies productrices de pétrole,"Manoeuvres de forage et d'entretien des puits de pétrole et de gaz, et personnel assimilé"
85120.00,Entreprises en exploitation forestière,Manoeuvres de l'exploitation forestière
85120.00,Entrepreneurs en exploitation forestière,Manoeuvres de l'exploitation forestière
85121.00,Cimetières,Manoeuvres en aménagement paysager et en entretien des terrains
85121.00,Terrains de golf,Manoeuvres en aménagement paysager et en entretien des terrains
85121.00,Entreprises d'aménagement paysager et d'entretien des pelouses,Manoeuvres en aménagement paysager et en entretien des terrains
85121.00,Services d'aménagement paysager à l'intérieur de services des travaux publics et des entreprises privées,Manoeuvres en aménagement paysager et en entretien des terrains
90010.00,Entreprises de fabrication,Directeurs/directrices de la fabrication
90011.01,"Services d'utilité publique, secteurs privé et public",Directeurs/directrices du service des eaux
90011.02,"Services d'utilité publique, secteurs privé et public",Directeurs/directrices de réseaux de distribution d'électricité
90011.03,Entreprises de distribution de combustible de chauffage,Directeurs/directrices de l'approvisionnement en gaz naturel et Directeurs/directrices de la distribution de produits pétroliers
90011.03,"Services d'utilité publique, secteurs privé et public",Directeurs/directrices de l'approvisionnement en gaz naturel et Directeurs/directrices de la distribution de produits pétroliers
90011.04,"Services d'utilité publique, secteurs privé et public",Directeurs/directrices de services de lutte contre la pollution de l'eau
90011.05,"Services d'utilité publique, secteurs privé et public",Directeurs/directrices de systèmes de gestion des déchets
92010.00,Alumineries,Surveillants/surveillantes dans la transformation des métaux et des minerais
92010.00,Usines de ciment,Surveillants/surveillantes dans la transformation des métaux et des minerais
92010.00,"Usines de traitement de l'argile, du verre et de la pierre",Surveillants/surveillantes dans la transformation des métaux et des minerais
92010.00,"Usines d'affinage du cuivre, du plomb et du zinc",Surveillants/surveillantes dans la transformation des métaux et des minerais
92010.00,Fonderies,Surveillants/surveillantes dans la transformation des métaux et des minerais
92010.00,Usines d'affinage de métaux précieux,Surveillants/surveillantes dans la transformation des métaux et des minerais
92010.00,Aciéries,Surveillants/surveillantes dans la transformation des métaux et des minerais
92010.00,Usines de traitement de l'uranium,Surveillants/surveillantes dans la transformation des métaux et des minerais
92011.00,Entreprises de produits chimiques et pharmaceutiques,"Surveillants/surveillantes dans le raffinage du pétrole, dans le traitement du gaz et des produits chimiques et dans les services d'utilité publique"
92011.00,Services publics d’électricité,"Surveillants/surveillantes dans le raffinage du pétrole, dans le traitement du gaz et des produits chimiques et dans les services d'utilité publique"
92011.00,Entreprises de traitement du pétrole et du gaz naturel,"Surveillants/surveillantes dans le raffinage du pétrole, dans le traitement du gaz et des produits chimiques et dans les services d'utilité publique"
92011.00,Entreprises de pipelines et de produits pétrochimiques,"Surveillants/surveillantes dans le raffinage du pétrole, dans le traitement du gaz et des produits chimiques et dans les services d'utilité publique"
92011.00,Services de traitement de l'eau et des déchets,"Surveillants/surveillantes dans le raffinage du pétrole, dans le traitement du gaz et des produits chimiques et dans les services d'utilité publique"
92012.00,Boulangeries-pâtisseries,Surveillants/surveillantes dans la transformation des aliments et des boissons
92012.00,Brasseries,Surveillants/surveillantes dans la transformation des aliments et des boissons
92012.00,Laiteries,Surveillants/surveillantes dans la transformation des aliments et des boissons
92012.00,Usines de traitement du poisson,Surveillants/surveillantes dans la transformation des aliments et des boissons
92012.00,Minoteries,Surveillants/surveillantes dans la transformation des aliments et des boissons
92012.00,"Établissements de traitement des aliments, des boissons et du tabac",Surveillants/surveillantes dans la transformation des aliments et des boissons
92012.00,Usines de transformation des fruits et des légumes,Surveillants/surveillantes dans la transformation des aliments et des boissons
92012.00,Usines de transformation des viandes,Surveillants/surveillantes dans la transformation des aliments et des boissons
92012.00,Raffineries de sucre,Surveillants/surveillantes dans la transformation des aliments et des boissons
92013.00,Services de pièces de plastique dans des entreprises de fabrication,Surveillants/surveillantes dans la fabrication de produits en caoutchouc et en plastique
92013.00,Entreprises de fabrication de produits de caoutchouc et de plastique,Surveillants/surveillantes dans la fabrication de produits en caoutchouc et en plastique
92014.00,Usines de façonnage du papier,Surveillants/surveillantes dans la transformation des produits forestiers
92014.00,Usines de rabotage du bois,Surveillants/surveillantes dans la transformation des produits forestiers
92014.00,Entreprises de pâtes et papiers,Surveillants/surveillantes dans la transformation des produits forestiers
92014.00,Scieries,Surveillants/surveillantes dans la transformation des produits forestiers
92014.00,Usines de fabrication de panneaux de particules,Surveillants/surveillantes dans la transformation des produits forestiers
92014.00,Usines de transformation du bois,Surveillants/surveillantes dans la transformation des produits forestiers
92014.00,Usines de traitement du bois,Surveillants/surveillantes dans la transformation des produits forestiers
92015.00,Entreprise de textile,"Surveillants/surveillantes dans la transformation et la fabrication de produits textiles, de tissus, de fourrure et de cuir"
92020.00,"Usines de fabrication d'automobiles, de fourgonnettes et de petits camions",Surveillants/surveillantes dans la fabrication de véhicules automobiles
92021.00,Usines de fabrication de matériel électronique,Surveillants/surveillantes dans la fabrication de matériel électronique et d'appareils électriques
92022.00,Usines de fabrication de meubles et d'accessoires,Surveillants/surveillantes dans la fabrication de meubles et d'accessoires
92023.00,Entreprises de fabrication,Surveillants/surveillantes dans la fabrication d'autres produits métalliques et de pièces mécaniques
92024.00,Entreprises de fabrication,Surveillants/surveillantes dans la fabrication et le montage de produits divers
92100.01,Services publics d’électricité,Mécaniciens/mécaniciennes de centrales
92100.01,Établissements gouvernementaux et commerciaux,Mécaniciens/mécaniciennes de centrales
92100.01,Centres hospitaliers,Mécaniciens/mécaniciennes de centrales
92100.01,Établissement industriels,Mécaniciens/mécaniciennes de centrales
92100.01,Centrales électriques,Mécaniciens/mécaniciennes de centrales
92100.01,Universités,Mécaniciens/mécaniciennes de centrales
92100.02,Services publics d’électricité,Opérateurs/opératrice de réseaux électriques
92100.02,Établissements gouvernementaux et commerciaux,Opérateurs/opératrice de réseaux électriques
92100.02,Centres hospitaliers,Opérateurs/opératrice de réseaux électriques
92100.02,Établissement industriels,Opérateurs/opératrice de réseaux électriques
92100.02,Centrales électriques,Opérateurs/opératrice de réseaux électriques
92100.02,Universités,Opérateurs/opératrice de réseaux électriques
92101.01,Secteur industriel,Opérateurs/opératrices d'installations du traitement de l'eau
92101.01,Divers établissements,Opérateurs/opératrices d'installations du traitement de l'eau
92101.01,Administrations municipales,Opérateurs/opératrices d'installations du traitement de l'eau
92101.02,Secteur industriel,Opérateurs/opératrices d'installations du traitement des déchets liquides
92101.02,Divers établissements,Opérateurs/opératrices d'installations du traitement des déchets liquides
92101.02,Administrations municipales,Opérateurs/opératrices d'installations du traitement des déchets liquides
93100.00,Alumineries,Opérateurs/opératrices de poste central de contrôle et de conduite de procédés industriels dans le traitement des métaux et des minerais
93100.00,Usines de ciment,Opérateurs/opératrices de poste central de contrôle et de conduite de procédés industriels dans le traitement des métaux et des minerais
93100.00,"Usines d'affinage du cuivre, du plomb et du zinc",Opérateurs/opératrices de poste central de contrôle et de conduite de procédés industriels dans le traitement des métaux et des minerais
93100.00,Usines d'affinage de métaux précieux,Opérateurs/opératrices de poste central de contrôle et de conduite de procédés industriels dans le traitement des métaux et des minerais
93100.00,Aciéries,Opérateurs/opératrices de poste central de contrôle et de conduite de procédés industriels dans le traitement des métaux et des minerais
93100.00,Usines de traitement de l'uranium,Opérateurs/opératrices de poste central de contrôle et de conduite de procédés industriels dans le traitement des métaux et des minerais
93101.00,"Entreprises de produits industriels, agricoles et chimiques de spécialisation",Opérateurs/opératrices de salle de commande centrale et de conduite de procédés industriels dans le raffinage du pétrole et le traitement du gaz et des produits chimiques
93101.00,Entreprises de traitement du pétrole et du gaz naturel,Opérateurs/opératrices de salle de commande centrale et de conduite de procédés industriels dans le raffinage du pétrole et le traitement du gaz et des produits chimiques
93101.00,Compagnies pharmaceutiques,Opérateurs/opératrices de salle de commande centrale et de conduite de procédés industriels dans le raffinage du pétrole et le traitement du gaz et des produits chimiques
93101.00,Entreprises de pipelines et de produits pétrochimiques,Opérateurs/opératrices de salle de commande centrale et de conduite de procédés industriels dans le raffinage du pétrole et le traitement du gaz et des produits chimiques
93102.00,Entreprises de pâtes et papiers,"Opérateurs/opératrices au contrôle de la réduction en pâte des pâtes et papiers, de la fabrication du papier et du couchage"
93200.01,Fabricants d'aéronefs et des sous-ensembles d'aéronefs,Monteurs/monteuses d'aéronefs
93200.02,Fabricants d'aéronefs et des sous-ensembles d'aéronefs,Contrôleurs/contrôleuses du montage d'aéronefs
94100.00,Alumineries,Opérateurs/opératrices de machines dans le traitement des métaux et des minerais
94100.00,Usines de ciment,Opérateurs/opératrices de machines dans le traitement des métaux et des minerais
94100.00,"Usines d'affinage du cuivre, du plomb et du zinc",Opérateurs/opératrices de machines dans le traitement des métaux et des minerais
94100.00,Usines d'affinage de métaux précieux,Opérateurs/opératrices de machines dans le traitement des métaux et des minerais
94100.00,Aciéries,Opérateurs/opératrices de machines dans le traitement des métaux et des minerais
94100.00,Usines de traitement de l'uranium,Opérateurs/opératrices de machines dans le traitement des métaux et des minerais
94101.01,Services de fonte des métaux des entreprises de fabrication de produits métalliques,Mouleurs/mouleuses et Noyauteurs/noyauteuses
94101.01,Fonderies,Mouleurs/mouleuses et Noyauteurs/noyauteuses
94101.02,Services de fonte des métaux des entreprises de fabrication de produits métalliques,Fondeurs/fondeuses de métaux
94101.02,Fonderies,Fondeurs/fondeuses de métaux
94101.03,Services de fonte des métaux des entreprises de fabrication de produits métalliques,Opérateurs/opératrices de fours de fonderie
94101.03,Fonderies,Opérateurs/opératrices de fours de fonderie
94102.01,Ateliers de fabrication de produits en verre,Opérateurs/opératrices de matériel de régulation des procédés de fabrication de verre
94102.02,Ateliers de fabrication de produits en verre,Opérateurs/opératrices de machines à former le verre
94102.03,Ateliers de fabrication de produits en verre,Opérateurs/opératrices de machines à finir le verre
94102.04,Ateliers de fabrication de produits en verre,Coupeurs/coupeuses de verre
94103.01,Entreprises de fabrication de produits en béton,Opérateurs/opératrices de machines et travailleurs/travailleuses en façonnage et en finition de produits en béton
94103.02,Entreprises de fabrication de produits en argile,Opérateurs/opératrices de machines à façonner et à finir des produits en argile
94103.03,Entreprises de fabrication de produits en pierre,Travailleurs spécialisés/travailleuses spécialisées dans le façonnage et la finition de la pierre
94104.00,Alumineries,Contrôleurs/contrôleuses et essayeurs/essayeuses dans la transformation des métaux et des minerais
94104.00,Usines de ciment,Contrôleurs/contrôleuses et essayeurs/essayeuses dans la transformation des métaux et des minerais
94104.00,"Usines de traitement de l'argile, du verre et de la pierre",Contrôleurs/contrôleuses et essayeurs/essayeuses dans la transformation des métaux et des minerais
94104.00,"Usines d'affinage du cuivre, du plomb et du zinc",Contrôleurs/contrôleuses et essayeurs/essayeuses dans la transformation des métaux et des minerais
94104.00,Fonderies,Contrôleurs/contrôleuses et essayeurs/essayeuses dans la transformation des métaux et des minerais
94104.00,Usines d'affinage de métaux précieux,Contrôleurs/contrôleuses et essayeurs/essayeuses dans la transformation des métaux et des minerais
94104.00,Aciéries,Contrôleurs/contrôleuses et essayeurs/essayeuses dans la transformation des métaux et des minerais
94104.00,Usines de traitement de l'uranium,Contrôleurs/contrôleuses et essayeurs/essayeuses dans la transformation des métaux et des minerais
94105.01,Compagnies de fabrication de chaudières et de tôle,Opérateurs/opératrices de machines à travailler les métaux légers et lourds
94105.01,Compagnies de machinerie lourde,Opérateurs/opératrices de machines à travailler les métaux légers et lourds
94105.01,Usines de fabrication de produits de métaux légers,Opérateurs/opératrices de machines à travailler les métaux légers et lourds
94105.01,Ateliers de fabrication de feuilles de métal,Opérateurs/opératrices de machines à travailler les métaux légers et lourds
94105.01,Tôleries,Opérateurs/opératrices de machines à travailler les métaux légers et lourds
94105.01,Chantiers navals,Opérateurs/opératrices de machines à travailler les métaux légers et lourds
94105.01,Entreprises de fabrication d'acier de charpentes,Opérateurs/opératrices de machines à travailler les métaux légers et lourds
94105.02,Entreprises de fabrication de produits de métal,Opérateurs/opératrices de machines à forger
94105.02,Entreprises de fabrication de machinerie,Opérateurs/opératrices de machines à forger
94105.02,Entreprises de fabrication de matériel de transport,Opérateurs/opératrices de machines à forger
94106.00,Ateliers d'usinage,Opérateurs/opératrices de machines d'usinage
94106.00,Entreprises de fabrication de produits de métal et autres,Opérateurs/opératrices de machines d'usinage
94107.00,Entreprises de fabrication de produits de métal,Opérateurs/opératrices de machines d'autres produits métalliques
94110.00,Services de traitement chimique dans les industries,Opérateurs/opératrices d'installations de traitement des produits chimiques
94110.00,"Établissements des secteurs des produits chimiques, des produits de nettoyage, de l'encre et des produits adhésifs",Opérateurs/opératrices d'installations de traitement des produits chimiques
94111.01,Usines de fabrication de produits en plastique,Opérateurs/opératrices de malaxeur - plasturgie
94111.02,Usines de fabrication de produits en plastique,Opérateurs/opératrices de calandre - plasturgie
94111.03,Usines de fabrication de produits en plastique,Opérateurs/opératrices de machines à extruder - plasturgie
94111.04,Usines de fabrication de produits en plastique,Opérateurs/opératrices de machines à mouler - plasturgie
94112.01,Entreprises de fabrication de produits en caoutchouc,Opérateurs/opératrices de machines de transformation du caoutchouc
94112.01,Usines de fabrication de pneus,Opérateurs/opératrices de machines de transformation du caoutchouc
94112.02,Entreprises de fabrication de produits en caoutchouc,Assembleurs/assembleuses d'articles en caoutchouc
94112.02,Usines de fabrication de pneus,Assembleurs/assembleuses d'articles en caoutchouc
94112.03,Entreprises de fabrication de produits en caoutchouc,Vérificateurs/vérificatrices d'articles en caoutchouc
94112.03,Usines de fabrication de pneus,Vérificateurs/vérificatrices d'articles en caoutchouc
94120.00,Usines de rabotage du bois,Opérateurs/opératrices de machines à scier dans les scieries
94120.00,Scieries,Opérateurs/opératrices de machines à scier dans les scieries
94121.00,Entreprises de pâtes et papiers,Opérateurs/opératrices de machines dans la fabrication et la finition du papier dans les usines de pâte à papier
94122.00,Entreprises de fabrication de produits en papier,Opérateurs/opératrices de machines à façonner le papier
94123.01,Usines de rabotage du bois,Classeurs/classeuses de bois d'œuvre
94123.01,Scieries,Classeurs/classeuses de bois d'œuvre
94123.01,Usines de fabrication de panneaux de particules,Classeurs/classeuses de bois d'œuvre
94123.01,Usines de transformation du bois,Classeurs/classeuses de bois d'œuvre
94123.01,Usines de traitement du bois,Classeurs/classeuses de bois d'œuvre
94123.02,Usines de rabotage du bois,Autres vérificateurs/vérificatrices et classeurs/classeuses dans la transformation du bois
94123.02,Scieries,Autres vérificateurs/vérificatrices et classeurs/classeuses dans la transformation du bois
94123.02,Usines de fabrication de panneaux de particules,Autres vérificateurs/vérificatrices et classeurs/classeuses dans la transformation du bois
94123.02,Usines de transformation du bois,Autres vérificateurs/vérificatrices et classeurs/classeuses dans la transformation du bois
94123.02,Usines de traitement du bois,Autres vérificateurs/vérificatrices et classeurs/classeuses dans la transformation du bois
94124.00,Entreprises de fabrication d'accessoires,Opérateurs/opératrices de machines à travailler le bois
94124.00,Entreprises de fabrication de meubles,Opérateurs/opératrices de machines à travailler le bois
94124.00,Entreprises de fabrication de produits en bois,Opérateurs/opératrices de machines à travailler le bois
94129.00,Usines de rabotage du bois,Autres opérateurs/opératrices de machines dans la transformation du bois
94129.00,Scieries,Autres opérateurs/opératrices de machines dans la transformation du bois
94129.00,Usines de fabrication de panneaux de particules,Autres opérateurs/opératrices de machines dans la transformation du bois
94129.00,Usines de transformation du bois,Autres opérateurs/opératrices de machines dans la transformation du bois
94129.00,Usines de traitement du bois,Autres opérateurs/opératrices de machines dans la transformation du bois
94129.00,Ateliers de préparation du bois des usines de pâtes et papiers,Autres opérateurs/opératrices de machines dans la transformation du bois
94130.01,Filatures du textile,"Opérateurs/opératrices de machines de traitement des fibres et des fils textiles, du cuir et des peaux"
94130.02,Entreprises de fabrication de textile,"Teinturiers/teinturières et finisseurs/finisseuses de produits textiles, de cuirs et de peaux"
94131.00,Entreprises de fabrication de vêtements,"Tisseurs/tisseuses, tricoteurs/tricoteuses et autres opérateurs/opératrices de machines textiles"
94131.00,Entreprises de fabrications de matelas,"Tisseurs/tisseuses, tricoteurs/tricoteuses et autres opérateurs/opératrices de machines textiles"
94131.00,Entreprise de textile,"Tisseurs/tisseuses, tricoteurs/tricoteuses et autres opérateurs/opératrices de machines textiles"
94132.00,Entreprises de fabrication de vêtements,Opérateurs/opératrices de machines à coudre industrielles
94132.00,Manufactures de chaussures,Opérateurs/opératrices de machines à coudre industrielles
94132.00,Manufactures de produits en fourrure,Opérateurs/opératrices de machines à coudre industrielles
94132.00,Fourreurs,Opérateurs/opératrices de machines à coudre industrielles
94132.00,Manufactures de produits textiles et en cuir,Opérateurs/opératrices de machines à coudre industrielles
94133.00,"Manufactures de produits en tissu, en fourrure et en cuir","Contrôleurs/contrôleuses et trieurs/trieuses dans la fabrication de produits textiles, de tissus, de fourrure et de cuir"
94133.00,Entreprises de tannerie,"Contrôleurs/contrôleuses et trieurs/trieuses dans la fabrication de produits textiles, de tissus, de fourrure et de cuir"
94140.01,Boulangeries-pâtisseries,Opérateurs/opératrices de procédés industriels dans la transformation des aliments et des boissons
94140.01,Brasseries,Opérateurs/opératrices de procédés industriels dans la transformation des aliments et des boissons
94140.01,Laiteries,Opérateurs/opératrices de procédés industriels dans la transformation des aliments et des boissons
94140.01,Minoteries,Opérateurs/opératrices de procédés industriels dans la transformation des aliments et des boissons
94140.01,Établissements de préparation d'aliments et de boissons,Opérateurs/opératrices de procédés industriels dans la transformation des aliments et des boissons
94140.01,Usines de transformation des fruits et des légumes,Opérateurs/opératrices de procédés industriels dans la transformation des aliments et des boissons
94140.01,Usines de transformation des viandes,Opérateurs/opératrices de procédés industriels dans la transformation des aliments et des boissons
94140.01,Raffineries de sucre,Opérateurs/opératrices de procédés industriels dans la transformation des aliments et des boissons
94140.02,Boulangeries-pâtisseries,Opérateurs/opératrices de machines dans la transformation des aliments et des boissons
94140.02,Brasseries,Opérateurs/opératrices de machines dans la transformation des aliments et des boissons
94140.02,Laiteries,Opérateurs/opératrices de machines dans la transformation des aliments et des boissons
94140.02,Minoteries,Opérateurs/opératrices de machines dans la transformation des aliments et des boissons
94140.02,Établissements de préparation d'aliments et de boissons,Opérateurs/opératrices de machines dans la transformation des aliments et des boissons
94140.02,Usines de transformation des fruits et des légumes,Opérateurs/opératrices de machines dans la transformation des aliments et des boissons
94140.02,Usines de transformation des viandes,Opérateurs/opératrices de machines dans la transformation des aliments et des boissons
94140.02,Raffineries de sucre,Opérateurs/opératrices de machines dans la transformation des aliments et des boissons
94141.01,Usines de transformation et d'emballage de la viande et de la volaille,Bouchers industriels/bouchères industrielles
94141.01,Entreprises d'abattage de bouvin et de volaille,Bouchers industriels/bouchères industrielles
94141.02,Usines de transformation et d'emballage de la viande et de la volaille,Découpeurs/découpeuses de viande industrielle
94141.02,Entreprises d'abattage de bouvin et de volaille,Découpeurs/découpeuses de viande industrielle
94141.03,Usines de transformation et d'emballage de la viande et de la volaille,Préparateurs/préparatrices de volaille
94141.03,Entreprises d'abattage de bouvin et de volaille,Préparateurs/préparatrices de volaille
94142.01,Usines de transformation du poisson et de fruits de mer,Opérateurs/opératrices de machines dans les usines de transformation du poisson et de fruits de mer
94142.02,Usines de transformation du poisson et de fruits de mer,Nettoyeurs-coupeurs/nettoyeuses-coupeuses de poisson et de fruits de mer dans les usines de transformation du poisson et de fruits de mer
94143.00,Boulangeries-pâtisseries,Échantillonneurs/échantillonneuses et trieurs/trieuses dans la transformation des aliments et des boissons
94143.00,Brasseries,Échantillonneurs/échantillonneuses et trieurs/trieuses dans la transformation des aliments et des boissons
94143.00,Laiteries,Échantillonneurs/échantillonneuses et trieurs/trieuses dans la transformation des aliments et des boissons
94143.00,Usines de traitement du poisson,Échantillonneurs/échantillonneuses et trieurs/trieuses dans la transformation des aliments et des boissons
94143.00,Minoteries,Échantillonneurs/échantillonneuses et trieurs/trieuses dans la transformation des aliments et des boissons
94143.00,"Établissements de traitement des aliments, des boissons et du tabac",Échantillonneurs/échantillonneuses et trieurs/trieuses dans la transformation des aliments et des boissons
94143.00,Usines de transformation des fruits et des légumes,Échantillonneurs/échantillonneuses et trieurs/trieuses dans la transformation des aliments et des boissons
94143.00,Usines de transformation des viandes,Échantillonneurs/échantillonneuses et trieurs/trieuses dans la transformation des aliments et des boissons
94143.00,Raffineries de sucre,Échantillonneurs/échantillonneuses et trieurs/trieuses dans la transformation des aliments et des boissons
94150.00,Imprimeries commerciales,Opérateurs/opératrices d'équipement d'impression sans plaque
94150.00,Services d'imprimerie d'établissements des secteurs privé et public,Opérateurs/opératrices d'équipement d'impression sans plaque
94150.00,"Compagnies de publication de journaux et revues, des sociétés d'imprimerie commerciale",Opérateurs/opératrices d'équipement d'impression sans plaque
94150.00,Services d'impression rapide,Opérateurs/opératrices d'équipement d'impression sans plaque
94151.01,"Entreprises spécialisées dans la reproduction en couleur et dans la préparation de plaques, de clichés et de cylindres","Cadreurs/cadreuses graphiques, les scannéristes, les pelliculeurs et les assembleurs"
94151.01,Établissements commerciaux et industriels,"Cadreurs/cadreuses graphiques, les scannéristes, les pelliculeurs et les assembleurs"
94151.01,Services d'imprimerie d'établissements des secteurs privé et public,"Cadreurs/cadreuses graphiques, les scannéristes, les pelliculeurs et les assembleurs"
94151.01,Journaux et revues,"Cadreurs/cadreuses graphiques, les scannéristes, les pelliculeurs et les assembleurs"
94151.02,"Entreprises spécialisées dans la reproduction en couleur et dans la préparation de plaques, de clichés et de cylindres",Acidograveurs et les graveurs
94151.02,Établissements commerciaux et industriels,Acidograveurs et les graveurs
94151.02,Services d'imprimerie d'établissements des secteurs privé et public,Acidograveurs et les graveurs
94151.02,Journaux et revues,Acidograveurs et les graveurs
94151.03,"Entreprises spécialisées dans la reproduction en couleur et dans la préparation de plaques, de clichés et de cylindres","Techniciens/Techniciennes de prépresse, les clicheurs, les tireurs d'épreuves photographiques, et les opérateurs d’équipement de prémise en train et à la préparation de dossiers"
94151.03,Établissements commerciaux et industriels,"Techniciens/Techniciennes de prépresse, les clicheurs, les tireurs d'épreuves photographiques, et les opérateurs d’équipement de prémise en train et à la préparation de dossiers"
94151.03,Services d'imprimerie d'établissements des secteurs privé et public,"Techniciens/Techniciennes de prépresse, les clicheurs, les tireurs d'épreuves photographiques, et les opérateurs d’équipement de prémise en train et à la préparation de dossiers"
94151.03,Journaux et revues,"Techniciens/Techniciennes de prépresse, les clicheurs, les tireurs d'épreuves photographiques, et les opérateurs d’équipement de prémise en train et à la préparation de dossiers"
94152.00,Ateliers de reliure,Opérateurs/opératrices de machines à relier et de finition
94152.00,Établissements commerciaux et industriels,Opérateurs/opératrices de machines à relier et de finition
94152.00,Services d'imprimerie d'établissements des secteurs privé et public,Opérateurs/opératrices de machines à relier et de finition
94152.00,Magazines,Opérateurs/opératrices de machines à relier et de finition
94152.00,Journaux,Opérateurs/opératrices de machines à relier et de finition
94152.00,Maisons d'édition et d'imprimerie,Opérateurs/opératrices de machines à relier et de finition
94153.00,Laboratoires de développement photographique,Développeurs/développeuses de films et de photographies
94153.00,Détaillants de développement photographique,Développeurs/développeuses de films et de photographies
94200.01,"Usines de fabrication d'automobiles, de fourgonnettes et de petits camions",Assembleurs/assembleuses de véhicules automobiles
94200.02,"Usines de fabrication d'automobiles, de fourgonnettes et de petits camions",Contrôleurs/contrôleuses et vérificateurs/vérificatrices de véhicules automobiles
94201.01,Usines de fabrication de matériel électronique,Assembleurs/assembleuses de matériel électronique
94201.02,Usines de fabrication de matériel électronique,Contrôleurs et les vérificateurs de matériel électronique
94202.01,Usines de fabrication d'électroménagers,"Monteurs/monteuses  dans la fabrication de matériel, d'appareils et d'accessoires électriques"
94202.01,Usines de fabrication d'équipement électrique,"Monteurs/monteuses  dans la fabrication de matériel, d'appareils et d'accessoires électriques"
94202.02,Usines de fabrication d'électroménagers,"Contrôleurs/contrôleuses dans la fabrication de matériel, d'appareils et d'accessoires électriques"
94202.02,Usines de fabrication d'équipement électrique,"Contrôleurs/contrôleuses dans la fabrication de matériel, d'appareils et d'accessoires électriques"
94203.01,Matériel de contrôle,"Assembleurs/assembleuses,  dans la fabrication de transformateurs et de moteurs électriques industriels"
94203.01,Usines de fabrication d'équipement pour moteurs électriques industriels,"Assembleurs/assembleuses,  dans la fabrication de transformateurs et de moteurs électriques industriels"
94203.01,trains,"Assembleurs/assembleuses,  dans la fabrication de transformateurs et de moteurs électriques industriels"
94203.01,Transformateurs,"Assembleurs/assembleuses,  dans la fabrication de transformateurs et de moteurs électriques industriels"
94203.01,Véhicules de transport en commun,"Assembleurs/assembleuses,  dans la fabrication de transformateurs et de moteurs électriques industriels"
94203.02,Matériel de contrôle,Ajusteurs et câbleurs dans la fabrication de transformateurs et de moteurs électriques industriels
94203.02,Usines de fabrication d'équipement pour moteurs électriques industriels,Ajusteurs et câbleurs dans la fabrication de transformateurs et de moteurs électriques industriels
94203.02,trains,Ajusteurs et câbleurs dans la fabrication de transformateurs et de moteurs électriques industriels
94203.02,Transformateurs,Ajusteurs et câbleurs dans la fabrication de transformateurs et de moteurs électriques industriels
94203.02,Véhicules de transport en commun,Ajusteurs et câbleurs dans la fabrication de transformateurs et de moteurs électriques industriels
94203.03,Matériel de contrôle,Vérificateurs dans la fabrication de transformateurs et de moteurs électriques industriels
94203.03,Usines de fabrication d'équipement pour moteurs électriques industriels,Vérificateurs dans la fabrication de transformateurs et de moteurs électriques industriels
94203.03,trains,Vérificateurs dans la fabrication de transformateurs et de moteurs électriques industriels
94203.03,Transformateurs,Vérificateurs dans la fabrication de transformateurs et de moteurs électriques industriels
94203.03,Véhicules de transport en commun,Vérificateurs dans la fabrication de transformateurs et de moteurs électriques industriels
94204.01,Usines de fabrication de produits mécaniques,Monteurs/monteuses de matériel mécanique
94204.01,Usines de fabrication d'équipement de transport,Monteurs/monteuses de matériel mécanique
94204.02,Usines de fabrication de produits mécaniques,Contrôleurs/contrôleuses de matériel mécanique
94204.02,Usines de fabrication d'équipement de transport,Contrôleurs/contrôleuses de matériel mécanique
94205.01,Usines de fabrication d'électroménagers,Opérateurs/opératrices de machines dans la fabrication d'appareils électriques
94205.01,Usines de fabrication d'équipement électrique,Opérateurs/opératrices de machines dans la fabrication d'appareils électriques
94205.02,Usines de fabrication d'électroménagers,Contrôleurs/contrôleuses et essayeurs/essayeuses dans la fabrication d'appareils électriques
94205.02,Usines de fabrication d'équipement électrique,Contrôleurs/contrôleuses et essayeurs/essayeuses dans la fabrication d'appareils électriques
94210.01,Entreprises de fabrication de meubles,Monteurs/monteuses de meubles et d'accessoires
94210.02,Entreprises de fabrication de meubles,Finisseurs de meubles
94210.03,Ateliers de finition et de réparation de meubles,Restaurateurs/Restauratrices de meubles
94210.04,Ateliers de finition et de réparation de meubles,Contrôleurs/contrôleuses de meubles et d'accessoires
94210.04,Travailleurs autonomes,Contrôleurs/contrôleuses de meubles et d'accessoires
94211.01,Entreprises de fabrication de produits d'atelier et de produits en bois,Monteurs/monteuses d'autres produits en bois
94211.02,Entreprises de fabrication de produits d'atelier et de produits en bois,Contrôleurs/contrôleuses d'autres produits en bois
94212.01,Division des pièces en plastique des entreprises d'aéronautique ou d'autres manufactures,Assembleurs/assembleuses et finisseurs/finisseuses de produits en plastique
94212.01,Usines de fabrication de produits en plastique,Assembleurs/assembleuses et finisseurs/finisseuses de produits en plastique
94212.02,Division des pièces en plastique des entreprises d'aéronautique ou d'autres manufactures,Contrôleurs/contrôleuses de produits en plastique
94212.02,Usines de fabrication de produits en plastique,Contrôleurs/contrôleuses de produits en plastique
94213.01,Entreprises de fabrication,Peintres et enduiseurs/enduiseuses – secteur industriel
94213.01,Ateliers de remise en état,Peintres et enduiseurs/enduiseuses – secteur industriel
94213.01,Ateliers d'enduction spécialisés,Peintres et enduiseurs/enduiseuses – secteur industriel
94213.02,Ateliers de métallisation et de galvanisation sur commande,Opérateurs/opératrices d'équipement de métallisation et de galvanisation et personnel assimilé
94213.02,Entreprises de fabrication de produits de métal,Opérateurs/opératrices d'équipement de métallisation et de galvanisation et personnel assimilé
94219.01,Entreprises de fabrication,Monteurs/monteuses et finisseurs/finisseuses de produits divers
94219.02,Compagnies de fabrication de bateaux et d'embarcations marines,Contrôleurs/controlleuses de produits divers
95100.00,Alumineries,Manoeuvres dans le traitement des métaux et des minerais
95100.00,Usines de ciment,Manoeuvres dans le traitement des métaux et des minerais
95100.00,"Usines et fonderies d'argile, du verre et de la pierre",Manoeuvres dans le traitement des métaux et des minerais
95100.00,"Usines d'affinage du cuivre, du plomb et du zinc",Manoeuvres dans le traitement des métaux et des minerais
95100.00,Usines d'affinage de métaux précieux,Manoeuvres dans le traitement des métaux et des minerais
95100.00,Aciéries,Manoeuvres dans le traitement des métaux et des minerais
95100.00,Usines de traitement de l'uranium,Manoeuvres dans le traitement des métaux et des minerais
95101.00,Compagnies de machinerie lourde,Manoeuvres en métallurgie
95101.00,Entreprises de fabrication de produits de métal,Manoeuvres en métallurgie
95101.00,Ateliers de façonnage de produits en tôle,Manoeuvres en métallurgie
95101.00,Chantiers navals,Manoeuvres en métallurgie
95101.00,"Usines de fabrication d'acier de charpente, de chaudières et de plaques de métal",Manoeuvres en métallurgie
95102.00,Entreprises chimiques,Manoeuvres dans le traitement des produits chimiques et les services d'utilité publique
95102.00,Services d'utilité publique d'électricité et de traitement de l'eau et des services de gestion des déchets,Manoeuvres dans le traitement des produits chimiques et les services d'utilité publique
95102.00,Entreprises de traitement du pétrole et du gaz naturel,Manoeuvres dans le traitement des produits chimiques et les services d'utilité publique
95102.00,Compagnies pharmaceutiques,Manoeuvres dans le traitement des produits chimiques et les services d'utilité publique
95102.00,Entreprises de pipelines et de produits pétrochimiques,Manoeuvres dans le traitement des produits chimiques et les services d'utilité publique
95103.00,Usines de façonnage du papier,Manoeuvres dans le traitement des pâtes et papiers et la transformation du bois
95103.00,Usines de rabotage du bois,Manoeuvres dans le traitement des pâtes et papiers et la transformation du bois
95103.00,Entreprises de pâtes et papiers,Manoeuvres dans le traitement des pâtes et papiers et la transformation du bois
95103.00,Usines de fabrication de panneaux de particules,Manoeuvres dans le traitement des pâtes et papiers et la transformation du bois
95103.00,Usines de transformation du bois,Manoeuvres dans le traitement des pâtes et papiers et la transformation du bois
95103.00,Usines de traitement du bois,Manoeuvres dans le traitement des pâtes et papiers et la transformation du bois
95104.00,Entreprises de fabrication de produits de caoutchouc et de plastique,Manoeuvres dans la fabrication des produits en caoutchouc et en plastique
95105.01,Entreprises de fabrication de textile,Manoeuvres des produits du textile
95105.02,Entreprises de fabrication de vêtements,Coupeurs/coupeuses de tissu
95105.02,Manufactures de produits en tissu,Coupeurs/coupeuses de tissu
95105.03,Manufactures de produits en fourrure,Coupeurs/coupeuses de fourrure
95105.03,Fourreurs,Coupeurs/coupeuses de fourrure
95105.04,Fabricants de vêtements en cuir et autres produits,Coupeurs/coupeuses de cuir
95105.04,Manufactures de chaussures,Coupeurs/coupeuses de cuir
95106.00,Boulangeries-pâtisseries,Manoeuvres dans la transformation des aliments et des boissons
95106.00,Brasseries,Manoeuvres dans la transformation des aliments et des boissons
95106.00,Laiteries,Manoeuvres dans la transformation des aliments et des boissons
95106.00,Minoteries,Manoeuvres dans la transformation des aliments et des boissons
95106.00,Établissements de préparation d'aliments et de boissons,Manoeuvres dans la transformation des aliments et des boissons
95106.00,Usines de transformation des fruits et des légumes,Manoeuvres dans la transformation des aliments et des boissons
95106.00,Usines de transformation des viandes,Manoeuvres dans la transformation des aliments et des boissons
95106.00,Raffineries de sucre,Manoeuvres dans la transformation des aliments et des boissons
95107.00,Usines de transformation et d'empaquetage du poisson et des fruits de mer,Manoeuvres dans la transformation du poisson et des fruits de mer
95109.00,Fabricants de vêtements,"Autres manoeuvres des services de transformation, de fabrication et d'utilité publique"
95109.00,Entreprises de fabrication de produits électriques,"Autres manoeuvres des services de transformation, de fabrication et d'utilité publique"
95109.00,Manufactures de chaussures,"Autres manoeuvres des services de transformation, de fabrication et d'utilité publique"
95109.00,Entreprises de fabrication de meubles,"Autres manoeuvres des services de transformation, de fabrication et d'utilité publique"
95109.00,Entreprises d'empaquetage,"Autres manoeuvres des services de transformation, de fabrication et d'utilité publique"
95109.00,Imprimeries,"Autres manoeuvres des services de transformation, de fabrication et d'utilité publique"
